CLASS	METHOD	PARAMETER	INDEX
com.netflix.netty.common.Http2ConnectionExpiryHandler	isResponseHeaders(java.lang.Object)	msg	0
com.netflix.netty.common.AbstrHttpConnectionExpiryHandler	AbstrHttpConnectionExpiryHandler(com.netflix.netty.common.ConnectionCloseType,int,int,int)	maxExpiry	3
com.netflix.netty.common.AbstrHttpConnectionExpiryHandler	AbstrHttpConnectionExpiryHandler(com.netflix.netty.common.ConnectionCloseType,int,int,int)	connectionCloseType	0
com.netflix.netty.common.AbstrHttpConnectionExpiryHandler	AbstrHttpConnectionExpiryHandler(com.netflix.netty.common.ConnectionCloseType,int,int,int)	maxRequestsUnderBrownout	1
com.netflix.netty.common.AbstrHttpConnectionExpiryHandler	AbstrHttpConnectionExpiryHandler(com.netflix.netty.common.ConnectionCloseType,int,int,int)	maxRequests	2
com.netflix.netty.common.AbstrHttpConnectionExpiryHandler	write(io.netty.channel.ChannelHandlerContext,java.lang.Object,io.netty.channel.ChannelPromise)	ctx	0
com.netflix.netty.common.AbstrHttpConnectionExpiryHandler	write(io.netty.channel.ChannelHandlerContext,java.lang.Object,io.netty.channel.ChannelPromise)	msg	1
com.netflix.netty.common.AbstrHttpConnectionExpiryHandler	write(io.netty.channel.ChannelHandlerContext,java.lang.Object,io.netty.channel.ChannelPromise)	promise	2
com.netflix.netty.common.ConnectionCloseType	fromChannel(io.netty.channel.Channel)	ch	0
com.netflix.netty.common.ConnectionCloseType	setForChannel(io.netty.channel.Channel,com.netflix.netty.common.ConnectionCloseType)	type	1
com.netflix.netty.common.ConnectionCloseType	setForChannel(io.netty.channel.Channel,com.netflix.netty.common.ConnectionCloseType)	ch	0
com.netflix.netty.common.proxyprotocol.ElbProxyProtocolChannelHandler	ElbProxyProtocolChannelHandler(com.netflix.spectator.api.Registry,boolean)	registry	0
com.netflix.netty.common.proxyprotocol.ElbProxyProtocolChannelHandler	ElbProxyProtocolChannelHandler(com.netflix.spectator.api.Registry,boolean)	withProxyProtocol	1
com.netflix.netty.common.proxyprotocol.ElbProxyProtocolChannelHandler	addProxyProtocol(io.netty.channel.ChannelPipeline)	pipeline	0
com.netflix.netty.common.proxyprotocol.ElbProxyProtocolChannelHandler	channelRead(io.netty.channel.ChannelHandlerContext,java.lang.Object)	ctx	0
com.netflix.netty.common.proxyprotocol.ElbProxyProtocolChannelHandler	channelRead(io.netty.channel.ChannelHandlerContext,java.lang.Object)	msg	1
com.netflix.netty.common.proxyprotocol.ElbProxyProtocolChannelHandler	isHAPMDetected(java.lang.Object)	msg	0
com.netflix.netty.common.proxyprotocol.StripUntrustedProxyHeadersHandler	StripUntrustedProxyHeadersHandler(com.netflix.netty.common.proxyprotocol.StripUntrustedProxyHeadersHandler.AllowWhen)	allowWhen	0
com.netflix.netty.common.proxyprotocol.StripUntrustedProxyHeadersHandler	channelRead(io.netty.channel.ChannelHandlerContext,java.lang.Object)	msg	1
com.netflix.netty.common.proxyprotocol.StripUntrustedProxyHeadersHandler	channelRead(io.netty.channel.ChannelHandlerContext,java.lang.Object)	ctx	0
com.netflix.netty.common.proxyprotocol.StripUntrustedProxyHeadersHandler	connectionIsUsingMutualSSLWithAuthEnforced(io.netty.channel.Channel)	ch	0
com.netflix.netty.common.proxyprotocol.StripUntrustedProxyHeadersHandler	stripXFFHeaders(io.netty.handler.codec.http.HttpRequest)	req	0
com.netflix.netty.common.proxyprotocol.StripUntrustedProxyHeadersHandler	checkBlacklist(io.netty.handler.codec.http.HttpRequest,java.util.List)	req	0
com.netflix.netty.common.proxyprotocol.StripUntrustedProxyHeadersHandler	checkBlacklist(io.netty.handler.codec.http.HttpRequest,java.util.List)	blacklist	1
com.netflix.netty.common.proxyprotocol.HAProxyMessageChannelHandler	channelRead(io.netty.channel.ChannelHandlerContext,java.lang.Object)	msg	1
com.netflix.netty.common.proxyprotocol.HAProxyMessageChannelHandler	channelRead(io.netty.channel.ChannelHandlerContext,java.lang.Object)	ctx	0
com.netflix.zuul.Attrs	newKey(java.lang.String)	keyName	0
com.netflix.zuul.Attrs$Key	get(com.netflix.zuul.Attrs)	attrs	0
com.netflix.zuul.Attrs$Key	getOrDefault(com.netflix.zuul.Attrs,T)	attrs	0
com.netflix.zuul.Attrs$Key	getOrDefault(com.netflix.zuul.Attrs,T)	defaultValue	1
com.netflix.zuul.Attrs$Key	put(com.netflix.zuul.Attrs,T)	value	1
com.netflix.zuul.Attrs$Key	put(com.netflix.zuul.Attrs,T)	attrs	0
com.netflix.zuul.Attrs$Key	Key(java.lang.String)	name	0
com.netflix.zuul.Attrs	forEach(java.util.function.BiConsumer)	consumer	0
com.netflix.zuul.Attrs	equals(java.lang.Object)	other	0
com.netflix.netty.common.CloseOnIdleStateHandler	CloseOnIdleStateHandler(com.netflix.spectator.api.Registry,java.lang.String)	registry	0
com.netflix.netty.common.CloseOnIdleStateHandler	userEventTriggered(io.netty.channel.ChannelHandlerContext,java.lang.Object)	ctx	0
com.netflix.netty.common.CloseOnIdleStateHandler	userEventTriggered(io.netty.channel.ChannelHandlerContext,java.lang.Object)	evt	1
com.netflix.netty.common.LeastConnsEventLoopChooserFactory	LeastConnsEventLoopChooserFactory(com.netflix.netty.common.metrics.EventLoopGroupMetrics)	groupMetrics	0
com.netflix.netty.common.LeastConnsEventLoopChooserFactory	newChooser(io.netty.util.concurrent.EventExecutor[])	executors	0
com.netflix.netty.common.LeastConnsEventLoopChooserFactory$LeastConnsEventExecutorChooser	LeastConnsEventExecutorChooser(io.netty.util.concurrent.EventExecutor[],com.netflix.netty.common.metrics.EventLoopGroupMetrics)	groupMetrics	1
com.netflix.netty.common.LeastConnsEventLoopChooserFactory$LeastConnsEventExecutorChooser	LeastConnsEventExecutorChooser(io.netty.util.concurrent.EventExecutor[],com.netflix.netty.common.metrics.EventLoopGroupMetrics)	executors	0
com.netflix.netty.common.metrics.EventLoopGroupMetrics	EventLoopGroupMetrics(com.netflix.spectator.api.Registry)	registry	0
com.netflix.netty.common.metrics.EventLoopMetrics	EventLoopMetrics(com.netflix.spectator.api.Registry,java.lang.String)	eventLoopName	1
com.netflix.netty.common.metrics.EventLoopMetrics	EventLoopMetrics(com.netflix.spectator.api.Registry,java.lang.String)	registry	0
com.netflix.netty.common.ByteBufUtil	touch(io.netty.util.ReferenceCounted,java.lang.String,com.netflix.zuul.message.ZuulMessage)	byteBuf	0
com.netflix.netty.common.ByteBufUtil	touch(io.netty.util.ReferenceCounted,java.lang.String,com.netflix.zuul.message.ZuulMessage)	msg	2
com.netflix.netty.common.ByteBufUtil	touch(io.netty.util.ReferenceCounted,java.lang.String,com.netflix.zuul.message.ZuulMessage)	hint	1
com.netflix.netty.common.ByteBufUtil	touch(io.netty.util.ReferenceCounted,java.lang.String)	hint	1
com.netflix.netty.common.ByteBufUtil	touch(io.netty.util.ReferenceCounted,java.lang.String)	byteBuf	0
com.netflix.zuul.context.SessionContext$Key	Key(java.lang.String)	name	0
com.netflix.zuul.context.SessionContext$Key	equals(java.lang.Object)	o	0
com.netflix.zuul.context.SessionContext	newKey(java.lang.String)	name	0
com.netflix.zuul.context.SessionContext	get(java.lang.Object)	key	0
com.netflix.zuul.context.SessionContext	get(com.netflix.zuul.context.SessionContext.Key)	key	0
com.netflix.zuul.context.SessionContext	getOrDefault(com.netflix.zuul.context.SessionContext.Key,T)	defaultValue	1
com.netflix.zuul.context.SessionContext	getOrDefault(com.netflix.zuul.context.SessionContext.Key,T)	key	0
com.netflix.zuul.context.SessionContext	put(java.lang.String,java.lang.Object)	value	1
com.netflix.zuul.context.SessionContext	put(java.lang.String,java.lang.Object)	key	0
com.netflix.zuul.context.SessionContext	put(com.netflix.zuul.context.SessionContext.Key,T)	value	1
com.netflix.zuul.context.SessionContext	put(com.netflix.zuul.context.SessionContext.Key,T)	key	0
com.netflix.zuul.context.SessionContext	remove(java.lang.Object,java.lang.Object)	value	1
com.netflix.zuul.context.SessionContext	remove(java.lang.Object,java.lang.Object)	key	0
com.netflix.zuul.context.SessionContext	remove(com.netflix.zuul.context.SessionContext.Key,T)	key	0
com.netflix.zuul.context.SessionContext	remove(com.netflix.zuul.context.SessionContext.Key,T)	value	1
com.netflix.zuul.context.SessionContext	remove(java.lang.Object)	key	0
com.netflix.zuul.context.SessionContext	remove(com.netflix.zuul.context.SessionContext.Key)	key	0
com.netflix.zuul.context.SessionContext	getBoolean(java.lang.String,boolean)	defaultResponse	1
com.netflix.zuul.context.SessionContext	set(java.lang.String,java.lang.Object)	value	1
com.netflix.zuul.context.SessionContext	setDebugRouting(boolean)	bDebug	0
com.netflix.zuul.context.SessionContext	setDebugRequestHeadersOnly(boolean)	bHeadersOnly	0
com.netflix.zuul.context.SessionContext	setDebugRequest(boolean)	bDebug	0
com.netflix.zuul.context.SessionContext	addFilterExecutionSummary(java.lang.String,java.lang.String,long)	name	0
com.netflix.zuul.context.SessionContext	addFilterExecutionSummary(java.lang.String,java.lang.String,long)	time	2
com.netflix.zuul.context.SessionContext	addFilterExecutionSummary(java.lang.String,java.lang.String,long)	status	1
com.netflix.zuul.context.SessionContext	setShouldSendErrorResponse(boolean)	should	0
com.netflix.zuul.context.SessionContext	setErrorResponseSent(boolean)	should	0
com.netflix.zuul.context.SessionContext	setEventProperty(java.lang.String,java.lang.Object)	key	0
com.netflix.zuul.context.SessionContext	setEventProperty(java.lang.String,java.lang.Object)	value	1
com.netflix.zuul.message.Headers	copyOf(com.netflix.zuul.message.Headers)	original	0
com.netflix.zuul.message.Headers	Headers(com.netflix.zuul.message.Headers)	original	0
com.netflix.zuul.message.Headers	getFirst(com.netflix.zuul.message.HeaderName)	headerName	0
com.netflix.zuul.message.Headers	getFirstNormal(java.lang.String)	name	0
com.netflix.zuul.message.Headers	getFirst(java.lang.String,java.lang.String)	defaultValue	1
com.netflix.zuul.message.Headers	getFirst(com.netflix.zuul.message.HeaderName,java.lang.String)	defaultValue	1
com.netflix.zuul.message.Headers	getAll(com.netflix.zuul.message.HeaderName)	headerName	0
com.netflix.zuul.message.Headers	getAllNormal(java.lang.String)	normalName	0
com.netflix.zuul.message.Headers	forEachNormalised(java.util.function.BiConsumer)	entryConsumer	0
com.netflix.zuul.message.Headers	set(com.netflix.zuul.message.HeaderName,java.lang.String)	headerName	0
com.netflix.zuul.message.Headers	setIfValid(com.netflix.zuul.message.HeaderName,java.lang.String)	headerName	0
com.netflix.zuul.message.Headers	setIfValid(java.lang.String,java.lang.String)	headerName	0
com.netflix.zuul.message.Headers	setAndValidate(com.netflix.zuul.message.HeaderName,java.lang.String)	headerName	0
com.netflix.zuul.message.Headers	setNormal(java.lang.String,java.lang.String,java.lang.String)	value	2
com.netflix.zuul.message.Headers	findNormal(java.lang.String)	normalName	0
com.netflix.zuul.message.Headers	clearMatchingStartingAt(int,java.lang.String,java.util.Collection)	i	0
com.netflix.zuul.message.Headers	clearMatchingStartingAt(int,java.lang.String,java.util.Collection)	normalName	1
com.netflix.zuul.message.Headers	clearMatchingStartingAt(int,java.lang.String,java.util.Collection)	removed	2
com.netflix.zuul.message.Headers	setIfAbsent(java.lang.String,java.lang.String)	value	1
com.netflix.zuul.message.Headers	setIfAbsent(com.netflix.zuul.message.HeaderName,java.lang.String)	value	1
com.netflix.zuul.message.Headers	setIfAbsent(com.netflix.zuul.message.HeaderName,java.lang.String)	headerName	0
com.netflix.zuul.message.Headers	setIfAbsentAndValid(java.lang.String,java.lang.String)	value	1
com.netflix.zuul.message.Headers	setIfAbsentAndValid(java.lang.String,java.lang.String)	headerName	0
com.netflix.zuul.message.Headers	setIfAbsentAndValid(com.netflix.zuul.message.HeaderName,java.lang.String)	value	1
com.netflix.zuul.message.Headers	setIfAbsentAndValid(com.netflix.zuul.message.HeaderName,java.lang.String)	headerName	0
com.netflix.zuul.message.Headers	add(java.lang.String,java.lang.String)	value	1
com.netflix.zuul.message.Headers	add(com.netflix.zuul.message.HeaderName,java.lang.String)	headerName	0
com.netflix.zuul.message.Headers	add(com.netflix.zuul.message.HeaderName,java.lang.String)	value	1
com.netflix.zuul.message.Headers	addAndValidate(java.lang.String,java.lang.String)	value	1
com.netflix.zuul.message.Headers	addAndValidate(com.netflix.zuul.message.HeaderName,java.lang.String)	headerName	0
com.netflix.zuul.message.Headers	addAndValidate(com.netflix.zuul.message.HeaderName,java.lang.String)	value	1
com.netflix.zuul.message.Headers	addIfValid(java.lang.String,java.lang.String)	value	1
com.netflix.zuul.message.Headers	addIfValid(java.lang.String,java.lang.String)	headerName	0
com.netflix.zuul.message.Headers	addIfValid(com.netflix.zuul.message.HeaderName,java.lang.String)	value	1
com.netflix.zuul.message.Headers	addIfValid(com.netflix.zuul.message.HeaderName,java.lang.String)	headerName	0
com.netflix.zuul.message.Headers	putAll(com.netflix.zuul.message.Headers)	headers	0
com.netflix.zuul.message.Headers	remove(com.netflix.zuul.message.HeaderName)	headerName	0
com.netflix.zuul.message.Headers	removeIf(java.util.function.Predicate)	filter	0
com.netflix.zuul.message.Headers	contains(com.netflix.zuul.message.HeaderName)	headerName	0
com.netflix.zuul.message.Headers	contains(java.lang.String,java.lang.String)	value	1
com.netflix.zuul.message.Headers	contains(com.netflix.zuul.message.HeaderName,java.lang.String)	headerName	0
com.netflix.zuul.message.Headers	contains(com.netflix.zuul.message.HeaderName,java.lang.String)	value	1
com.netflix.zuul.message.Headers	containsNormal(java.lang.String,java.lang.String)	value	1
com.netflix.zuul.message.Headers	containsNormal(java.lang.String,java.lang.String)	normalName	0
com.netflix.zuul.message.Headers	equals(java.lang.Object)	obj	0
com.netflix.zuul.message.Headers	originalName(int)	i	0
com.netflix.zuul.message.Headers	originalName(int,java.lang.String)	i	0
com.netflix.zuul.message.Headers	originalName(int,java.lang.String)	originalName	1
com.netflix.zuul.message.Headers	name(int)	i	0
com.netflix.zuul.message.Headers	name(int,java.lang.String)	i	0
com.netflix.zuul.message.Headers	name(int,java.lang.String)	name	1
com.netflix.zuul.message.Headers	value(int)	i	0
com.netflix.zuul.message.Headers	value(int,java.lang.String)	val	1
com.netflix.zuul.message.Headers	value(int,java.lang.String)	i	0
com.netflix.zuul.message.Headers	addNormal(java.lang.String,java.lang.String,java.lang.String)	originalName	0
com.netflix.zuul.message.Headers	addNormal(java.lang.String,java.lang.String,java.lang.String)	normalName	1
com.netflix.zuul.message.Headers	addNormal(java.lang.String,java.lang.String,java.lang.String)	value	2
com.netflix.zuul.message.Headers	truncate(int)	i	0
com.netflix.zuul.message.Headers	isValid(java.lang.String)	value	0
com.netflix.zuul.message.Headers	validateField(java.lang.String)	value	0
com.netflix.zuul.message.Headers	findInvalid(java.lang.String)	value	0
com.netflix.zuul.filters.FilterType	FilterType(java.lang.String)	shortName	0
com.netflix.zuul.filters.FilterType	parse(java.lang.String)	str	0
com.netflix.zuul.FilterCategory	FilterCategory(java.lang.String,java.lang.String)	code	0
com.netflix.zuul.FilterCategory	FilterCategory(java.lang.String,java.lang.String)	description	1
com.netflix.zuul.exception.ZuulException	ZuulException(java.lang.String,java.lang.Throwable,java.lang.String)	throwable	1
com.netflix.zuul.exception.ZuulException	ZuulException(java.lang.String,java.lang.Throwable,java.lang.String)	sMessage	0
com.netflix.zuul.exception.ZuulException	ZuulException(java.lang.String,java.lang.Throwable,java.lang.String)	errorCause	2
com.netflix.zuul.exception.ZuulException	ZuulException(java.lang.String,java.lang.String,boolean)	sMessage	0
com.netflix.zuul.exception.ZuulException	ZuulException(java.lang.String,java.lang.String,boolean)	errorCause	1
com.netflix.zuul.exception.ZuulException	ZuulException(java.lang.String,java.lang.String,boolean)	noStackTrace	2
com.netflix.zuul.exception.ZuulException	ZuulException(java.lang.Throwable,java.lang.String,boolean)	noStackTrace	2
com.netflix.zuul.exception.ZuulException	ZuulException(java.lang.Throwable,java.lang.String,boolean)	sMessage	1
com.netflix.zuul.exception.ZuulException	ZuulException(java.lang.Throwable,java.lang.String,boolean)	throwable	0
com.netflix.zuul.exception.ZuulException	ZuulException(java.lang.Throwable)	throwable	0
com.netflix.zuul.exception.ZuulException	ZuulException(java.lang.String,boolean)	sMessage	0
com.netflix.zuul.exception.ZuulException	ZuulException(java.lang.String,boolean)	noStackTrace	1
com.netflix.zuul.exception.ZuulException	setStatusCode(int)	statusCode	0
com.netflix.zuul.message.HeaderName	HeaderName(java.lang.String)	name	0
com.netflix.zuul.message.HeaderName	HeaderName(java.lang.String,java.lang.String)	name	0
com.netflix.zuul.message.HeaderName	HeaderName(java.lang.String,java.lang.String)	normalised	1
com.netflix.zuul.message.HeaderName	normalize(java.lang.String)	s	0
com.netflix.zuul.message.HeaderName	equals(java.lang.Object)	o	0
com.netflix.zuul.message.Header	Header(com.netflix.zuul.message.HeaderName,java.lang.String)	name	0
com.netflix.zuul.message.Header	Header(com.netflix.zuul.message.HeaderName,java.lang.String)	value	1
com.netflix.zuul.message.Header	equals(java.lang.Object)	o	0
com.netflix.zuul.filters.FilterError	FilterError(java.lang.String,java.lang.String,java.lang.Throwable)	exception	2
com.netflix.zuul.filters.FilterError	FilterError(java.lang.String,java.lang.String,java.lang.Throwable)	filterType	1
com.netflix.zuul.filters.FilterError	FilterError(java.lang.String,java.lang.String,java.lang.Throwable)	filterName	0
com.netflix.zuul.message.http.HttpQueryParams	HttpQueryParams(com.google.common.collect.ListMultimap)	delegate	0
com.netflix.zuul.message.http.HttpQueryParams	parse(java.lang.String)	queryString	0
com.netflix.zuul.message.http.HttpQueryParams	getFirst(java.lang.String)	name	0
com.netflix.zuul.message.http.HttpQueryParams	get(java.lang.String)	name	0
com.netflix.zuul.message.http.HttpQueryParams	contains(java.lang.String)	name	0
com.netflix.zuul.message.http.HttpQueryParams	containsIgnoreCase(java.lang.String)	name	0
com.netflix.zuul.message.http.HttpQueryParams	contains(java.lang.String,java.lang.String)	value	1
com.netflix.zuul.message.http.HttpQueryParams	contains(java.lang.String,java.lang.String)	name	0
com.netflix.zuul.message.http.HttpQueryParams	set(java.lang.String,java.lang.String)	value	1
com.netflix.zuul.message.http.HttpQueryParams	set(java.lang.String,java.lang.String)	name	0
com.netflix.zuul.message.http.HttpQueryParams	add(java.lang.String,java.lang.String)	name	0
com.netflix.zuul.message.http.HttpQueryParams	add(java.lang.String,java.lang.String)	value	1
com.netflix.zuul.message.http.HttpQueryParams	removeAll(java.lang.String)	name	0
com.netflix.zuul.message.http.HttpQueryParams	isTrailingEquals(java.lang.String)	key	0
com.netflix.zuul.message.http.HttpQueryParams	setTrailingEquals(java.lang.String,boolean)	key	0
com.netflix.zuul.message.http.HttpQueryParams	setTrailingEquals(java.lang.String,boolean)	trailingEquals	1
com.netflix.zuul.message.http.HttpQueryParams	equals(java.lang.Object)	obj	0
com.netflix.zuul.message.http.Cookies	add(io.netty.handler.codec.http.Cookie)	cookie	0
com.netflix.zuul.message.http.Cookies	get(java.lang.String)	name	0
com.netflix.zuul.message.http.Cookies	getFirst(java.lang.String)	name	0
com.netflix.netty.common.http2.DynamicHttp2FrameLogger	DynamicHttp2FrameLogger(io.netty.handler.logging.LogLevel,java.lang.Class)	level	0
com.netflix.netty.common.http2.DynamicHttp2FrameLogger	DynamicHttp2FrameLogger(io.netty.handler.logging.LogLevel,java.lang.Class)	clazz	1
com.netflix.netty.common.http2.DynamicHttp2FrameLogger	enabled(io.netty.channel.ChannelHandlerContext)	ctx	0
com.netflix.netty.common.http2.DynamicHttp2FrameLogger	toString(io.netty.buffer.ByteBuf)	buf	0
com.netflix.netty.common.http2.DynamicHttp2FrameLogger	log(io.netty.handler.codec.http2.Http2FrameLogger.Direction,java.lang.String,io.netty.channel.ChannelHandlerContext,java.lang.String,java.lang.Object[])	direction	0
com.netflix.netty.common.http2.DynamicHttp2FrameLogger	log(io.netty.handler.codec.http2.Http2FrameLogger.Direction,java.lang.String,io.netty.channel.ChannelHandlerContext,java.lang.String,java.lang.Object[])	args	4
com.netflix.netty.common.http2.DynamicHttp2FrameLogger	log(io.netty.handler.codec.http2.Http2FrameLogger.Direction,java.lang.String,io.netty.channel.ChannelHandlerContext,java.lang.String,java.lang.Object[])	frame	1
com.netflix.netty.common.http2.DynamicHttp2FrameLogger	log(io.netty.handler.codec.http2.Http2FrameLogger.Direction,java.lang.String,io.netty.channel.ChannelHandlerContext,java.lang.String,java.lang.Object[])	ctx	2
com.netflix.netty.common.http2.DynamicHttp2FrameLogger	log(io.netty.handler.codec.http2.Http2FrameLogger.Direction,java.lang.String,io.netty.channel.ChannelHandlerContext,java.lang.String,java.lang.Object[])	format	3
com.netflix.netty.common.http2.DynamicHttp2FrameLogger	shouldLogFrame(java.lang.String)	frame	0
com.netflix.netty.common.SwallowSomeHttp2ExceptionsHandler	SwallowSomeHttp2ExceptionsHandler(com.netflix.spectator.api.Registry)	registry	0
com.netflix.netty.common.SwallowSomeHttp2ExceptionsHandler	exceptionCaught(io.netty.channel.ChannelHandlerContext,java.lang.Throwable)	ctx	0
com.netflix.netty.common.SwallowSomeHttp2ExceptionsHandler	exceptionCaught(io.netty.channel.ChannelHandlerContext,java.lang.Throwable)	cause	1
com.netflix.netty.common.HttpRequestReadTimeoutHandler	HttpRequestReadTimeoutHandler(long,java.util.concurrent.TimeUnit,com.netflix.spectator.api.Counter)	httpRequestReadTimeoutCounter	2
com.netflix.netty.common.HttpRequestReadTimeoutHandler	HttpRequestReadTimeoutHandler(long,java.util.concurrent.TimeUnit,com.netflix.spectator.api.Counter)	unit	1
com.netflix.netty.common.HttpRequestReadTimeoutHandler	HttpRequestReadTimeoutHandler(long,java.util.concurrent.TimeUnit,com.netflix.spectator.api.Counter)	timeout	0
com.netflix.netty.common.HttpRequestReadTimeoutHandler	addLast(io.netty.channel.ChannelPipeline,long,java.util.concurrent.TimeUnit,com.netflix.spectator.api.Counter)	pipeline	0
com.netflix.netty.common.HttpRequestReadTimeoutHandler	addLast(io.netty.channel.ChannelPipeline,long,java.util.concurrent.TimeUnit,com.netflix.spectator.api.Counter)	unit	2
com.netflix.netty.common.HttpRequestReadTimeoutHandler	addLast(io.netty.channel.ChannelPipeline,long,java.util.concurrent.TimeUnit,com.netflix.spectator.api.Counter)	timeout	1
com.netflix.netty.common.HttpRequestReadTimeoutHandler	addLast(io.netty.channel.ChannelPipeline,long,java.util.concurrent.TimeUnit,com.netflix.spectator.api.Counter)	httpRequestReadTimeoutCounter	3
com.netflix.netty.common.HttpRequestReadTimeoutHandler	channelRead(io.netty.channel.ChannelHandlerContext,java.lang.Object)	ctx	0
com.netflix.netty.common.HttpRequestReadTimeoutHandler	channelRead(io.netty.channel.ChannelHandlerContext,java.lang.Object)	msg	1
com.netflix.netty.common.HttpRequestReadTimeoutHandler	userEventTriggered(io.netty.channel.ChannelHandlerContext,java.lang.Object)	ctx	0
com.netflix.netty.common.HttpRequestReadTimeoutHandler	userEventTriggered(io.netty.channel.ChannelHandlerContext,java.lang.Object)	evt	1
com.netflix.netty.common.HttpRequestReadTimeoutHandler	handlerRemoved(io.netty.channel.ChannelHandlerContext)	ctx	0
com.netflix.netty.common.HttpRequestReadTimeoutHandler	channelInactive(io.netty.channel.ChannelHandlerContext)	ctx	0
com.netflix.netty.common.HttpRequestReadTimeoutHandler	removeInternalHandler(io.netty.channel.ChannelHandlerContext)	ctx	0
com.netflix.netty.common.HttpRequestReadTimeoutHandler$InternalReadTimeoutHandler	InternalReadTimeoutHandler(long,java.util.concurrent.TimeUnit)	timeout	0
com.netflix.netty.common.HttpRequestReadTimeoutHandler$InternalReadTimeoutHandler	InternalReadTimeoutHandler(long,java.util.concurrent.TimeUnit)	unit	1
com.netflix.netty.common.HttpRequestReadTimeoutHandler$InternalReadTimeoutHandler	readTimedOut(io.netty.channel.ChannelHandlerContext)	ctx	0
com.netflix.netty.common.channel.config.ChannelConfigValue	ChannelConfigValue(com.netflix.netty.common.channel.config.ChannelConfigKey,T)	value	1
com.netflix.netty.common.channel.config.ChannelConfigValue	ChannelConfigValue(com.netflix.netty.common.channel.config.ChannelConfigKey,T)	key	0
com.netflix.netty.common.channel.config.ChannelConfigKey	ChannelConfigKey(java.lang.String,T)	key	0
com.netflix.netty.common.channel.config.ChannelConfigKey	ChannelConfigKey(java.lang.String,T)	defaultValue	1
com.netflix.netty.common.channel.config.ChannelConfigKey	ChannelConfigKey(java.lang.String)	key	0
com.netflix.netty.common.channel.config.ChannelConfig	ChannelConfig(java.util.HashMap)	parameters	0
com.netflix.netty.common.channel.config.ChannelConfig	add(com.netflix.netty.common.channel.config.ChannelConfigValue)	param	0
com.netflix.netty.common.channel.config.ChannelConfig	set(com.netflix.netty.common.channel.config.ChannelConfigKey,T)	key	0
com.netflix.netty.common.channel.config.ChannelConfig	set(com.netflix.netty.common.channel.config.ChannelConfigKey,T)	value	1
com.netflix.netty.common.channel.config.ChannelConfig	get(com.netflix.netty.common.channel.config.ChannelConfigKey)	key	0
com.netflix.netty.common.channel.config.ChannelConfig	getConfig(com.netflix.netty.common.channel.config.ChannelConfigKey)	key	0
com.netflix.netty.common.channel.config.ChannelConfig	contains(com.netflix.netty.common.channel.config.ChannelConfigKey)	key	0
com.netflix.zuul.netty.server.ServerTimeout	ServerTimeout(int)	connectionIdleTimeout	0
com.netflix.netty.common.ssl.ServerSslConfig	ServerSslConfig(java.lang.String[],java.lang.String[],java.io.File,java.io.File,io.netty.handler.ssl.ClientAuth,java.io.File,java.io.File,boolean)	clientAuth	4
com.netflix.netty.common.ssl.ServerSslConfig	ServerSslConfig(java.lang.String[],java.lang.String[],java.io.File,java.io.File,io.netty.handler.ssl.ClientAuth,java.io.File,java.io.File,boolean)	sessionTicketsEnabled	7
com.netflix.netty.common.ssl.ServerSslConfig	ServerSslConfig(java.lang.String[],java.lang.String[],java.io.File,java.io.File,io.netty.handler.ssl.ClientAuth,java.io.File,java.io.File,boolean)	certChainFile	2
com.netflix.netty.common.ssl.ServerSslConfig	ServerSslConfig(java.lang.String[],java.lang.String[],java.io.File,java.io.File,io.netty.handler.ssl.ClientAuth,java.io.File,java.io.File,boolean)	keyFile	3
com.netflix.netty.common.ssl.ServerSslConfig	ServerSslConfig(java.lang.String[],java.lang.String[],java.io.File,java.io.File,io.netty.handler.ssl.ClientAuth,java.io.File,java.io.File,boolean)	clientAuthTrustStoreFile	5
com.netflix.netty.common.ssl.ServerSslConfig	ServerSslConfig(java.lang.String[],java.lang.String[],java.io.File,java.io.File,io.netty.handler.ssl.ClientAuth,java.io.File,java.io.File,boolean)	clientAuthTrustStorePasswordFile	6
com.netflix.netty.common.ssl.ServerSslConfig	ServerSslConfig(java.lang.String[],java.lang.String[],java.io.File,java.io.File,io.netty.handler.ssl.ClientAuth,java.io.File,java.io.File,boolean)	protocols	0
com.netflix.netty.common.ssl.ServerSslConfig	ServerSslConfig(java.lang.String[],java.lang.String[],java.io.File,java.io.File,io.netty.handler.ssl.ClientAuth,java.io.File,java.io.File,boolean)	ciphers	1
com.netflix.netty.common.ssl.ServerSslConfig	ServerSslConfig(java.lang.String[],java.lang.String[],java.io.File,java.io.File,io.netty.handler.ssl.ClientAuth,java.io.File,java.lang.String,boolean)	protocols	0
com.netflix.netty.common.ssl.ServerSslConfig	ServerSslConfig(java.lang.String[],java.lang.String[],java.io.File,java.io.File,io.netty.handler.ssl.ClientAuth,java.io.File,java.lang.String,boolean)	sessionTicketsEnabled	7
com.netflix.netty.common.ssl.ServerSslConfig	ServerSslConfig(java.lang.String[],java.lang.String[],java.io.File,java.io.File,io.netty.handler.ssl.ClientAuth,java.io.File,java.lang.String,boolean)	clientAuthTrustStoreFile	5
com.netflix.netty.common.ssl.ServerSslConfig	ServerSslConfig(java.lang.String[],java.lang.String[],java.io.File,java.io.File,io.netty.handler.ssl.ClientAuth,java.io.File,java.lang.String,boolean)	keyFile	3
com.netflix.netty.common.ssl.ServerSslConfig	ServerSslConfig(java.lang.String[],java.lang.String[],java.io.File,java.io.File,io.netty.handler.ssl.ClientAuth,java.io.File,java.lang.String,boolean)	clientAuthTrustStorePassword	6
com.netflix.netty.common.ssl.ServerSslConfig	ServerSslConfig(java.lang.String[],java.lang.String[],java.io.File,java.io.File,io.netty.handler.ssl.ClientAuth,java.io.File,java.lang.String,boolean)	ciphers	1
com.netflix.netty.common.ssl.ServerSslConfig	ServerSslConfig(java.lang.String[],java.lang.String[],java.io.File,java.io.File,io.netty.handler.ssl.ClientAuth,java.io.File,java.lang.String,boolean)	clientAuth	4
com.netflix.netty.common.ssl.ServerSslConfig	ServerSslConfig(java.lang.String[],java.lang.String[],java.io.File,java.io.File,io.netty.handler.ssl.ClientAuth,java.io.File,java.lang.String,boolean)	certChainFile	2
com.netflix.netty.common.ssl.ServerSslConfig	withDefaultCiphers(java.io.File,java.io.File,java.lang.String[])	protocols	2
com.netflix.netty.common.ssl.ServerSslConfig	withDefaultCiphers(java.io.File,java.io.File,java.lang.String[])	certChainFile	0
com.netflix.netty.common.ssl.ServerSslConfig	withDefaultCiphers(java.io.File,java.io.File,java.lang.String[])	keyFile	1
com.netflix.netty.common.metrics.PerEventLoopMetricsChannelHandler	PerEventLoopMetricsChannelHandler(com.netflix.netty.common.metrics.EventLoopGroupMetrics)	groupMetrics	0
com.netflix.netty.common.metrics.PerEventLoopMetricsChannelHandler$Connections	channelActive(io.netty.channel.ChannelHandlerContext)	ctx	0
com.netflix.netty.common.metrics.PerEventLoopMetricsChannelHandler$Connections	channelInactive(io.netty.channel.ChannelHandlerContext)	ctx	0
com.netflix.netty.common.metrics.PerEventLoopMetricsChannelHandler$HttpRequests	userEventTriggered(io.netty.channel.ChannelHandlerContext,java.lang.Object)	evt	1
com.netflix.netty.common.metrics.PerEventLoopMetricsChannelHandler$HttpRequests	userEventTriggered(io.netty.channel.ChannelHandlerContext,java.lang.Object)	ctx	0
com.netflix.netty.common.metrics.PerEventLoopMetricsChannelHandler$HttpRequests	incrementCurrentRequestsInFlight(io.netty.channel.ChannelHandlerContext)	ctx	0
com.netflix.netty.common.metrics.PerEventLoopMetricsChannelHandler$HttpRequests	decrementCurrentRequestsIfOneInflight(io.netty.channel.ChannelHandlerContext)	ctx	0
com.netflix.netty.common.metrics.HttpBodySizeRecordingChannelHandler	getCurrentInboundBodySize(io.netty.channel.Channel)	ch	0
com.netflix.netty.common.metrics.HttpBodySizeRecordingChannelHandler	getCurrentOutboundBodySize(io.netty.channel.Channel)	ch	0
com.netflix.netty.common.metrics.HttpBodySizeRecordingChannelHandler	getOrCreateCurrentState(io.netty.channel.Channel)	ch	0
com.netflix.netty.common.metrics.HttpBodySizeRecordingChannelHandler	createNewState(io.netty.channel.Channel)	ch	0
com.netflix.netty.common.metrics.HttpBodySizeRecordingChannelHandler$InboundChannelHandler	channelRead(io.netty.channel.ChannelHandlerContext,java.lang.Object)	ctx	0
com.netflix.netty.common.metrics.HttpBodySizeRecordingChannelHandler$InboundChannelHandler	channelRead(io.netty.channel.ChannelHandlerContext,java.lang.Object)	msg	1
com.netflix.netty.common.metrics.HttpBodySizeRecordingChannelHandler$InboundChannelHandler	userEventTriggered(io.netty.channel.ChannelHandlerContext,java.lang.Object)	ctx	0
com.netflix.netty.common.metrics.HttpBodySizeRecordingChannelHandler$InboundChannelHandler	userEventTriggered(io.netty.channel.ChannelHandlerContext,java.lang.Object)	evt	1
com.netflix.netty.common.metrics.HttpBodySizeRecordingChannelHandler$OutboundChannelHandler	write(io.netty.channel.ChannelHandlerContext,java.lang.Object,io.netty.channel.ChannelPromise)	promise	2
com.netflix.netty.common.metrics.HttpBodySizeRecordingChannelHandler$OutboundChannelHandler	write(io.netty.channel.ChannelHandlerContext,java.lang.Object,io.netty.channel.ChannelPromise)	ctx	0
com.netflix.netty.common.metrics.HttpBodySizeRecordingChannelHandler$OutboundChannelHandler	write(io.netty.channel.ChannelHandlerContext,java.lang.Object,io.netty.channel.ChannelPromise)	msg	1
com.netflix.netty.common.metrics.HttpBodySizeRecordingChannelHandler$InboundBodySizeProvider	InboundBodySizeProvider(io.netty.channel.Channel)	channel	0
com.netflix.netty.common.metrics.HttpBodySizeRecordingChannelHandler$OutboundBodySizeProvider	OutboundBodySizeProvider(io.netty.channel.Channel)	channel	0
com.netflix.netty.common.metrics.InstrumentedResourceLeakDetector	InstrumentedResourceLeakDetector(java.lang.Class,int)	resourceType	0
com.netflix.netty.common.metrics.InstrumentedResourceLeakDetector	InstrumentedResourceLeakDetector(java.lang.Class,int)	samplingInterval	1
com.netflix.netty.common.metrics.InstrumentedResourceLeakDetector	reportTracedLeak(java.lang.String,java.lang.String)	resourceType	0
com.netflix.netty.common.metrics.InstrumentedResourceLeakDetector	reportTracedLeak(java.lang.String,java.lang.String)	records	1
com.netflix.netty.common.metrics.InstrumentedResourceLeakDetector	reportUntracedLeak(java.lang.String)	resourceType	0
com.netflix.netty.common.metrics.Http2MetricsChannelHandlers	Http2MetricsChannelHandlers(com.netflix.spectator.api.Registry,java.lang.String,java.lang.String)	metricId	2
com.netflix.netty.common.metrics.Http2MetricsChannelHandlers	Http2MetricsChannelHandlers(com.netflix.spectator.api.Registry,java.lang.String,java.lang.String)	metricPrefix	1
com.netflix.netty.common.metrics.Http2MetricsChannelHandlers	Http2MetricsChannelHandlers(com.netflix.spectator.api.Registry,java.lang.String,java.lang.String)	registry	0
com.netflix.netty.common.metrics.Http2MetricsChannelHandlers	incrementErrorCounter(com.netflix.spectator.api.Registry,java.lang.String,java.lang.String,io.netty.handler.codec.http2.Http2Exception)	h2e	3
com.netflix.netty.common.metrics.Http2MetricsChannelHandlers	incrementErrorCounter(com.netflix.spectator.api.Registry,java.lang.String,java.lang.String,io.netty.handler.codec.http2.Http2Exception)	registry	0
com.netflix.netty.common.metrics.Http2MetricsChannelHandlers	incrementCounter(com.netflix.spectator.api.Registry,java.lang.String,java.lang.String,io.netty.handler.codec.http2.Http2Frame)	frame	3
com.netflix.netty.common.metrics.Http2MetricsChannelHandlers	incrementCounter(com.netflix.spectator.api.Registry,java.lang.String,java.lang.String,io.netty.handler.codec.http2.Http2Frame)	registry	0
com.netflix.netty.common.metrics.Http2MetricsChannelHandlers$Inbound	Inbound(com.netflix.spectator.api.Registry,java.lang.String,java.lang.String)	metricPrefix	2
com.netflix.netty.common.metrics.Http2MetricsChannelHandlers$Inbound	Inbound(com.netflix.spectator.api.Registry,java.lang.String,java.lang.String)	metricId	1
com.netflix.netty.common.metrics.Http2MetricsChannelHandlers$Inbound	Inbound(com.netflix.spectator.api.Registry,java.lang.String,java.lang.String)	registry	0
com.netflix.netty.common.metrics.Http2MetricsChannelHandlers$Inbound	channelRead(io.netty.channel.ChannelHandlerContext,java.lang.Object)	msg	1
com.netflix.netty.common.metrics.Http2MetricsChannelHandlers$Inbound	channelRead(io.netty.channel.ChannelHandlerContext,java.lang.Object)	ctx	0
com.netflix.netty.common.metrics.Http2MetricsChannelHandlers$Inbound	exceptionCaught(io.netty.channel.ChannelHandlerContext,java.lang.Throwable)	cause	1
com.netflix.netty.common.metrics.Http2MetricsChannelHandlers$Inbound	exceptionCaught(io.netty.channel.ChannelHandlerContext,java.lang.Throwable)	ctx	0
com.netflix.netty.common.metrics.Http2MetricsChannelHandlers$Outbound	Outbound(com.netflix.spectator.api.Registry,java.lang.String,java.lang.String)	metricId	1
com.netflix.netty.common.metrics.Http2MetricsChannelHandlers$Outbound	Outbound(com.netflix.spectator.api.Registry,java.lang.String,java.lang.String)	metricPrefix	2
com.netflix.netty.common.metrics.Http2MetricsChannelHandlers$Outbound	Outbound(com.netflix.spectator.api.Registry,java.lang.String,java.lang.String)	registry	0
com.netflix.netty.common.metrics.Http2MetricsChannelHandlers$Outbound	write(io.netty.channel.ChannelHandlerContext,java.lang.Object,io.netty.channel.ChannelPromise)	ctx	0
com.netflix.netty.common.metrics.Http2MetricsChannelHandlers$Outbound	write(io.netty.channel.ChannelHandlerContext,java.lang.Object,io.netty.channel.ChannelPromise)	msg	1
com.netflix.netty.common.metrics.Http2MetricsChannelHandlers$Outbound	write(io.netty.channel.ChannelHandlerContext,java.lang.Object,io.netty.channel.ChannelPromise)	promise	2
com.netflix.netty.common.metrics.Http2MetricsChannelHandlers$Outbound	exceptionCaught(io.netty.channel.ChannelHandlerContext,java.lang.Throwable)	ctx	0
com.netflix.netty.common.metrics.Http2MetricsChannelHandlers$Outbound	exceptionCaught(io.netty.channel.ChannelHandlerContext,java.lang.Throwable)	cause	1
com.netflix.netty.common.HttpLifecycleChannelHandler	fireStartEvent(io.netty.channel.ChannelHandlerContext,io.netty.handler.codec.http.HttpRequest)	request	1
com.netflix.netty.common.HttpLifecycleChannelHandler	fireStartEvent(io.netty.channel.ChannelHandlerContext,io.netty.handler.codec.http.HttpRequest)	ctx	0
com.netflix.netty.common.HttpLifecycleChannelHandler	fireCompleteEventIfNotAlready(io.netty.channel.ChannelHandlerContext,com.netflix.netty.common.HttpLifecycleChannelHandler.CompleteReason)	reason	1
com.netflix.netty.common.HttpLifecycleChannelHandler	fireCompleteEventIfNotAlready(io.netty.channel.ChannelHandlerContext,com.netflix.netty.common.HttpLifecycleChannelHandler.CompleteReason)	ctx	0
com.netflix.netty.common.HttpLifecycleChannelHandler$StartEvent	StartEvent(io.netty.handler.codec.http.HttpRequest)	request	0
com.netflix.netty.common.HttpLifecycleChannelHandler$CompleteEvent	CompleteEvent(com.netflix.netty.common.HttpLifecycleChannelHandler.CompleteReason,io.netty.handler.codec.http.HttpRequest,io.netty.handler.codec.http.HttpResponse)	reason	0
com.netflix.netty.common.HttpLifecycleChannelHandler$CompleteEvent	CompleteEvent(com.netflix.netty.common.HttpLifecycleChannelHandler.CompleteReason,io.netty.handler.codec.http.HttpRequest,io.netty.handler.codec.http.HttpResponse)	response	2
com.netflix.netty.common.HttpLifecycleChannelHandler$CompleteEvent	CompleteEvent(com.netflix.netty.common.HttpLifecycleChannelHandler.CompleteReason,io.netty.handler.codec.http.HttpRequest,io.netty.handler.codec.http.HttpResponse)	request	1
com.netflix.netty.common.metrics.HttpMetricsChannelHandler	HttpMetricsChannelHandler(com.netflix.spectator.api.Registry,java.lang.String,java.lang.String)	registry	0
com.netflix.netty.common.metrics.HttpMetricsChannelHandler	getInflightRequestCountFromChannel(io.netty.channel.Channel)	ch	0
com.netflix.netty.common.metrics.HttpMetricsChannelHandler	channelActive(io.netty.channel.ChannelHandlerContext)	ctx	0
com.netflix.netty.common.metrics.HttpMetricsChannelHandler	userEventTriggered(io.netty.channel.ChannelHandlerContext,java.lang.Object)	evt	1
com.netflix.netty.common.metrics.HttpMetricsChannelHandler	userEventTriggered(io.netty.channel.ChannelHandlerContext,java.lang.Object)	ctx	0
com.netflix.netty.common.metrics.HttpMetricsChannelHandler	incrementCurrentRequestsInFlight(io.netty.channel.ChannelHandlerContext)	ctx	0
com.netflix.netty.common.metrics.HttpMetricsChannelHandler	decrementCurrentRequestsIfOneInflight(io.netty.channel.ChannelHandlerContext)	ctx	0
com.netflix.netty.common.CategorizedThreadFactory	CategorizedThreadFactory(java.lang.String)	category	0
com.netflix.netty.common.CategorizedThreadFactory	newThread(java.lang.Runnable)	r	0
com.netflix.netty.common.HttpChannelFlags$Flag	Flag(java.lang.String)	name	0
com.netflix.netty.common.HttpChannelFlags$Flag	set(io.netty.channel.Channel)	ch	0
com.netflix.netty.common.HttpChannelFlags$Flag	remove(io.netty.channel.Channel)	ch	0
com.netflix.netty.common.HttpChannelFlags$Flag	get(io.netty.channel.Channel)	ch	0
com.netflix.netty.common.SourceAddressChannelHandler	channelActive(io.netty.channel.ChannelHandlerContext)	ctx	0
com.netflix.netty.common.SourceAddressChannelHandler	getHostAddress(java.net.InetSocketAddress)	socketAddress	0
com.netflix.netty.common.SourceAddressChannelHandler	sourceAddress(io.netty.channel.Channel)	channel	0
com.netflix.netty.common.SourceAddressChannelHandler	localAddress(io.netty.channel.Channel)	channel	0
com.netflix.netty.common.Http2ConnectionCloseHandler	Http2ConnectionCloseHandler(com.netflix.spectator.api.Registry)	registry	0
com.netflix.netty.common.Http2ConnectionCloseHandler	write(io.netty.channel.ChannelHandlerContext,java.lang.Object,io.netty.channel.ChannelPromise)	promise	2
com.netflix.netty.common.Http2ConnectionCloseHandler	write(io.netty.channel.ChannelHandlerContext,java.lang.Object,io.netty.channel.ChannelPromise)	ctx	0
com.netflix.netty.common.Http2ConnectionCloseHandler	write(io.netty.channel.ChannelHandlerContext,java.lang.Object,io.netty.channel.ChannelPromise)	msg	1
com.netflix.netty.common.Http2ConnectionCloseHandler	shouldCloseAfter(io.netty.channel.ChannelHandlerContext,io.netty.channel.Channel)	parent	1
com.netflix.netty.common.Http2ConnectionCloseHandler	shouldCloseAfter(io.netty.channel.ChannelHandlerContext,io.netty.channel.Channel)	ctx	0
com.netflix.netty.common.Http2ConnectionCloseHandler	isEndOfRequestResponse(java.lang.Object)	msg	0
com.netflix.netty.common.Http2ConnectionCloseHandler	closeChannel(io.netty.channel.ChannelHandlerContext,io.netty.channel.ChannelPromise)	promise	1
com.netflix.netty.common.Http2ConnectionCloseHandler	closeChannel(io.netty.channel.ChannelHandlerContext,io.netty.channel.ChannelPromise)	ctx	0
com.netflix.netty.common.Http2ConnectionCloseHandler	gracefullyWithDelay(io.netty.util.concurrent.EventExecutor,io.netty.channel.Channel,io.netty.channel.ChannelPromise)	parent	1
com.netflix.netty.common.Http2ConnectionCloseHandler	gracefullyWithDelay(io.netty.util.concurrent.EventExecutor,io.netty.channel.Channel,io.netty.channel.ChannelPromise)	promise	2
com.netflix.netty.common.Http2ConnectionCloseHandler	gracefullyWithDelay(io.netty.util.concurrent.EventExecutor,io.netty.channel.Channel,io.netty.channel.ChannelPromise)	executor	0
com.netflix.netty.common.Http2ConnectionCloseHandler	immediate(io.netty.channel.Channel,io.netty.channel.ChannelPromise)	parent	0
com.netflix.netty.common.Http2ConnectionCloseHandler	immediate(io.netty.channel.Channel,io.netty.channel.ChannelPromise)	promise	1
com.netflix.netty.common.accesslog.AccessLogChannelHandler$AccessLogInboundChannelHandler	AccessLogInboundChannelHandler(com.netflix.netty.common.accesslog.AccessLogPublisher)	publisher	0
com.netflix.netty.common.accesslog.AccessLogChannelHandler$AccessLogInboundChannelHandler	channelRead(io.netty.channel.ChannelHandlerContext,java.lang.Object)	msg	1
com.netflix.netty.common.accesslog.AccessLogChannelHandler$AccessLogInboundChannelHandler	channelRead(io.netty.channel.ChannelHandlerContext,java.lang.Object)	ctx	0
com.netflix.netty.common.accesslog.AccessLogChannelHandler$AccessLogInboundChannelHandler	userEventTriggered(io.netty.channel.ChannelHandlerContext,java.lang.Object)	ctx	0
com.netflix.netty.common.accesslog.AccessLogChannelHandler$AccessLogInboundChannelHandler	userEventTriggered(io.netty.channel.ChannelHandlerContext,java.lang.Object)	evt	1
com.netflix.netty.common.accesslog.AccessLogChannelHandler$AccessLogOutboundChannelHandler	write(io.netty.channel.ChannelHandlerContext,java.lang.Object,io.netty.channel.ChannelPromise)	msg	1
com.netflix.netty.common.accesslog.AccessLogChannelHandler$AccessLogOutboundChannelHandler	write(io.netty.channel.ChannelHandlerContext,java.lang.Object,io.netty.channel.ChannelPromise)	ctx	0
com.netflix.netty.common.accesslog.AccessLogChannelHandler$AccessLogOutboundChannelHandler	write(io.netty.channel.ChannelHandlerContext,java.lang.Object,io.netty.channel.ChannelPromise)	promise	2
com.netflix.netty.common.accesslog.AccessLogPublisher	AccessLogPublisher(java.lang.String,java.util.function.BiFunction)	loggerName	0
com.netflix.netty.common.accesslog.AccessLogPublisher	AccessLogPublisher(java.lang.String,java.util.function.BiFunction)	requestIdProvider	1
com.netflix.netty.common.accesslog.AccessLogPublisher	log(io.netty.channel.Channel,io.netty.handler.codec.http.HttpRequest,io.netty.handler.codec.http.HttpResponse,java.time.LocalDateTime,java.lang.Integer,java.lang.String,java.lang.Long,java.lang.Integer,java.lang.Integer)	durationNs	6
com.netflix.netty.common.accesslog.AccessLogPublisher	log(io.netty.channel.Channel,io.netty.handler.codec.http.HttpRequest,io.netty.handler.codec.http.HttpResponse,java.time.LocalDateTime,java.lang.Integer,java.lang.String,java.lang.Long,java.lang.Integer,java.lang.Integer)	remoteIp	5
com.netflix.netty.common.accesslog.AccessLogPublisher	log(io.netty.channel.Channel,io.netty.handler.codec.http.HttpRequest,io.netty.handler.codec.http.HttpResponse,java.time.LocalDateTime,java.lang.Integer,java.lang.String,java.lang.Long,java.lang.Integer,java.lang.Integer)	requestBodySize	7
com.netflix.netty.common.accesslog.AccessLogPublisher	log(io.netty.channel.Channel,io.netty.handler.codec.http.HttpRequest,io.netty.handler.codec.http.HttpResponse,java.time.LocalDateTime,java.lang.Integer,java.lang.String,java.lang.Long,java.lang.Integer,java.lang.Integer)	dateTime	3
com.netflix.netty.common.accesslog.AccessLogPublisher	log(io.netty.channel.Channel,io.netty.handler.codec.http.HttpRequest,io.netty.handler.codec.http.HttpResponse,java.time.LocalDateTime,java.lang.Integer,java.lang.String,java.lang.Long,java.lang.Integer,java.lang.Integer)	channel	0
com.netflix.netty.common.accesslog.AccessLogPublisher	log(io.netty.channel.Channel,io.netty.handler.codec.http.HttpRequest,io.netty.handler.codec.http.HttpResponse,java.time.LocalDateTime,java.lang.Integer,java.lang.String,java.lang.Long,java.lang.Integer,java.lang.Integer)	request	1
com.netflix.netty.common.accesslog.AccessLogPublisher	log(io.netty.channel.Channel,io.netty.handler.codec.http.HttpRequest,io.netty.handler.codec.http.HttpResponse,java.time.LocalDateTime,java.lang.Integer,java.lang.String,java.lang.Long,java.lang.Integer,java.lang.Integer)	localPort	4
com.netflix.netty.common.accesslog.AccessLogPublisher	log(io.netty.channel.Channel,io.netty.handler.codec.http.HttpRequest,io.netty.handler.codec.http.HttpResponse,java.time.LocalDateTime,java.lang.Integer,java.lang.String,java.lang.Long,java.lang.Integer,java.lang.Integer)	responseBodySize	8
com.netflix.netty.common.accesslog.AccessLogPublisher	log(io.netty.channel.Channel,io.netty.handler.codec.http.HttpRequest,io.netty.handler.codec.http.HttpResponse,java.time.LocalDateTime,java.lang.Integer,java.lang.String,java.lang.Long,java.lang.Integer,java.lang.Integer)	response	2
com.netflix.netty.common.accesslog.AccessLogPublisher	includeMatchingHeaders(java.lang.StringBuilder,java.util.List,io.netty.handler.codec.http.HttpHeaders)	requiredHeaders	1
com.netflix.netty.common.accesslog.AccessLogPublisher	includeMatchingHeaders(java.lang.StringBuilder,java.util.List,io.netty.handler.codec.http.HttpHeaders)	builder	0
com.netflix.netty.common.accesslog.AccessLogPublisher	headerAsString(io.netty.handler.codec.http.HttpHeaders,java.lang.String)	headers	0
com.netflix.netty.common.accesslog.AccessLogPublisher	headerAsString(io.netty.handler.codec.http.HttpHeaders,java.lang.String)	headerName	1
com.netflix.netty.common.HttpServerLifecycleChannelHandler$HttpServerLifecycleInboundChannelHandler	channelRead(io.netty.channel.ChannelHandlerContext,java.lang.Object)	ctx	0
com.netflix.netty.common.HttpServerLifecycleChannelHandler$HttpServerLifecycleInboundChannelHandler	channelRead(io.netty.channel.ChannelHandlerContext,java.lang.Object)	msg	1
com.netflix.netty.common.HttpServerLifecycleChannelHandler$HttpServerLifecycleInboundChannelHandler	channelInactive(io.netty.channel.ChannelHandlerContext)	ctx	0
com.netflix.netty.common.HttpServerLifecycleChannelHandler$HttpServerLifecycleOutboundChannelHandler	write(io.netty.channel.ChannelHandlerContext,java.lang.Object,io.netty.channel.ChannelPromise)	ctx	0
com.netflix.netty.common.HttpServerLifecycleChannelHandler$HttpServerLifecycleOutboundChannelHandler	write(io.netty.channel.ChannelHandlerContext,java.lang.Object,io.netty.channel.ChannelPromise)	promise	2
com.netflix.netty.common.HttpServerLifecycleChannelHandler$HttpServerLifecycleOutboundChannelHandler	write(io.netty.channel.ChannelHandlerContext,java.lang.Object,io.netty.channel.ChannelPromise)	msg	1
com.netflix.netty.common.HttpServerLifecycleChannelHandler$HttpServerLifecycleOutboundChannelHandler	disconnect(io.netty.channel.ChannelHandlerContext,io.netty.channel.ChannelPromise)	ctx	0
com.netflix.netty.common.HttpServerLifecycleChannelHandler$HttpServerLifecycleOutboundChannelHandler	disconnect(io.netty.channel.ChannelHandlerContext,io.netty.channel.ChannelPromise)	promise	1
com.netflix.netty.common.HttpServerLifecycleChannelHandler$HttpServerLifecycleOutboundChannelHandler	close(io.netty.channel.ChannelHandlerContext,io.netty.channel.ChannelPromise)	ctx	0
com.netflix.netty.common.HttpServerLifecycleChannelHandler$HttpServerLifecycleOutboundChannelHandler	close(io.netty.channel.ChannelHandlerContext,io.netty.channel.ChannelPromise)	promise	1
com.netflix.netty.common.ssl.SslHandshakeInfo	SslHandshakeInfo(boolean,java.lang.String,java.lang.String,io.netty.handler.ssl.ClientAuth,java.security.cert.Certificate,java.security.cert.X509Certificate)	clientCertificate	5
com.netflix.netty.common.ssl.SslHandshakeInfo	SslHandshakeInfo(boolean,java.lang.String,java.lang.String,io.netty.handler.ssl.ClientAuth,java.security.cert.Certificate,java.security.cert.X509Certificate)	serverCertificate	4
com.netflix.netty.common.ssl.SslHandshakeInfo	SslHandshakeInfo(boolean,java.lang.String,java.lang.String,io.netty.handler.ssl.ClientAuth,java.security.cert.Certificate,java.security.cert.X509Certificate)	isOfIntermediary	0
com.netflix.netty.common.ssl.SslHandshakeInfo	SslHandshakeInfo(boolean,java.lang.String,java.lang.String,io.netty.handler.ssl.ClientAuth,java.security.cert.Certificate,java.security.cert.X509Certificate)	clientAuthRequirement	3
com.netflix.netty.common.ssl.SslHandshakeInfo	SslHandshakeInfo(boolean,java.lang.String,java.lang.String,io.netty.handler.ssl.ClientAuth,java.security.cert.Certificate,java.security.cert.X509Certificate)	protocol	1
com.netflix.netty.common.ssl.SslHandshakeInfo	SslHandshakeInfo(boolean,java.lang.String,java.lang.String,io.netty.handler.ssl.ClientAuth,java.security.cert.Certificate,java.security.cert.X509Certificate)	cipherSuite	2
com.netflix.netty.common.status.ServerStatusManager	ServerStatusManager(com.netflix.appinfo.ApplicationInfoManager)	applicationInfoManager	0
com.netflix.netty.common.Http1ConnectionExpiryHandler	isResponseHeaders(java.lang.Object)	msg	0
com.netflix.netty.common.HttpClientLifecycleChannelHandler$HttpClientLifecycleInboundChannelHandler	channelRead(io.netty.channel.ChannelHandlerContext,java.lang.Object)	ctx	0
com.netflix.netty.common.HttpClientLifecycleChannelHandler$HttpClientLifecycleInboundChannelHandler	channelRead(io.netty.channel.ChannelHandlerContext,java.lang.Object)	msg	1
com.netflix.netty.common.HttpClientLifecycleChannelHandler$HttpClientLifecycleInboundChannelHandler	channelInactive(io.netty.channel.ChannelHandlerContext)	ctx	0
com.netflix.netty.common.HttpClientLifecycleChannelHandler$HttpClientLifecycleOutboundChannelHandler	write(io.netty.channel.ChannelHandlerContext,java.lang.Object,io.netty.channel.ChannelPromise)	msg	1
com.netflix.netty.common.HttpClientLifecycleChannelHandler$HttpClientLifecycleOutboundChannelHandler	write(io.netty.channel.ChannelHandlerContext,java.lang.Object,io.netty.channel.ChannelPromise)	ctx	0
com.netflix.netty.common.HttpClientLifecycleChannelHandler$HttpClientLifecycleOutboundChannelHandler	write(io.netty.channel.ChannelHandlerContext,java.lang.Object,io.netty.channel.ChannelPromise)	promise	2
com.netflix.netty.common.HttpClientLifecycleChannelHandler$HttpClientLifecycleOutboundChannelHandler	disconnect(io.netty.channel.ChannelHandlerContext,io.netty.channel.ChannelPromise)	promise	1
com.netflix.netty.common.HttpClientLifecycleChannelHandler$HttpClientLifecycleOutboundChannelHandler	disconnect(io.netty.channel.ChannelHandlerContext,io.netty.channel.ChannelPromise)	ctx	0
com.netflix.netty.common.HttpClientLifecycleChannelHandler$HttpClientLifecycleOutboundChannelHandler	deregister(io.netty.channel.ChannelHandlerContext,io.netty.channel.ChannelPromise)	ctx	0
com.netflix.netty.common.HttpClientLifecycleChannelHandler$HttpClientLifecycleOutboundChannelHandler	deregister(io.netty.channel.ChannelHandlerContext,io.netty.channel.ChannelPromise)	promise	1
com.netflix.netty.common.HttpClientLifecycleChannelHandler$HttpClientLifecycleOutboundChannelHandler	exceptionCaught(io.netty.channel.ChannelHandlerContext,java.lang.Throwable)	ctx	0
com.netflix.netty.common.HttpClientLifecycleChannelHandler$HttpClientLifecycleOutboundChannelHandler	exceptionCaught(io.netty.channel.ChannelHandlerContext,java.lang.Throwable)	cause	1
com.netflix.netty.common.HttpClientLifecycleChannelHandler$HttpClientLifecycleOutboundChannelHandler	close(io.netty.channel.ChannelHandlerContext,io.netty.channel.ChannelPromise)	promise	1
com.netflix.netty.common.HttpClientLifecycleChannelHandler$HttpClientLifecycleOutboundChannelHandler	close(io.netty.channel.ChannelHandlerContext,io.netty.channel.ChannelPromise)	ctx	0
com.netflix.netty.common.throttle.MaxInboundConnectionsHandler	MaxInboundConnectionsHandler(com.netflix.spectator.api.Registry,java.lang.String,int)	maxConnections	2
com.netflix.netty.common.throttle.MaxInboundConnectionsHandler	MaxInboundConnectionsHandler(com.netflix.spectator.api.Registry,java.lang.String,int)	registry	0
com.netflix.netty.common.throttle.MaxInboundConnectionsHandler	channelActive(io.netty.channel.ChannelHandlerContext)	ctx	0
com.netflix.netty.common.throttle.MaxInboundConnectionsHandler	channelRead(io.netty.channel.ChannelHandlerContext,java.lang.Object)	msg	1
com.netflix.netty.common.throttle.MaxInboundConnectionsHandler	channelRead(io.netty.channel.ChannelHandlerContext,java.lang.Object)	ctx	0
com.netflix.netty.common.throttle.MaxInboundConnectionsHandler	channelInactive(io.netty.channel.ChannelHandlerContext)	ctx	0
com.netflix.netty.common.throttle.RequestRejectedEvent	RequestRejectedEvent(io.netty.handler.codec.http.HttpRequest,com.netflix.zuul.stats.status.StatusCategory,io.netty.handler.codec.http.HttpResponseStatus,java.lang.String)	request	0
com.netflix.netty.common.throttle.RequestRejectedEvent	RequestRejectedEvent(io.netty.handler.codec.http.HttpRequest,com.netflix.zuul.stats.status.StatusCategory,io.netty.handler.codec.http.HttpResponseStatus,java.lang.String)	reason	3
com.netflix.netty.common.throttle.RequestRejectedEvent	RequestRejectedEvent(io.netty.handler.codec.http.HttpRequest,com.netflix.zuul.stats.status.StatusCategory,io.netty.handler.codec.http.HttpResponseStatus,java.lang.String)	httpStatus	2
com.netflix.netty.common.throttle.RequestRejectedEvent	RequestRejectedEvent(io.netty.handler.codec.http.HttpRequest,com.netflix.zuul.stats.status.StatusCategory,io.netty.handler.codec.http.HttpResponseStatus,java.lang.String)	nfStatus	1
com.netflix.netty.common.throttle.RejectionUtils	rejectByClosingConnection(io.netty.channel.ChannelHandlerContext,com.netflix.zuul.stats.status.StatusCategory,java.lang.String,io.netty.handler.codec.http.HttpRequest,java.lang.Integer)	ctx	0
com.netflix.netty.common.throttle.RejectionUtils	rejectByClosingConnection(io.netty.channel.ChannelHandlerContext,com.netflix.zuul.stats.status.StatusCategory,java.lang.String,io.netty.handler.codec.http.HttpRequest,java.lang.Integer)	injectedLatencyMillis	4
com.netflix.netty.common.throttle.RejectionUtils	sendRejectionResponse(io.netty.channel.ChannelHandlerContext,com.netflix.zuul.stats.status.StatusCategory,java.lang.String,io.netty.handler.codec.http.HttpRequest,java.lang.Integer,io.netty.handler.codec.http.HttpResponseStatus,java.lang.String,java.util.Map)	injectedLatencyMillis	4
com.netflix.netty.common.throttle.RejectionUtils	sendRejectionResponse(io.netty.channel.ChannelHandlerContext,com.netflix.zuul.stats.status.StatusCategory,java.lang.String,io.netty.handler.codec.http.HttpRequest,java.lang.Integer,io.netty.handler.codec.http.HttpResponseStatus,java.lang.String,java.util.Map)	ctx	0
com.netflix.netty.common.throttle.RejectionUtils	allowThenClose(io.netty.channel.ChannelHandlerContext)	ctx	0
com.netflix.netty.common.throttle.RejectionUtils	handleRejection(io.netty.channel.ChannelHandlerContext,java.lang.Object,com.netflix.netty.common.throttle.RejectionType,com.netflix.zuul.stats.status.StatusCategory,java.lang.String,java.lang.Integer,io.netty.handler.codec.http.HttpResponseStatus,java.lang.String,java.util.Map)	msg	1
com.netflix.netty.common.throttle.RejectionUtils	handleRejection(io.netty.channel.ChannelHandlerContext,java.lang.Object,com.netflix.netty.common.throttle.RejectionType,com.netflix.zuul.stats.status.StatusCategory,java.lang.String,java.lang.Integer,io.netty.handler.codec.http.HttpResponseStatus,java.lang.String,java.util.Map)	ctx	0
com.netflix.netty.common.throttle.RejectionUtils	handleRejection(io.netty.channel.ChannelHandlerContext,java.lang.Object,com.netflix.netty.common.throttle.RejectionType,com.netflix.zuul.stats.status.StatusCategory,java.lang.String,java.lang.Integer,io.netty.handler.codec.http.HttpResponseStatus,java.lang.String,java.util.Map)	rejectionType	2
com.netflix.netty.common.throttle.RejectionUtils	reject(io.netty.channel.ChannelHandlerContext,com.netflix.netty.common.throttle.RejectionType,com.netflix.zuul.stats.status.StatusCategory,java.lang.String,io.netty.handler.codec.http.HttpRequest,java.lang.Integer,io.netty.handler.codec.http.HttpResponseStatus,java.lang.String,java.util.Map)	rejectionType	1
com.netflix.netty.common.throttle.RejectionUtils	notifyHandlers(io.netty.channel.ChannelHandlerContext,com.netflix.zuul.stats.status.StatusCategory,io.netty.handler.codec.http.HttpResponseStatus,java.lang.String,io.netty.handler.codec.http.HttpRequest)	nfStatus	1
com.netflix.netty.common.throttle.RejectionUtils	notifyHandlers(io.netty.channel.ChannelHandlerContext,com.netflix.zuul.stats.status.StatusCategory,io.netty.handler.codec.http.HttpResponseStatus,java.lang.String,io.netty.handler.codec.http.HttpRequest)	request	4
com.netflix.netty.common.throttle.RejectionUtils	notifyHandlers(io.netty.channel.ChannelHandlerContext,com.netflix.zuul.stats.status.StatusCategory,io.netty.handler.codec.http.HttpResponseStatus,java.lang.String,io.netty.handler.codec.http.HttpRequest)	status	2
com.netflix.netty.common.throttle.RejectionUtils	notifyHandlers(io.netty.channel.ChannelHandlerContext,com.netflix.zuul.stats.status.StatusCategory,io.netty.handler.codec.http.HttpResponseStatus,java.lang.String,io.netty.handler.codec.http.HttpRequest)	ctx	0
com.netflix.netty.common.throttle.RejectionUtils	notifyHandlers(io.netty.channel.ChannelHandlerContext,com.netflix.zuul.stats.status.StatusCategory,io.netty.handler.codec.http.HttpResponseStatus,java.lang.String,io.netty.handler.codec.http.HttpRequest)	reason	3
com.netflix.netty.common.throttle.RejectionUtils	closeConnectionAfterReject(io.netty.channel.Channel)	channel	0
com.netflix.netty.common.throttle.RejectionUtils	createRejectionResponse(io.netty.handler.codec.http.HttpResponseStatus,java.lang.String,boolean,java.util.Map)	plaintextMessage	1
com.netflix.netty.common.throttle.RejectionUtils	createRejectionResponse(io.netty.handler.codec.http.HttpResponseStatus,java.lang.String,boolean,java.util.Map)	rejectionHeaders	3
com.netflix.netty.common.throttle.RejectionUtils	createRejectionResponse(io.netty.handler.codec.http.HttpResponseStatus,java.lang.String,boolean,java.util.Map)	status	0
com.netflix.netty.common.throttle.RejectionUtils	createRejectionResponse(io.netty.handler.codec.http.HttpResponseStatus,java.lang.String,boolean,java.util.Map)	closeConnection	2
com.netflix.netty.common.Http1ConnectionCloseHandler	write(io.netty.channel.ChannelHandlerContext,java.lang.Object,io.netty.channel.ChannelPromise)	msg	1
com.netflix.netty.common.Http1ConnectionCloseHandler	write(io.netty.channel.ChannelHandlerContext,java.lang.Object,io.netty.channel.ChannelPromise)	ctx	0
com.netflix.netty.common.Http1ConnectionCloseHandler	write(io.netty.channel.ChannelHandlerContext,java.lang.Object,io.netty.channel.ChannelPromise)	promise	2
com.netflix.netty.common.Http1ConnectionCloseHandler	userEventTriggered(io.netty.channel.ChannelHandlerContext,java.lang.Object)	evt	1
com.netflix.netty.common.Http1ConnectionCloseHandler	userEventTriggered(io.netty.channel.ChannelHandlerContext,java.lang.Object)	ctx	0
com.netflix.netty.common.Http1ConnectionCloseHandler	closeChannel(io.netty.channel.ChannelHandlerContext,com.netflix.netty.common.ConnectionCloseType,io.netty.channel.ChannelPromise)	evt	1
com.netflix.netty.common.Http1ConnectionCloseHandler	gracefully(io.netty.channel.ChannelHandlerContext,io.netty.channel.ChannelPromise)	ctx	0
com.netflix.netty.common.Http1ConnectionCloseHandler	gracefully(io.netty.channel.ChannelHandlerContext,io.netty.channel.ChannelPromise)	promise	1
com.netflix.netty.common.Http1ConnectionCloseHandler	immediately(io.netty.channel.ChannelHandlerContext,io.netty.channel.ChannelPromise)	ctx	0
com.netflix.netty.common.Http1ConnectionCloseHandler	immediately(io.netty.channel.ChannelHandlerContext,io.netty.channel.ChannelPromise)	promise	1
com.netflix.netty.common.ConnectionCloseChannelAttributes	gracefulCloseDelay(io.netty.channel.Channel)	channel	0
com.netflix.netty.common.ConnectionCloseChannelAttributes	allowGracefulDelayed(io.netty.channel.Channel)	channel	0
com.netflix.zuul.BasicRequestCompleteHandler	handle(com.netflix.zuul.message.http.HttpRequestInfo,com.netflix.zuul.message.http.HttpResponseMessage)	inboundRequest	0
com.netflix.zuul.netty.server.BaseZuulChannelInitializer	BaseZuulChannelInitializer(int,java.lang.String,com.netflix.netty.common.channel.config.ChannelConfig,com.netflix.netty.common.channel.config.ChannelConfig,io.netty.channel.group.ChannelGroup)	channels	4
com.netflix.zuul.netty.server.BaseZuulChannelInitializer	BaseZuulChannelInitializer(int,java.lang.String,com.netflix.netty.common.channel.config.ChannelConfig,com.netflix.netty.common.channel.config.ChannelConfig,io.netty.channel.group.ChannelGroup)	channelDependencies	3
com.netflix.zuul.netty.server.BaseZuulChannelInitializer	BaseZuulChannelInitializer(int,java.lang.String,com.netflix.netty.common.channel.config.ChannelConfig,com.netflix.netty.common.channel.config.ChannelConfig,io.netty.channel.group.ChannelGroup)	port	0
com.netflix.zuul.netty.server.BaseZuulChannelInitializer	BaseZuulChannelInitializer(int,java.lang.String,com.netflix.netty.common.channel.config.ChannelConfig,com.netflix.netty.common.channel.config.ChannelConfig,io.netty.channel.group.ChannelGroup)	channelConfig	2
com.netflix.zuul.netty.server.BaseZuulChannelInitializer	BaseZuulChannelInitializer(int,java.lang.String,com.netflix.netty.common.channel.config.ChannelConfig,com.netflix.netty.common.channel.config.ChannelConfig,io.netty.channel.group.ChannelGroup)	metricId	1
com.netflix.zuul.netty.server.BaseZuulChannelInitializer	storeChannel(io.netty.channel.Channel)	ch	0
com.netflix.zuul.netty.server.BaseZuulChannelInitializer	addPassportHandler(io.netty.channel.ChannelPipeline)	pipeline	0
com.netflix.zuul.netty.server.BaseZuulChannelInitializer	addTcpRelatedHandlers(io.netty.channel.ChannelPipeline)	pipeline	0
com.netflix.zuul.netty.server.BaseZuulChannelInitializer	addHttp1Handlers(io.netty.channel.ChannelPipeline)	pipeline	0
com.netflix.zuul.netty.server.BaseZuulChannelInitializer	addHttpRelatedHandlers(io.netty.channel.ChannelPipeline)	pipeline	0
com.netflix.zuul.netty.server.BaseZuulChannelInitializer	addTimeoutHandlers(io.netty.channel.ChannelPipeline)	pipeline	0
com.netflix.zuul.netty.server.BaseZuulChannelInitializer	addSslInfoHandlers(io.netty.channel.ChannelPipeline,boolean)	isSSlFromIntermediary	1
com.netflix.zuul.netty.server.BaseZuulChannelInitializer	addSslInfoHandlers(io.netty.channel.ChannelPipeline,boolean)	pipeline	0
com.netflix.zuul.netty.server.BaseZuulChannelInitializer	addSslClientCertChecks(io.netty.channel.ChannelPipeline)	pipeline	0
com.netflix.zuul.netty.server.BaseZuulChannelInitializer	addZuulHandlers(io.netty.channel.ChannelPipeline)	pipeline	0
com.netflix.zuul.netty.server.BaseZuulChannelInitializer	addZuulFilterChainHandler(io.netty.channel.ChannelPipeline)	pipeline	0
com.netflix.zuul.netty.server.BaseZuulChannelInitializer	getEndpointRunner(com.netflix.zuul.netty.filter.ZuulFilterChainRunner,com.netflix.zuul.FilterUsageNotifier,com.netflix.zuul.FilterLoader)	responseFilterChain	0
com.netflix.zuul.netty.server.BaseZuulChannelInitializer	getEndpointRunner(com.netflix.zuul.netty.filter.ZuulFilterChainRunner,com.netflix.zuul.FilterUsageNotifier,com.netflix.zuul.FilterLoader)	filterLoader	2
com.netflix.zuul.netty.server.BaseZuulChannelInitializer	getEndpointRunner(com.netflix.zuul.netty.filter.ZuulFilterChainRunner,com.netflix.zuul.FilterUsageNotifier,com.netflix.zuul.FilterLoader)	filterUsageNotifier	1
com.netflix.zuul.netty.server.BaseZuulChannelInitializer	getFilterChainRunner(com.netflix.zuul.filters.ZuulFilter[],com.netflix.zuul.FilterUsageNotifier)	filterUsageNotifier	1
com.netflix.zuul.netty.server.BaseZuulChannelInitializer	getFilterChainRunner(com.netflix.zuul.filters.ZuulFilter[],com.netflix.zuul.FilterUsageNotifier)	filters	0
com.netflix.zuul.netty.server.BaseZuulChannelInitializer	getFilterChainRunner(com.netflix.zuul.filters.ZuulFilter[],com.netflix.zuul.FilterUsageNotifier,com.netflix.zuul.netty.filter.FilterRunner)	filterUsageNotifier	1
com.netflix.zuul.netty.server.BaseZuulChannelInitializer	getFilterChainRunner(com.netflix.zuul.filters.ZuulFilter[],com.netflix.zuul.FilterUsageNotifier,com.netflix.zuul.netty.filter.FilterRunner)	filters	0
com.netflix.zuul.netty.server.BaseZuulChannelInitializer	getFilterChainRunner(com.netflix.zuul.filters.ZuulFilter[],com.netflix.zuul.FilterUsageNotifier,com.netflix.zuul.netty.filter.FilterRunner)	filterRunner	2
com.netflix.zuul.netty.server.BaseZuulChannelInitializer	getFilters(com.netflix.zuul.filters.ZuulFilter,com.netflix.zuul.filters.ZuulFilter)	stop	1
com.netflix.zuul.netty.server.BaseZuulChannelInitializer	getFilters(com.netflix.zuul.filters.ZuulFilter,com.netflix.zuul.filters.ZuulFilter)	start	0
com.netflix.zuul.netty.connectionpool.DefaultOriginChannelInitializer	DefaultOriginChannelInitializer(com.netflix.zuul.netty.connectionpool.ConnectionPoolConfig,com.netflix.spectator.api.Registry)	spectatorRegistry	1
com.netflix.zuul.netty.connectionpool.DefaultOriginChannelInitializer	DefaultOriginChannelInitializer(com.netflix.zuul.netty.connectionpool.ConnectionPoolConfig,com.netflix.spectator.api.Registry)	connPoolConfig	0
com.netflix.zuul.netty.connectionpool.DefaultOriginChannelInitializer	initChannel(io.netty.channel.Channel)	ch	0
com.netflix.zuul.netty.connectionpool.DefaultOriginChannelInitializer	getClientSslContext(com.netflix.spectator.api.Registry)	spectatorRegistry	0
com.netflix.zuul.netty.server.http2.Http2OrHttpHandler	Http2OrHttpHandler(io.netty.channel.ChannelHandler,com.netflix.netty.common.channel.config.ChannelConfig,java.util.function.Consumer)	http2StreamHandler	0
com.netflix.zuul.netty.server.http2.Http2OrHttpHandler	Http2OrHttpHandler(io.netty.channel.ChannelHandler,com.netflix.netty.common.channel.config.ChannelConfig,java.util.function.Consumer)	channelConfig	1
com.netflix.zuul.netty.server.http2.Http2OrHttpHandler	Http2OrHttpHandler(io.netty.channel.ChannelHandler,com.netflix.netty.common.channel.config.ChannelConfig,java.util.function.Consumer)	addHttpHandlerFn	2
com.netflix.zuul.netty.server.http2.Http2OrHttpHandler	configurePipeline(io.netty.channel.ChannelHandlerContext,java.lang.String)	ctx	0
com.netflix.zuul.netty.server.http2.Http2OrHttpHandler	configurePipeline(io.netty.channel.ChannelHandlerContext,java.lang.String)	protocol	1
com.netflix.zuul.netty.server.http2.Http2OrHttpHandler	configureHttp2(io.netty.channel.ChannelPipeline)	pipeline	0
com.netflix.zuul.netty.server.http2.Http2OrHttpHandler	configureHttp1(io.netty.channel.ChannelPipeline)	pipeline	0
com.netflix.zuul.netty.server.ClientRequestReceiver	ClientRequestReceiver(com.netflix.zuul.context.SessionContextDecorator)	decorator	0
com.netflix.zuul.netty.server.ClientRequestReceiver	getRequestFromChannel(io.netty.channel.Channel)	ch	0
com.netflix.zuul.netty.server.ClientRequestReceiver	getResponseFromChannel(io.netty.channel.Channel)	ch	0
com.netflix.zuul.netty.server.ClientRequestReceiver	isLastContentReceivedForChannel(io.netty.channel.Channel)	ch	0
com.netflix.zuul.netty.server.ClientRequestReceiver	channelReadInternal(io.netty.channel.ChannelHandlerContext,java.lang.Object)	ctx	0
com.netflix.zuul.netty.server.ClientRequestReceiver	channelReadInternal(io.netty.channel.ChannelHandlerContext,java.lang.Object)	msg	1
com.netflix.zuul.netty.server.ClientRequestReceiver	userEventTriggered(io.netty.channel.ChannelHandlerContext,java.lang.Object)	evt	1
com.netflix.zuul.netty.server.ClientRequestReceiver	userEventTriggered(io.netty.channel.ChannelHandlerContext,java.lang.Object)	ctx	0
com.netflix.zuul.netty.server.ClientRequestReceiver	dumpDebugInfo(java.util.List)	debugInfo	0
com.netflix.zuul.netty.server.ClientRequestReceiver	handleExpect100Continue(io.netty.channel.ChannelHandlerContext,io.netty.handler.codec.http.HttpRequest)	req	1
com.netflix.zuul.netty.server.ClientRequestReceiver	handleExpect100Continue(io.netty.channel.ChannelHandlerContext,io.netty.handler.codec.http.HttpRequest)	ctx	0
com.netflix.zuul.netty.server.ClientRequestReceiver	buildZuulHttpRequest(io.netty.handler.codec.http.HttpRequest,io.netty.channel.ChannelHandlerContext)	nativeRequest	0
com.netflix.zuul.netty.server.ClientRequestReceiver	buildZuulHttpRequest(io.netty.handler.codec.http.HttpRequest,io.netty.channel.ChannelHandlerContext)	clientCtx	1
com.netflix.zuul.netty.server.ClientRequestReceiver	parsePath(java.lang.String)	uri	0
com.netflix.zuul.netty.server.ClientRequestReceiver	copyHeaders(io.netty.handler.codec.http.HttpRequest)	req	0
com.netflix.zuul.netty.server.ClientRequestReceiver	copyQueryParams(io.netty.handler.codec.http.HttpRequest)	nativeRequest	0
com.netflix.zuul.netty.server.ClientRequestReceiver	write(io.netty.channel.ChannelHandlerContext,java.lang.Object,io.netty.channel.ChannelPromise)	promise	2
com.netflix.zuul.netty.server.ClientRequestReceiver	write(io.netty.channel.ChannelHandlerContext,java.lang.Object,io.netty.channel.ChannelPromise)	ctx	0
com.netflix.zuul.netty.server.ClientRequestReceiver	write(io.netty.channel.ChannelHandlerContext,java.lang.Object,io.netty.channel.ChannelPromise)	msg	1
com.netflix.zuul.netty.server.ClientRequestReceiver	fireWriteError(java.lang.String,java.lang.Throwable,io.netty.channel.ChannelHandlerContext)	cause	1
com.netflix.zuul.netty.server.ClientRequestReceiver	fireWriteError(java.lang.String,java.lang.Throwable,io.netty.channel.ChannelHandlerContext)	requestPart	0
com.netflix.zuul.netty.server.ClientRequestReceiver	fireWriteError(java.lang.String,java.lang.Throwable,io.netty.channel.ChannelHandlerContext)	ctx	2
com.netflix.zuul.stats.status.ZuulStatusCategory	ZuulStatusCategory(com.netflix.zuul.stats.status.StatusCategoryGroup,int)	group	0
com.netflix.zuul.stats.status.ZuulStatusCategory	ZuulStatusCategory(com.netflix.zuul.stats.status.StatusCategoryGroup,int)	index	1
com.netflix.zuul.filters.endpoint.ProxyEndpoint	ProxyEndpoint(com.netflix.zuul.message.http.HttpRequestMessage,io.netty.channel.ChannelHandlerContext,com.netflix.zuul.netty.filter.FilterRunner,com.netflix.zuul.netty.server.MethodBinding,com.netflix.zuul.netty.NettyRequestAttemptFactory)	requestAttemptFactory	4
com.netflix.zuul.filters.endpoint.ProxyEndpoint	ProxyEndpoint(com.netflix.zuul.message.http.HttpRequestMessage,io.netty.channel.ChannelHandlerContext,com.netflix.zuul.netty.filter.FilterRunner,com.netflix.zuul.netty.server.MethodBinding,com.netflix.zuul.netty.NettyRequestAttemptFactory)	ctx	1
com.netflix.zuul.filters.endpoint.ProxyEndpoint	ProxyEndpoint(com.netflix.zuul.message.http.HttpRequestMessage,io.netty.channel.ChannelHandlerContext,com.netflix.zuul.netty.filter.FilterRunner,com.netflix.zuul.netty.server.MethodBinding,com.netflix.zuul.netty.NettyRequestAttemptFactory)	filters	2
com.netflix.zuul.filters.endpoint.ProxyEndpoint	ProxyEndpoint(com.netflix.zuul.message.http.HttpRequestMessage,io.netty.channel.ChannelHandlerContext,com.netflix.zuul.netty.filter.FilterRunner,com.netflix.zuul.netty.server.MethodBinding,com.netflix.zuul.netty.NettyRequestAttemptFactory)	methodBinding	3
com.netflix.zuul.filters.endpoint.ProxyEndpoint	finish(boolean)	error	0
com.netflix.zuul.filters.endpoint.ProxyEndpoint	processContentChunk(com.netflix.zuul.message.ZuulMessage,io.netty.handler.codec.http.HttpContent)	chunk	1
com.netflix.zuul.filters.endpoint.ProxyEndpoint	filterResponse(com.netflix.zuul.message.http.HttpResponseMessage)	zuulResponse	0
com.netflix.zuul.filters.endpoint.ProxyEndpoint	filterResponseChunk(io.netty.handler.codec.http.HttpContent)	chunk	0
com.netflix.zuul.filters.endpoint.ProxyEndpoint	onOriginConnectSucceeded(com.netflix.zuul.netty.connectionpool.PooledConnection,java.time.Duration)	conn	0
com.netflix.zuul.filters.endpoint.ProxyEndpoint	writeClientRequestToOrigin(com.netflix.zuul.netty.connectionpool.PooledConnection,java.time.Duration)	readTimeout	1
com.netflix.zuul.filters.endpoint.ProxyEndpoint	writeClientRequestToOrigin(com.netflix.zuul.netty.connectionpool.PooledConnection,java.time.Duration)	conn	0
com.netflix.zuul.filters.endpoint.ProxyEndpoint	writeBufferedBodyContent(com.netflix.zuul.message.http.HttpRequestMessage,io.netty.channel.Channel)	channel	1
com.netflix.zuul.filters.endpoint.ProxyEndpoint	writeBufferedBodyContent(com.netflix.zuul.message.http.HttpRequestMessage,io.netty.channel.Channel)	zuulRequest	0
com.netflix.zuul.filters.endpoint.ProxyEndpoint	errorFromOrigin(java.lang.Throwable)	ex	0
com.netflix.zuul.filters.endpoint.ProxyEndpoint	processErrorFromOrigin(java.lang.Throwable,io.netty.channel.Channel)	ex	0
com.netflix.zuul.filters.endpoint.ProxyEndpoint	processErrorFromOrigin(java.lang.Throwable,io.netty.channel.Channel)	origCh	1
com.netflix.zuul.filters.endpoint.ProxyEndpoint	handleError(java.lang.Throwable)	cause	0
com.netflix.zuul.filters.endpoint.ProxyEndpoint	isRetryable(com.netflix.zuul.exception.ErrorType)	err	0
com.netflix.zuul.filters.endpoint.ProxyEndpoint	processResponseFromOrigin(io.netty.handler.codec.http.HttpResponse)	originResponse	0
com.netflix.zuul.filters.endpoint.ProxyEndpoint	handleOriginSuccessResponse(io.netty.handler.codec.http.HttpResponse,com.netflix.zuul.discovery.DiscoveryResult)	originResponse	0
com.netflix.zuul.filters.endpoint.ProxyEndpoint	buildZuulHttpResponse(io.netty.handler.codec.http.HttpResponse,com.netflix.zuul.stats.status.StatusCategory,java.lang.Throwable)	httpResponse	0
com.netflix.zuul.filters.endpoint.ProxyEndpoint	buildZuulHttpResponse(io.netty.handler.codec.http.HttpResponse,com.netflix.zuul.stats.status.StatusCategory,java.lang.Throwable)	statusCategory	1
com.netflix.zuul.filters.endpoint.ProxyEndpoint	transformResponse(com.netflix.zuul.message.http.HttpResponseMessage)	resp	0
com.netflix.zuul.filters.endpoint.ProxyEndpoint	handleOriginNonSuccessResponse(io.netty.handler.codec.http.HttpResponse,com.netflix.zuul.discovery.DiscoveryResult)	originResponse	0
com.netflix.zuul.filters.endpoint.ProxyEndpoint	isRetryable5xxResponse(com.netflix.zuul.message.http.HttpRequestMessage,io.netty.handler.codec.http.HttpResponse)	originResponse	1
com.netflix.zuul.filters.endpoint.ProxyEndpoint	isRetryable5xxResponse(com.netflix.zuul.message.http.HttpRequestMessage,io.netty.handler.codec.http.HttpResponse)	zuulRequest	0
com.netflix.zuul.filters.endpoint.ProxyEndpoint	massageRequestURI(com.netflix.zuul.message.http.HttpRequestMessage)	request	0
com.netflix.zuul.filters.endpoint.ProxyEndpoint	getOrigin(com.netflix.zuul.message.http.HttpRequestMessage)	request	0
com.netflix.zuul.filters.endpoint.ProxyEndpoint	getOrCreateOrigin(com.netflix.zuul.origins.OriginManager,com.netflix.zuul.origins.OriginName,java.lang.String,com.netflix.zuul.context.SessionContext)	uri	2
com.netflix.zuul.filters.endpoint.ProxyEndpoint	getOrCreateOrigin(com.netflix.zuul.origins.OriginManager,com.netflix.zuul.origins.OriginName,java.lang.String,com.netflix.zuul.context.SessionContext)	originName	1
com.netflix.zuul.filters.endpoint.ProxyEndpoint	getOrCreateOrigin(com.netflix.zuul.origins.OriginManager,com.netflix.zuul.origins.OriginName,java.lang.String,com.netflix.zuul.context.SessionContext)	originManager	0
com.netflix.zuul.filters.endpoint.ProxyEndpoint	verifyOrigin(com.netflix.zuul.context.SessionContext,com.netflix.zuul.message.http.HttpRequestMessage,java.lang.String,com.netflix.zuul.origins.Origin)	context	0
com.netflix.zuul.filters.endpoint.ProxyEndpoint	verifyOrigin(com.netflix.zuul.context.SessionContext,com.netflix.zuul.message.http.HttpRequestMessage,java.lang.String,com.netflix.zuul.origins.Origin)	request	1
com.netflix.zuul.filters.endpoint.ProxyEndpoint	verifyOrigin(com.netflix.zuul.context.SessionContext,com.netflix.zuul.message.http.HttpRequestMessage,java.lang.String,com.netflix.zuul.origins.Origin)	primaryOrigin	3
com.netflix.zuul.filters.endpoint.ProxyEndpoint	verifyOrigin(com.netflix.zuul.context.SessionContext,com.netflix.zuul.message.http.HttpRequestMessage,java.lang.String,com.netflix.zuul.origins.Origin)	restClientName	2
com.netflix.zuul.filters.endpoint.ProxyEndpoint	getTimeoutManager(com.netflix.zuul.origins.NettyOrigin)	origin	0
com.netflix.zuul.filters.SyncZuulFilterAdapter	processContentChunk(com.netflix.zuul.message.ZuulMessage,io.netty.handler.codec.http.HttpContent)	chunk	1
com.netflix.zuul.netty.connectionpool.PooledConnection	PooledConnection(io.netty.channel.Channel,com.netflix.zuul.discovery.DiscoveryResult,com.netflix.zuul.netty.connectionpool.ClientChannelManager,com.netflix.spectator.api.Counter,com.netflix.spectator.api.Counter)	server	1
com.netflix.zuul.netty.connectionpool.PooledConnection	PooledConnection(io.netty.channel.Channel,com.netflix.zuul.discovery.DiscoveryResult,com.netflix.zuul.netty.connectionpool.ClientChannelManager,com.netflix.spectator.api.Counter,com.netflix.spectator.api.Counter)	closeWrtBusyConnCounter	4
com.netflix.zuul.netty.connectionpool.PooledConnection	PooledConnection(io.netty.channel.Channel,com.netflix.zuul.discovery.DiscoveryResult,com.netflix.zuul.netty.connectionpool.ClientChannelManager,com.netflix.spectator.api.Counter,com.netflix.spectator.api.Counter)	channelManager	2
com.netflix.zuul.netty.connectionpool.PooledConnection	PooledConnection(io.netty.channel.Channel,com.netflix.zuul.discovery.DiscoveryResult,com.netflix.zuul.netty.connectionpool.ClientChannelManager,com.netflix.spectator.api.Counter,com.netflix.spectator.api.Counter)	closeConnCounter	3
com.netflix.zuul.netty.connectionpool.PooledConnection	PooledConnection(io.netty.channel.Channel,com.netflix.zuul.discovery.DiscoveryResult,com.netflix.zuul.netty.connectionpool.ClientChannelManager,com.netflix.spectator.api.Counter,com.netflix.spectator.api.Counter)	channel	0
com.netflix.zuul.netty.connectionpool.PooledConnection	setConnectionState(com.netflix.zuul.netty.connectionpool.PooledConnection.ConnectionState)	state	0
com.netflix.zuul.netty.connectionpool.PooledConnection	getFromChannel(io.netty.channel.Channel)	ch	0
com.netflix.zuul.netty.connectionpool.PooledConnection	setInPool(boolean)	inPool	0
com.netflix.zuul.netty.connectionpool.PooledConnection	removeHandlerFromPipeline(java.lang.String,io.netty.channel.ChannelPipeline)	pipeline	1
com.netflix.zuul.netty.connectionpool.PooledConnection	removeHandlerFromPipeline(java.lang.String,io.netty.channel.ChannelPipeline)	handlerName	0
com.netflix.zuul.netty.connectionpool.PooledConnection	startReadTimeoutHandler(java.time.Duration)	readTimeout	0
com.netflix.zuul.niws.RequestAttempts	getFromSessionContext(com.netflix.zuul.context.SessionContext)	ctx	0
com.netflix.zuul.niws.RequestAttempts	parse(java.lang.String)	attemptsJson	0
com.netflix.zuul.niws.RequestAttempt	RequestAttempt(int,com.netflix.appinfo.InstanceInfo,java.lang.String,java.lang.String,int,java.lang.String,java.lang.String,int,int,int)	status	4
com.netflix.zuul.niws.RequestAttempt	RequestAttempt(int,com.netflix.appinfo.InstanceInfo,java.lang.String,java.lang.String,int,java.lang.String,java.lang.String,int,int,int)	connectTimeout	8
com.netflix.zuul.niws.RequestAttempt	RequestAttempt(int,com.netflix.appinfo.InstanceInfo,java.lang.String,java.lang.String,int,java.lang.String,java.lang.String,int,int,int)	error	5
com.netflix.zuul.niws.RequestAttempt	RequestAttempt(int,com.netflix.appinfo.InstanceInfo,java.lang.String,java.lang.String,int,java.lang.String,java.lang.String,int,int,int)	maxRetries	9
com.netflix.zuul.niws.RequestAttempt	RequestAttempt(int,com.netflix.appinfo.InstanceInfo,java.lang.String,java.lang.String,int,java.lang.String,java.lang.String,int,int,int)	targetVip	2
com.netflix.zuul.niws.RequestAttempt	RequestAttempt(int,com.netflix.appinfo.InstanceInfo,java.lang.String,java.lang.String,int,java.lang.String,java.lang.String,int,int,int)	attemptNumber	0
com.netflix.zuul.niws.RequestAttempt	RequestAttempt(int,com.netflix.appinfo.InstanceInfo,java.lang.String,java.lang.String,int,java.lang.String,java.lang.String,int,int,int)	readTimeout	7
com.netflix.zuul.niws.RequestAttempt	RequestAttempt(int,com.netflix.appinfo.InstanceInfo,java.lang.String,java.lang.String,int,java.lang.String,java.lang.String,int,int,int)	exceptionType	6
com.netflix.zuul.niws.RequestAttempt	RequestAttempt(int,com.netflix.appinfo.InstanceInfo,java.lang.String,java.lang.String,int,java.lang.String,java.lang.String,int,int,int)	server	1
com.netflix.zuul.niws.RequestAttempt	RequestAttempt(com.netflix.zuul.discovery.DiscoveryResult,com.netflix.client.config.IClientConfig,int,int)	server	0
com.netflix.zuul.niws.RequestAttempt	RequestAttempt(com.netflix.zuul.discovery.DiscoveryResult,com.netflix.client.config.IClientConfig,int,int)	clientConfig	1
com.netflix.zuul.niws.RequestAttempt	RequestAttempt(com.netflix.zuul.discovery.DiscoveryResult,com.netflix.client.config.IClientConfig,int,int)	attemptNumber	2
com.netflix.zuul.niws.RequestAttempt	RequestAttempt(com.netflix.zuul.discovery.DiscoveryResult,com.netflix.client.config.IClientConfig,int,int)	readTimeout	3
com.netflix.zuul.niws.RequestAttempt	complete(int,long,java.lang.Throwable)	durationMs	1
com.netflix.zuul.niws.RequestAttempt	complete(int,long,java.lang.Throwable)	exception	2
com.netflix.zuul.niws.RequestAttempt	complete(int,long,java.lang.Throwable)	responseStatus	0
com.netflix.zuul.niws.RequestAttempt	setStatus(int)	status	0
com.netflix.zuul.niws.RequestAttempt	setError(java.lang.String)	error	0
com.netflix.zuul.niws.RequestAttempt	setExceptionType(java.lang.String)	exceptionType	0
com.netflix.zuul.niws.RequestAttempt	setApp(java.lang.String)	app	0
com.netflix.zuul.niws.RequestAttempt	setAsg(java.lang.String)	asg	0
com.netflix.zuul.niws.RequestAttempt	setInstanceId(java.lang.String)	instanceId	0
com.netflix.zuul.niws.RequestAttempt	setHost(java.lang.String)	host	0
com.netflix.zuul.niws.RequestAttempt	setPort(int)	port	0
com.netflix.zuul.niws.RequestAttempt	setVip(java.lang.String)	vip	0
com.netflix.zuul.niws.RequestAttempt	setRegion(java.lang.String)	region	0
com.netflix.zuul.niws.RequestAttempt	setAvailabilityZone(java.lang.String)	availabilityZone	0
com.netflix.zuul.niws.RequestAttempt	setReadTimeout(long)	readTimeout	0
com.netflix.zuul.niws.RequestAttempt	setConnectTimeout(int)	connectTimeout	0
com.netflix.zuul.niws.RequestAttempt	setException(java.lang.Throwable)	t	0
com.netflix.zuul.niws.RequestAttempt	setMaxRetries(int)	maxRetries	0
com.netflix.zuul.niws.RequestAttempt	putNullableAttribute(com.fasterxml.jackson.databind.node.ObjectNode,java.lang.String,java.lang.String)	name	1
com.netflix.zuul.niws.RequestAttempt	putNullableAttribute(com.fasterxml.jackson.databind.node.ObjectNode,java.lang.String,java.lang.String)	node	0
com.netflix.zuul.niws.RequestAttempt	putNullableAttribute(com.fasterxml.jackson.databind.node.ObjectNode,java.lang.String,java.lang.String)	value	2
com.netflix.zuul.exception.OutboundErrorType	OutboundErrorType(int,com.netflix.zuul.stats.status.StatusCategory,com.netflix.client.ClientException.ErrorType)	statusCategory	1
com.netflix.zuul.exception.OutboundErrorType	OutboundErrorType(int,com.netflix.zuul.stats.status.StatusCategory,com.netflix.client.ClientException.ErrorType)	statusCodeToReturn	0
com.netflix.zuul.exception.OutboundErrorType	OutboundErrorType(int,com.netflix.zuul.stats.status.StatusCategory,com.netflix.client.ClientException.ErrorType)	clientErrorType	2
com.netflix.zuul.netty.NettyRequestAttemptFactory	mapNettyToOutboundErrorType(java.lang.Throwable)	t	0
com.netflix.zuul.netty.NettyRequestAttemptFactory	mapNettyToOutboundException(java.lang.Throwable,com.netflix.zuul.context.SessionContext)	t	0
com.netflix.zuul.netty.timeouts.OriginTimeoutManager	OriginTimeoutManager(com.netflix.zuul.origins.NettyOrigin)	origin	0
com.netflix.zuul.netty.timeouts.OriginTimeoutManager	getRequestClientConfig(com.netflix.zuul.message.http.HttpRequestMessage)	zuulRequest	0
com.netflix.zuul.netty.timeouts.OriginTimeoutManager	getRequestReadTimeout(com.netflix.client.config.IClientConfig)	clientConfig	0
com.netflix.zuul.netty.server.MethodBinding	MethodBinding(java.util.function.BiConsumer,java.util.concurrent.Callable)	boundMethod	0
com.netflix.zuul.netty.server.MethodBinding	MethodBinding(java.util.function.BiConsumer,java.util.concurrent.Callable)	bindingContextExtractor	1
com.netflix.zuul.netty.server.MethodBinding	bind(java.lang.Runnable)	method	0
com.netflix.zuul.netty.server.OriginResponseReceiver	OriginResponseReceiver(com.netflix.zuul.filters.endpoint.ProxyEndpoint)	edgeProxy	0
com.netflix.zuul.netty.server.OriginResponseReceiver	channelReadInternal(io.netty.channel.ChannelHandlerContext,java.lang.Object)	msg	1
com.netflix.zuul.netty.server.OriginResponseReceiver	channelReadInternal(io.netty.channel.ChannelHandlerContext,java.lang.Object)	ctx	0
com.netflix.zuul.netty.server.OriginResponseReceiver	userEventTriggered(io.netty.channel.ChannelHandlerContext,java.lang.Object)	ctx	0
com.netflix.zuul.netty.server.OriginResponseReceiver	userEventTriggered(io.netty.channel.ChannelHandlerContext,java.lang.Object)	evt	1
com.netflix.zuul.netty.server.OriginResponseReceiver	buildOriginHttpRequest(com.netflix.zuul.message.http.HttpRequestMessage)	zuulRequest	0
com.netflix.zuul.netty.server.OriginResponseReceiver	pathAndQueryString(com.netflix.zuul.message.http.HttpRequestMessage)	request	0
com.netflix.zuul.netty.server.OriginResponseReceiver	writeInternal(io.netty.channel.ChannelHandlerContext,java.lang.Object,io.netty.channel.ChannelPromise)	ctx	0
com.netflix.zuul.netty.server.OriginResponseReceiver	writeInternal(io.netty.channel.ChannelHandlerContext,java.lang.Object,io.netty.channel.ChannelPromise)	msg	1
com.netflix.zuul.netty.server.OriginResponseReceiver	writeInternal(io.netty.channel.ChannelHandlerContext,java.lang.Object,io.netty.channel.ChannelPromise)	promise	2
com.netflix.zuul.netty.server.OriginResponseReceiver	fireWriteError(java.lang.String,java.lang.Throwable,io.netty.channel.ChannelHandlerContext)	cause	1
com.netflix.zuul.netty.server.OriginResponseReceiver	fireWriteError(java.lang.String,java.lang.Throwable,io.netty.channel.ChannelHandlerContext)	requestPart	0
com.netflix.zuul.netty.server.OriginResponseReceiver	fireWriteError(java.lang.String,java.lang.Throwable,io.netty.channel.ChannelHandlerContext)	ctx	2
com.netflix.zuul.netty.server.OriginResponseReceiver	exceptionCaught(io.netty.channel.ChannelHandlerContext,java.lang.Throwable)	cause	1
com.netflix.zuul.netty.server.OriginResponseReceiver	exceptionCaught(io.netty.channel.ChannelHandlerContext,java.lang.Throwable)	ctx	0
com.netflix.zuul.netty.server.OriginResponseReceiver	channelInactive(io.netty.channel.ChannelHandlerContext)	ctx	0
com.netflix.zuul.netty.connectionpool.RequestStat	putInSessionContext(com.netflix.zuul.netty.connectionpool.RequestStat,com.netflix.zuul.context.SessionContext)	stat	0
com.netflix.zuul.netty.connectionpool.RequestStat	putInSessionContext(com.netflix.zuul.netty.connectionpool.RequestStat,com.netflix.zuul.context.SessionContext)	context	1
com.netflix.zuul.netty.connectionpool.RequestStat	getFromSessionContext(com.netflix.zuul.context.SessionContext)	context	0
com.netflix.config.DynamicIntegerSetProperty	from(java.lang.String)	value	0
com.netflix.zuul.origins.OriginName	fromVipAndApp(java.lang.String,java.lang.String,java.lang.String)	niwsClientName	2
com.netflix.zuul.origins.OriginName	fromVipAndApp(java.lang.String,java.lang.String,java.lang.String)	vip	0
com.netflix.zuul.origins.OriginName	fromVipAndApp(java.lang.String,java.lang.String,java.lang.String)	appName	1
com.netflix.zuul.origins.OriginName	OriginName(java.lang.String,java.lang.String,java.lang.String)	authority	1
com.netflix.zuul.origins.OriginName	OriginName(java.lang.String,java.lang.String,java.lang.String)	target	0
com.netflix.zuul.origins.OriginName	OriginName(java.lang.String,java.lang.String,java.lang.String)	niwsClientName	2
com.netflix.zuul.origins.OriginName	equals(java.lang.Object)	o	0
com.netflix.zuul.exception.OutboundException	OutboundException(com.netflix.zuul.exception.ErrorType,com.netflix.zuul.niws.RequestAttempts)	outboundErrorType	0
com.netflix.zuul.exception.OutboundException	OutboundException(com.netflix.zuul.exception.ErrorType,com.netflix.zuul.niws.RequestAttempts)	requestAttempts	1
com.netflix.zuul.exception.OutboundException	OutboundException(com.netflix.zuul.exception.ErrorType,com.netflix.zuul.niws.RequestAttempts,java.lang.Throwable)	requestAttempts	1
com.netflix.zuul.exception.OutboundException	OutboundException(com.netflix.zuul.exception.ErrorType,com.netflix.zuul.niws.RequestAttempts,java.lang.Throwable)	outboundErrorType	0
com.netflix.zuul.passport.PassportItem	PassportItem(com.netflix.zuul.passport.PassportState,long)	state	0
com.netflix.zuul.passport.PassportItem	PassportItem(com.netflix.zuul.passport.PassportState,long)	time	1
com.netflix.zuul.netty.connectionpool.ConnectionPoolHandler	ConnectionPoolHandler(com.netflix.zuul.origins.OriginName)	originName	0
com.netflix.zuul.netty.connectionpool.ConnectionPoolHandler	userEventTriggered(io.netty.channel.ChannelHandlerContext,java.lang.Object)	evt	1
com.netflix.zuul.netty.connectionpool.ConnectionPoolHandler	exceptionCaught(io.netty.channel.ChannelHandlerContext,java.lang.Throwable)	cause	1
com.netflix.zuul.netty.connectionpool.ConnectionPoolHandler	closeConnection(io.netty.channel.ChannelHandlerContext,java.lang.String)	msg	1
com.netflix.zuul.netty.connectionpool.ConnectionPoolHandler	closeConnection(io.netty.channel.ChannelHandlerContext,java.lang.String)	ctx	0
com.netflix.zuul.netty.connectionpool.ConnectionPoolHandler	flagCloseAndReleaseConnection(com.netflix.zuul.netty.connectionpool.PooledConnection)	pooledConnection	0
com.netflix.zuul.netty.connectionpool.ConnectionPoolHandler	getConnectionHeader(com.netflix.netty.common.HttpLifecycleChannelHandler.CompleteEvent)	completeEvt	0
com.netflix.zuul.netty.insights.PassportLoggingHandler	PassportLoggingHandler(com.netflix.spectator.api.Registry)	spectatorRegistry	0
com.netflix.zuul.netty.insights.PassportLoggingHandler	userEventTriggered(io.netty.channel.ChannelHandlerContext,java.lang.Object)	evt	1
com.netflix.zuul.netty.insights.PassportLoggingHandler	userEventTriggered(io.netty.channel.ChannelHandlerContext,java.lang.Object)	ctx	0
com.netflix.zuul.netty.insights.PassportLoggingHandler	isHealthcheckRequest(com.netflix.zuul.message.http.HttpRequestMessage)	req	0
com.netflix.zuul.netty.insights.PassportLoggingHandler	getRequestId(io.netty.channel.Channel,com.netflix.zuul.context.SessionContext)	ctx	1
com.netflix.zuul.netty.filter.ZuulFilterChainRunner	ZuulFilterChainRunner(com.netflix.zuul.filters.ZuulFilter[],com.netflix.zuul.FilterUsageNotifier,com.netflix.zuul.netty.filter.FilterRunner,com.netflix.spectator.api.Registry)	zuulFilters	0
com.netflix.zuul.netty.filter.ZuulFilterChainRunner	runFilters(T,java.util.concurrent.atomic.AtomicInteger)	runningFilterIdx	1
com.netflix.zuul.netty.filter.ZuulFilterChainRunner	runFilters(T,java.util.concurrent.atomic.AtomicInteger)	mesg	0
com.netflix.zuul.netty.filter.ZuulFilterChainRunner	filter(T,io.netty.handler.codec.http.HttpContent)	inMesg	0
com.netflix.zuul.netty.filter.ZuulFilterChainRunner	filter(T,io.netty.handler.codec.http.HttpContent)	chunk	1
com.netflix.zuul.ExecutionStatus	ExecutionStatus(int)	status	0
com.netflix.zuul.netty.filter.BaseZuulFilterRunner	BaseZuulFilterRunner(com.netflix.zuul.filters.FilterType,com.netflix.zuul.FilterUsageNotifier,com.netflix.zuul.netty.filter.FilterRunner,com.netflix.spectator.api.Registry)	nextStage	2
com.netflix.zuul.netty.filter.BaseZuulFilterRunner	BaseZuulFilterRunner(com.netflix.zuul.filters.FilterType,com.netflix.zuul.FilterUsageNotifier,com.netflix.zuul.netty.filter.FilterRunner,com.netflix.spectator.api.Registry)	registry	3
com.netflix.zuul.netty.filter.BaseZuulFilterRunner	BaseZuulFilterRunner(com.netflix.zuul.filters.FilterType,com.netflix.zuul.FilterUsageNotifier,com.netflix.zuul.netty.filter.FilterRunner,com.netflix.spectator.api.Registry)	filterType	0
com.netflix.zuul.netty.filter.BaseZuulFilterRunner	getChannelHandlerContext(com.netflix.zuul.message.ZuulMessage)	mesg	0
com.netflix.zuul.netty.filter.BaseZuulFilterRunner	initRunningFilterIndex(I)	zuulMesg	0
com.netflix.zuul.netty.filter.BaseZuulFilterRunner	getRunningFilterIndex(I)	zuulMesg	0
com.netflix.zuul.netty.filter.BaseZuulFilterRunner	isFilterAwaitingBody(com.netflix.zuul.context.SessionContext)	context	0
com.netflix.zuul.netty.filter.BaseZuulFilterRunner	setFilterAwaitingBody(I,boolean)	flag	1
com.netflix.zuul.netty.filter.BaseZuulFilterRunner	setFilterAwaitingBody(I,boolean)	zuulMesg	0
com.netflix.zuul.netty.filter.BaseZuulFilterRunner	invokeNextStage(O,io.netty.handler.codec.http.HttpContent)	zuulMesg	0
com.netflix.zuul.netty.filter.BaseZuulFilterRunner	invokeNextStage(O,io.netty.handler.codec.http.HttpContent)	chunk	1
com.netflix.zuul.netty.filter.BaseZuulFilterRunner	invokeNextStage(O)	zuulMesg	0
com.netflix.zuul.netty.filter.BaseZuulFilterRunner	addPerfMarkTags(com.netflix.zuul.message.ZuulMessage)	inMesg	0
com.netflix.zuul.netty.filter.BaseZuulFilterRunner	filter(com.netflix.zuul.filters.ZuulFilter,I)	inMesg	1
com.netflix.zuul.netty.filter.BaseZuulFilterRunner	filter(com.netflix.zuul.filters.ZuulFilter,I)	filter	0
com.netflix.zuul.netty.filter.BaseZuulFilterRunner	shouldSkipFilter(I,com.netflix.zuul.filters.ZuulFilter)	filter	1
com.netflix.zuul.netty.filter.BaseZuulFilterRunner	shouldSkipFilter(I,com.netflix.zuul.filters.ZuulFilter)	inMesg	0
com.netflix.zuul.netty.filter.BaseZuulFilterRunner	isMessageBodyReadyForFilter(com.netflix.zuul.filters.ZuulFilter,I)	inMesg	1
com.netflix.zuul.netty.filter.BaseZuulFilterRunner	isMessageBodyReadyForFilter(com.netflix.zuul.filters.ZuulFilter,I)	filter	0
com.netflix.zuul.netty.filter.BaseZuulFilterRunner	handleFilterException(I,com.netflix.zuul.filters.ZuulFilter,java.lang.Throwable)	inMesg	0
com.netflix.zuul.netty.filter.BaseZuulFilterRunner	handleFilterException(I,com.netflix.zuul.filters.ZuulFilter,java.lang.Throwable)	filter	1
com.netflix.zuul.netty.filter.BaseZuulFilterRunner	recordFilterError(I,com.netflix.zuul.filters.ZuulFilter,java.lang.Throwable)	filter	1
com.netflix.zuul.netty.filter.BaseZuulFilterRunner	recordFilterError(I,com.netflix.zuul.filters.ZuulFilter,java.lang.Throwable)	inMesg	0
com.netflix.zuul.netty.filter.BaseZuulFilterRunner	recordFilterError(I,com.netflix.zuul.filters.ZuulFilter,java.lang.Throwable)	t	2
com.netflix.zuul.netty.filter.BaseZuulFilterRunner	recordFilterCompletion(com.netflix.zuul.ExecutionStatus,com.netflix.zuul.filters.ZuulFilter,long,com.netflix.zuul.message.ZuulMessage,com.netflix.zuul.message.ZuulMessage)	zuulMesg	3
com.netflix.zuul.netty.filter.BaseZuulFilterRunner	recordFilterCompletion(com.netflix.zuul.ExecutionStatus,com.netflix.zuul.filters.ZuulFilter,long,com.netflix.zuul.message.ZuulMessage,com.netflix.zuul.message.ZuulMessage)	startSnapshot	4
com.netflix.zuul.netty.filter.BaseZuulFilterRunner	recordFilterCompletion(com.netflix.zuul.ExecutionStatus,com.netflix.zuul.filters.ZuulFilter,long,com.netflix.zuul.message.ZuulMessage,com.netflix.zuul.message.ZuulMessage)	status	0
com.netflix.zuul.netty.filter.BaseZuulFilterRunner	recordFilterCompletion(com.netflix.zuul.ExecutionStatus,com.netflix.zuul.filters.ZuulFilter,long,com.netflix.zuul.message.ZuulMessage,com.netflix.zuul.message.ZuulMessage)	filter	1
com.netflix.zuul.netty.filter.BaseZuulFilterRunner	recordFilterCompletion(com.netflix.zuul.ExecutionStatus,com.netflix.zuul.filters.ZuulFilter,long,com.netflix.zuul.message.ZuulMessage,com.netflix.zuul.message.ZuulMessage)	startTime	2
com.netflix.zuul.netty.filter.BaseZuulFilterRunner	handleException(com.netflix.zuul.message.ZuulMessage,java.lang.String,java.lang.Exception)	ex	2
com.netflix.zuul.netty.filter.BaseZuulFilterRunner	handleException(com.netflix.zuul.message.ZuulMessage,java.lang.String,java.lang.Exception)	filterName	1
com.netflix.zuul.netty.filter.BaseZuulFilterRunner	handleException(com.netflix.zuul.message.ZuulMessage,java.lang.String,java.lang.Exception)	zuulMesg	0
com.netflix.zuul.netty.filter.BaseZuulFilterRunner$FilterChainResumer	FilterChainResumer(I,com.netflix.zuul.filters.ZuulFilter,com.netflix.zuul.message.ZuulMessage,long)	startTime	3
com.netflix.zuul.netty.filter.BaseZuulFilterRunner$FilterChainResumer	FilterChainResumer(I,com.netflix.zuul.filters.ZuulFilter,com.netflix.zuul.message.ZuulMessage,long)	snapshot	2
com.netflix.zuul.netty.filter.BaseZuulFilterRunner$FilterChainResumer	onNext(O)	outMesg	0
com.netflix.zuul.netty.filter.BaseZuulFilterRunner$FilterChainResumer	onNextStarted(io.perfmark.Link)	onNextLinkIn	0
com.netflix.zuul.netty.filter.BaseZuulFilterRunner$FilterChainResumer	onErrorStarted(io.perfmark.Link)	onErrorLinkIn	0
com.netflix.zuul.netty.filter.BaseZuulFilterRunner$FilterChainResumer	onCompletedStarted(io.perfmark.Link)	onCompletedLinkIn	0
com.netflix.zuul.netty.filter.ZuulEndPointRunner	ZuulEndPointRunner(com.netflix.zuul.FilterUsageNotifier,com.netflix.zuul.FilterLoader,com.netflix.zuul.netty.filter.FilterRunner,com.netflix.spectator.api.Registry)	filterLoader	1
com.netflix.zuul.netty.filter.ZuulEndPointRunner	getEndpoint(com.netflix.zuul.message.http.HttpRequestMessage)	zuulReq	0
com.netflix.zuul.netty.filter.ZuulEndPointRunner	setEndpoint(com.netflix.zuul.message.http.HttpRequestMessage,com.netflix.zuul.filters.ZuulFilter)	zuulReq	0
com.netflix.zuul.netty.filter.ZuulEndPointRunner	filter(com.netflix.zuul.message.http.HttpRequestMessage)	zuulReq	0
com.netflix.zuul.netty.filter.ZuulEndPointRunner	resume(com.netflix.zuul.message.http.HttpResponseMessage)	zuulMesg	0
com.netflix.zuul.netty.filter.ZuulEndPointRunner	filter(com.netflix.zuul.message.http.HttpRequestMessage,io.netty.handler.codec.http.HttpContent)	zuulReq	0
com.netflix.zuul.netty.filter.ZuulEndPointRunner	filter(com.netflix.zuul.message.http.HttpRequestMessage,io.netty.handler.codec.http.HttpContent)	chunk	1
com.netflix.zuul.netty.filter.ZuulEndPointRunner	getEndPointName(com.netflix.zuul.context.SessionContext)	zuulCtx	0
com.netflix.zuul.netty.filter.ZuulEndPointRunner	getEndpoint(java.lang.String,com.netflix.zuul.message.http.HttpRequestMessage)	endpointName	0
com.netflix.zuul.netty.filter.ZuulEndPointRunner	getEndpoint(java.lang.String,com.netflix.zuul.message.http.HttpRequestMessage)	zuulRequest	1
com.netflix.zuul.netty.filter.ZuulEndPointRunner	newProxyEndpoint(com.netflix.zuul.message.http.HttpRequestMessage)	zuulRequest	0
com.netflix.zuul.netty.filter.ZuulEndPointRunner$1	apply(com.netflix.zuul.message.http.HttpRequestMessage)	request	0
com.netflix.zuul.filters.BaseFilter	getDefaultOutput(I)	input	0
com.netflix.zuul.filters.BaseFilter	processContentChunk(com.netflix.zuul.message.ZuulMessage,io.netty.handler.codec.http.HttpContent)	chunk	1
com.netflix.zuul.filters.endpoint.MissingEndpointHandlingFilter	MissingEndpointHandlingFilter(java.lang.String)	name	0
com.netflix.zuul.filters.endpoint.MissingEndpointHandlingFilter	apply(com.netflix.zuul.message.http.HttpRequestMessage)	request	0
com.netflix.zuul.filters.http.HttpOutboundFilter	getDefaultOutput(com.netflix.zuul.message.http.HttpResponseMessage)	input	0
com.netflix.zuul.filters.http.HttpSyncEndpoint	applyAsync(com.netflix.zuul.message.http.HttpRequestMessage)	input	0
com.netflix.zuul.filters.http.HttpSyncEndpoint	processContentChunk(com.netflix.zuul.message.ZuulMessage,io.netty.handler.codec.http.HttpContent)	zuulMessage	0
com.netflix.zuul.filters.http.HttpSyncEndpoint	processContentChunk(com.netflix.zuul.message.ZuulMessage,io.netty.handler.codec.http.HttpContent)	chunk	1
com.netflix.zuul.filters.http.HttpSyncEndpoint$ResponseState	ResponseState(com.netflix.zuul.message.ZuulMessage,rx.Subscriber)	subscriber	1
com.netflix.zuul.filters.http.HttpSyncEndpoint$ResponseState	ResponseState(com.netflix.zuul.message.ZuulMessage,rx.Subscriber)	response	0
com.netflix.zuul.filters.MutableFilterRegistry	remove(java.lang.String)	key	0
com.netflix.zuul.filters.MutableFilterRegistry	get(java.lang.String)	key	0
com.netflix.zuul.filters.MutableFilterRegistry	put(java.lang.String,com.netflix.zuul.filters.ZuulFilter)	filter	1
com.netflix.zuul.filters.MutableFilterRegistry	put(java.lang.String,com.netflix.zuul.filters.ZuulFilter)	key	0
com.netflix.zuul.filters.common.GZipResponseFilter	shouldFilter(com.netflix.zuul.message.http.HttpResponseMessage)	response	0
com.netflix.zuul.filters.common.GZipResponseFilter	apply(com.netflix.zuul.message.http.HttpResponseMessage)	response	0
com.netflix.zuul.filters.common.GZipResponseFilter	isGzippableContentType(com.netflix.zuul.message.http.HttpResponseMessage)	response	0
com.netflix.zuul.filters.common.GZipResponseFilter	processContentChunk(com.netflix.zuul.message.ZuulMessage,io.netty.handler.codec.http.HttpContent)	chunk	1
com.netflix.zuul.filters.common.GZipResponseFilter	processContentChunk(com.netflix.zuul.message.ZuulMessage,io.netty.handler.codec.http.HttpContent)	resp	0
com.netflix.zuul.util.Gzipper	write(io.netty.buffer.ByteBuf)	bb	0
com.netflix.zuul.util.Gzipper	write(io.netty.handler.codec.http.HttpContent)	chunk	0
com.netflix.zuul.filters.common.SurgicalDebugFilter	shouldFilter(com.netflix.zuul.message.http.HttpRequestMessage)	request	0
com.netflix.zuul.filters.common.SurgicalDebugFilter	apply(com.netflix.zuul.message.http.HttpRequestMessage)	request	0
com.netflix.zuul.filters.passport.PassportStampingFilter	PassportStampingFilter(com.netflix.zuul.passport.PassportState)	stamp	0
com.netflix.zuul.filters.passport.PassportStampingFilter	getDefaultOutput(T)	input	0
com.netflix.zuul.filters.passport.PassportStampingFilter	apply(T)	input	0
com.netflix.zuul.StaticFilterLoader	StaticFilterLoader(com.netflix.zuul.FilterFactory,java.util.Set)	filterTypes	1
com.netflix.zuul.StaticFilterLoader	StaticFilterLoader(com.netflix.zuul.FilterFactory,java.util.Set)	filterFactory	0
com.netflix.zuul.StaticFilterLoader	loadFilterTypesFromResources(java.lang.ClassLoader)	loader	0
com.netflix.zuul.StaticFilterLoader	getFiltersByType(com.netflix.zuul.filters.FilterType)	filterType	0
com.netflix.zuul.StaticFilterLoader	getFilterByNameAndType(java.lang.String,com.netflix.zuul.filters.FilterType)	name	0
com.netflix.zuul.StaticFilterLoader	getFilterByNameAndType(java.lang.String,com.netflix.zuul.filters.FilterType)	type	1
com.netflix.zuul.util.ProxyUtils	isValidRequestHeader(com.netflix.zuul.message.HeaderName)	headerName	0
com.netflix.zuul.util.ProxyUtils	isValidResponseHeader(com.netflix.zuul.message.HeaderName)	headerName	0
com.netflix.zuul.util.ProxyUtils	addXForwardedHeaders(com.netflix.zuul.message.http.HttpRequestMessage)	request	0
com.netflix.zuul.util.ProxyUtils	addXForwardedHeader(com.netflix.zuul.message.Headers,com.netflix.zuul.message.HeaderName,java.lang.String)	latestValue	2
com.netflix.zuul.util.ProxyUtils	addXForwardedHeader(com.netflix.zuul.message.Headers,com.netflix.zuul.message.HeaderName,java.lang.String)	headers	0
com.netflix.zuul.util.HttpUtils	getClientIP(com.netflix.zuul.message.http.HttpRequestInfo)	request	0
com.netflix.zuul.util.HttpUtils	extractClientIpFromXForwardedFor(java.lang.String)	xForwardedFor	0
com.netflix.zuul.util.HttpUtils	isCompressed(java.lang.String)	contentEncoding	0
com.netflix.zuul.util.HttpUtils	isCompressed(com.netflix.zuul.message.Headers)	headers	0
com.netflix.zuul.util.HttpUtils	acceptsGzip(com.netflix.zuul.message.Headers)	headers	0
com.netflix.zuul.util.HttpUtils	stripMaliciousHeaderChars(java.lang.String)	input	0
com.netflix.zuul.util.HttpUtils	getContentLengthIfPresent(com.netflix.zuul.message.ZuulMessage)	msg	0
com.netflix.zuul.util.HttpUtils	getBodySizeIfKnown(com.netflix.zuul.message.ZuulMessage)	msg	0
com.netflix.zuul.util.HttpUtils	hasChunkedTransferEncodingHeader(com.netflix.zuul.message.ZuulMessage)	msg	0
com.netflix.zuul.util.HttpUtils	getMainChannel(io.netty.channel.Channel)	channel	0
com.netflix.zuul.util.VipUtils	getVIPPrefix(java.lang.String)	vipAddress	0
com.netflix.zuul.util.VipUtils	extractUntrustedAppNameFromVIP(java.lang.String)	vipAddress	0
com.netflix.zuul.util.JsonUtility	jsonFromMap(java.util.Map)	jsonData	0
com.netflix.zuul.util.JsonUtility	stringArrayFromObjectArray(java.lang.Object[])	data	0
com.netflix.zuul.util.JsonUtility$JsonDocument	addValue(java.lang.String,java.lang.String)	value	1
com.netflix.zuul.util.JsonUtility$JsonDocument	addValue(java.lang.String,java.lang.String)	key	0
com.netflix.zuul.context.Debug	setDebugRequest(com.netflix.zuul.context.SessionContext,boolean)	ctx	0
com.netflix.zuul.context.Debug	setDebugRequestHeadersOnly(com.netflix.zuul.context.SessionContext,boolean)	ctx	0
com.netflix.zuul.context.Debug	debugRequestHeadersOnly(com.netflix.zuul.context.SessionContext)	ctx	0
com.netflix.zuul.context.Debug	setDebugRouting(com.netflix.zuul.context.SessionContext,boolean)	ctx	0
com.netflix.zuul.context.Debug	debugRequest(com.netflix.zuul.context.SessionContext)	ctx	0
com.netflix.zuul.context.Debug	debugRouting(com.netflix.zuul.context.SessionContext)	ctx	0
com.netflix.zuul.context.Debug	addRoutingDebug(com.netflix.zuul.context.SessionContext,java.lang.String)	line	1
com.netflix.zuul.context.Debug	addRequestDebugForMessage(com.netflix.zuul.context.SessionContext,com.netflix.zuul.message.ZuulMessage,java.lang.String)	message	1
com.netflix.zuul.context.Debug	getRoutingDebug(com.netflix.zuul.context.SessionContext)	ctx	0
com.netflix.zuul.context.Debug	addRequestDebug(com.netflix.zuul.context.SessionContext,java.lang.String)	line	1
com.netflix.zuul.context.Debug	getRequestDebug(com.netflix.zuul.context.SessionContext)	ctx	0
com.netflix.zuul.context.Debug	compareContextState(java.lang.String,com.netflix.zuul.context.SessionContext,com.netflix.zuul.context.SessionContext)	copy	2
com.netflix.zuul.context.Debug	compareContextState(java.lang.String,com.netflix.zuul.context.SessionContext,com.netflix.zuul.context.SessionContext)	context	1
com.netflix.zuul.context.Debug	writeDebugRequest(com.netflix.zuul.context.SessionContext,com.netflix.zuul.message.http.HttpRequestInfo,boolean)	isInbound	2
com.netflix.zuul.context.Debug	writeDebugResponse(com.netflix.zuul.context.SessionContext,com.netflix.zuul.message.http.HttpResponseInfo,boolean)	isInbound	2
com.netflix.zuul.context.Debug	writeDebugMessage(com.netflix.zuul.context.SessionContext,com.netflix.zuul.message.ZuulMessage,java.lang.String,java.lang.String)	msg	1
com.netflix.zuul.context.ZuulSessionContextDecorator	ZuulSessionContextDecorator(com.netflix.zuul.origins.OriginManager)	originManager	0
com.netflix.zuul.context.ZuulSessionContextDecorator	decorate(com.netflix.zuul.context.SessionContext)	ctx	0
com.netflix.zuul.monitoring.TracerFactory	initialize(com.netflix.zuul.monitoring.TracerFactory)	f	0
com.netflix.zuul.monitoring.ConnCounter	ConnCounter(com.netflix.spectator.api.Registry,io.netty.channel.Channel,com.netflix.spectator.api.Id)	registry	0
com.netflix.zuul.monitoring.ConnCounter	ConnCounter(com.netflix.spectator.api.Registry,io.netty.channel.Channel,com.netflix.spectator.api.Id)	metricBase	2
com.netflix.zuul.monitoring.ConnCounter	ConnCounter(com.netflix.spectator.api.Registry,io.netty.channel.Channel,com.netflix.spectator.api.Id)	chan	1
com.netflix.zuul.monitoring.ConnCounter	install(io.netty.channel.Channel,com.netflix.spectator.api.Registry,com.netflix.spectator.api.Id)	registry	1
com.netflix.zuul.monitoring.ConnCounter	install(io.netty.channel.Channel,com.netflix.spectator.api.Registry,com.netflix.spectator.api.Id)	metricBase	2
com.netflix.zuul.monitoring.ConnCounter	install(io.netty.channel.Channel,com.netflix.spectator.api.Registry,com.netflix.spectator.api.Id)	chan	0
com.netflix.zuul.monitoring.ConnCounter	from(io.netty.channel.Channel)	chan	0
com.netflix.zuul.monitoring.ConnCounter	increment(java.lang.String,com.netflix.zuul.Attrs)	extraDimensions	1
com.netflix.zuul.monitoring.ConnCounter	increment(java.lang.String,com.netflix.zuul.Attrs)	event	0
com.netflix.zuul.monitoring.ConnCounter	decrement(java.lang.String)	event	0
com.netflix.zuul.monitoring.ConnCounter	getLock(com.netflix.spectator.api.Id)	id	0
com.netflix.zuul.monitoring.ConnTimer	ConnTimer(com.netflix.spectator.api.Registry,io.netty.channel.Channel,com.netflix.spectator.api.Id)	registry	0
com.netflix.zuul.monitoring.ConnTimer	ConnTimer(com.netflix.spectator.api.Registry,io.netty.channel.Channel,com.netflix.spectator.api.Id)	chan	1
com.netflix.zuul.monitoring.ConnTimer	ConnTimer(com.netflix.spectator.api.Registry,io.netty.channel.Channel,com.netflix.spectator.api.Id)	metricBase	2
com.netflix.zuul.monitoring.ConnTimer	install(io.netty.channel.Channel,com.netflix.spectator.api.Registry,com.netflix.spectator.api.Id)	chan	0
com.netflix.zuul.monitoring.ConnTimer	install(io.netty.channel.Channel,com.netflix.spectator.api.Registry,com.netflix.spectator.api.Id)	registry	1
com.netflix.zuul.monitoring.ConnTimer	install(io.netty.channel.Channel,com.netflix.spectator.api.Registry,com.netflix.spectator.api.Id)	metricBase	2
com.netflix.zuul.monitoring.ConnTimer	from(io.netty.channel.Channel)	chan	0
com.netflix.zuul.monitoring.ConnTimer	record(java.lang.Long,java.lang.String,com.netflix.zuul.Attrs)	now	0
com.netflix.zuul.monitoring.ConnTimer	record(java.lang.Long,java.lang.String,com.netflix.zuul.Attrs)	event	1
com.netflix.zuul.monitoring.ConnTimer	record(java.lang.Long,java.lang.String,com.netflix.zuul.Attrs)	extraDimensions	2
com.netflix.zuul.message.ZuulMessageImpl	ZuulMessageImpl(com.netflix.zuul.context.SessionContext,com.netflix.zuul.message.Headers)	headers	1
com.netflix.zuul.message.ZuulMessageImpl	ZuulMessageImpl(com.netflix.zuul.context.SessionContext,com.netflix.zuul.message.Headers)	context	0
com.netflix.zuul.message.ZuulMessageImpl	setHeaders(com.netflix.zuul.message.Headers)	newHeaders	0
com.netflix.zuul.message.ZuulMessageImpl	setHasBody(boolean)	hasBody	0
com.netflix.zuul.message.ZuulMessageImpl	bufferBodyContents(io.netty.handler.codec.http.HttpContent)	chunk	0
com.netflix.zuul.message.ZuulMessageImpl	setBodyAsText(java.lang.String)	bodyText	0
com.netflix.zuul.message.ZuulMessageImpl	setBody(byte[])	body	0
com.netflix.zuul.message.ZuulMessageImpl	runBufferedBodyContentThroughFilter(com.netflix.zuul.filters.ZuulFilter)	filter	0
com.netflix.zuul.message.http.HttpResponseMessageImpl	HttpResponseMessageImpl(com.netflix.zuul.context.SessionContext,com.netflix.zuul.message.Headers,com.netflix.zuul.message.http.HttpRequestMessage,int)	request	2
com.netflix.zuul.message.http.HttpResponseMessageImpl	HttpResponseMessageImpl(com.netflix.zuul.context.SessionContext,com.netflix.zuul.message.Headers,com.netflix.zuul.message.http.HttpRequestMessage,int)	headers	1
com.netflix.zuul.message.http.HttpResponseMessageImpl	HttpResponseMessageImpl(com.netflix.zuul.context.SessionContext,com.netflix.zuul.message.Headers,com.netflix.zuul.message.http.HttpRequestMessage,int)	status	3
com.netflix.zuul.message.http.HttpResponseMessageImpl	HttpResponseMessageImpl(com.netflix.zuul.context.SessionContext,com.netflix.zuul.message.Headers,com.netflix.zuul.message.http.HttpRequestMessage,int)	context	0
com.netflix.zuul.message.http.HttpResponseMessageImpl	defaultErrorResponse(com.netflix.zuul.message.http.HttpRequestMessage)	request	0
com.netflix.zuul.message.http.HttpResponseMessageImpl	setStatus(int)	status	0
com.netflix.zuul.message.http.HttpResponseMessageImpl	parseSetCookieHeader(java.lang.String)	setCookieValue	0
com.netflix.zuul.message.http.HttpResponseMessageImpl	hasSetCookieWithName(java.lang.String)	cookieName	0
com.netflix.zuul.message.http.HttpResponseMessageImpl	removeExistingSetCookie(java.lang.String)	cookieName	0
com.netflix.zuul.message.http.HttpHeaderNamesCache	HttpHeaderNamesCache(int,int)	initialSize	0
com.netflix.zuul.message.http.HttpHeaderNamesCache	HttpHeaderNamesCache(int,int)	maxSize	1
com.netflix.zuul.message.http.HttpHeaderNamesCache	get(java.lang.String)	name	0
com.netflix.zuul.message.http.HttpRequestMessageImpl	HttpRequestMessageImpl(com.netflix.zuul.context.SessionContext,java.lang.String,java.lang.String,java.lang.String,com.netflix.zuul.message.http.HttpQueryParams,com.netflix.zuul.message.Headers,java.lang.String,java.lang.String,int,java.lang.String,java.net.SocketAddress,boolean)	method	2
com.netflix.zuul.message.http.HttpRequestMessageImpl	HttpRequestMessageImpl(com.netflix.zuul.context.SessionContext,java.lang.String,java.lang.String,java.lang.String,com.netflix.zuul.message.http.HttpQueryParams,com.netflix.zuul.message.Headers,java.lang.String,java.lang.String,int,java.lang.String,java.net.SocketAddress,boolean)	port	8
com.netflix.zuul.message.http.HttpRequestMessageImpl	HttpRequestMessageImpl(com.netflix.zuul.context.SessionContext,java.lang.String,java.lang.String,java.lang.String,com.netflix.zuul.message.http.HttpQueryParams,com.netflix.zuul.message.Headers,java.lang.String,java.lang.String,int,java.lang.String,java.net.SocketAddress,boolean)	clientRemoteAddress	10
com.netflix.zuul.message.http.HttpRequestMessageImpl	HttpRequestMessageImpl(com.netflix.zuul.context.SessionContext,java.lang.String,java.lang.String,java.lang.String,com.netflix.zuul.message.http.HttpQueryParams,com.netflix.zuul.message.Headers,java.lang.String,java.lang.String,int,java.lang.String,java.net.SocketAddress,boolean)	clientIp	6
com.netflix.zuul.message.http.HttpRequestMessageImpl	HttpRequestMessageImpl(com.netflix.zuul.context.SessionContext,java.lang.String,java.lang.String,java.lang.String,com.netflix.zuul.message.http.HttpQueryParams,com.netflix.zuul.message.Headers,java.lang.String,java.lang.String,int,java.lang.String,java.net.SocketAddress,boolean)	immutable	11
com.netflix.zuul.message.http.HttpRequestMessageImpl	HttpRequestMessageImpl(com.netflix.zuul.context.SessionContext,java.lang.String,java.lang.String,java.lang.String,com.netflix.zuul.message.http.HttpQueryParams,com.netflix.zuul.message.Headers,java.lang.String,java.lang.String,int,java.lang.String,java.net.SocketAddress,boolean)	context	0
com.netflix.zuul.message.http.HttpRequestMessageImpl	HttpRequestMessageImpl(com.netflix.zuul.context.SessionContext,java.lang.String,java.lang.String,java.lang.String,com.netflix.zuul.message.http.HttpQueryParams,com.netflix.zuul.message.Headers,java.lang.String,java.lang.String,int,java.lang.String,java.net.SocketAddress,boolean)	queryParams	4
com.netflix.zuul.message.http.HttpRequestMessageImpl	HttpRequestMessageImpl(com.netflix.zuul.context.SessionContext,java.lang.String,java.lang.String,java.lang.String,com.netflix.zuul.message.http.HttpQueryParams,com.netflix.zuul.message.Headers,java.lang.String,java.lang.String,int,java.lang.String,java.net.SocketAddress,boolean)	scheme	7
com.netflix.zuul.message.http.HttpRequestMessageImpl	HttpRequestMessageImpl(com.netflix.zuul.context.SessionContext,java.lang.String,java.lang.String,java.lang.String,com.netflix.zuul.message.http.HttpQueryParams,com.netflix.zuul.message.Headers,java.lang.String,java.lang.String,int,java.lang.String,java.net.SocketAddress,boolean)	serverName	9
com.netflix.zuul.message.http.HttpRequestMessageImpl	HttpRequestMessageImpl(com.netflix.zuul.context.SessionContext,java.lang.String,java.lang.String,java.lang.String,com.netflix.zuul.message.http.HttpQueryParams,com.netflix.zuul.message.Headers,java.lang.String,java.lang.String,int,java.lang.String,java.net.SocketAddress,boolean)	headers	5
com.netflix.zuul.message.http.HttpRequestMessageImpl	HttpRequestMessageImpl(com.netflix.zuul.context.SessionContext,java.lang.String,java.lang.String,java.lang.String,com.netflix.zuul.message.http.HttpQueryParams,com.netflix.zuul.message.Headers,java.lang.String,java.lang.String,int,java.lang.String,java.net.SocketAddress,boolean)	protocol	1
com.netflix.zuul.message.http.HttpRequestMessageImpl	HttpRequestMessageImpl(com.netflix.zuul.context.SessionContext,java.lang.String,java.lang.String,java.lang.String,com.netflix.zuul.message.http.HttpQueryParams,com.netflix.zuul.message.Headers,java.lang.String,java.lang.String,int,java.lang.String,java.net.SocketAddress,boolean)	path	3
com.netflix.zuul.message.http.HttpRequestMessageImpl	setProtocol(java.lang.String)	protocol	0
com.netflix.zuul.message.http.HttpRequestMessageImpl	setMethod(java.lang.String)	method	0
com.netflix.zuul.message.http.HttpRequestMessageImpl	setPath(java.lang.String)	path	0
com.netflix.zuul.message.http.HttpRequestMessageImpl	setClientIp(java.lang.String)	clientIp	0
com.netflix.zuul.message.http.HttpRequestMessageImpl	setScheme(java.lang.String)	scheme	0
com.netflix.zuul.message.http.HttpRequestMessageImpl	setPort(int)	port	0
com.netflix.zuul.message.http.HttpRequestMessageImpl	setServerName(java.lang.String)	serverName	0
com.netflix.zuul.message.http.HttpRequestMessageImpl	cleanCookieHeader(java.lang.String)	cookie	0
com.netflix.zuul.message.http.HttpRequestMessageImpl	setQueryParams(com.netflix.zuul.message.http.HttpQueryParams)	queryParams	0
com.netflix.zuul.message.http.HttpRequestMessageImpl	getOriginalHost(com.netflix.zuul.message.Headers,java.lang.String)	serverName	1
com.netflix.zuul.message.http.HttpRequestMessageImpl	getOriginalHost(com.netflix.zuul.message.Headers,java.lang.String)	headers	0
com.netflix.zuul.message.http.HttpRequestMessageImpl	getOriginalPort(com.netflix.zuul.context.SessionContext,com.netflix.zuul.message.Headers,int)	context	0
com.netflix.zuul.message.http.HttpRequestMessageImpl	getOriginalPort(com.netflix.zuul.context.SessionContext,com.netflix.zuul.message.Headers,int)	headers	1
com.netflix.zuul.message.http.HttpRequestMessageImpl	getOriginalPort(com.netflix.zuul.context.SessionContext,com.netflix.zuul.message.Headers,int)	serverPort	2
com.netflix.zuul.message.http.HttpRequestMessageImpl	parseHostHeader(com.netflix.zuul.message.Headers)	headers	0
com.netflix.zuul.message.util.HttpRequestBuilder	HttpRequestBuilder(com.netflix.zuul.context.SessionContext)	context	0
com.netflix.zuul.message.util.HttpRequestBuilder	withHost(java.lang.String)	hostName	0
com.netflix.zuul.message.util.HttpRequestBuilder	withHeaders(com.netflix.zuul.message.Headers)	requestHeaders	0
com.netflix.zuul.message.util.HttpRequestBuilder	withQueryParams(com.netflix.zuul.message.http.HttpQueryParams)	requestParams	0
com.netflix.zuul.message.util.HttpRequestBuilder	withMethod(io.netty.handler.codec.http.HttpMethod)	httpMethod	0
com.netflix.zuul.message.util.HttpRequestBuilder	withUri(java.lang.String)	uri	0
com.netflix.zuul.stats.NamedCountingMonitor	NamedCountingMonitor(java.lang.String)	name	0
com.netflix.zuul.stats.ErrorStatsData	ErrorStatsData(java.lang.String,java.lang.String)	route	0
com.netflix.zuul.stats.ErrorStatsData	ErrorStatsData(java.lang.String,java.lang.String)	cause	1
com.netflix.zuul.stats.ErrorStatsData	equals(java.lang.Object)	o	0
com.netflix.zuul.stats.StatsManager	getRouteStatusCodeMonitor(java.lang.String,int)	route	0
com.netflix.zuul.stats.StatsManager	getRouteStatusCodeMonitor(java.lang.String,int)	statusCode	1
com.netflix.zuul.stats.StatsManager	hostKey(java.lang.String)	host	0
com.netflix.zuul.stats.StatsManager	protocolKey(java.lang.String)	proto	0
com.netflix.zuul.stats.StatsManager	collectRequestStats(com.netflix.zuul.message.http.HttpRequestInfo)	req	0
com.netflix.zuul.stats.StatsManager	isIPv6(java.lang.String)	ip	0
com.netflix.zuul.stats.StatsManager	extractClientIpFromXForwardedFor(java.lang.String)	xForwardedFor	0
com.netflix.zuul.stats.StatsManager	incrementNamedCountingMonitor(java.lang.String,java.util.concurrent.ConcurrentMap)	map	1
com.netflix.zuul.stats.StatsManager	incrementNamedCountingMonitor(java.lang.String,java.util.concurrent.ConcurrentMap)	name	0
com.netflix.zuul.stats.StatsManager	collectRouteStats(java.lang.String,int)	route	0
com.netflix.zuul.stats.StatsManager	collectRouteStats(java.lang.String,int)	statusCode	1
com.netflix.zuul.stats.RouteStatusCodeMonitor	RouteStatusCodeMonitor(java.lang.String,int)	route	0
com.netflix.zuul.stats.RouteStatusCodeMonitor	RouteStatusCodeMonitor(java.lang.String,int)	statusCode	1
com.netflix.zuul.stats.RouteStatusCodeMonitor	equals(java.lang.Object)	o	0
com.netflix.zuul.stats.monitoring.MonitorRegistry	setPublisher(com.netflix.zuul.stats.monitoring.Monitor)	publisher	0
com.netflix.zuul.stats.status.ZuulStatusCategoryGroup	ZuulStatusCategoryGroup(int)	id	0
com.netflix.zuul.stats.status.StatusCategoryUtils	getStatusCategory(com.netflix.zuul.context.SessionContext)	ctx	0
com.netflix.zuul.stats.status.StatusCategoryUtils	setStatusCategory(com.netflix.zuul.context.SessionContext,com.netflix.zuul.stats.status.StatusCategory)	ctx	0
com.netflix.zuul.stats.status.StatusCategoryUtils	getOriginStatusCategory(com.netflix.zuul.context.SessionContext)	ctx	0
com.netflix.zuul.stats.status.StatusCategoryUtils	isResponseHttpErrorStatus(com.netflix.zuul.message.http.HttpResponseMessage)	response	0
com.netflix.zuul.stats.status.StatusCategoryUtils	isResponseHttpErrorStatus(int)	status	0
com.netflix.zuul.stats.status.StatusCategoryUtils	storeStatusCategoryIfNotAlreadyFailure(com.netflix.zuul.context.SessionContext,com.netflix.zuul.stats.status.StatusCategory)	statusCategory	1
com.netflix.zuul.stats.status.StatusCategoryUtils	storeStatusCategoryIfNotAlreadyFailure(com.netflix.zuul.context.SessionContext,com.netflix.zuul.stats.status.StatusCategory)	context	0
com.netflix.zuul.stats.ErrorStatsManager	getStats(java.lang.String,java.lang.String)	route	0
com.netflix.zuul.stats.ErrorStatsManager	getStats(java.lang.String,java.lang.String)	cause	1
com.netflix.zuul.stats.ErrorStatsManager	putStats(java.lang.String,java.lang.String)	route	0
com.netflix.zuul.stats.ErrorStatsManager	putStats(java.lang.String,java.lang.String)	cause	1
com.netflix.zuul.ZuulApplicationInfo	setApplicationName(java.lang.String)	applicationName	0
com.netflix.zuul.ZuulApplicationInfo	setStack(java.lang.String)	stack	0
com.netflix.zuul.DynamicFilterLoader	DynamicFilterLoader(com.netflix.zuul.filters.FilterRegistry,com.netflix.zuul.DynamicCodeCompiler,com.netflix.zuul.FilterFactory)	filterFactory	2
com.netflix.zuul.DynamicFilterLoader	DynamicFilterLoader(com.netflix.zuul.filters.FilterRegistry,com.netflix.zuul.DynamicCodeCompiler,com.netflix.zuul.FilterFactory)	filterRegistry	0
com.netflix.zuul.DynamicFilterLoader	DynamicFilterLoader(com.netflix.zuul.filters.FilterRegistry,com.netflix.zuul.DynamicCodeCompiler,com.netflix.zuul.FilterFactory)	compiler	1
com.netflix.zuul.DynamicFilterLoader	getFilter(java.lang.String,java.lang.String)	filterName	1
com.netflix.zuul.DynamicFilterLoader	getFilter(java.lang.String,java.lang.String)	sourceCode	0
com.netflix.zuul.DynamicFilterLoader	putFilter(java.io.File)	file	0
com.netflix.zuul.DynamicFilterLoader	putFilter(java.lang.String,com.netflix.zuul.filters.ZuulFilter,long)	filterName	0
com.netflix.zuul.DynamicFilterLoader	putFilter(java.lang.String,com.netflix.zuul.filters.ZuulFilter,long)	filter	1
com.netflix.zuul.DynamicFilterLoader	putFilter(java.lang.String,com.netflix.zuul.filters.ZuulFilter,long)	lastModified	2
com.netflix.zuul.DynamicFilterLoader	putFiltersForClasses(java.lang.String[])	classNames	0
com.netflix.zuul.DynamicFilterLoader	putFilterForClassName(java.lang.String)	className	0
com.netflix.zuul.DynamicFilterLoader	getFiltersByType(com.netflix.zuul.filters.FilterType)	filterType	0
com.netflix.zuul.DynamicFilterLoader	getFilterByNameAndType(java.lang.String,com.netflix.zuul.filters.FilterType)	type	1
com.netflix.zuul.DynamicFilterLoader	getFilterByNameAndType(java.lang.String,com.netflix.zuul.filters.FilterType)	name	0
com.netflix.zuul.FilterFileManager	FilterFileManager(com.netflix.zuul.FilterFileManager.FilterFileManagerConfig,com.netflix.zuul.FilterLoader)	filterLoader	1
com.netflix.zuul.FilterFileManager	FilterFileManager(com.netflix.zuul.FilterFileManager.FilterFileManagerConfig,com.netflix.zuul.FilterLoader)	config	0
com.netflix.zuul.FilterFileManager	getDirectory(java.lang.String)	sPath	0
com.netflix.zuul.FilterFileManager	processGroovyFiles(java.util.List)	aFiles	0
com.netflix.zuul.FilterFileManager$FilterFileManagerConfig	FilterFileManagerConfig(java.lang.String[],java.lang.String[],int,java.io.FilenameFilter)	pollingIntervalSeconds	2
com.netflix.zuul.FilterFileManager$FilterFileManagerConfig	FilterFileManagerConfig(java.lang.String[],java.lang.String[],int,java.io.FilenameFilter)	directories	0
com.netflix.zuul.FilterFileManager$FilterFileManagerConfig	FilterFileManagerConfig(java.lang.String[],java.lang.String[],int,java.io.FilenameFilter)	filenameFilter	3
com.netflix.zuul.FilterFileManager$FilterFileManagerConfig	FilterFileManagerConfig(java.lang.String[],java.lang.String[],int,java.io.FilenameFilter)	classNames	1
com.netflix.zuul.netty.connectionpool.ClientTimeoutHandler$InboundHandler	channelRead(io.netty.channel.ChannelHandlerContext,java.lang.Object)	ctx	0
com.netflix.zuul.netty.connectionpool.ClientTimeoutHandler$InboundHandler	channelRead(io.netty.channel.ChannelHandlerContext,java.lang.Object)	msg	1
com.netflix.zuul.netty.connectionpool.ClientTimeoutHandler$OutboundHandler	write(io.netty.channel.ChannelHandlerContext,java.lang.Object,io.netty.channel.ChannelPromise)	msg	1
com.netflix.zuul.netty.connectionpool.ClientTimeoutHandler$OutboundHandler	write(io.netty.channel.ChannelHandlerContext,java.lang.Object,io.netty.channel.ChannelPromise)	ctx	0
com.netflix.zuul.netty.connectionpool.ClientTimeoutHandler$OutboundHandler	write(io.netty.channel.ChannelHandlerContext,java.lang.Object,io.netty.channel.ChannelPromise)	promise	2
com.netflix.zuul.netty.connectionpool.NettyClientConnectionFactory	NettyClientConnectionFactory(com.netflix.zuul.netty.connectionpool.ConnectionPoolConfig,io.netty.channel.ChannelInitializer)	connPoolConfig	0
com.netflix.zuul.netty.connectionpool.NettyClientConnectionFactory	NettyClientConnectionFactory(com.netflix.zuul.netty.connectionpool.ConnectionPoolConfig,io.netty.channel.ChannelInitializer)	channelInitializer	1
com.netflix.zuul.netty.connectionpool.NettyClientConnectionFactory	connect(io.netty.channel.EventLoop,java.net.SocketAddress,com.netflix.zuul.passport.CurrentPassport)	socketAddress	1
com.netflix.zuul.netty.connectionpool.NettyClientConnectionFactory	connect(io.netty.channel.EventLoop,java.net.SocketAddress,com.netflix.zuul.passport.CurrentPassport)	eventLoop	0
com.netflix.zuul.netty.connectionpool.NettyClientConnectionFactory	connect(io.netty.channel.EventLoop,java.net.SocketAddress,com.netflix.zuul.passport.CurrentPassport)	passport	2
com.netflix.zuul.netty.connectionpool.ConnectionPoolConfigImpl	ConnectionPoolConfigImpl(com.netflix.zuul.origins.OriginName,com.netflix.client.config.IClientConfig)	clientConfig	1
com.netflix.zuul.netty.connectionpool.ConnectionPoolConfigImpl	ConnectionPoolConfigImpl(com.netflix.zuul.origins.OriginName,com.netflix.client.config.IClientConfig)	originName	0
com.netflix.zuul.netty.connectionpool.OriginConnectException	OriginConnectException(java.lang.String,com.netflix.zuul.exception.ErrorType)	errorType	1
com.netflix.zuul.netty.connectionpool.OriginConnectException	OriginConnectException(java.lang.String,com.netflix.zuul.exception.ErrorType)	message	0
com.netflix.zuul.netty.connectionpool.OriginConnectException	OriginConnectException(java.lang.String,java.lang.Throwable,com.netflix.zuul.exception.ErrorType)	cause	1
com.netflix.zuul.netty.connectionpool.OriginConnectException	OriginConnectException(java.lang.String,java.lang.Throwable,com.netflix.zuul.exception.ErrorType)	errorType	2
com.netflix.zuul.netty.connectionpool.OriginConnectException	OriginConnectException(java.lang.String,java.lang.Throwable,com.netflix.zuul.exception.ErrorType)	message	0
com.netflix.zuul.netty.connectionpool.PerServerConnectionPool	PerServerConnectionPool(com.netflix.zuul.discovery.DiscoveryResult,java.net.SocketAddress,com.netflix.zuul.netty.connectionpool.NettyClientConnectionFactory,com.netflix.zuul.netty.connectionpool.PooledConnectionFactory,com.netflix.zuul.netty.connectionpool.ConnectionPoolConfig,com.netflix.client.config.IClientConfig,com.netflix.spectator.api.Counter,com.netflix.spectator.api.Counter,com.netflix.spectator.api.Counter,com.netflix.spectator.api.Counter,com.netflix.spectator.api.Counter,com.netflix.spectator.api.Counter,com.netflix.spectator.api.Counter,com.netflix.spectator.api.Counter,com.netflix.spectator.api.Timer,java.util.concurrent.atomic.AtomicInteger,java.util.concurrent.atomic.AtomicInteger)	serverAddr	1
com.netflix.zuul.netty.connectionpool.PerServerConnectionPool	PerServerConnectionPool(com.netflix.zuul.discovery.DiscoveryResult,java.net.SocketAddress,com.netflix.zuul.netty.connectionpool.NettyClientConnectionFactory,com.netflix.zuul.netty.connectionpool.PooledConnectionFactory,com.netflix.zuul.netty.connectionpool.ConnectionPoolConfig,com.netflix.client.config.IClientConfig,com.netflix.spectator.api.Counter,com.netflix.spectator.api.Counter,com.netflix.spectator.api.Counter,com.netflix.spectator.api.Counter,com.netflix.spectator.api.Counter,com.netflix.spectator.api.Counter,com.netflix.spectator.api.Counter,com.netflix.spectator.api.Counter,com.netflix.spectator.api.Timer,java.util.concurrent.atomic.AtomicInteger,java.util.concurrent.atomic.AtomicInteger)	createConnFailedCounter	8
com.netflix.zuul.netty.connectionpool.PerServerConnectionPool	PerServerConnectionPool(com.netflix.zuul.discovery.DiscoveryResult,java.net.SocketAddress,com.netflix.zuul.netty.connectionpool.NettyClientConnectionFactory,com.netflix.zuul.netty.connectionpool.PooledConnectionFactory,com.netflix.zuul.netty.connectionpool.ConnectionPoolConfig,com.netflix.client.config.IClientConfig,com.netflix.spectator.api.Counter,com.netflix.spectator.api.Counter,com.netflix.spectator.api.Counter,com.netflix.spectator.api.Counter,com.netflix.spectator.api.Counter,com.netflix.spectator.api.Counter,com.netflix.spectator.api.Counter,com.netflix.spectator.api.Counter,com.netflix.spectator.api.Timer,java.util.concurrent.atomic.AtomicInteger,java.util.concurrent.atomic.AtomicInteger)	connsInUse	16
com.netflix.zuul.netty.connectionpool.PerServerConnectionPool	PerServerConnectionPool(com.netflix.zuul.discovery.DiscoveryResult,java.net.SocketAddress,com.netflix.zuul.netty.connectionpool.NettyClientConnectionFactory,com.netflix.zuul.netty.connectionpool.PooledConnectionFactory,com.netflix.zuul.netty.connectionpool.ConnectionPoolConfig,com.netflix.client.config.IClientConfig,com.netflix.spectator.api.Counter,com.netflix.spectator.api.Counter,com.netflix.spectator.api.Counter,com.netflix.spectator.api.Counter,com.netflix.spectator.api.Counter,com.netflix.spectator.api.Counter,com.netflix.spectator.api.Counter,com.netflix.spectator.api.Counter,com.netflix.spectator.api.Timer,java.util.concurrent.atomic.AtomicInteger,java.util.concurrent.atomic.AtomicInteger)	createNewConnCounter	6
com.netflix.zuul.netty.connectionpool.PerServerConnectionPool	PerServerConnectionPool(com.netflix.zuul.discovery.DiscoveryResult,java.net.SocketAddress,com.netflix.zuul.netty.connectionpool.NettyClientConnectionFactory,com.netflix.zuul.netty.connectionpool.PooledConnectionFactory,com.netflix.zuul.netty.connectionpool.ConnectionPoolConfig,com.netflix.client.config.IClientConfig,com.netflix.spectator.api.Counter,com.netflix.spectator.api.Counter,com.netflix.spectator.api.Counter,com.netflix.spectator.api.Counter,com.netflix.spectator.api.Counter,com.netflix.spectator.api.Counter,com.netflix.spectator.api.Counter,com.netflix.spectator.api.Counter,com.netflix.spectator.api.Timer,java.util.concurrent.atomic.AtomicInteger,java.util.concurrent.atomic.AtomicInteger)	reuseConnCounter	10
com.netflix.zuul.netty.connectionpool.PerServerConnectionPool	PerServerConnectionPool(com.netflix.zuul.discovery.DiscoveryResult,java.net.SocketAddress,com.netflix.zuul.netty.connectionpool.NettyClientConnectionFactory,com.netflix.zuul.netty.connectionpool.PooledConnectionFactory,com.netflix.zuul.netty.connectionpool.ConnectionPoolConfig,com.netflix.client.config.IClientConfig,com.netflix.spectator.api.Counter,com.netflix.spectator.api.Counter,com.netflix.spectator.api.Counter,com.netflix.spectator.api.Counter,com.netflix.spectator.api.Counter,com.netflix.spectator.api.Counter,com.netflix.spectator.api.Counter,com.netflix.spectator.api.Counter,com.netflix.spectator.api.Timer,java.util.concurrent.atomic.AtomicInteger,java.util.concurrent.atomic.AtomicInteger)	connTakenFromPoolIsNotOpen	11
com.netflix.zuul.netty.connectionpool.PerServerConnectionPool	PerServerConnectionPool(com.netflix.zuul.discovery.DiscoveryResult,java.net.SocketAddress,com.netflix.zuul.netty.connectionpool.NettyClientConnectionFactory,com.netflix.zuul.netty.connectionpool.PooledConnectionFactory,com.netflix.zuul.netty.connectionpool.ConnectionPoolConfig,com.netflix.client.config.IClientConfig,com.netflix.spectator.api.Counter,com.netflix.spectator.api.Counter,com.netflix.spectator.api.Counter,com.netflix.spectator.api.Counter,com.netflix.spectator.api.Counter,com.netflix.spectator.api.Counter,com.netflix.spectator.api.Counter,com.netflix.spectator.api.Counter,com.netflix.spectator.api.Timer,java.util.concurrent.atomic.AtomicInteger,java.util.concurrent.atomic.AtomicInteger)	maxConnsPerHostExceededCounter	13
com.netflix.zuul.netty.connectionpool.PerServerConnectionPool	PerServerConnectionPool(com.netflix.zuul.discovery.DiscoveryResult,java.net.SocketAddress,com.netflix.zuul.netty.connectionpool.NettyClientConnectionFactory,com.netflix.zuul.netty.connectionpool.PooledConnectionFactory,com.netflix.zuul.netty.connectionpool.ConnectionPoolConfig,com.netflix.client.config.IClientConfig,com.netflix.spectator.api.Counter,com.netflix.spectator.api.Counter,com.netflix.spectator.api.Counter,com.netflix.spectator.api.Counter,com.netflix.spectator.api.Counter,com.netflix.spectator.api.Counter,com.netflix.spectator.api.Counter,com.netflix.spectator.api.Counter,com.netflix.spectator.api.Timer,java.util.concurrent.atomic.AtomicInteger,java.util.concurrent.atomic.AtomicInteger)	connectionFactory	2
com.netflix.zuul.netty.connectionpool.PerServerConnectionPool	PerServerConnectionPool(com.netflix.zuul.discovery.DiscoveryResult,java.net.SocketAddress,com.netflix.zuul.netty.connectionpool.NettyClientConnectionFactory,com.netflix.zuul.netty.connectionpool.PooledConnectionFactory,com.netflix.zuul.netty.connectionpool.ConnectionPoolConfig,com.netflix.client.config.IClientConfig,com.netflix.spectator.api.Counter,com.netflix.spectator.api.Counter,com.netflix.spectator.api.Counter,com.netflix.spectator.api.Counter,com.netflix.spectator.api.Counter,com.netflix.spectator.api.Counter,com.netflix.spectator.api.Counter,com.netflix.spectator.api.Counter,com.netflix.spectator.api.Timer,java.util.concurrent.atomic.AtomicInteger,java.util.concurrent.atomic.AtomicInteger)	server	0
com.netflix.zuul.netty.connectionpool.PerServerConnectionPool	PerServerConnectionPool(com.netflix.zuul.discovery.DiscoveryResult,java.net.SocketAddress,com.netflix.zuul.netty.connectionpool.NettyClientConnectionFactory,com.netflix.zuul.netty.connectionpool.PooledConnectionFactory,com.netflix.zuul.netty.connectionpool.ConnectionPoolConfig,com.netflix.client.config.IClientConfig,com.netflix.spectator.api.Counter,com.netflix.spectator.api.Counter,com.netflix.spectator.api.Counter,com.netflix.spectator.api.Counter,com.netflix.spectator.api.Counter,com.netflix.spectator.api.Counter,com.netflix.spectator.api.Counter,com.netflix.spectator.api.Counter,com.netflix.spectator.api.Timer,java.util.concurrent.atomic.AtomicInteger,java.util.concurrent.atomic.AtomicInteger)	connsInPool	15
com.netflix.zuul.netty.connectionpool.PerServerConnectionPool	PerServerConnectionPool(com.netflix.zuul.discovery.DiscoveryResult,java.net.SocketAddress,com.netflix.zuul.netty.connectionpool.NettyClientConnectionFactory,com.netflix.zuul.netty.connectionpool.PooledConnectionFactory,com.netflix.zuul.netty.connectionpool.ConnectionPoolConfig,com.netflix.client.config.IClientConfig,com.netflix.spectator.api.Counter,com.netflix.spectator.api.Counter,com.netflix.spectator.api.Counter,com.netflix.spectator.api.Counter,com.netflix.spectator.api.Counter,com.netflix.spectator.api.Counter,com.netflix.spectator.api.Counter,com.netflix.spectator.api.Counter,com.netflix.spectator.api.Timer,java.util.concurrent.atomic.AtomicInteger,java.util.concurrent.atomic.AtomicInteger)	pooledConnectionFactory	3
com.netflix.zuul.netty.connectionpool.PerServerConnectionPool	PerServerConnectionPool(com.netflix.zuul.discovery.DiscoveryResult,java.net.SocketAddress,com.netflix.zuul.netty.connectionpool.NettyClientConnectionFactory,com.netflix.zuul.netty.connectionpool.PooledConnectionFactory,com.netflix.zuul.netty.connectionpool.ConnectionPoolConfig,com.netflix.client.config.IClientConfig,com.netflix.spectator.api.Counter,com.netflix.spectator.api.Counter,com.netflix.spectator.api.Counter,com.netflix.spectator.api.Counter,com.netflix.spectator.api.Counter,com.netflix.spectator.api.Counter,com.netflix.spectator.api.Counter,com.netflix.spectator.api.Counter,com.netflix.spectator.api.Timer,java.util.concurrent.atomic.AtomicInteger,java.util.concurrent.atomic.AtomicInteger)	config	4
com.netflix.zuul.netty.connectionpool.PerServerConnectionPool	PerServerConnectionPool(com.netflix.zuul.discovery.DiscoveryResult,java.net.SocketAddress,com.netflix.zuul.netty.connectionpool.NettyClientConnectionFactory,com.netflix.zuul.netty.connectionpool.PooledConnectionFactory,com.netflix.zuul.netty.connectionpool.ConnectionPoolConfig,com.netflix.client.config.IClientConfig,com.netflix.spectator.api.Counter,com.netflix.spectator.api.Counter,com.netflix.spectator.api.Counter,com.netflix.spectator.api.Counter,com.netflix.spectator.api.Counter,com.netflix.spectator.api.Counter,com.netflix.spectator.api.Counter,com.netflix.spectator.api.Counter,com.netflix.spectator.api.Timer,java.util.concurrent.atomic.AtomicInteger,java.util.concurrent.atomic.AtomicInteger)	closeAboveHighWaterMarkCounter	12
com.netflix.zuul.netty.connectionpool.PerServerConnectionPool	PerServerConnectionPool(com.netflix.zuul.discovery.DiscoveryResult,java.net.SocketAddress,com.netflix.zuul.netty.connectionpool.NettyClientConnectionFactory,com.netflix.zuul.netty.connectionpool.PooledConnectionFactory,com.netflix.zuul.netty.connectionpool.ConnectionPoolConfig,com.netflix.client.config.IClientConfig,com.netflix.spectator.api.Counter,com.netflix.spectator.api.Counter,com.netflix.spectator.api.Counter,com.netflix.spectator.api.Counter,com.netflix.spectator.api.Counter,com.netflix.spectator.api.Counter,com.netflix.spectator.api.Counter,com.netflix.spectator.api.Counter,com.netflix.spectator.api.Timer,java.util.concurrent.atomic.AtomicInteger,java.util.concurrent.atomic.AtomicInteger)	niwsClientConfig	5
com.netflix.zuul.netty.connectionpool.PerServerConnectionPool	PerServerConnectionPool(com.netflix.zuul.discovery.DiscoveryResult,java.net.SocketAddress,com.netflix.zuul.netty.connectionpool.NettyClientConnectionFactory,com.netflix.zuul.netty.connectionpool.PooledConnectionFactory,com.netflix.zuul.netty.connectionpool.ConnectionPoolConfig,com.netflix.client.config.IClientConfig,com.netflix.spectator.api.Counter,com.netflix.spectator.api.Counter,com.netflix.spectator.api.Counter,com.netflix.spectator.api.Counter,com.netflix.spectator.api.Counter,com.netflix.spectator.api.Counter,com.netflix.spectator.api.Counter,com.netflix.spectator.api.Counter,com.netflix.spectator.api.Timer,java.util.concurrent.atomic.AtomicInteger,java.util.concurrent.atomic.AtomicInteger)	createConnSucceededCounter	7
com.netflix.zuul.netty.connectionpool.PerServerConnectionPool	PerServerConnectionPool(com.netflix.zuul.discovery.DiscoveryResult,java.net.SocketAddress,com.netflix.zuul.netty.connectionpool.NettyClientConnectionFactory,com.netflix.zuul.netty.connectionpool.PooledConnectionFactory,com.netflix.zuul.netty.connectionpool.ConnectionPoolConfig,com.netflix.client.config.IClientConfig,com.netflix.spectator.api.Counter,com.netflix.spectator.api.Counter,com.netflix.spectator.api.Counter,com.netflix.spectator.api.Counter,com.netflix.spectator.api.Counter,com.netflix.spectator.api.Counter,com.netflix.spectator.api.Counter,com.netflix.spectator.api.Counter,com.netflix.spectator.api.Timer,java.util.concurrent.atomic.AtomicInteger,java.util.concurrent.atomic.AtomicInteger)	requestConnCounter	9
com.netflix.zuul.netty.connectionpool.PerServerConnectionPool	PerServerConnectionPool(com.netflix.zuul.discovery.DiscoveryResult,java.net.SocketAddress,com.netflix.zuul.netty.connectionpool.NettyClientConnectionFactory,com.netflix.zuul.netty.connectionpool.PooledConnectionFactory,com.netflix.zuul.netty.connectionpool.ConnectionPoolConfig,com.netflix.client.config.IClientConfig,com.netflix.spectator.api.Counter,com.netflix.spectator.api.Counter,com.netflix.spectator.api.Counter,com.netflix.spectator.api.Counter,com.netflix.spectator.api.Counter,com.netflix.spectator.api.Counter,com.netflix.spectator.api.Counter,com.netflix.spectator.api.Counter,com.netflix.spectator.api.Timer,java.util.concurrent.atomic.AtomicInteger,java.util.concurrent.atomic.AtomicInteger)	connEstablishTimer	14
com.netflix.zuul.netty.connectionpool.PerServerConnectionPool	onAcquire(com.netflix.zuul.netty.connectionpool.PooledConnection,com.netflix.zuul.passport.CurrentPassport)	passport	1
com.netflix.zuul.netty.connectionpool.PerServerConnectionPool	onAcquire(com.netflix.zuul.netty.connectionpool.PooledConnection,com.netflix.zuul.passport.CurrentPassport)	conn	0
com.netflix.zuul.netty.connectionpool.PerServerConnectionPool	acquire(io.netty.channel.EventLoop,com.netflix.zuul.passport.CurrentPassport,java.util.concurrent.atomic.AtomicReference)	eventLoop	0
com.netflix.zuul.netty.connectionpool.PerServerConnectionPool	acquire(io.netty.channel.EventLoop,com.netflix.zuul.passport.CurrentPassport,java.util.concurrent.atomic.AtomicReference)	selectedHostAddr	2
com.netflix.zuul.netty.connectionpool.PerServerConnectionPool	isValidFromPool(com.netflix.zuul.netty.connectionpool.PooledConnection)	conn	0
com.netflix.zuul.netty.connectionpool.PerServerConnectionPool	initPooledConnection(com.netflix.zuul.netty.connectionpool.PooledConnection,io.netty.util.concurrent.Promise)	conn	0
com.netflix.zuul.netty.connectionpool.PerServerConnectionPool	initPooledConnection(com.netflix.zuul.netty.connectionpool.PooledConnection,io.netty.util.concurrent.Promise)	promise	1
com.netflix.zuul.netty.connectionpool.PerServerConnectionPool	getPoolForEventLoop(io.netty.channel.EventLoop)	eventLoop	0
com.netflix.zuul.netty.connectionpool.PerServerConnectionPool	tryMakingNewConnection(io.netty.channel.EventLoop,io.netty.util.concurrent.Promise,com.netflix.zuul.passport.CurrentPassport,java.util.concurrent.atomic.AtomicReference)	promise	1
com.netflix.zuul.netty.connectionpool.PerServerConnectionPool	tryMakingNewConnection(io.netty.channel.EventLoop,io.netty.util.concurrent.Promise,com.netflix.zuul.passport.CurrentPassport,java.util.concurrent.atomic.AtomicReference)	selectedHostAddr	3
com.netflix.zuul.netty.connectionpool.PerServerConnectionPool	tryMakingNewConnection(io.netty.channel.EventLoop,io.netty.util.concurrent.Promise,com.netflix.zuul.passport.CurrentPassport,java.util.concurrent.atomic.AtomicReference)	passport	2
com.netflix.zuul.netty.connectionpool.PerServerConnectionPool	handleConnectCompletion(io.netty.channel.ChannelFuture,io.netty.util.concurrent.Promise,com.netflix.zuul.passport.CurrentPassport)	passport	2
com.netflix.zuul.netty.connectionpool.PerServerConnectionPool	handleConnectCompletion(io.netty.channel.ChannelFuture,io.netty.util.concurrent.Promise,com.netflix.zuul.passport.CurrentPassport)	callerPromise	1
com.netflix.zuul.netty.connectionpool.PerServerConnectionPool	handleConnectCompletion(io.netty.channel.ChannelFuture,io.netty.util.concurrent.Promise,com.netflix.zuul.passport.CurrentPassport)	cf	0
com.netflix.zuul.netty.connectionpool.PerServerConnectionPool	createConnection(io.netty.channel.ChannelFuture,io.netty.util.concurrent.Promise,com.netflix.zuul.passport.CurrentPassport)	callerPromise	1
com.netflix.zuul.netty.connectionpool.PerServerConnectionPool	release(com.netflix.zuul.netty.connectionpool.PooledConnection)	conn	0
com.netflix.zuul.netty.connectionpool.PerServerConnectionPool	remove(com.netflix.zuul.netty.connectionpool.PooledConnection)	conn	0
com.netflix.zuul.netty.connectionpool.PerServerConnectionPool	getSelectedHostString(java.net.SocketAddress)	addr	0
com.netflix.zuul.netty.connectionpool.DefaultClientChannelManager	DefaultClientChannelManager(com.netflix.zuul.origins.OriginName,com.netflix.client.config.IClientConfig,com.netflix.spectator.api.Registry)	originName	0
com.netflix.zuul.netty.connectionpool.DefaultClientChannelManager	DefaultClientChannelManager(com.netflix.zuul.origins.OriginName,com.netflix.client.config.IClientConfig,com.netflix.spectator.api.Registry)	clientConfig	1
com.netflix.zuul.netty.connectionpool.DefaultClientChannelManager	DefaultClientChannelManager(com.netflix.zuul.origins.OriginName,com.netflix.client.config.IClientConfig,com.netflix.spectator.api.Registry)	spectatorRegistry	2
com.netflix.zuul.netty.connectionpool.DefaultClientChannelManager	DefaultClientChannelManager(com.netflix.zuul.origins.OriginName,com.netflix.client.config.IClientConfig,com.netflix.zuul.resolver.Resolver,com.netflix.spectator.api.Registry)	clientConfig	1
com.netflix.zuul.netty.connectionpool.DefaultClientChannelManager	DefaultClientChannelManager(com.netflix.zuul.origins.OriginName,com.netflix.client.config.IClientConfig,com.netflix.zuul.resolver.Resolver,com.netflix.spectator.api.Registry)	spectatorRegistry	3
com.netflix.zuul.netty.connectionpool.DefaultClientChannelManager	DefaultClientChannelManager(com.netflix.zuul.origins.OriginName,com.netflix.client.config.IClientConfig,com.netflix.zuul.resolver.Resolver,com.netflix.spectator.api.Registry)	resolver	2
com.netflix.zuul.netty.connectionpool.DefaultClientChannelManager	DefaultClientChannelManager(com.netflix.zuul.origins.OriginName,com.netflix.client.config.IClientConfig,com.netflix.zuul.resolver.Resolver,com.netflix.spectator.api.Registry)	originName	0
com.netflix.zuul.netty.connectionpool.DefaultClientChannelManager	createChannelInitializer(com.netflix.client.config.IClientConfig,com.netflix.zuul.netty.connectionpool.ConnectionPoolConfig,com.netflix.spectator.api.Registry)	connPoolConfig	1
com.netflix.zuul.netty.connectionpool.DefaultClientChannelManager	createChannelInitializer(com.netflix.client.config.IClientConfig,com.netflix.zuul.netty.connectionpool.ConnectionPoolConfig,com.netflix.spectator.api.Registry)	registry	2
com.netflix.zuul.netty.connectionpool.DefaultClientChannelManager	createNettyClientConnectionFactory(com.netflix.zuul.netty.connectionpool.ConnectionPoolConfig,io.netty.channel.ChannelInitializer)	connPoolConfig	0
com.netflix.zuul.netty.connectionpool.DefaultClientChannelManager	createNettyClientConnectionFactory(com.netflix.zuul.netty.connectionpool.ConnectionPoolConfig,io.netty.channel.ChannelInitializer)	clientConnInitializer	1
com.netflix.zuul.netty.connectionpool.DefaultClientChannelManager	release(com.netflix.zuul.netty.connectionpool.PooledConnection)	conn	0
com.netflix.zuul.netty.connectionpool.DefaultClientChannelManager	releaseHandlers(com.netflix.zuul.netty.connectionpool.PooledConnection)	conn	0
com.netflix.zuul.netty.connectionpool.DefaultClientChannelManager	removeHandlerFromPipeline(java.lang.String,io.netty.channel.ChannelPipeline)	handlerName	0
com.netflix.zuul.netty.connectionpool.DefaultClientChannelManager	removeHandlerFromPipeline(java.lang.String,io.netty.channel.ChannelPipeline)	pipeline	1
com.netflix.zuul.netty.connectionpool.DefaultClientChannelManager	remove(com.netflix.zuul.netty.connectionpool.PooledConnection)	conn	0
com.netflix.zuul.netty.connectionpool.DefaultClientChannelManager	acquire(io.netty.channel.EventLoop,java.lang.Object,com.netflix.zuul.passport.CurrentPassport,java.util.concurrent.atomic.AtomicReference,java.util.concurrent.atomic.AtomicReference)	selectedServer	3
com.netflix.zuul.netty.connectionpool.DefaultClientChannelManager	acquire(io.netty.channel.EventLoop,java.lang.Object,com.netflix.zuul.passport.CurrentPassport,java.util.concurrent.atomic.AtomicReference,java.util.concurrent.atomic.AtomicReference)	eventLoop	0
com.netflix.zuul.netty.connectionpool.DefaultClientChannelManager	createPooledConnectionFactory(com.netflix.zuul.discovery.DiscoveryResult,com.netflix.zuul.netty.connectionpool.ClientChannelManager,com.netflix.spectator.api.Counter,com.netflix.spectator.api.Counter)	closeConnCounter	2
com.netflix.zuul.netty.connectionpool.DefaultClientChannelManager	createPooledConnectionFactory(com.netflix.zuul.discovery.DiscoveryResult,com.netflix.zuul.netty.connectionpool.ClientChannelManager,com.netflix.spectator.api.Counter,com.netflix.spectator.api.Counter)	chosenServer	0
com.netflix.zuul.netty.connectionpool.DefaultClientChannelManager	createPooledConnectionFactory(com.netflix.zuul.discovery.DiscoveryResult,com.netflix.zuul.netty.connectionpool.ClientChannelManager,com.netflix.spectator.api.Counter,com.netflix.spectator.api.Counter)	clientChannelMgr	1
com.netflix.zuul.netty.connectionpool.DefaultClientChannelManager	createPooledConnectionFactory(com.netflix.zuul.discovery.DiscoveryResult,com.netflix.zuul.netty.connectionpool.ClientChannelManager,com.netflix.spectator.api.Counter,com.netflix.spectator.api.Counter)	closeWrtBusyConnCounter	3
com.netflix.zuul.netty.connectionpool.DefaultClientChannelManager	createConnectionPool(com.netflix.zuul.discovery.DiscoveryResult,java.net.SocketAddress,com.netflix.zuul.netty.connectionpool.NettyClientConnectionFactory,com.netflix.zuul.netty.connectionpool.PooledConnectionFactory,com.netflix.zuul.netty.connectionpool.ConnectionPoolConfig,com.netflix.client.config.IClientConfig,com.netflix.spectator.api.Counter,com.netflix.spectator.api.Counter,com.netflix.spectator.api.Counter,com.netflix.spectator.api.Counter,com.netflix.spectator.api.Counter,com.netflix.spectator.api.Counter,com.netflix.spectator.api.Counter,com.netflix.spectator.api.Counter,com.netflix.spectator.api.histogram.PercentileTimer,java.util.concurrent.atomic.AtomicInteger,java.util.concurrent.atomic.AtomicInteger)	serverAddr	1
com.netflix.zuul.netty.connectionpool.DefaultClientChannelManager	createConnectionPool(com.netflix.zuul.discovery.DiscoveryResult,java.net.SocketAddress,com.netflix.zuul.netty.connectionpool.NettyClientConnectionFactory,com.netflix.zuul.netty.connectionpool.PooledConnectionFactory,com.netflix.zuul.netty.connectionpool.ConnectionPoolConfig,com.netflix.client.config.IClientConfig,com.netflix.spectator.api.Counter,com.netflix.spectator.api.Counter,com.netflix.spectator.api.Counter,com.netflix.spectator.api.Counter,com.netflix.spectator.api.Counter,com.netflix.spectator.api.Counter,com.netflix.spectator.api.Counter,com.netflix.spectator.api.Counter,com.netflix.spectator.api.histogram.PercentileTimer,java.util.concurrent.atomic.AtomicInteger,java.util.concurrent.atomic.AtomicInteger)	discoveryResult	0
com.netflix.zuul.netty.connectionpool.DefaultClientChannelManager	createConnectionPool(com.netflix.zuul.discovery.DiscoveryResult,java.net.SocketAddress,com.netflix.zuul.netty.connectionpool.NettyClientConnectionFactory,com.netflix.zuul.netty.connectionpool.PooledConnectionFactory,com.netflix.zuul.netty.connectionpool.ConnectionPoolConfig,com.netflix.client.config.IClientConfig,com.netflix.spectator.api.Counter,com.netflix.spectator.api.Counter,com.netflix.spectator.api.Counter,com.netflix.spectator.api.Counter,com.netflix.spectator.api.Counter,com.netflix.spectator.api.Counter,com.netflix.spectator.api.Counter,com.netflix.spectator.api.Counter,com.netflix.spectator.api.histogram.PercentileTimer,java.util.concurrent.atomic.AtomicInteger,java.util.concurrent.atomic.AtomicInteger)	connTakenFromPoolIsNotOpen	11
com.netflix.zuul.netty.connectionpool.DefaultClientChannelManager	createConnectionPool(com.netflix.zuul.discovery.DiscoveryResult,java.net.SocketAddress,com.netflix.zuul.netty.connectionpool.NettyClientConnectionFactory,com.netflix.zuul.netty.connectionpool.PooledConnectionFactory,com.netflix.zuul.netty.connectionpool.ConnectionPoolConfig,com.netflix.client.config.IClientConfig,com.netflix.spectator.api.Counter,com.netflix.spectator.api.Counter,com.netflix.spectator.api.Counter,com.netflix.spectator.api.Counter,com.netflix.spectator.api.Counter,com.netflix.spectator.api.Counter,com.netflix.spectator.api.Counter,com.netflix.spectator.api.Counter,com.netflix.spectator.api.histogram.PercentileTimer,java.util.concurrent.atomic.AtomicInteger,java.util.concurrent.atomic.AtomicInteger)	closeAbovePoolHighWaterMarkCounter	12
com.netflix.zuul.netty.connectionpool.DefaultClientChannelManager	createConnectionPool(com.netflix.zuul.discovery.DiscoveryResult,java.net.SocketAddress,com.netflix.zuul.netty.connectionpool.NettyClientConnectionFactory,com.netflix.zuul.netty.connectionpool.PooledConnectionFactory,com.netflix.zuul.netty.connectionpool.ConnectionPoolConfig,com.netflix.client.config.IClientConfig,com.netflix.spectator.api.Counter,com.netflix.spectator.api.Counter,com.netflix.spectator.api.Counter,com.netflix.spectator.api.Counter,com.netflix.spectator.api.Counter,com.netflix.spectator.api.Counter,com.netflix.spectator.api.Counter,com.netflix.spectator.api.Counter,com.netflix.spectator.api.histogram.PercentileTimer,java.util.concurrent.atomic.AtomicInteger,java.util.concurrent.atomic.AtomicInteger)	requestConnCounter	9
com.netflix.zuul.netty.connectionpool.DefaultClientChannelManager	createConnectionPool(com.netflix.zuul.discovery.DiscoveryResult,java.net.SocketAddress,com.netflix.zuul.netty.connectionpool.NettyClientConnectionFactory,com.netflix.zuul.netty.connectionpool.PooledConnectionFactory,com.netflix.zuul.netty.connectionpool.ConnectionPoolConfig,com.netflix.client.config.IClientConfig,com.netflix.spectator.api.Counter,com.netflix.spectator.api.Counter,com.netflix.spectator.api.Counter,com.netflix.spectator.api.Counter,com.netflix.spectator.api.Counter,com.netflix.spectator.api.Counter,com.netflix.spectator.api.Counter,com.netflix.spectator.api.Counter,com.netflix.spectator.api.histogram.PercentileTimer,java.util.concurrent.atomic.AtomicInteger,java.util.concurrent.atomic.AtomicInteger)	reuseConnCounter	10
com.netflix.zuul.netty.connectionpool.DefaultClientChannelManager	createConnectionPool(com.netflix.zuul.discovery.DiscoveryResult,java.net.SocketAddress,com.netflix.zuul.netty.connectionpool.NettyClientConnectionFactory,com.netflix.zuul.netty.connectionpool.PooledConnectionFactory,com.netflix.zuul.netty.connectionpool.ConnectionPoolConfig,com.netflix.client.config.IClientConfig,com.netflix.spectator.api.Counter,com.netflix.spectator.api.Counter,com.netflix.spectator.api.Counter,com.netflix.spectator.api.Counter,com.netflix.spectator.api.Counter,com.netflix.spectator.api.Counter,com.netflix.spectator.api.Counter,com.netflix.spectator.api.Counter,com.netflix.spectator.api.histogram.PercentileTimer,java.util.concurrent.atomic.AtomicInteger,java.util.concurrent.atomic.AtomicInteger)	createConnSucceededCounter	7
com.netflix.zuul.netty.connectionpool.DefaultClientChannelManager	createConnectionPool(com.netflix.zuul.discovery.DiscoveryResult,java.net.SocketAddress,com.netflix.zuul.netty.connectionpool.NettyClientConnectionFactory,com.netflix.zuul.netty.connectionpool.PooledConnectionFactory,com.netflix.zuul.netty.connectionpool.ConnectionPoolConfig,com.netflix.client.config.IClientConfig,com.netflix.spectator.api.Counter,com.netflix.spectator.api.Counter,com.netflix.spectator.api.Counter,com.netflix.spectator.api.Counter,com.netflix.spectator.api.Counter,com.netflix.spectator.api.Counter,com.netflix.spectator.api.Counter,com.netflix.spectator.api.Counter,com.netflix.spectator.api.histogram.PercentileTimer,java.util.concurrent.atomic.AtomicInteger,java.util.concurrent.atomic.AtomicInteger)	clientConfig	5
com.netflix.zuul.netty.connectionpool.DefaultClientChannelManager	createConnectionPool(com.netflix.zuul.discovery.DiscoveryResult,java.net.SocketAddress,com.netflix.zuul.netty.connectionpool.NettyClientConnectionFactory,com.netflix.zuul.netty.connectionpool.PooledConnectionFactory,com.netflix.zuul.netty.connectionpool.ConnectionPoolConfig,com.netflix.client.config.IClientConfig,com.netflix.spectator.api.Counter,com.netflix.spectator.api.Counter,com.netflix.spectator.api.Counter,com.netflix.spectator.api.Counter,com.netflix.spectator.api.Counter,com.netflix.spectator.api.Counter,com.netflix.spectator.api.Counter,com.netflix.spectator.api.Counter,com.netflix.spectator.api.histogram.PercentileTimer,java.util.concurrent.atomic.AtomicInteger,java.util.concurrent.atomic.AtomicInteger)	createConnFailedCounter	8
com.netflix.zuul.netty.connectionpool.DefaultClientChannelManager	createConnectionPool(com.netflix.zuul.discovery.DiscoveryResult,java.net.SocketAddress,com.netflix.zuul.netty.connectionpool.NettyClientConnectionFactory,com.netflix.zuul.netty.connectionpool.PooledConnectionFactory,com.netflix.zuul.netty.connectionpool.ConnectionPoolConfig,com.netflix.client.config.IClientConfig,com.netflix.spectator.api.Counter,com.netflix.spectator.api.Counter,com.netflix.spectator.api.Counter,com.netflix.spectator.api.Counter,com.netflix.spectator.api.Counter,com.netflix.spectator.api.Counter,com.netflix.spectator.api.Counter,com.netflix.spectator.api.Counter,com.netflix.spectator.api.histogram.PercentileTimer,java.util.concurrent.atomic.AtomicInteger,java.util.concurrent.atomic.AtomicInteger)	connPoolConfig	4
com.netflix.zuul.netty.connectionpool.DefaultClientChannelManager	createConnectionPool(com.netflix.zuul.discovery.DiscoveryResult,java.net.SocketAddress,com.netflix.zuul.netty.connectionpool.NettyClientConnectionFactory,com.netflix.zuul.netty.connectionpool.PooledConnectionFactory,com.netflix.zuul.netty.connectionpool.ConnectionPoolConfig,com.netflix.client.config.IClientConfig,com.netflix.spectator.api.Counter,com.netflix.spectator.api.Counter,com.netflix.spectator.api.Counter,com.netflix.spectator.api.Counter,com.netflix.spectator.api.Counter,com.netflix.spectator.api.Counter,com.netflix.spectator.api.Counter,com.netflix.spectator.api.Counter,com.netflix.spectator.api.histogram.PercentileTimer,java.util.concurrent.atomic.AtomicInteger,java.util.concurrent.atomic.AtomicInteger)	connEstablishTimer	14
com.netflix.zuul.netty.connectionpool.DefaultClientChannelManager	createConnectionPool(com.netflix.zuul.discovery.DiscoveryResult,java.net.SocketAddress,com.netflix.zuul.netty.connectionpool.NettyClientConnectionFactory,com.netflix.zuul.netty.connectionpool.PooledConnectionFactory,com.netflix.zuul.netty.connectionpool.ConnectionPoolConfig,com.netflix.client.config.IClientConfig,com.netflix.spectator.api.Counter,com.netflix.spectator.api.Counter,com.netflix.spectator.api.Counter,com.netflix.spectator.api.Counter,com.netflix.spectator.api.Counter,com.netflix.spectator.api.Counter,com.netflix.spectator.api.Counter,com.netflix.spectator.api.Counter,com.netflix.spectator.api.histogram.PercentileTimer,java.util.concurrent.atomic.AtomicInteger,java.util.concurrent.atomic.AtomicInteger)	pcf	3
com.netflix.zuul.netty.connectionpool.DefaultClientChannelManager	createConnectionPool(com.netflix.zuul.discovery.DiscoveryResult,java.net.SocketAddress,com.netflix.zuul.netty.connectionpool.NettyClientConnectionFactory,com.netflix.zuul.netty.connectionpool.PooledConnectionFactory,com.netflix.zuul.netty.connectionpool.ConnectionPoolConfig,com.netflix.client.config.IClientConfig,com.netflix.spectator.api.Counter,com.netflix.spectator.api.Counter,com.netflix.spectator.api.Counter,com.netflix.spectator.api.Counter,com.netflix.spectator.api.Counter,com.netflix.spectator.api.Counter,com.netflix.spectator.api.Counter,com.netflix.spectator.api.Counter,com.netflix.spectator.api.histogram.PercentileTimer,java.util.concurrent.atomic.AtomicInteger,java.util.concurrent.atomic.AtomicInteger)	maxConnsPerHostExceededCounter	13
com.netflix.zuul.netty.connectionpool.DefaultClientChannelManager	createConnectionPool(com.netflix.zuul.discovery.DiscoveryResult,java.net.SocketAddress,com.netflix.zuul.netty.connectionpool.NettyClientConnectionFactory,com.netflix.zuul.netty.connectionpool.PooledConnectionFactory,com.netflix.zuul.netty.connectionpool.ConnectionPoolConfig,com.netflix.client.config.IClientConfig,com.netflix.spectator.api.Counter,com.netflix.spectator.api.Counter,com.netflix.spectator.api.Counter,com.netflix.spectator.api.Counter,com.netflix.spectator.api.Counter,com.netflix.spectator.api.Counter,com.netflix.spectator.api.Counter,com.netflix.spectator.api.Counter,com.netflix.spectator.api.histogram.PercentileTimer,java.util.concurrent.atomic.AtomicInteger,java.util.concurrent.atomic.AtomicInteger)	connsInUse	16
com.netflix.zuul.netty.connectionpool.DefaultClientChannelManager	createConnectionPool(com.netflix.zuul.discovery.DiscoveryResult,java.net.SocketAddress,com.netflix.zuul.netty.connectionpool.NettyClientConnectionFactory,com.netflix.zuul.netty.connectionpool.PooledConnectionFactory,com.netflix.zuul.netty.connectionpool.ConnectionPoolConfig,com.netflix.client.config.IClientConfig,com.netflix.spectator.api.Counter,com.netflix.spectator.api.Counter,com.netflix.spectator.api.Counter,com.netflix.spectator.api.Counter,com.netflix.spectator.api.Counter,com.netflix.spectator.api.Counter,com.netflix.spectator.api.Counter,com.netflix.spectator.api.Counter,com.netflix.spectator.api.histogram.PercentileTimer,java.util.concurrent.atomic.AtomicInteger,java.util.concurrent.atomic.AtomicInteger)	createNewConnCounter	6
com.netflix.zuul.netty.connectionpool.DefaultClientChannelManager	createConnectionPool(com.netflix.zuul.discovery.DiscoveryResult,java.net.SocketAddress,com.netflix.zuul.netty.connectionpool.NettyClientConnectionFactory,com.netflix.zuul.netty.connectionpool.PooledConnectionFactory,com.netflix.zuul.netty.connectionpool.ConnectionPoolConfig,com.netflix.client.config.IClientConfig,com.netflix.spectator.api.Counter,com.netflix.spectator.api.Counter,com.netflix.spectator.api.Counter,com.netflix.spectator.api.Counter,com.netflix.spectator.api.Counter,com.netflix.spectator.api.Counter,com.netflix.spectator.api.Counter,com.netflix.spectator.api.Counter,com.netflix.spectator.api.histogram.PercentileTimer,java.util.concurrent.atomic.AtomicInteger,java.util.concurrent.atomic.AtomicInteger)	connsInPool	15
com.netflix.zuul.netty.connectionpool.DefaultClientChannelManager	createConnectionPool(com.netflix.zuul.discovery.DiscoveryResult,java.net.SocketAddress,com.netflix.zuul.netty.connectionpool.NettyClientConnectionFactory,com.netflix.zuul.netty.connectionpool.PooledConnectionFactory,com.netflix.zuul.netty.connectionpool.ConnectionPoolConfig,com.netflix.client.config.IClientConfig,com.netflix.spectator.api.Counter,com.netflix.spectator.api.Counter,com.netflix.spectator.api.Counter,com.netflix.spectator.api.Counter,com.netflix.spectator.api.Counter,com.netflix.spectator.api.Counter,com.netflix.spectator.api.Counter,com.netflix.spectator.api.Counter,com.netflix.spectator.api.histogram.PercentileTimer,java.util.concurrent.atomic.AtomicInteger,java.util.concurrent.atomic.AtomicInteger)	clientConnFactory	2
com.netflix.zuul.netty.connectionpool.DefaultClientChannelManager$ServerPoolListener	onChange(java.util.List)	removedSet	0
com.netflix.zuul.netty.connectionpool.DefaultClientChannelManager	pickAddressInternal(com.netflix.zuul.discovery.ResolverResult,com.netflix.zuul.origins.OriginName)	chosenServer	0
com.netflix.zuul.netty.insights.PassportStateHttpClientHandler$InboundHandler	channelRead(io.netty.channel.ChannelHandlerContext,java.lang.Object)	msg	1
com.netflix.zuul.netty.insights.PassportStateHttpClientHandler$InboundHandler	channelRead(io.netty.channel.ChannelHandlerContext,java.lang.Object)	ctx	0
com.netflix.zuul.netty.insights.PassportStateHttpClientHandler$OutboundHandler	write(io.netty.channel.ChannelHandlerContext,java.lang.Object,io.netty.channel.ChannelPromise)	msg	1
com.netflix.zuul.netty.insights.PassportStateHttpClientHandler$OutboundHandler	write(io.netty.channel.ChannelHandlerContext,java.lang.Object,io.netty.channel.ChannelPromise)	ctx	0
com.netflix.zuul.netty.insights.PassportStateHttpClientHandler$OutboundHandler	write(io.netty.channel.ChannelHandlerContext,java.lang.Object,io.netty.channel.ChannelPromise)	promise	2
com.netflix.zuul.netty.insights.PassportStateListener	PassportStateListener(com.netflix.zuul.passport.CurrentPassport,com.netflix.zuul.passport.PassportState)	passport	0
com.netflix.zuul.netty.insights.PassportStateListener	PassportStateListener(com.netflix.zuul.passport.CurrentPassport,com.netflix.zuul.passport.PassportState)	successState	1
com.netflix.zuul.netty.insights.PassportStateListener	PassportStateListener(com.netflix.zuul.passport.CurrentPassport,com.netflix.zuul.passport.PassportState,com.netflix.zuul.passport.PassportState)	passport	0
com.netflix.zuul.netty.insights.PassportStateListener	PassportStateListener(com.netflix.zuul.passport.CurrentPassport,com.netflix.zuul.passport.PassportState,com.netflix.zuul.passport.PassportState)	successState	1
com.netflix.zuul.netty.insights.PassportStateListener	PassportStateListener(com.netflix.zuul.passport.CurrentPassport,com.netflix.zuul.passport.PassportState,com.netflix.zuul.passport.PassportState)	failState	2
com.netflix.zuul.netty.insights.PassportStateListener	operationComplete(io.netty.util.concurrent.Future)	future	0
com.netflix.zuul.netty.insights.PassportStateOriginHandler$InboundHandler	channelActive(io.netty.channel.ChannelHandlerContext)	ctx	0
com.netflix.zuul.netty.insights.PassportStateOriginHandler$InboundHandler	channelInactive(io.netty.channel.ChannelHandlerContext)	ctx	0
com.netflix.zuul.netty.insights.PassportStateOriginHandler$InboundHandler	exceptionCaught(io.netty.channel.ChannelHandlerContext,java.lang.Throwable)	cause	1
com.netflix.zuul.netty.insights.PassportStateOriginHandler$InboundHandler	exceptionCaught(io.netty.channel.ChannelHandlerContext,java.lang.Throwable)	ctx	0
com.netflix.zuul.netty.insights.PassportStateOriginHandler$OutboundHandler	disconnect(io.netty.channel.ChannelHandlerContext,io.netty.channel.ChannelPromise)	promise	1
com.netflix.zuul.netty.insights.PassportStateOriginHandler$OutboundHandler	disconnect(io.netty.channel.ChannelHandlerContext,io.netty.channel.ChannelPromise)	ctx	0
com.netflix.zuul.netty.insights.PassportStateOriginHandler$OutboundHandler	close(io.netty.channel.ChannelHandlerContext,io.netty.channel.ChannelPromise)	promise	1
com.netflix.zuul.netty.insights.PassportStateOriginHandler$OutboundHandler	close(io.netty.channel.ChannelHandlerContext,io.netty.channel.ChannelPromise)	ctx	0
com.netflix.zuul.netty.insights.PassportStateOriginHandler$OutboundHandler	exceptionCaught(io.netty.channel.ChannelHandlerContext,java.lang.Throwable)	ctx	0
com.netflix.zuul.netty.insights.PassportStateOriginHandler$OutboundHandler	exceptionCaught(io.netty.channel.ChannelHandlerContext,java.lang.Throwable)	cause	1
com.netflix.zuul.netty.insights.PassportStateOriginHandler$OutboundHandler	connect(io.netty.channel.ChannelHandlerContext,java.net.SocketAddress,java.net.SocketAddress,io.netty.channel.ChannelPromise)	localAddress	2
com.netflix.zuul.netty.insights.PassportStateOriginHandler$OutboundHandler	connect(io.netty.channel.ChannelHandlerContext,java.net.SocketAddress,java.net.SocketAddress,io.netty.channel.ChannelPromise)	promise	3
com.netflix.zuul.netty.insights.PassportStateOriginHandler$OutboundHandler	connect(io.netty.channel.ChannelHandlerContext,java.net.SocketAddress,java.net.SocketAddress,io.netty.channel.ChannelPromise)	ctx	0
com.netflix.zuul.netty.insights.PassportStateOriginHandler$OutboundHandler	connect(io.netty.channel.ChannelHandlerContext,java.net.SocketAddress,java.net.SocketAddress,io.netty.channel.ChannelPromise)	remoteAddress	1
com.netflix.zuul.netty.insights.PassportStateHttpServerHandler$InboundHandler	channelRead(io.netty.channel.ChannelHandlerContext,java.lang.Object)	msg	1
com.netflix.zuul.netty.insights.PassportStateHttpServerHandler$InboundHandler	channelRead(io.netty.channel.ChannelHandlerContext,java.lang.Object)	ctx	0
com.netflix.zuul.netty.insights.PassportStateHttpServerHandler$InboundHandler	userEventTriggered(io.netty.channel.ChannelHandlerContext,java.lang.Object)	evt	1
com.netflix.zuul.netty.insights.PassportStateHttpServerHandler$InboundHandler	userEventTriggered(io.netty.channel.ChannelHandlerContext,java.lang.Object)	ctx	0
com.netflix.zuul.netty.insights.PassportStateHttpServerHandler$OutboundHandler	write(io.netty.channel.ChannelHandlerContext,java.lang.Object,io.netty.channel.ChannelPromise)	promise	2
com.netflix.zuul.netty.insights.PassportStateHttpServerHandler$OutboundHandler	write(io.netty.channel.ChannelHandlerContext,java.lang.Object,io.netty.channel.ChannelPromise)	ctx	0
com.netflix.zuul.netty.insights.PassportStateHttpServerHandler$OutboundHandler	write(io.netty.channel.ChannelHandlerContext,java.lang.Object,io.netty.channel.ChannelPromise)	msg	1
com.netflix.zuul.netty.insights.ServerStateHandler$InboundHandler	InboundHandler(com.netflix.spectator.api.Registry,java.lang.String)	registry	0
com.netflix.zuul.netty.insights.ServerStateHandler$InboundHandler	channelActive(io.netty.channel.ChannelHandlerContext)	ctx	0
com.netflix.zuul.netty.insights.ServerStateHandler$InboundHandler	channelInactive(io.netty.channel.ChannelHandlerContext)	ctx	0
com.netflix.zuul.netty.insights.ServerStateHandler$InboundHandler	exceptionCaught(io.netty.channel.ChannelHandlerContext,java.lang.Throwable)	cause	1
com.netflix.zuul.netty.insights.ServerStateHandler$InboundHandler	exceptionCaught(io.netty.channel.ChannelHandlerContext,java.lang.Throwable)	ctx	0
com.netflix.zuul.netty.insights.ServerStateHandler$InboundHandler	userEventTriggered(io.netty.channel.ChannelHandlerContext,java.lang.Object)	evt	1
com.netflix.zuul.netty.insights.ServerStateHandler$InboundHandler	userEventTriggered(io.netty.channel.ChannelHandlerContext,java.lang.Object)	ctx	0
com.netflix.zuul.netty.insights.ServerStateHandler$OutboundHandler	OutboundHandler(com.netflix.spectator.api.Registry)	registry	0
com.netflix.zuul.netty.insights.ServerStateHandler$OutboundHandler	close(io.netty.channel.ChannelHandlerContext,io.netty.channel.ChannelPromise)	promise	1
com.netflix.zuul.netty.insights.ServerStateHandler$OutboundHandler	close(io.netty.channel.ChannelHandlerContext,io.netty.channel.ChannelPromise)	ctx	0
com.netflix.zuul.netty.insights.ServerStateHandler$OutboundHandler	disconnect(io.netty.channel.ChannelHandlerContext,io.netty.channel.ChannelPromise)	promise	1
com.netflix.zuul.netty.insights.ServerStateHandler$OutboundHandler	disconnect(io.netty.channel.ChannelHandlerContext,io.netty.channel.ChannelPromise)	ctx	0
com.netflix.zuul.netty.insights.ServerStateHandler$OutboundHandler	exceptionCaught(io.netty.channel.ChannelHandlerContext,java.lang.Throwable)	cause	1
com.netflix.zuul.netty.insights.ServerStateHandler$OutboundHandler	exceptionCaught(io.netty.channel.ChannelHandlerContext,java.lang.Throwable)	ctx	0
com.netflix.zuul.netty.server.ClientResponseWriter	ClientResponseWriter(com.netflix.zuul.RequestCompleteHandler,com.netflix.spectator.api.Registry)	registry	1
com.netflix.zuul.netty.server.ClientResponseWriter	ClientResponseWriter(com.netflix.zuul.RequestCompleteHandler,com.netflix.spectator.api.Registry)	requestCompleteHandler	0
com.netflix.zuul.netty.server.ClientResponseWriter	channelRead(io.netty.channel.ChannelHandlerContext,java.lang.Object)	ctx	0
com.netflix.zuul.netty.server.ClientResponseWriter	channelRead(io.netty.channel.ChannelHandlerContext,java.lang.Object)	msg	1
com.netflix.zuul.netty.server.ClientResponseWriter	writeBufferedBodyContent(com.netflix.zuul.message.http.HttpResponseMessage,io.netty.channel.Channel)	channel	1
com.netflix.zuul.netty.server.ClientResponseWriter	writeBufferedBodyContent(com.netflix.zuul.message.http.HttpResponseMessage,io.netty.channel.Channel)	zuulResponse	0
com.netflix.zuul.netty.server.ClientResponseWriter	buildHttpResponse(com.netflix.zuul.message.http.HttpResponseMessage)	zuulResp	0
com.netflix.zuul.netty.server.ClientResponseWriter	userEventTriggered(io.netty.channel.ChannelHandlerContext,java.lang.Object)	evt	1
com.netflix.zuul.netty.server.ClientResponseWriter	userEventTriggered(io.netty.channel.ChannelHandlerContext,java.lang.Object)	ctx	0
com.netflix.zuul.netty.server.ClientResponseWriter	exceptionCaught(io.netty.channel.ChannelHandlerContext,java.lang.Throwable)	cause	1
com.netflix.zuul.netty.server.ClientResponseWriter	exceptionCaught(io.netty.channel.ChannelHandlerContext,java.lang.Throwable)	ctx	0
com.netflix.zuul.netty.server.ClientResponseWriter	channelInactive(io.netty.channel.ChannelHandlerContext)	ctx	0
com.netflix.zuul.netty.server.SocketAddressProperty$BindType	BindType(java.util.concurrent.Callable)	addressFn	0
com.netflix.zuul.netty.server.SocketAddressProperty$Decoder	apply(java.lang.String)	input	0
com.netflix.zuul.netty.server.push.PushConnectionRegistry	get(java.lang.String)	clientId	0
com.netflix.zuul.netty.server.push.PushConnectionRegistry	put(java.lang.String,com.netflix.zuul.netty.server.push.PushConnection)	clientId	0
com.netflix.zuul.netty.server.push.PushConnectionRegistry	put(java.lang.String,com.netflix.zuul.netty.server.push.PushConnection)	pushConnection	1
com.netflix.zuul.netty.server.push.PushConnectionRegistry	remove(java.lang.String)	clientId	0
com.netflix.zuul.netty.server.push.PushConnection	PushConnection(com.netflix.zuul.netty.server.push.PushProtocol,io.netty.channel.ChannelHandlerContext)	pushProtocol	0
com.netflix.zuul.netty.server.push.PushConnection	PushConnection(com.netflix.zuul.netty.server.push.PushProtocol,io.netty.channel.ChannelHandlerContext)	ctx	1
com.netflix.zuul.netty.server.push.PushConnection	setSecureToken(java.lang.String)	secureToken	0
com.netflix.zuul.netty.server.push.PushProtocol$1	sendPushMessage(io.netty.channel.ChannelHandlerContext,io.netty.buffer.ByteBuf)	mesg	1
com.netflix.zuul.netty.server.push.PushProtocol$1	sendPushMessage(io.netty.channel.ChannelHandlerContext,io.netty.buffer.ByteBuf)	ctx	0
com.netflix.zuul.netty.server.push.PushProtocol$1	sendPing(io.netty.channel.ChannelHandlerContext)	ctx	0
com.netflix.zuul.netty.server.push.PushProtocol$1	serverClosingConnectionMessage(int,java.lang.String)	statusCode	0
com.netflix.zuul.netty.server.push.PushProtocol$1	serverClosingConnectionMessage(int,java.lang.String)	reasonText	1
com.netflix.zuul.netty.server.push.PushProtocol$2	sendPushMessage(io.netty.channel.ChannelHandlerContext,io.netty.buffer.ByteBuf)	ctx	0
com.netflix.zuul.netty.server.push.PushProtocol$2	sendPushMessage(io.netty.channel.ChannelHandlerContext,io.netty.buffer.ByteBuf)	mesg	1
com.netflix.zuul.netty.server.push.PushProtocol$2	sendPing(io.netty.channel.ChannelHandlerContext)	ctx	0
com.netflix.zuul.netty.server.push.PushProtocol$2	serverClosingConnectionMessage(int,java.lang.String)	reasonText	1
com.netflix.zuul.netty.server.push.PushProtocol$2	serverClosingConnectionMessage(int,java.lang.String)	statusCode	0
com.netflix.zuul.netty.server.push.PushProtocol	sendErrorAndClose(io.netty.channel.ChannelHandlerContext,int,java.lang.String)	ctx	0
com.netflix.zuul.netty.server.http2.Http2ResetFrameHandler	channelRead(io.netty.channel.ChannelHandlerContext,java.lang.Object)	ctx	0
com.netflix.zuul.netty.server.http2.Http2ResetFrameHandler	channelRead(io.netty.channel.ChannelHandlerContext,java.lang.Object)	msg	1
com.netflix.zuul.netty.server.http2.Http2SslChannelInitializer	Http2SslChannelInitializer(java.lang.String,com.netflix.netty.common.channel.config.ChannelConfig,com.netflix.netty.common.channel.config.ChannelConfig,io.netty.channel.group.ChannelGroup)	channelConfig	1
com.netflix.zuul.netty.server.http2.Http2SslChannelInitializer	Http2SslChannelInitializer(java.lang.String,com.netflix.netty.common.channel.config.ChannelConfig,com.netflix.netty.common.channel.config.ChannelConfig,io.netty.channel.group.ChannelGroup)	metricId	0
com.netflix.zuul.netty.server.http2.Http2SslChannelInitializer	initChannel(io.netty.channel.Channel)	ch	0
com.netflix.zuul.netty.server.http2.Http2SslChannelInitializer	http1Codec(io.netty.channel.ChannelPipeline)	pipeline	0
com.netflix.zuul.netty.server.http2.Http2StreamHeaderCleaner	channelRead(io.netty.channel.ChannelHandlerContext,java.lang.Object)	msg	1
com.netflix.zuul.netty.server.http2.Http2StreamHeaderCleaner	channelRead(io.netty.channel.ChannelHandlerContext,java.lang.Object)	ctx	0
com.netflix.zuul.netty.server.http2.Http2StreamInitializer	Http2StreamInitializer(io.netty.channel.Channel,java.util.function.Consumer,com.netflix.netty.common.metrics.Http2MetricsChannelHandlers,com.netflix.netty.common.Http2ConnectionCloseHandler,com.netflix.netty.common.Http2ConnectionExpiryHandler)	addHttpHandlerFn	1
com.netflix.zuul.netty.server.http2.Http2StreamInitializer	Http2StreamInitializer(io.netty.channel.Channel,java.util.function.Consumer,com.netflix.netty.common.metrics.Http2MetricsChannelHandlers,com.netflix.netty.common.Http2ConnectionCloseHandler,com.netflix.netty.common.Http2ConnectionExpiryHandler)	http2MetricsChannelHandlers	2
com.netflix.zuul.netty.server.http2.Http2StreamInitializer	Http2StreamInitializer(io.netty.channel.Channel,java.util.function.Consumer,com.netflix.netty.common.metrics.Http2MetricsChannelHandlers,com.netflix.netty.common.Http2ConnectionCloseHandler,com.netflix.netty.common.Http2ConnectionExpiryHandler)	parent	0
com.netflix.zuul.netty.server.http2.Http2StreamInitializer	Http2StreamInitializer(io.netty.channel.Channel,java.util.function.Consumer,com.netflix.netty.common.metrics.Http2MetricsChannelHandlers,com.netflix.netty.common.Http2ConnectionCloseHandler,com.netflix.netty.common.Http2ConnectionExpiryHandler)	connectionCloseHandler	3
com.netflix.zuul.netty.server.http2.Http2StreamInitializer	Http2StreamInitializer(io.netty.channel.Channel,java.util.function.Consumer,com.netflix.netty.common.metrics.Http2MetricsChannelHandlers,com.netflix.netty.common.Http2ConnectionCloseHandler,com.netflix.netty.common.Http2ConnectionExpiryHandler)	connectionExpiryHandler	4
com.netflix.zuul.netty.server.http2.Http2StreamInitializer	handlerAdded(io.netty.channel.ChannelHandlerContext)	ctx	0
com.netflix.zuul.netty.server.http2.Http2StreamInitializer	addHttp2StreamSpecificHandlers(io.netty.channel.ChannelPipeline)	pipeline	0
com.netflix.zuul.netty.server.http2.Http2StreamInitializer	copyAttrFromParentChannel(io.netty.channel.Channel,io.netty.channel.Channel,io.netty.util.AttributeKey)	parent	0
com.netflix.zuul.netty.server.http2.Http2StreamInitializer	copyAttrFromParentChannel(io.netty.channel.Channel,io.netty.channel.Channel,io.netty.util.AttributeKey)	child	1
com.netflix.zuul.netty.server.http2.Http2StreamInitializer	copyAttrFromParentChannel(io.netty.channel.Channel,io.netty.channel.Channel,io.netty.util.AttributeKey)	key	2
com.netflix.zuul.netty.server.http2.Http2StreamErrorHandler	exceptionCaught(io.netty.channel.ChannelHandlerContext,java.lang.Throwable)	cause	1
com.netflix.zuul.netty.server.http2.Http2StreamErrorHandler	exceptionCaught(io.netty.channel.ChannelHandlerContext,java.lang.Throwable)	ctx	0
com.netflix.zuul.netty.server.http2.Http2Configuration	configureSSL(com.netflix.zuul.netty.ssl.SslContextFactory,java.lang.String)	sslContextFactory	0
com.netflix.zuul.netty.server.http2.Http2Configuration	configureSSLWithH2Disabled(com.netflix.zuul.netty.ssl.SslContextFactory,java.lang.String)	sslContextFactory	0
com.netflix.zuul.netty.server.http2.Http2ContentLengthEnforcingHandler	channelRead(io.netty.channel.ChannelHandlerContext,java.lang.Object)	ctx	0
com.netflix.zuul.netty.server.http2.Http2ContentLengthEnforcingHandler	channelRead(io.netty.channel.ChannelHandlerContext,java.lang.Object)	msg	1
com.netflix.zuul.netty.server.http2.Http2ContentLengthEnforcingHandler	incrementSeenContent(int)	length	0
com.netflix.zuul.netty.server.DefaultEventLoopConfig	DefaultEventLoopConfig(int,int)	eventLoopCount	0
com.netflix.zuul.netty.server.DefaultEventLoopConfig	DefaultEventLoopConfig(int,int)	acceptorCount	1
com.netflix.zuul.netty.server.push.PushAuthHandler	PushAuthHandler(java.lang.String,java.lang.String)	originDomain	1
com.netflix.zuul.netty.server.push.PushAuthHandler	PushAuthHandler(java.lang.String,java.lang.String)	pushConnectionPath	0
com.netflix.zuul.netty.server.push.PushAuthHandler	sendHttpResponse(io.netty.handler.codec.http.HttpRequest,io.netty.channel.ChannelHandlerContext,io.netty.handler.codec.http.HttpResponseStatus)	ctx	1
com.netflix.zuul.netty.server.push.PushAuthHandler	sendHttpResponse(io.netty.handler.codec.http.HttpRequest,io.netty.channel.ChannelHandlerContext,io.netty.handler.codec.http.HttpResponseStatus)	req	0
com.netflix.zuul.netty.server.push.PushAuthHandler	sendHttpResponse(io.netty.handler.codec.http.HttpRequest,io.netty.channel.ChannelHandlerContext,io.netty.handler.codec.http.HttpResponseStatus)	status	2
com.netflix.zuul.netty.server.push.PushAuthHandler	channelRead0(io.netty.channel.ChannelHandlerContext,io.netty.handler.codec.http.FullHttpRequest)	req	1
com.netflix.zuul.netty.server.push.PushAuthHandler	channelRead0(io.netty.channel.ChannelHandlerContext,io.netty.handler.codec.http.FullHttpRequest)	ctx	0
com.netflix.zuul.netty.server.push.PushAuthHandler	isInvalidOrigin(io.netty.handler.codec.http.FullHttpRequest)	req	0
com.netflix.zuul.netty.server.push.PushAuthHandler	parseCookies(io.netty.handler.codec.http.FullHttpRequest)	req	0
com.netflix.zuul.netty.server.push.PushMessageSenderInitializer	PushMessageSenderInitializer(com.netflix.zuul.netty.server.push.PushConnectionRegistry)	pushConnectionRegistry	0
com.netflix.zuul.netty.server.push.PushMessageSenderInitializer	initChannel(io.netty.channel.Channel)	ch	0
com.netflix.zuul.netty.server.push.PushMessageSender	PushMessageSender(com.netflix.zuul.netty.server.push.PushConnectionRegistry)	pushConnectionRegistry	0
com.netflix.zuul.netty.server.push.PushMessageSender	sendHttpResponse(io.netty.channel.ChannelHandlerContext,io.netty.handler.codec.http.FullHttpRequest,io.netty.handler.codec.http.HttpResponseStatus,com.netflix.zuul.netty.server.push.PushUserAuth)	ctx	0
com.netflix.zuul.netty.server.push.PushMessageSender	sendHttpResponse(io.netty.channel.ChannelHandlerContext,io.netty.handler.codec.http.FullHttpRequest,io.netty.handler.codec.http.HttpResponseStatus,com.netflix.zuul.netty.server.push.PushUserAuth)	status	2
com.netflix.zuul.netty.server.push.PushMessageSender	sendHttpResponse(io.netty.channel.ChannelHandlerContext,io.netty.handler.codec.http.FullHttpRequest,io.netty.handler.codec.http.HttpResponseStatus,com.netflix.zuul.netty.server.push.PushUserAuth)	request	1
com.netflix.zuul.netty.server.push.PushMessageSender	verifySecureToken(io.netty.handler.codec.http.FullHttpRequest,com.netflix.zuul.netty.server.push.PushConnection)	conn	1
com.netflix.zuul.netty.server.push.PushMessageSender	verifySecureToken(io.netty.handler.codec.http.FullHttpRequest,com.netflix.zuul.netty.server.push.PushConnection)	request	0
com.netflix.zuul.netty.server.push.PushMessageSender	channelRead0(io.netty.channel.ChannelHandlerContext,io.netty.handler.codec.http.FullHttpRequest)	request	1
com.netflix.zuul.netty.server.push.PushMessageSender	logPushError(java.lang.Throwable)	t	0
com.netflix.zuul.netty.server.push.PushMessageSender	logPushEvent(io.netty.handler.codec.http.FullHttpRequest,io.netty.handler.codec.http.HttpResponseStatus,com.netflix.zuul.netty.server.push.PushUserAuth)	userAuth	2
com.netflix.zuul.netty.server.push.PushMessageSender	logPushEvent(io.netty.handler.codec.http.FullHttpRequest,io.netty.handler.codec.http.HttpResponseStatus,com.netflix.zuul.netty.server.push.PushUserAuth)	status	1
com.netflix.zuul.netty.server.push.PushChannelInitializer	addHttp1Handlers(io.netty.channel.ChannelPipeline)	pipeline	0
com.netflix.zuul.netty.server.push.PushChannelInitializer	addHttpRelatedHandlers(io.netty.channel.ChannelPipeline)	pipeline	0
com.netflix.zuul.netty.server.push.PushChannelInitializer	initChannel(io.netty.channel.Channel)	ch	0
com.netflix.zuul.netty.server.push.PushMessageFactory	sendErrorAndClose(io.netty.channel.ChannelHandlerContext,int,java.lang.String)	ctx	0
com.netflix.zuul.netty.server.push.PushClientProtocolHandler	userEventTriggered(io.netty.channel.ChannelHandlerContext,java.lang.Object)	ctx	0
com.netflix.zuul.netty.server.push.PushClientProtocolHandler	userEventTriggered(io.netty.channel.ChannelHandlerContext,java.lang.Object)	evt	1
com.netflix.zuul.netty.server.push.PushRegistrationHandler	PushRegistrationHandler(com.netflix.zuul.netty.server.push.PushConnectionRegistry,com.netflix.zuul.netty.server.push.PushProtocol)	pushProtocol	1
com.netflix.zuul.netty.server.push.PushRegistrationHandler	PushRegistrationHandler(com.netflix.zuul.netty.server.push.PushConnectionRegistry,com.netflix.zuul.netty.server.push.PushProtocol)	pushConnectionRegistry	0
com.netflix.zuul.netty.server.push.PushRegistrationHandler	channelInactive(io.netty.channel.ChannelHandlerContext)	ctx	0
com.netflix.zuul.netty.server.push.PushRegistrationHandler	exceptionCaught(io.netty.channel.ChannelHandlerContext,java.lang.Throwable)	ctx	0
com.netflix.zuul.netty.server.push.PushRegistrationHandler	exceptionCaught(io.netty.channel.ChannelHandlerContext,java.lang.Throwable)	cause	1
com.netflix.zuul.netty.server.push.PushRegistrationHandler	userEventTriggered(io.netty.channel.ChannelHandlerContext,java.lang.Object)	evt	1
com.netflix.zuul.netty.server.push.PushRegistrationHandler	userEventTriggered(io.netty.channel.ChannelHandlerContext,java.lang.Object)	ctx	0
com.netflix.zuul.netty.server.push.PushRegistrationHandler	registerClient(io.netty.channel.ChannelHandlerContext,com.netflix.zuul.netty.server.push.PushUserAuth,com.netflix.zuul.netty.server.push.PushConnection,com.netflix.zuul.netty.server.push.PushConnectionRegistry)	registry	3
com.netflix.zuul.netty.server.push.PushRegistrationHandler	registerClient(io.netty.channel.ChannelHandlerContext,com.netflix.zuul.netty.server.push.PushUserAuth,com.netflix.zuul.netty.server.push.PushConnection,com.netflix.zuul.netty.server.push.PushConnectionRegistry)	ctx	0
com.netflix.zuul.netty.server.ssl.SslHandshakeInfoHandler	SslHandshakeInfoHandler(com.netflix.spectator.api.Registry,boolean)	isSSlFromIntermediary	1
com.netflix.zuul.netty.server.ssl.SslHandshakeInfoHandler	SslHandshakeInfoHandler(com.netflix.spectator.api.Registry,boolean)	spectatorRegistry	0
com.netflix.zuul.netty.server.ssl.SslHandshakeInfoHandler	userEventTriggered(io.netty.channel.ChannelHandlerContext,java.lang.Object)	evt	1
com.netflix.zuul.netty.server.ssl.SslHandshakeInfoHandler	userEventTriggered(io.netty.channel.ChannelHandlerContext,java.lang.Object)	ctx	0
com.netflix.zuul.netty.server.ssl.SslHandshakeInfoHandler	whichClientAuthEnum(io.netty.handler.ssl.SslHandler)	sslhandler	0
com.netflix.zuul.netty.server.ssl.SslHandshakeInfoHandler	incrementCounters(io.netty.handler.ssl.SslHandshakeCompletionEvent,com.netflix.netty.common.ssl.SslHandshakeInfo)	handshakeInfo	1
com.netflix.zuul.netty.server.ssl.SslHandshakeInfoHandler	incrementCounters(io.netty.handler.ssl.SslHandshakeCompletionEvent,com.netflix.netty.common.ssl.SslHandshakeInfo)	sslHandshakeCompletionEvent	0
com.netflix.zuul.netty.server.BaseServerStartup	BaseServerStartup(com.netflix.netty.common.status.ServerStatusManager,com.netflix.zuul.FilterLoader,com.netflix.zuul.context.SessionContextDecorator,com.netflix.zuul.FilterUsageNotifier,com.netflix.zuul.RequestCompleteHandler,com.netflix.spectator.api.Registry,com.netflix.zuul.netty.server.DirectMemoryMonitor,com.netflix.netty.common.metrics.EventLoopGroupMetrics,com.netflix.discovery.EurekaClient,com.netflix.appinfo.ApplicationInfoManager,com.netflix.netty.common.accesslog.AccessLogPublisher)	serverStatusManager	0
com.netflix.zuul.netty.server.BaseServerStartup	BaseServerStartup(com.netflix.netty.common.status.ServerStatusManager,com.netflix.zuul.FilterLoader,com.netflix.zuul.context.SessionContextDecorator,com.netflix.zuul.FilterUsageNotifier,com.netflix.zuul.RequestCompleteHandler,com.netflix.spectator.api.Registry,com.netflix.zuul.netty.server.DirectMemoryMonitor,com.netflix.netty.common.metrics.EventLoopGroupMetrics,com.netflix.discovery.EurekaClient,com.netflix.appinfo.ApplicationInfoManager,com.netflix.netty.common.accesslog.AccessLogPublisher)	applicationInfoManager	9
com.netflix.zuul.netty.server.BaseServerStartup	BaseServerStartup(com.netflix.netty.common.status.ServerStatusManager,com.netflix.zuul.FilterLoader,com.netflix.zuul.context.SessionContextDecorator,com.netflix.zuul.FilterUsageNotifier,com.netflix.zuul.RequestCompleteHandler,com.netflix.spectator.api.Registry,com.netflix.zuul.netty.server.DirectMemoryMonitor,com.netflix.netty.common.metrics.EventLoopGroupMetrics,com.netflix.discovery.EurekaClient,com.netflix.appinfo.ApplicationInfoManager,com.netflix.netty.common.accesslog.AccessLogPublisher)	sessionCtxDecorator	2
com.netflix.zuul.netty.server.BaseServerStartup	BaseServerStartup(com.netflix.netty.common.status.ServerStatusManager,com.netflix.zuul.FilterLoader,com.netflix.zuul.context.SessionContextDecorator,com.netflix.zuul.FilterUsageNotifier,com.netflix.zuul.RequestCompleteHandler,com.netflix.spectator.api.Registry,com.netflix.zuul.netty.server.DirectMemoryMonitor,com.netflix.netty.common.metrics.EventLoopGroupMetrics,com.netflix.discovery.EurekaClient,com.netflix.appinfo.ApplicationInfoManager,com.netflix.netty.common.accesslog.AccessLogPublisher)	usageNotifier	3
com.netflix.zuul.netty.server.BaseServerStartup	BaseServerStartup(com.netflix.netty.common.status.ServerStatusManager,com.netflix.zuul.FilterLoader,com.netflix.zuul.context.SessionContextDecorator,com.netflix.zuul.FilterUsageNotifier,com.netflix.zuul.RequestCompleteHandler,com.netflix.spectator.api.Registry,com.netflix.zuul.netty.server.DirectMemoryMonitor,com.netflix.netty.common.metrics.EventLoopGroupMetrics,com.netflix.discovery.EurekaClient,com.netflix.appinfo.ApplicationInfoManager,com.netflix.netty.common.accesslog.AccessLogPublisher)	reqCompleteHandler	4
com.netflix.zuul.netty.server.BaseServerStartup	BaseServerStartup(com.netflix.netty.common.status.ServerStatusManager,com.netflix.zuul.FilterLoader,com.netflix.zuul.context.SessionContextDecorator,com.netflix.zuul.FilterUsageNotifier,com.netflix.zuul.RequestCompleteHandler,com.netflix.spectator.api.Registry,com.netflix.zuul.netty.server.DirectMemoryMonitor,com.netflix.netty.common.metrics.EventLoopGroupMetrics,com.netflix.discovery.EurekaClient,com.netflix.appinfo.ApplicationInfoManager,com.netflix.netty.common.accesslog.AccessLogPublisher)	filterLoader	1
com.netflix.zuul.netty.server.BaseServerStartup	BaseServerStartup(com.netflix.netty.common.status.ServerStatusManager,com.netflix.zuul.FilterLoader,com.netflix.zuul.context.SessionContextDecorator,com.netflix.zuul.FilterUsageNotifier,com.netflix.zuul.RequestCompleteHandler,com.netflix.spectator.api.Registry,com.netflix.zuul.netty.server.DirectMemoryMonitor,com.netflix.netty.common.metrics.EventLoopGroupMetrics,com.netflix.discovery.EurekaClient,com.netflix.appinfo.ApplicationInfoManager,com.netflix.netty.common.accesslog.AccessLogPublisher)	registry	5
com.netflix.zuul.netty.server.BaseServerStartup	BaseServerStartup(com.netflix.netty.common.status.ServerStatusManager,com.netflix.zuul.FilterLoader,com.netflix.zuul.context.SessionContextDecorator,com.netflix.zuul.FilterUsageNotifier,com.netflix.zuul.RequestCompleteHandler,com.netflix.spectator.api.Registry,com.netflix.zuul.netty.server.DirectMemoryMonitor,com.netflix.netty.common.metrics.EventLoopGroupMetrics,com.netflix.discovery.EurekaClient,com.netflix.appinfo.ApplicationInfoManager,com.netflix.netty.common.accesslog.AccessLogPublisher)	accessLogPublisher	10
com.netflix.zuul.netty.server.BaseServerStartup	BaseServerStartup(com.netflix.netty.common.status.ServerStatusManager,com.netflix.zuul.FilterLoader,com.netflix.zuul.context.SessionContextDecorator,com.netflix.zuul.FilterUsageNotifier,com.netflix.zuul.RequestCompleteHandler,com.netflix.spectator.api.Registry,com.netflix.zuul.netty.server.DirectMemoryMonitor,com.netflix.netty.common.metrics.EventLoopGroupMetrics,com.netflix.discovery.EurekaClient,com.netflix.appinfo.ApplicationInfoManager,com.netflix.netty.common.accesslog.AccessLogPublisher)	discoveryClient	8
com.netflix.zuul.netty.server.BaseServerStartup	BaseServerStartup(com.netflix.netty.common.status.ServerStatusManager,com.netflix.zuul.FilterLoader,com.netflix.zuul.context.SessionContextDecorator,com.netflix.zuul.FilterUsageNotifier,com.netflix.zuul.RequestCompleteHandler,com.netflix.spectator.api.Registry,com.netflix.zuul.netty.server.DirectMemoryMonitor,com.netflix.netty.common.metrics.EventLoopGroupMetrics,com.netflix.discovery.EurekaClient,com.netflix.appinfo.ApplicationInfoManager,com.netflix.netty.common.accesslog.AccessLogPublisher)	directMemoryMonitor	6
com.netflix.zuul.netty.server.BaseServerStartup	BaseServerStartup(com.netflix.netty.common.status.ServerStatusManager,com.netflix.zuul.FilterLoader,com.netflix.zuul.context.SessionContextDecorator,com.netflix.zuul.FilterUsageNotifier,com.netflix.zuul.RequestCompleteHandler,com.netflix.spectator.api.Registry,com.netflix.zuul.netty.server.DirectMemoryMonitor,com.netflix.netty.common.metrics.EventLoopGroupMetrics,com.netflix.discovery.EurekaClient,com.netflix.appinfo.ApplicationInfoManager,com.netflix.netty.common.accesslog.AccessLogPublisher)	eventLoopGroupMetrics	7
com.netflix.zuul.netty.server.BaseServerStartup	addChannelDependencies(com.netflix.netty.common.channel.config.ChannelConfig,java.lang.String)	channelDeps	0
com.netflix.zuul.netty.server.BaseServerStartup	chooseIntChannelProperty(java.lang.String,java.lang.String,int)	listenAddressName	0
com.netflix.zuul.netty.server.BaseServerStartup	chooseIntChannelProperty(java.lang.String,java.lang.String,int)	propertySuffix	1
com.netflix.zuul.netty.server.BaseServerStartup	chooseIntChannelProperty(java.lang.String,java.lang.String,int)	defaultValue	2
com.netflix.zuul.netty.server.BaseServerStartup	chooseBooleanChannelProperty(java.lang.String,java.lang.String,boolean)	defaultValue	2
com.netflix.zuul.netty.server.BaseServerStartup	chooseBooleanChannelProperty(java.lang.String,java.lang.String,boolean)	propertySuffix	1
com.netflix.zuul.netty.server.BaseServerStartup	chooseBooleanChannelProperty(java.lang.String,java.lang.String,boolean)	listenAddressName	0
com.netflix.zuul.netty.server.BaseServerStartup	addHttp2DefaultConfig(com.netflix.netty.common.channel.config.ChannelConfig,java.lang.String)	config	0
com.netflix.zuul.netty.server.BaseServerStartup	logAddrConfigured(java.net.SocketAddress)	socketAddress	0
com.netflix.zuul.netty.server.BaseServerStartup	logAddrConfigured(java.net.SocketAddress,com.netflix.netty.common.ssl.ServerSslConfig)	socketAddress	0
com.netflix.zuul.netty.server.BaseServerStartup	logAddrConfigured(java.net.SocketAddress,com.netflix.netty.common.ssl.ServerSslConfig)	serverSslConfig	1
com.netflix.zuul.netty.server.BaseServerStartup	logAddrConfigured(java.net.SocketAddress,io.netty.util.AsyncMapping)	socketAddress	0
com.netflix.zuul.netty.server.BaseServerStartup	logAddrConfigured(java.net.SocketAddress,io.netty.util.AsyncMapping)	sniMapping	1
com.netflix.zuul.netty.server.BaseServerStartup	logSecureAddrConfigured(java.net.SocketAddress,java.lang.Object)	securityConfig	1
com.netflix.zuul.netty.server.BaseServerStartup	logSecureAddrConfigured(java.net.SocketAddress,java.lang.Object)	socketAddress	0
com.netflix.zuul.netty.server.NamedSocketAddress	NamedSocketAddress(java.lang.String,java.net.SocketAddress)	delegate	1
com.netflix.zuul.netty.server.NamedSocketAddress	NamedSocketAddress(java.lang.String,java.net.SocketAddress)	name	0
com.netflix.zuul.netty.server.NamedSocketAddress	withNewSocket(java.net.SocketAddress)	delegate	0
com.netflix.zuul.netty.server.NamedSocketAddress	equals(java.lang.Object)	o	0
com.netflix.zuul.netty.server.ClientConnectionsShutdown	ClientConnectionsShutdown(io.netty.channel.group.ChannelGroup,io.netty.util.concurrent.EventExecutor,com.netflix.discovery.EurekaClient)	executor	1
com.netflix.zuul.netty.server.ClientConnectionsShutdown	ClientConnectionsShutdown(io.netty.channel.group.ChannelGroup,io.netty.util.concurrent.EventExecutor,com.netflix.discovery.EurekaClient)	discoveryClient	2
com.netflix.zuul.netty.server.ClientConnectionsShutdown	ClientConnectionsShutdown(io.netty.channel.group.ChannelGroup,io.netty.util.concurrent.EventExecutor,com.netflix.discovery.EurekaClient)	channels	0
com.netflix.zuul.netty.server.Server	Server(com.netflix.spectator.api.Registry,com.netflix.netty.common.status.ServerStatusManager,java.util.Map,com.netflix.zuul.netty.server.ClientConnectionsShutdown,com.netflix.netty.common.metrics.EventLoopGroupMetrics,com.netflix.zuul.netty.server.EventLoopConfig)	registry	0
com.netflix.zuul.netty.server.Server	Server(com.netflix.spectator.api.Registry,com.netflix.netty.common.status.ServerStatusManager,java.util.Map,com.netflix.zuul.netty.server.ClientConnectionsShutdown,com.netflix.netty.common.metrics.EventLoopGroupMetrics,com.netflix.zuul.netty.server.EventLoopConfig)	eventLoopGroupMetrics	4
com.netflix.zuul.netty.server.Server	Server(com.netflix.spectator.api.Registry,com.netflix.netty.common.status.ServerStatusManager,java.util.Map,com.netflix.zuul.netty.server.ClientConnectionsShutdown,com.netflix.netty.common.metrics.EventLoopGroupMetrics,com.netflix.zuul.netty.server.EventLoopConfig)	serverStatusManager	1
com.netflix.zuul.netty.server.Server	Server(com.netflix.spectator.api.Registry,com.netflix.netty.common.status.ServerStatusManager,java.util.Map,com.netflix.zuul.netty.server.ClientConnectionsShutdown,com.netflix.netty.common.metrics.EventLoopGroupMetrics,com.netflix.zuul.netty.server.EventLoopConfig)	clientConnectionsShutdown	3
com.netflix.zuul.netty.server.Server	Server(com.netflix.spectator.api.Registry,com.netflix.netty.common.status.ServerStatusManager,java.util.Map,com.netflix.zuul.netty.server.ClientConnectionsShutdown,com.netflix.netty.common.metrics.EventLoopGroupMetrics,com.netflix.zuul.netty.server.EventLoopConfig)	addressesToInitializers	2
com.netflix.zuul.netty.server.Server	Server(com.netflix.spectator.api.Registry,com.netflix.netty.common.status.ServerStatusManager,java.util.Map,com.netflix.zuul.netty.server.ClientConnectionsShutdown,com.netflix.netty.common.metrics.EventLoopGroupMetrics,com.netflix.zuul.netty.server.EventLoopConfig)	eventLoopConfig	5
com.netflix.zuul.netty.server.Server	setupServerBootstrap(com.netflix.zuul.netty.server.NamedSocketAddress,io.netty.channel.ChannelInitializer)	listenAddress	0
com.netflix.zuul.netty.server.Server	setupServerBootstrap(com.netflix.zuul.netty.server.NamedSocketAddress,io.netty.channel.ChannelInitializer)	channelInitializer	1
com.netflix.zuul.netty.server.Server$ServerGroup	ServerGroup(java.lang.String,int,int,com.netflix.netty.common.metrics.EventLoopGroupMetrics)	name	0
com.netflix.zuul.netty.server.Server$ServerGroup	ServerGroup(java.lang.String,int,int,com.netflix.netty.common.metrics.EventLoopGroupMetrics)	workerThreads	2
com.netflix.zuul.netty.server.Server$ServerGroup	ServerGroup(java.lang.String,int,int,com.netflix.netty.common.metrics.EventLoopGroupMetrics)	eventLoopGroupMetrics	3
com.netflix.zuul.netty.server.Server$ServerGroup	ServerGroup(java.lang.String,int,int,com.netflix.netty.common.metrics.EventLoopGroupMetrics)	acceptorThreads	1
com.netflix.zuul.netty.server.Server$ServerGroup$1	uncaughtException(java.lang.Thread,java.lang.Throwable)	e	1
com.netflix.zuul.netty.server.Server$NewConnHandler	channelRead(io.netty.channel.ChannelHandlerContext,java.lang.Object)	msg	1
com.netflix.zuul.netty.server.Server$NewConnHandler	channelRead(io.netty.channel.ChannelHandlerContext,java.lang.Object)	ctx	0
com.netflix.zuul.netty.server.Server	convertPortMap(java.util.Map)	portsToChannelInitializers	0
com.netflix.zuul.netty.server.Http1MutualSslChannelInitializer	Http1MutualSslChannelInitializer(java.lang.String,com.netflix.netty.common.channel.config.ChannelConfig,com.netflix.netty.common.channel.config.ChannelConfig,io.netty.channel.group.ChannelGroup)	channelConfig	1
com.netflix.zuul.netty.server.Http1MutualSslChannelInitializer	initChannel(io.netty.channel.Channel)	ch	0
com.netflix.zuul.netty.server.ZuulServerChannelInitializer	initChannel(io.netty.channel.Channel)	ch	0
com.netflix.zuul.netty.ssl.BaseSslContextFactory	BaseSslContextFactory(com.netflix.spectator.api.Registry,com.netflix.netty.common.ssl.ServerSslConfig)	spectatorRegistry	0
com.netflix.zuul.netty.ssl.BaseSslContextFactory	BaseSslContextFactory(com.netflix.spectator.api.Registry,com.netflix.netty.common.ssl.ServerSslConfig)	serverSslConfig	1
com.netflix.zuul.netty.ssl.BaseSslContextFactory	configureOpenSslStatsMetrics(io.netty.handler.ssl.SslContext,java.lang.String)	sslContext	0
com.netflix.zuul.netty.ssl.BaseSslContextFactory	getTruststorePassword(byte[])	trustStorePwdBytes	0
com.netflix.zuul.netty.ssl.ClientSslContextFactory	maybeAddTls13(boolean,java.lang.String[])	enableTls13	0
com.netflix.zuul.netty.ssl.ClientSslContextFactory	maybeAddTls13(boolean,java.lang.String[])	defaultProtocols	1
com.netflix.zuul.netty.SpectatorUtils	getTagsWithId(java.lang.String,java.lang.String[])	id	0
com.netflix.zuul.netty.SpectatorUtils	getTagsWithId(java.lang.String,java.lang.String[])	tags	1
com.netflix.zuul.netty.ChannelUtils	channelInfoForLogging(io.netty.channel.Channel)	ch	0
com.netflix.zuul.netty.filter.ZuulFilterChainHandler	ZuulFilterChainHandler(com.netflix.zuul.netty.filter.ZuulFilterChainRunner,com.netflix.zuul.netty.filter.ZuulFilterChainRunner)	requestFilterChain	0
com.netflix.zuul.netty.filter.ZuulFilterChainHandler	ZuulFilterChainHandler(com.netflix.zuul.netty.filter.ZuulFilterChainRunner,com.netflix.zuul.netty.filter.ZuulFilterChainRunner)	responseFilterChain	1
com.netflix.zuul.netty.filter.ZuulFilterChainHandler	channelRead(io.netty.channel.ChannelHandlerContext,java.lang.Object)	msg	1
com.netflix.zuul.netty.filter.ZuulFilterChainHandler	userEventTriggered(io.netty.channel.ChannelHandlerContext,java.lang.Object)	ctx	0
com.netflix.zuul.netty.filter.ZuulFilterChainHandler	userEventTriggered(io.netty.channel.ChannelHandlerContext,java.lang.Object)	evt	1
com.netflix.zuul.netty.filter.ZuulFilterChainHandler	sendResponse(com.netflix.zuul.stats.status.StatusCategory,int,io.netty.channel.ChannelHandlerContext)	ctx	2
com.netflix.zuul.netty.filter.ZuulFilterChainHandler	sendResponse(com.netflix.zuul.stats.status.StatusCategory,int,io.netty.channel.ChannelHandlerContext)	status	1
com.netflix.zuul.netty.filter.ZuulFilterChainHandler	finishResponseFilters(io.netty.channel.ChannelHandlerContext)	ctx	0
com.netflix.zuul.netty.filter.ZuulFilterChainHandler	exceptionCaught(io.netty.channel.ChannelHandlerContext,java.lang.Throwable)	ctx	0
com.netflix.zuul.netty.filter.ZuulFilterChainHandler	exceptionCaught(io.netty.channel.ChannelHandlerContext,java.lang.Throwable)	cause	1
com.netflix.zuul.netty.filter.ZuulFilterChainHandler	isClientChannelClosed(java.lang.Throwable)	cause	0
com.netflix.zuul.origins.BasicNettyOriginManager	BasicNettyOriginManager(com.netflix.spectator.api.Registry)	registry	0
com.netflix.zuul.origins.BasicNettyOriginManager	getOrigin(com.netflix.zuul.origins.OriginName,java.lang.String,com.netflix.zuul.context.SessionContext)	originName	0
com.netflix.zuul.origins.BasicNettyOriginManager	createOrigin(com.netflix.zuul.origins.OriginName,java.lang.String,com.netflix.zuul.context.SessionContext)	originName	0
com.netflix.zuul.origins.BasicNettyOrigin	BasicNettyOrigin(com.netflix.zuul.origins.OriginName,com.netflix.spectator.api.Registry)	registry	1
com.netflix.zuul.origins.BasicNettyOrigin	BasicNettyOrigin(com.netflix.zuul.origins.OriginName,com.netflix.spectator.api.Registry)	originName	0
com.netflix.zuul.origins.BasicNettyOrigin	newRequestAttempt(com.netflix.zuul.discovery.DiscoveryResult,com.netflix.zuul.context.SessionContext,int)	server	0
com.netflix.zuul.origins.BasicNettyOrigin	newRequestAttempt(com.netflix.zuul.discovery.DiscoveryResult,com.netflix.zuul.context.SessionContext,int)	attemptNum	2
com.netflix.zuul.origins.BasicNettyOrigin	getIpAddrFromServer(com.netflix.zuul.discovery.DiscoveryResult)	discoveryResult	0
com.netflix.zuul.origins.BasicNettyOrigin	recordFinalError(com.netflix.zuul.message.http.HttpRequestMessage,java.lang.Throwable)	requestMsg	0
com.netflix.zuul.origins.BasicNettyOrigin	recordFinalError(com.netflix.zuul.message.http.HttpRequestMessage,java.lang.Throwable)	throwable	1
com.netflix.zuul.origins.BasicNettyOrigin	recordFinalResponse(com.netflix.zuul.message.http.HttpResponseMessage)	resp	0
com.netflix.zuul.origins.OriginThrottledException	OriginThrottledException(com.netflix.zuul.origins.OriginName,java.lang.String,com.netflix.zuul.stats.status.StatusCategory)	statusCategory	2
com.netflix.zuul.origins.OriginThrottledException	OriginThrottledException(com.netflix.zuul.origins.OriginName,java.lang.String,com.netflix.zuul.stats.status.StatusCategory)	originName	0
com.netflix.zuul.DefaultFilterFactory	newInstance(java.lang.Class)	clazz	0
com.netflix.zuul.logging.Http2FrameLoggingPerClientIpHandler	channelRead(io.netty.channel.ChannelHandlerContext,java.lang.Object)	ctx	0
com.netflix.zuul.logging.Http2FrameLoggingPerClientIpHandler	channelRead(io.netty.channel.ChannelHandlerContext,java.lang.Object)	msg	1
com.netflix.zuul.plugins.Tracer	startMicroTracer(java.lang.String)	name	0
com.netflix.zuul.plugins.Tracer$SpectatorTracer	SpectatorTracer(java.lang.String)	name	0
com.netflix.zuul.plugins.Tracer$SpectatorTracer	setName(java.lang.String)	name	0
com.netflix.zuul.BasicFilterUsageNotifier	BasicFilterUsageNotifier(com.netflix.spectator.api.Registry)	registry	0
com.netflix.zuul.passport.CurrentPassport	CurrentPassport(com.google.common.base.Ticker)	ticker	0
com.netflix.zuul.passport.CurrentPassport	fromSessionContext(com.netflix.zuul.context.SessionContext)	ctx	0
com.netflix.zuul.passport.CurrentPassport	fromChannel(io.netty.channel.Channel)	ch	0
com.netflix.zuul.passport.CurrentPassport	fromChannelOrNull(io.netty.channel.Channel)	ch	0
com.netflix.zuul.passport.CurrentPassport	setOnChannel(io.netty.channel.Channel)	ch	0
com.netflix.zuul.passport.CurrentPassport	clearFromChannel(io.netty.channel.Channel)	ch	0
com.netflix.zuul.passport.CurrentPassport	add(com.netflix.zuul.passport.PassportState)	state	0
com.netflix.zuul.passport.CurrentPassport	addIfNotAlready(com.netflix.zuul.passport.PassportState)	state	0
com.netflix.zuul.passport.CurrentPassport	calculateTimeBetweenFirstAnd(com.netflix.zuul.passport.PassportState)	endState	0
com.netflix.zuul.passport.CurrentPassport	calculateTimeBetween(com.netflix.zuul.passport.StartAndEnd)	sae	0
com.netflix.zuul.passport.CurrentPassport	calculateTimeBetweenButIfNoEndThenUseNow(com.netflix.zuul.passport.StartAndEnd)	sae	0
com.netflix.zuul.passport.CurrentPassport	findStartAndEndStates(com.netflix.zuul.passport.PassportState,com.netflix.zuul.passport.PassportState)	startState	0
com.netflix.zuul.passport.CurrentPassport	findStartAndEndStates(com.netflix.zuul.passport.PassportState,com.netflix.zuul.passport.PassportState)	endState	1
com.netflix.zuul.passport.CurrentPassport	findFirstStartAndLastEndStates(com.netflix.zuul.passport.PassportState,com.netflix.zuul.passport.PassportState)	startState	0
com.netflix.zuul.passport.CurrentPassport	findFirstStartAndLastEndStates(com.netflix.zuul.passport.PassportState,com.netflix.zuul.passport.PassportState)	endState	1
com.netflix.zuul.passport.CurrentPassport	findLastStartAndFirstEndStates(com.netflix.zuul.passport.PassportState,com.netflix.zuul.passport.PassportState)	endState	1
com.netflix.zuul.passport.CurrentPassport	findLastStartAndFirstEndStates(com.netflix.zuul.passport.PassportState,com.netflix.zuul.passport.PassportState)	startState	0
com.netflix.zuul.passport.CurrentPassport	findEachPairOf(com.netflix.zuul.passport.PassportState,com.netflix.zuul.passport.PassportState)	startState	0
com.netflix.zuul.passport.CurrentPassport	findEachPairOf(com.netflix.zuul.passport.PassportState,com.netflix.zuul.passport.PassportState)	endState	1
com.netflix.zuul.passport.CurrentPassport	findState(com.netflix.zuul.passport.PassportState)	state	0
com.netflix.zuul.passport.CurrentPassport	findStateBackwards(com.netflix.zuul.passport.PassportState)	state	0
com.netflix.zuul.passport.CurrentPassport	findStates(com.netflix.zuul.passport.PassportState)	state	0
com.netflix.zuul.passport.CurrentPassport	findTimes(com.netflix.zuul.passport.PassportState)	state	0
com.netflix.zuul.passport.CurrentPassport	parseFromToString(java.lang.String)	text	0
com.netflix.zuul.passport.CurrentPassport$MockTicker	setNow(long)	now	0
com.netflix.zuul.passport.CountingCurrentPassport	incrementStateCounter(com.netflix.zuul.passport.PassportState)	state	0
com.netflix.config.PatternListStringProperty	derive(java.lang.String)	value	0
