id	class	method	parent	flags	annotations	visibility	non-primitive-return	path
1	com.netflix.netty.common.Http2ConnectionExpiryHandler	Http2ConnectionExpiryHandler(int,int,int)	0	[false, false, false]		public	false	/home/nima/Developer/nullness-benchmarks/zuul/zuul-core/src/main/java/com/netflix/netty/common/Http2ConnectionExpiryHandler.java
2	com.netflix.netty.common.Http2ConnectionExpiryHandler	isResponseHeaders(java.lang.Object)	3	[false]	java.lang.Override	protected	false	/home/nima/Developer/nullness-benchmarks/zuul/zuul-core/src/main/java/com/netflix/netty/common/Http2ConnectionExpiryHandler.java
4	com.netflix.netty.common.AbstrHttpConnectionExpiryHandler	AbstrHttpConnectionExpiryHandler(com.netflix.netty.common.ConnectionCloseType,int,int,int)	0	[false, false, false, false]		public	false	/home/nima/Developer/nullness-benchmarks/zuul/zuul-core/src/main/java/com/netflix/netty/common/AbstrHttpConnectionExpiryHandler.java
5	com.netflix.netty.common.AbstrHttpConnectionExpiryHandler	write(io.netty.channel.ChannelHandlerContext,java.lang.Object,io.netty.channel.ChannelPromise)	6	[false, false, false]	java.lang.Override	public	false	/home/nima/Developer/nullness-benchmarks/zuul/zuul-core/src/main/java/com/netflix/netty/common/AbstrHttpConnectionExpiryHandler.java
7	com.netflix.netty.common.AbstrHttpConnectionExpiryHandler	isConnectionExpired(io.netty.channel.Channel)	0	[false]		protected	false	/home/nima/Developer/nullness-benchmarks/zuul/zuul-core/src/main/java/com/netflix/netty/common/AbstrHttpConnectionExpiryHandler.java
3	com.netflix.netty.common.AbstrHttpConnectionExpiryHandler	isResponseHeaders(java.lang.Object)	0	[false]		protected	false	/home/nima/Developer/nullness-benchmarks/zuul/zuul-core/src/main/java/com/netflix/netty/common/AbstrHttpConnectionExpiryHandler.java
8	com.netflix.netty.common.AbstrHttpConnectionExpiryHandler	maxRequests(io.netty.channel.Channel)	0	[false]		protected	false	/home/nima/Developer/nullness-benchmarks/zuul/zuul-core/src/main/java/com/netflix/netty/common/AbstrHttpConnectionExpiryHandler.java
9	com.netflix.netty.common.ConnectionCloseType	fromChannel(io.netty.channel.Channel)	0	[false]		public	true	/home/nima/Developer/nullness-benchmarks/zuul/zuul-core/src/main/java/com/netflix/netty/common/ConnectionCloseType.java
10	com.netflix.netty.common.ConnectionCloseType	setForChannel(io.netty.channel.Channel,com.netflix.netty.common.ConnectionCloseType)	0	[false, false]		public	false	/home/nima/Developer/nullness-benchmarks/zuul/zuul-core/src/main/java/com/netflix/netty/common/ConnectionCloseType.java
11	com.netflix.netty.common.proxyprotocol.ElbProxyProtocolChannelHandler	ElbProxyProtocolChannelHandler(com.netflix.spectator.api.Registry,boolean)	0	[false, false]		public	false	/home/nima/Developer/nullness-benchmarks/zuul/zuul-core/src/main/java/com/netflix/netty/common/proxyprotocol/ElbProxyProtocolChannelHandler.java
12	com.netflix.netty.common.proxyprotocol.ElbProxyProtocolChannelHandler	addProxyProtocol(io.netty.channel.ChannelPipeline)	0	[false]		public	false	/home/nima/Developer/nullness-benchmarks/zuul/zuul-core/src/main/java/com/netflix/netty/common/proxyprotocol/ElbProxyProtocolChannelHandler.java
13	com.netflix.netty.common.proxyprotocol.ElbProxyProtocolChannelHandler	channelRead(io.netty.channel.ChannelHandlerContext,java.lang.Object)	14	[false, false]	java.lang.Override	public	false	/home/nima/Developer/nullness-benchmarks/zuul/zuul-core/src/main/java/com/netflix/netty/common/proxyprotocol/ElbProxyProtocolChannelHandler.java
15	com.netflix.netty.common.proxyprotocol.ElbProxyProtocolChannelHandler	isHAPMDetected(java.lang.Object)	0	[false]		private	false	/home/nima/Developer/nullness-benchmarks/zuul/zuul-core/src/main/java/com/netflix/netty/common/proxyprotocol/ElbProxyProtocolChannelHandler.java
16	com.netflix.netty.common.proxyprotocol.StripUntrustedProxyHeadersHandler	StripUntrustedProxyHeadersHandler(com.netflix.netty.common.proxyprotocol.StripUntrustedProxyHeadersHandler.AllowWhen)	0	[false]		public	false	/home/nima/Developer/nullness-benchmarks/zuul/zuul-core/src/main/java/com/netflix/netty/common/proxyprotocol/StripUntrustedProxyHeadersHandler.java
17	com.netflix.netty.common.proxyprotocol.StripUntrustedProxyHeadersHandler	channelRead(io.netty.channel.ChannelHandlerContext,java.lang.Object)	14	[false, false]	java.lang.Override	public	false	/home/nima/Developer/nullness-benchmarks/zuul/zuul-core/src/main/java/com/netflix/netty/common/proxyprotocol/StripUntrustedProxyHeadersHandler.java
18	com.netflix.netty.common.proxyprotocol.StripUntrustedProxyHeadersHandler	connectionIsUsingMutualSSLWithAuthEnforced(io.netty.channel.Channel)	0	[false]	com.google.common.annotations.VisibleForTesting	package	false	/home/nima/Developer/nullness-benchmarks/zuul/zuul-core/src/main/java/com/netflix/netty/common/proxyprotocol/StripUntrustedProxyHeadersHandler.java
19	com.netflix.netty.common.proxyprotocol.StripUntrustedProxyHeadersHandler	stripXFFHeaders(io.netty.handler.codec.http.HttpRequest)	0	[false]	com.google.common.annotations.VisibleForTesting	package	false	/home/nima/Developer/nullness-benchmarks/zuul/zuul-core/src/main/java/com/netflix/netty/common/proxyprotocol/StripUntrustedProxyHeadersHandler.java
20	com.netflix.netty.common.proxyprotocol.StripUntrustedProxyHeadersHandler	checkBlacklist(io.netty.handler.codec.http.HttpRequest,java.util.List)	0	[false, false]	com.google.common.annotations.VisibleForTesting	package	false	/home/nima/Developer/nullness-benchmarks/zuul/zuul-core/src/main/java/com/netflix/netty/common/proxyprotocol/StripUntrustedProxyHeadersHandler.java
21	com.netflix.netty.common.proxyprotocol.HAProxyMessageChannelHandler	channelRead(io.netty.channel.ChannelHandlerContext,java.lang.Object)	14	[false, false]	java.lang.Override	public	false	/home/nima/Developer/nullness-benchmarks/zuul/zuul-core/src/main/java/com/netflix/netty/common/proxyprotocol/HAProxyMessageChannelHandler.java
22	com.netflix.zuul.Attrs	newKey(java.lang.String)	0	[false]		public	true	/home/nima/Developer/nullness-benchmarks/zuul/zuul-core/src/main/java/com/netflix/zuul/Attrs.java
23	com.netflix.zuul.Attrs$Key	get(com.netflix.zuul.Attrs)	0	[false]	java.lang.SuppressWarnings	public	true	/home/nima/Developer/nullness-benchmarks/zuul/zuul-core/src/main/java/com/netflix/zuul/Attrs.java
24	com.netflix.zuul.Attrs$Key	getOrDefault(com.netflix.zuul.Attrs,T)	0	[false, false]	java.lang.SuppressWarnings	public	true	/home/nima/Developer/nullness-benchmarks/zuul/zuul-core/src/main/java/com/netflix/zuul/Attrs.java
25	com.netflix.zuul.Attrs$Key	put(com.netflix.zuul.Attrs,T)	0	[false, false]		public	false	/home/nima/Developer/nullness-benchmarks/zuul/zuul-core/src/main/java/com/netflix/zuul/Attrs.java
26	com.netflix.zuul.Attrs$Key	name()	0	[]		public	true	/home/nima/Developer/nullness-benchmarks/zuul/zuul-core/src/main/java/com/netflix/zuul/Attrs.java
27	com.netflix.zuul.Attrs$Key	Key(java.lang.String)	0	[false]		private	false	/home/nima/Developer/nullness-benchmarks/zuul/zuul-core/src/main/java/com/netflix/zuul/Attrs.java
28	com.netflix.zuul.Attrs$Key	toString()	29	[]	java.lang.Override	public	true	/home/nima/Developer/nullness-benchmarks/zuul/zuul-core/src/main/java/com/netflix/zuul/Attrs.java
30	com.netflix.zuul.Attrs	Attrs()	0	[]		private	false	/home/nima/Developer/nullness-benchmarks/zuul/zuul-core/src/main/java/com/netflix/zuul/Attrs.java
31	com.netflix.zuul.Attrs	newInstance()	0	[]		public	true	/home/nima/Developer/nullness-benchmarks/zuul/zuul-core/src/main/java/com/netflix/zuul/Attrs.java
32	com.netflix.zuul.Attrs	keySet()	0	[]		public	true	/home/nima/Developer/nullness-benchmarks/zuul/zuul-core/src/main/java/com/netflix/zuul/Attrs.java
33	com.netflix.zuul.Attrs	forEach(java.util.function.BiConsumer)	0	[false]		public	false	/home/nima/Developer/nullness-benchmarks/zuul/zuul-core/src/main/java/com/netflix/zuul/Attrs.java
34	com.netflix.zuul.Attrs	size()	0	[]		public	false	/home/nima/Developer/nullness-benchmarks/zuul/zuul-core/src/main/java/com/netflix/zuul/Attrs.java
35	com.netflix.zuul.Attrs	toString()	29	[]	java.lang.Override	public	true	/home/nima/Developer/nullness-benchmarks/zuul/zuul-core/src/main/java/com/netflix/zuul/Attrs.java
36	com.netflix.zuul.Attrs	equals(java.lang.Object)	37	[false]	java.lang.Override,com.google.common.annotations.VisibleForTesting	public	false	/home/nima/Developer/nullness-benchmarks/zuul/zuul-core/src/main/java/com/netflix/zuul/Attrs.java
38	com.netflix.zuul.Attrs	hashCode()	39	[]	java.lang.Override,com.google.common.annotations.VisibleForTesting	public	false	/home/nima/Developer/nullness-benchmarks/zuul/zuul-core/src/main/java/com/netflix/zuul/Attrs.java
40	com.netflix.netty.common.CloseOnIdleStateHandler	CloseOnIdleStateHandler(com.netflix.spectator.api.Registry,java.lang.String)	0	[false, false]		public	false	/home/nima/Developer/nullness-benchmarks/zuul/zuul-core/src/main/java/com/netflix/netty/common/CloseOnIdleStateHandler.java
41	com.netflix.netty.common.CloseOnIdleStateHandler	userEventTriggered(io.netty.channel.ChannelHandlerContext,java.lang.Object)	42	[false, false]	java.lang.Override	public	false	/home/nima/Developer/nullness-benchmarks/zuul/zuul-core/src/main/java/com/netflix/netty/common/CloseOnIdleStateHandler.java
43	com.netflix.netty.common.LeastConnsEventLoopChooserFactory	LeastConnsEventLoopChooserFactory(com.netflix.netty.common.metrics.EventLoopGroupMetrics)	0	[false]		public	false	/home/nima/Developer/nullness-benchmarks/zuul/zuul-core/src/main/java/com/netflix/netty/common/LeastConnsEventLoopChooserFactory.java
44	com.netflix.netty.common.LeastConnsEventLoopChooserFactory	newChooser(io.netty.util.concurrent.EventExecutor[])	45	[false]	java.lang.Override	public	true	/home/nima/Developer/nullness-benchmarks/zuul/zuul-core/src/main/java/com/netflix/netty/common/LeastConnsEventLoopChooserFactory.java
46	com.netflix.netty.common.LeastConnsEventLoopChooserFactory$LeastConnsEventExecutorChooser	LeastConnsEventExecutorChooser(io.netty.util.concurrent.EventExecutor[],com.netflix.netty.common.metrics.EventLoopGroupMetrics)	0	[false, false]		public	false	/home/nima/Developer/nullness-benchmarks/zuul/zuul-core/src/main/java/com/netflix/netty/common/LeastConnsEventLoopChooserFactory.java
47	com.netflix.netty.common.LeastConnsEventLoopChooserFactory$LeastConnsEventExecutorChooser	next()	48	[]	java.lang.Override	public	true	/home/nima/Developer/nullness-benchmarks/zuul/zuul-core/src/main/java/com/netflix/netty/common/LeastConnsEventLoopChooserFactory.java
49	com.netflix.netty.common.LeastConnsEventLoopChooserFactory$LeastConnsEventExecutorChooser	chooseWithLeastConns()	0	[]		private	true	/home/nima/Developer/nullness-benchmarks/zuul/zuul-core/src/main/java/com/netflix/netty/common/LeastConnsEventLoopChooserFactory.java
50	com.netflix.netty.common.metrics.EventLoopGroupMetrics	EventLoopGroupMetrics(com.netflix.spectator.api.Registry)	0	[false]	javax.inject.Inject	public	false	/home/nima/Developer/nullness-benchmarks/zuul/zuul-core/src/main/java/com/netflix/netty/common/metrics/EventLoopGroupMetrics.java
51	com.netflix.netty.common.metrics.EventLoopGroupMetrics	connectionsPerEventLoop()	0	[]		public	true	/home/nima/Developer/nullness-benchmarks/zuul/zuul-core/src/main/java/com/netflix/netty/common/metrics/EventLoopGroupMetrics.java
52	com.netflix.netty.common.metrics.EventLoopGroupMetrics	httpRequestsPerEventLoop()	0	[]		public	true	/home/nima/Developer/nullness-benchmarks/zuul/zuul-core/src/main/java/com/netflix/netty/common/metrics/EventLoopGroupMetrics.java
53	com.netflix.netty.common.metrics.EventLoopGroupMetrics	getForCurrentEventLoop()	0	[]		public	true	/home/nima/Developer/nullness-benchmarks/zuul/zuul-core/src/main/java/com/netflix/netty/common/metrics/EventLoopGroupMetrics.java
54	com.netflix.netty.common.metrics.EventLoopGroupMetrics	nameForCurrentEventLoop()	0	[]		private	true	/home/nima/Developer/nullness-benchmarks/zuul/zuul-core/src/main/java/com/netflix/netty/common/metrics/EventLoopGroupMetrics.java
55	com.netflix.netty.common.metrics.EventLoopGroupMetrics$EventLoopInfo	currentConnectionsCount()	0	[]		public	false	/home/nima/Developer/nullness-benchmarks/zuul/zuul-core/src/main/java/com/netflix/netty/common/metrics/EventLoopGroupMetrics.java
56	com.netflix.netty.common.metrics.EventLoopGroupMetrics$EventLoopInfo	currentHttpRequestsCount()	0	[]		public	false	/home/nima/Developer/nullness-benchmarks/zuul/zuul-core/src/main/java/com/netflix/netty/common/metrics/EventLoopGroupMetrics.java
57	com.netflix.netty.common.metrics.EventLoopMetrics	EventLoopMetrics(com.netflix.spectator.api.Registry,java.lang.String)	0	[false, false]		public	false	/home/nima/Developer/nullness-benchmarks/zuul/zuul-core/src/main/java/com/netflix/netty/common/metrics/EventLoopMetrics.java
58	com.netflix.netty.common.metrics.EventLoopMetrics	currentConnectionsCount()	55	[]	java.lang.Override	public	false	/home/nima/Developer/nullness-benchmarks/zuul/zuul-core/src/main/java/com/netflix/netty/common/metrics/EventLoopMetrics.java
59	com.netflix.netty.common.metrics.EventLoopMetrics	currentHttpRequestsCount()	56	[]	java.lang.Override	public	false	/home/nima/Developer/nullness-benchmarks/zuul/zuul-core/src/main/java/com/netflix/netty/common/metrics/EventLoopMetrics.java
60	com.netflix.netty.common.metrics.EventLoopMetrics	incrementCurrentRequests()	0	[]		public	false	/home/nima/Developer/nullness-benchmarks/zuul/zuul-core/src/main/java/com/netflix/netty/common/metrics/EventLoopMetrics.java
61	com.netflix.netty.common.metrics.EventLoopMetrics	decrementCurrentRequests()	0	[]		public	false	/home/nima/Developer/nullness-benchmarks/zuul/zuul-core/src/main/java/com/netflix/netty/common/metrics/EventLoopMetrics.java
62	com.netflix.netty.common.metrics.EventLoopMetrics	incrementCurrentConnections()	0	[]		public	false	/home/nima/Developer/nullness-benchmarks/zuul/zuul-core/src/main/java/com/netflix/netty/common/metrics/EventLoopMetrics.java
63	com.netflix.netty.common.metrics.EventLoopMetrics	decrementCurrentConnections()	0	[]		public	false	/home/nima/Developer/nullness-benchmarks/zuul/zuul-core/src/main/java/com/netflix/netty/common/metrics/EventLoopMetrics.java
64	com.netflix.netty.common.metrics.EventLoopMetrics	updateGauge(com.netflix.spectator.api.Id,int)	0	[false, false]		private	false	/home/nima/Developer/nullness-benchmarks/zuul/zuul-core/src/main/java/com/netflix/netty/common/metrics/EventLoopMetrics.java
65	com.netflix.netty.common.ByteBufUtil	touch(io.netty.util.ReferenceCounted,java.lang.String,com.netflix.zuul.message.ZuulMessage)	0	[false, false, false]		public	false	/home/nima/Developer/nullness-benchmarks/zuul/zuul-core/src/main/java/com/netflix/netty/common/ByteBufUtil.java
66	com.netflix.netty.common.ByteBufUtil	touch(io.netty.util.ReferenceCounted,java.lang.String)	0	[false, false]		public	false	/home/nima/Developer/nullness-benchmarks/zuul/zuul-core/src/main/java/com/netflix/netty/common/ByteBufUtil.java
67	com.netflix.zuul.message.ZuulMessage	getContext()	0	[]		public	true	/home/nima/Developer/nullness-benchmarks/zuul/zuul-core/src/main/java/com/netflix/zuul/message/ZuulMessage.java
68	com.netflix.zuul.message.ZuulMessage	getHeaders()	0	[]		public	true	/home/nima/Developer/nullness-benchmarks/zuul/zuul-core/src/main/java/com/netflix/zuul/message/ZuulMessage.java
69	com.netflix.zuul.message.ZuulMessage	setHeaders(com.netflix.zuul.message.Headers)	0	[false]		public	false	/home/nima/Developer/nullness-benchmarks/zuul/zuul-core/src/main/java/com/netflix/zuul/message/ZuulMessage.java
70	com.netflix.zuul.message.ZuulMessage	hasBody()	0	[]		public	false	/home/nima/Developer/nullness-benchmarks/zuul/zuul-core/src/main/java/com/netflix/zuul/message/ZuulMessage.java
71	com.netflix.zuul.message.ZuulMessage	setHasBody(boolean)	0	[false]		public	false	/home/nima/Developer/nullness-benchmarks/zuul/zuul-core/src/main/java/com/netflix/zuul/message/ZuulMessage.java
72	com.netflix.zuul.message.ZuulMessage	getBody()	0	[]		public	true	/home/nima/Developer/nullness-benchmarks/zuul/zuul-core/src/main/java/com/netflix/zuul/message/ZuulMessage.java
73	com.netflix.zuul.message.ZuulMessage	getBodyLength()	0	[]		public	false	/home/nima/Developer/nullness-benchmarks/zuul/zuul-core/src/main/java/com/netflix/zuul/message/ZuulMessage.java
74	com.netflix.zuul.message.ZuulMessage	setBody(byte[])	0	[false]		public	false	/home/nima/Developer/nullness-benchmarks/zuul/zuul-core/src/main/java/com/netflix/zuul/message/ZuulMessage.java
75	com.netflix.zuul.message.ZuulMessage	setBodyAsText(java.lang.String)	0	[false]		public	false	/home/nima/Developer/nullness-benchmarks/zuul/zuul-core/src/main/java/com/netflix/zuul/message/ZuulMessage.java
76	com.netflix.zuul.message.ZuulMessage	bufferBodyContents(io.netty.handler.codec.http.HttpContent)	0	[false]		public	false	/home/nima/Developer/nullness-benchmarks/zuul/zuul-core/src/main/java/com/netflix/zuul/message/ZuulMessage.java
77	com.netflix.zuul.message.ZuulMessage	getBodyContents()	0	[]		public	true	/home/nima/Developer/nullness-benchmarks/zuul/zuul-core/src/main/java/com/netflix/zuul/message/ZuulMessage.java
78	com.netflix.zuul.message.ZuulMessage	finishBufferedBodyIfIncomplete()	0	[]		public	false	/home/nima/Developer/nullness-benchmarks/zuul/zuul-core/src/main/java/com/netflix/zuul/message/ZuulMessage.java
79	com.netflix.zuul.message.ZuulMessage	hasCompleteBody()	0	[]		public	false	/home/nima/Developer/nullness-benchmarks/zuul/zuul-core/src/main/java/com/netflix/zuul/message/ZuulMessage.java
80	com.netflix.zuul.message.ZuulMessage	runBufferedBodyContentThroughFilter(com.netflix.zuul.filters.ZuulFilter)	0	[false]		public	false	/home/nima/Developer/nullness-benchmarks/zuul/zuul-core/src/main/java/com/netflix/zuul/message/ZuulMessage.java
81	com.netflix.zuul.message.ZuulMessage	disposeBufferedBody()	0	[]		public	false	/home/nima/Developer/nullness-benchmarks/zuul/zuul-core/src/main/java/com/netflix/zuul/message/ZuulMessage.java
82	com.netflix.zuul.message.ZuulMessage	getBodyAsText()	0	[]		public	true	/home/nima/Developer/nullness-benchmarks/zuul/zuul-core/src/main/java/com/netflix/zuul/message/ZuulMessage.java
83	com.netflix.zuul.message.ZuulMessage	resetBodyReader()	0	[]		public	false	/home/nima/Developer/nullness-benchmarks/zuul/zuul-core/src/main/java/com/netflix/zuul/message/ZuulMessage.java
84	com.netflix.zuul.message.ZuulMessage	getMaxBodySize()	0	[]		public	false	/home/nima/Developer/nullness-benchmarks/zuul/zuul-core/src/main/java/com/netflix/zuul/message/ZuulMessage.java
85	com.netflix.zuul.message.ZuulMessage	clone()	0	[]		public	true	/home/nima/Developer/nullness-benchmarks/zuul/zuul-core/src/main/java/com/netflix/zuul/message/ZuulMessage.java
86	com.netflix.zuul.message.ZuulMessage	getInfoForLogging()	0	[]		public	true	/home/nima/Developer/nullness-benchmarks/zuul/zuul-core/src/main/java/com/netflix/zuul/message/ZuulMessage.java
87	com.netflix.zuul.context.SessionContext$Key	Key(java.lang.String)	0	[false]		private	false	/home/nima/Developer/nullness-benchmarks/zuul/zuul-core/src/main/java/com/netflix/zuul/context/SessionContext.java
88	com.netflix.zuul.context.SessionContext$Key	toString()	29	[]	java.lang.Override	public	true	/home/nima/Developer/nullness-benchmarks/zuul/zuul-core/src/main/java/com/netflix/zuul/context/SessionContext.java
89	com.netflix.zuul.context.SessionContext$Key	name()	0	[]		public	true	/home/nima/Developer/nullness-benchmarks/zuul/zuul-core/src/main/java/com/netflix/zuul/context/SessionContext.java
90	com.netflix.zuul.context.SessionContext$Key	equals(java.lang.Object)	37	[false]	java.lang.Override	public	false	/home/nima/Developer/nullness-benchmarks/zuul/zuul-core/src/main/java/com/netflix/zuul/context/SessionContext.java
91	com.netflix.zuul.context.SessionContext$Key	hashCode()	39	[]	java.lang.Override	public	false	/home/nima/Developer/nullness-benchmarks/zuul/zuul-core/src/main/java/com/netflix/zuul/context/SessionContext.java
92	com.netflix.zuul.context.SessionContext	SessionContext()	0	[]		public	false	/home/nima/Developer/nullness-benchmarks/zuul/zuul-core/src/main/java/com/netflix/zuul/context/SessionContext.java
93	com.netflix.zuul.context.SessionContext	newKey(java.lang.String)	0	[false]		public	true	/home/nima/Developer/nullness-benchmarks/zuul/zuul-core/src/main/java/com/netflix/zuul/context/SessionContext.java
94	com.netflix.zuul.context.SessionContext	get(java.lang.Object)	95	[false]	java.lang.Override	public	true	/home/nima/Developer/nullness-benchmarks/zuul/zuul-core/src/main/java/com/netflix/zuul/context/SessionContext.java
96	com.netflix.zuul.context.SessionContext	get(com.netflix.zuul.context.SessionContext.Key)	0	[false]	java.lang.SuppressWarnings	public	true	/home/nima/Developer/nullness-benchmarks/zuul/zuul-core/src/main/java/com/netflix/zuul/context/SessionContext.java
97	com.netflix.zuul.context.SessionContext	getOrDefault(com.netflix.zuul.context.SessionContext.Key,T)	0	[false, false]	java.lang.SuppressWarnings	public	true	/home/nima/Developer/nullness-benchmarks/zuul/zuul-core/src/main/java/com/netflix/zuul/context/SessionContext.java
98	com.netflix.zuul.context.SessionContext	put(java.lang.String,java.lang.Object)	99	[false, false]	java.lang.Override	public	true	/home/nima/Developer/nullness-benchmarks/zuul/zuul-core/src/main/java/com/netflix/zuul/context/SessionContext.java
100	com.netflix.zuul.context.SessionContext	put(com.netflix.zuul.context.SessionContext.Key,T)	0	[false, false]	com.google.errorprone.annotations.CanIgnoreReturnValue	public	true	/home/nima/Developer/nullness-benchmarks/zuul/zuul-core/src/main/java/com/netflix/zuul/context/SessionContext.java
101	com.netflix.zuul.context.SessionContext	remove(java.lang.Object,java.lang.Object)	102	[false, false]	java.lang.Override	public	false	/home/nima/Developer/nullness-benchmarks/zuul/zuul-core/src/main/java/com/netflix/zuul/context/SessionContext.java
103	com.netflix.zuul.context.SessionContext	remove(com.netflix.zuul.context.SessionContext.Key,T)	0	[false, false]		public	false	/home/nima/Developer/nullness-benchmarks/zuul/zuul-core/src/main/java/com/netflix/zuul/context/SessionContext.java
104	com.netflix.zuul.context.SessionContext	remove(java.lang.Object)	105	[false]	java.lang.Override	public	true	/home/nima/Developer/nullness-benchmarks/zuul/zuul-core/src/main/java/com/netflix/zuul/context/SessionContext.java
106	com.netflix.zuul.context.SessionContext	remove(com.netflix.zuul.context.SessionContext.Key)	0	[false]		public	true	/home/nima/Developer/nullness-benchmarks/zuul/zuul-core/src/main/java/com/netflix/zuul/context/SessionContext.java
107	com.netflix.zuul.context.SessionContext	keys()	0	[]		public	true	/home/nima/Developer/nullness-benchmarks/zuul/zuul-core/src/main/java/com/netflix/zuul/context/SessionContext.java
108	com.netflix.zuul.context.SessionContext	clone()	109	[]	java.lang.Override	public	true	/home/nima/Developer/nullness-benchmarks/zuul/zuul-core/src/main/java/com/netflix/zuul/context/SessionContext.java
110	com.netflix.zuul.context.SessionContext	getString(java.lang.String)	0	[false]		public	true	/home/nima/Developer/nullness-benchmarks/zuul/zuul-core/src/main/java/com/netflix/zuul/context/SessionContext.java
111	com.netflix.zuul.context.SessionContext	getBoolean(java.lang.String)	0	[false]		public	false	/home/nima/Developer/nullness-benchmarks/zuul/zuul-core/src/main/java/com/netflix/zuul/context/SessionContext.java
112	com.netflix.zuul.context.SessionContext	getBoolean(java.lang.String,boolean)	0	[false, false]		public	false	/home/nima/Developer/nullness-benchmarks/zuul/zuul-core/src/main/java/com/netflix/zuul/context/SessionContext.java
113	com.netflix.zuul.context.SessionContext	set(java.lang.String)	0	[false]		public	false	/home/nima/Developer/nullness-benchmarks/zuul/zuul-core/src/main/java/com/netflix/zuul/context/SessionContext.java
114	com.netflix.zuul.context.SessionContext	set(java.lang.String,java.lang.Object)	0	[false, false]		public	false	/home/nima/Developer/nullness-benchmarks/zuul/zuul-core/src/main/java/com/netflix/zuul/context/SessionContext.java
115	com.netflix.zuul.context.SessionContext	getUUID()	0	[]		public	true	/home/nima/Developer/nullness-benchmarks/zuul/zuul-core/src/main/java/com/netflix/zuul/context/SessionContext.java
116	com.netflix.zuul.context.SessionContext	setUUID(java.lang.String)	0	[false]		public	false	/home/nima/Developer/nullness-benchmarks/zuul/zuul-core/src/main/java/com/netflix/zuul/context/SessionContext.java
117	com.netflix.zuul.context.SessionContext	setStaticResponse(com.netflix.zuul.message.http.HttpResponseMessage)	0	[false]		public	false	/home/nima/Developer/nullness-benchmarks/zuul/zuul-core/src/main/java/com/netflix/zuul/context/SessionContext.java
118	com.netflix.zuul.context.SessionContext	getStaticResponse()	0	[]		public	true	/home/nima/Developer/nullness-benchmarks/zuul/zuul-core/src/main/java/com/netflix/zuul/context/SessionContext.java
119	com.netflix.zuul.context.SessionContext	getError()	0	[]		public	true	/home/nima/Developer/nullness-benchmarks/zuul/zuul-core/src/main/java/com/netflix/zuul/context/SessionContext.java
120	com.netflix.zuul.context.SessionContext	setError(java.lang.Throwable)	0	[false]		public	false	/home/nima/Developer/nullness-benchmarks/zuul/zuul-core/src/main/java/com/netflix/zuul/context/SessionContext.java
121	com.netflix.zuul.context.SessionContext	getErrorEndpoint()	0	[]		public	true	/home/nima/Developer/nullness-benchmarks/zuul/zuul-core/src/main/java/com/netflix/zuul/context/SessionContext.java
122	com.netflix.zuul.context.SessionContext	setErrorEndpoint(java.lang.String)	0	[false]		public	false	/home/nima/Developer/nullness-benchmarks/zuul/zuul-core/src/main/java/com/netflix/zuul/context/SessionContext.java
123	com.netflix.zuul.context.SessionContext	setDebugRouting(boolean)	0	[false]		public	false	/home/nima/Developer/nullness-benchmarks/zuul/zuul-core/src/main/java/com/netflix/zuul/context/SessionContext.java
124	com.netflix.zuul.context.SessionContext	debugRouting()	0	[]		public	false	/home/nima/Developer/nullness-benchmarks/zuul/zuul-core/src/main/java/com/netflix/zuul/context/SessionContext.java
125	com.netflix.zuul.context.SessionContext	setDebugRequestHeadersOnly(boolean)	0	[false]		public	false	/home/nima/Developer/nullness-benchmarks/zuul/zuul-core/src/main/java/com/netflix/zuul/context/SessionContext.java
126	com.netflix.zuul.context.SessionContext	debugRequestHeadersOnly()	0	[]		public	false	/home/nima/Developer/nullness-benchmarks/zuul/zuul-core/src/main/java/com/netflix/zuul/context/SessionContext.java
127	com.netflix.zuul.context.SessionContext	setDebugRequest(boolean)	0	[false]		public	false	/home/nima/Developer/nullness-benchmarks/zuul/zuul-core/src/main/java/com/netflix/zuul/context/SessionContext.java
128	com.netflix.zuul.context.SessionContext	debugRequest()	0	[]		public	false	/home/nima/Developer/nullness-benchmarks/zuul/zuul-core/src/main/java/com/netflix/zuul/context/SessionContext.java
129	com.netflix.zuul.context.SessionContext	removeRouteHost()	0	[]		public	false	/home/nima/Developer/nullness-benchmarks/zuul/zuul-core/src/main/java/com/netflix/zuul/context/SessionContext.java
130	com.netflix.zuul.context.SessionContext	setRouteHost(java.net.URL)	0	[false]		public	false	/home/nima/Developer/nullness-benchmarks/zuul/zuul-core/src/main/java/com/netflix/zuul/context/SessionContext.java
131	com.netflix.zuul.context.SessionContext	getRouteHost()	0	[]		public	true	/home/nima/Developer/nullness-benchmarks/zuul/zuul-core/src/main/java/com/netflix/zuul/context/SessionContext.java
132	com.netflix.zuul.context.SessionContext	addFilterExecutionSummary(java.lang.String,java.lang.String,long)	0	[false, false, false]		public	false	/home/nima/Developer/nullness-benchmarks/zuul/zuul-core/src/main/java/com/netflix/zuul/context/SessionContext.java
133	com.netflix.zuul.context.SessionContext	getFilterExecutionSummary()	0	[]		public	true	/home/nima/Developer/nullness-benchmarks/zuul/zuul-core/src/main/java/com/netflix/zuul/context/SessionContext.java
134	com.netflix.zuul.context.SessionContext	shouldSendErrorResponse()	0	[]		public	false	/home/nima/Developer/nullness-benchmarks/zuul/zuul-core/src/main/java/com/netflix/zuul/context/SessionContext.java
135	com.netflix.zuul.context.SessionContext	setShouldSendErrorResponse(boolean)	0	[false]		public	false	/home/nima/Developer/nullness-benchmarks/zuul/zuul-core/src/main/java/com/netflix/zuul/context/SessionContext.java
136	com.netflix.zuul.context.SessionContext	errorResponseSent()	0	[]		public	false	/home/nima/Developer/nullness-benchmarks/zuul/zuul-core/src/main/java/com/netflix/zuul/context/SessionContext.java
137	com.netflix.zuul.context.SessionContext	setErrorResponseSent(boolean)	0	[false]		public	false	/home/nima/Developer/nullness-benchmarks/zuul/zuul-core/src/main/java/com/netflix/zuul/context/SessionContext.java
138	com.netflix.zuul.context.SessionContext	isInBrownoutMode()	0	[]		public	false	/home/nima/Developer/nullness-benchmarks/zuul/zuul-core/src/main/java/com/netflix/zuul/context/SessionContext.java
139	com.netflix.zuul.context.SessionContext	setInBrownoutMode()	0	[]		public	false	/home/nima/Developer/nullness-benchmarks/zuul/zuul-core/src/main/java/com/netflix/zuul/context/SessionContext.java
140	com.netflix.zuul.context.SessionContext	stopFilterProcessing()	0	[]		public	false	/home/nima/Developer/nullness-benchmarks/zuul/zuul-core/src/main/java/com/netflix/zuul/context/SessionContext.java
141	com.netflix.zuul.context.SessionContext	shouldStopFilterProcessing()	0	[]		public	false	/home/nima/Developer/nullness-benchmarks/zuul/zuul-core/src/main/java/com/netflix/zuul/context/SessionContext.java
142	com.netflix.zuul.context.SessionContext	getRouteVIP()	0	[]		public	true	/home/nima/Developer/nullness-benchmarks/zuul/zuul-core/src/main/java/com/netflix/zuul/context/SessionContext.java
143	com.netflix.zuul.context.SessionContext	setRouteVIP(java.lang.String)	0	[false]		public	false	/home/nima/Developer/nullness-benchmarks/zuul/zuul-core/src/main/java/com/netflix/zuul/context/SessionContext.java
144	com.netflix.zuul.context.SessionContext	setEndpoint(java.lang.String)	0	[false]		public	false	/home/nima/Developer/nullness-benchmarks/zuul/zuul-core/src/main/java/com/netflix/zuul/context/SessionContext.java
145	com.netflix.zuul.context.SessionContext	getEndpoint()	0	[]		public	true	/home/nima/Developer/nullness-benchmarks/zuul/zuul-core/src/main/java/com/netflix/zuul/context/SessionContext.java
146	com.netflix.zuul.context.SessionContext	setEventProperty(java.lang.String,java.lang.Object)	0	[false, false]		public	false	/home/nima/Developer/nullness-benchmarks/zuul/zuul-core/src/main/java/com/netflix/zuul/context/SessionContext.java
147	com.netflix.zuul.context.SessionContext	getEventProperties()	0	[]		public	true	/home/nima/Developer/nullness-benchmarks/zuul/zuul-core/src/main/java/com/netflix/zuul/context/SessionContext.java
148	com.netflix.zuul.context.SessionContext	getFilterErrors()	0	[]		public	true	/home/nima/Developer/nullness-benchmarks/zuul/zuul-core/src/main/java/com/netflix/zuul/context/SessionContext.java
149	com.netflix.zuul.context.SessionContext	setOriginReportedDuration(int)	0	[false]		public	false	/home/nima/Developer/nullness-benchmarks/zuul/zuul-core/src/main/java/com/netflix/zuul/context/SessionContext.java
150	com.netflix.zuul.context.SessionContext	getOriginReportedDuration()	0	[]		public	false	/home/nima/Developer/nullness-benchmarks/zuul/zuul-core/src/main/java/com/netflix/zuul/context/SessionContext.java
151	com.netflix.zuul.context.SessionContext	isCancelled()	0	[]		public	false	/home/nima/Developer/nullness-benchmarks/zuul/zuul-core/src/main/java/com/netflix/zuul/context/SessionContext.java
152	com.netflix.zuul.context.SessionContext	cancel()	0	[]		public	false	/home/nima/Developer/nullness-benchmarks/zuul/zuul-core/src/main/java/com/netflix/zuul/context/SessionContext.java
153	com.netflix.zuul.message.Headers	copyOf(com.netflix.zuul.message.Headers)	0	[false]		public	true	/home/nima/Developer/nullness-benchmarks/zuul/zuul-core/src/main/java/com/netflix/zuul/message/Headers.java
154	com.netflix.zuul.message.Headers	Headers()	0	[]		public	false	/home/nima/Developer/nullness-benchmarks/zuul/zuul-core/src/main/java/com/netflix/zuul/message/Headers.java
155	com.netflix.zuul.message.Headers	Headers(com.netflix.zuul.message.Headers)	0	[false]		private	false	/home/nima/Developer/nullness-benchmarks/zuul/zuul-core/src/main/java/com/netflix/zuul/message/Headers.java
156	com.netflix.zuul.message.Headers	getFirst(java.lang.String)	0	[false]		public	true	/home/nima/Developer/nullness-benchmarks/zuul/zuul-core/src/main/java/com/netflix/zuul/message/Headers.java
157	com.netflix.zuul.message.Headers	getFirst(com.netflix.zuul.message.HeaderName)	0	[false]		public	true	/home/nima/Developer/nullness-benchmarks/zuul/zuul-core/src/main/java/com/netflix/zuul/message/Headers.java
158	com.netflix.zuul.message.Headers	getFirstNormal(java.lang.String)	0	[false]		private	true	/home/nima/Developer/nullness-benchmarks/zuul/zuul-core/src/main/java/com/netflix/zuul/message/Headers.java
159	com.netflix.zuul.message.Headers	getFirst(java.lang.String,java.lang.String)	0	[false, false]		public	true	/home/nima/Developer/nullness-benchmarks/zuul/zuul-core/src/main/java/com/netflix/zuul/message/Headers.java
160	com.netflix.zuul.message.Headers	getFirst(com.netflix.zuul.message.HeaderName,java.lang.String)	0	[false, false]		public	true	/home/nima/Developer/nullness-benchmarks/zuul/zuul-core/src/main/java/com/netflix/zuul/message/Headers.java
161	com.netflix.zuul.message.Headers	getAll(java.lang.String)	0	[false]		public	true	/home/nima/Developer/nullness-benchmarks/zuul/zuul-core/src/main/java/com/netflix/zuul/message/Headers.java
162	com.netflix.zuul.message.Headers	getAll(com.netflix.zuul.message.HeaderName)	0	[false]		public	true	/home/nima/Developer/nullness-benchmarks/zuul/zuul-core/src/main/java/com/netflix/zuul/message/Headers.java
163	com.netflix.zuul.message.Headers	getAllNormal(java.lang.String)	0	[false]		private	true	/home/nima/Developer/nullness-benchmarks/zuul/zuul-core/src/main/java/com/netflix/zuul/message/Headers.java
164	com.netflix.zuul.message.Headers	forEachNormalised(java.util.function.BiConsumer)	0	[false]		public	false	/home/nima/Developer/nullness-benchmarks/zuul/zuul-core/src/main/java/com/netflix/zuul/message/Headers.java
165	com.netflix.zuul.message.Headers	set(java.lang.String,java.lang.String)	0	[false, false]		public	false	/home/nima/Developer/nullness-benchmarks/zuul/zuul-core/src/main/java/com/netflix/zuul/message/Headers.java
166	com.netflix.zuul.message.Headers	set(com.netflix.zuul.message.HeaderName,java.lang.String)	0	[false, false]		public	false	/home/nima/Developer/nullness-benchmarks/zuul/zuul-core/src/main/java/com/netflix/zuul/message/Headers.java
167	com.netflix.zuul.message.Headers	setAndValidate(java.lang.String,java.lang.String)	0	[false, false]		public	false	/home/nima/Developer/nullness-benchmarks/zuul/zuul-core/src/main/java/com/netflix/zuul/message/Headers.java
168	com.netflix.zuul.message.Headers	setIfValid(com.netflix.zuul.message.HeaderName,java.lang.String)	0	[false, false]		public	false	/home/nima/Developer/nullness-benchmarks/zuul/zuul-core/src/main/java/com/netflix/zuul/message/Headers.java
169	com.netflix.zuul.message.Headers	setIfValid(java.lang.String,java.lang.String)	0	[false, false]		public	false	/home/nima/Developer/nullness-benchmarks/zuul/zuul-core/src/main/java/com/netflix/zuul/message/Headers.java
170	com.netflix.zuul.message.Headers	setAndValidate(com.netflix.zuul.message.HeaderName,java.lang.String)	0	[false, false]		public	false	/home/nima/Developer/nullness-benchmarks/zuul/zuul-core/src/main/java/com/netflix/zuul/message/Headers.java
171	com.netflix.zuul.message.Headers	setNormal(java.lang.String,java.lang.String,java.lang.String)	0	[false, false, false]		private	false	/home/nima/Developer/nullness-benchmarks/zuul/zuul-core/src/main/java/com/netflix/zuul/message/Headers.java
172	com.netflix.zuul.message.Headers	findNormal(java.lang.String)	0	[false]		private	false	/home/nima/Developer/nullness-benchmarks/zuul/zuul-core/src/main/java/com/netflix/zuul/message/Headers.java
173	com.netflix.zuul.message.Headers	clearMatchingStartingAt(int,java.lang.String,java.util.Collection)	0	[false, false, false]		private	false	/home/nima/Developer/nullness-benchmarks/zuul/zuul-core/src/main/java/com/netflix/zuul/message/Headers.java
174	com.netflix.zuul.message.Headers	setIfAbsent(java.lang.String,java.lang.String)	0	[false, false]		public	false	/home/nima/Developer/nullness-benchmarks/zuul/zuul-core/src/main/java/com/netflix/zuul/message/Headers.java
175	com.netflix.zuul.message.Headers	setIfAbsent(com.netflix.zuul.message.HeaderName,java.lang.String)	0	[false, false]		public	false	/home/nima/Developer/nullness-benchmarks/zuul/zuul-core/src/main/java/com/netflix/zuul/message/Headers.java
176	com.netflix.zuul.message.Headers	setIfAbsentNormal(java.lang.String,java.lang.String,java.lang.String)	0	[false, false, false]		private	false	/home/nima/Developer/nullness-benchmarks/zuul/zuul-core/src/main/java/com/netflix/zuul/message/Headers.java
177	com.netflix.zuul.message.Headers	setIfAbsentAndValid(java.lang.String,java.lang.String)	0	[false, false]		public	false	/home/nima/Developer/nullness-benchmarks/zuul/zuul-core/src/main/java/com/netflix/zuul/message/Headers.java
178	com.netflix.zuul.message.Headers	setIfAbsentAndValid(com.netflix.zuul.message.HeaderName,java.lang.String)	0	[false, false]		public	false	/home/nima/Developer/nullness-benchmarks/zuul/zuul-core/src/main/java/com/netflix/zuul/message/Headers.java
179	com.netflix.zuul.message.Headers	add(java.lang.String,java.lang.String)	0	[false, false]		public	false	/home/nima/Developer/nullness-benchmarks/zuul/zuul-core/src/main/java/com/netflix/zuul/message/Headers.java
180	com.netflix.zuul.message.Headers	add(com.netflix.zuul.message.HeaderName,java.lang.String)	0	[false, false]		public	false	/home/nima/Developer/nullness-benchmarks/zuul/zuul-core/src/main/java/com/netflix/zuul/message/Headers.java
181	com.netflix.zuul.message.Headers	addAndValidate(java.lang.String,java.lang.String)	0	[false, false]		public	false	/home/nima/Developer/nullness-benchmarks/zuul/zuul-core/src/main/java/com/netflix/zuul/message/Headers.java
182	com.netflix.zuul.message.Headers	addAndValidate(com.netflix.zuul.message.HeaderName,java.lang.String)	0	[false, false]		public	false	/home/nima/Developer/nullness-benchmarks/zuul/zuul-core/src/main/java/com/netflix/zuul/message/Headers.java
183	com.netflix.zuul.message.Headers	addIfValid(java.lang.String,java.lang.String)	0	[false, false]		public	false	/home/nima/Developer/nullness-benchmarks/zuul/zuul-core/src/main/java/com/netflix/zuul/message/Headers.java
184	com.netflix.zuul.message.Headers	addIfValid(com.netflix.zuul.message.HeaderName,java.lang.String)	0	[false, false]		public	false	/home/nima/Developer/nullness-benchmarks/zuul/zuul-core/src/main/java/com/netflix/zuul/message/Headers.java
185	com.netflix.zuul.message.Headers	putAll(com.netflix.zuul.message.Headers)	0	[false]		public	false	/home/nima/Developer/nullness-benchmarks/zuul/zuul-core/src/main/java/com/netflix/zuul/message/Headers.java
186	com.netflix.zuul.message.Headers	remove(java.lang.String)	0	[false]		public	true	/home/nima/Developer/nullness-benchmarks/zuul/zuul-core/src/main/java/com/netflix/zuul/message/Headers.java
187	com.netflix.zuul.message.Headers	remove(com.netflix.zuul.message.HeaderName)	0	[false]		public	true	/home/nima/Developer/nullness-benchmarks/zuul/zuul-core/src/main/java/com/netflix/zuul/message/Headers.java
188	com.netflix.zuul.message.Headers	removeNormal(java.lang.String)	0	[false]		private	true	/home/nima/Developer/nullness-benchmarks/zuul/zuul-core/src/main/java/com/netflix/zuul/message/Headers.java
189	com.netflix.zuul.message.Headers	removeIf(java.util.function.Predicate)	0	[false]		public	false	/home/nima/Developer/nullness-benchmarks/zuul/zuul-core/src/main/java/com/netflix/zuul/message/Headers.java
190	com.netflix.zuul.message.Headers	entries()	0	[]		public	true	/home/nima/Developer/nullness-benchmarks/zuul/zuul-core/src/main/java/com/netflix/zuul/message/Headers.java
191	com.netflix.zuul.message.Headers	keySet()	0	[]		public	true	/home/nima/Developer/nullness-benchmarks/zuul/zuul-core/src/main/java/com/netflix/zuul/message/Headers.java
192	com.netflix.zuul.message.Headers	contains(java.lang.String)	0	[false]		public	false	/home/nima/Developer/nullness-benchmarks/zuul/zuul-core/src/main/java/com/netflix/zuul/message/Headers.java
193	com.netflix.zuul.message.Headers	contains(com.netflix.zuul.message.HeaderName)	0	[false]		public	false	/home/nima/Developer/nullness-benchmarks/zuul/zuul-core/src/main/java/com/netflix/zuul/message/Headers.java
194	com.netflix.zuul.message.Headers	contains(java.lang.String,java.lang.String)	0	[false, false]		public	false	/home/nima/Developer/nullness-benchmarks/zuul/zuul-core/src/main/java/com/netflix/zuul/message/Headers.java
195	com.netflix.zuul.message.Headers	contains(com.netflix.zuul.message.HeaderName,java.lang.String)	0	[false, false]		public	false	/home/nima/Developer/nullness-benchmarks/zuul/zuul-core/src/main/java/com/netflix/zuul/message/Headers.java
196	com.netflix.zuul.message.Headers	containsNormal(java.lang.String,java.lang.String)	0	[false, false]		private	false	/home/nima/Developer/nullness-benchmarks/zuul/zuul-core/src/main/java/com/netflix/zuul/message/Headers.java
197	com.netflix.zuul.message.Headers	size()	0	[]		public	false	/home/nima/Developer/nullness-benchmarks/zuul/zuul-core/src/main/java/com/netflix/zuul/message/Headers.java
198	com.netflix.zuul.message.Headers	hashCode()	39	[]	java.lang.Override,com.google.common.annotations.VisibleForTesting	public	false	/home/nima/Developer/nullness-benchmarks/zuul/zuul-core/src/main/java/com/netflix/zuul/message/Headers.java
199	com.netflix.zuul.message.Headers	equals(java.lang.Object)	37	[false]	java.lang.Override,com.google.common.annotations.VisibleForTesting	public	false	/home/nima/Developer/nullness-benchmarks/zuul/zuul-core/src/main/java/com/netflix/zuul/message/Headers.java
200	com.netflix.zuul.message.Headers	asMap()	0	[]		private	true	/home/nima/Developer/nullness-benchmarks/zuul/zuul-core/src/main/java/com/netflix/zuul/message/Headers.java
201	com.netflix.zuul.message.Headers	toString()	29	[]	java.lang.Override	public	true	/home/nima/Developer/nullness-benchmarks/zuul/zuul-core/src/main/java/com/netflix/zuul/message/Headers.java
202	com.netflix.zuul.message.Headers	originalName(int)	0	[false]		private	true	/home/nima/Developer/nullness-benchmarks/zuul/zuul-core/src/main/java/com/netflix/zuul/message/Headers.java
203	com.netflix.zuul.message.Headers	originalName(int,java.lang.String)	0	[false, false]		private	false	/home/nima/Developer/nullness-benchmarks/zuul/zuul-core/src/main/java/com/netflix/zuul/message/Headers.java
204	com.netflix.zuul.message.Headers	name(int)	0	[false]		private	true	/home/nima/Developer/nullness-benchmarks/zuul/zuul-core/src/main/java/com/netflix/zuul/message/Headers.java
205	com.netflix.zuul.message.Headers	name(int,java.lang.String)	0	[false, false]		private	false	/home/nima/Developer/nullness-benchmarks/zuul/zuul-core/src/main/java/com/netflix/zuul/message/Headers.java
206	com.netflix.zuul.message.Headers	value(int)	0	[false]		private	true	/home/nima/Developer/nullness-benchmarks/zuul/zuul-core/src/main/java/com/netflix/zuul/message/Headers.java
207	com.netflix.zuul.message.Headers	value(int,java.lang.String)	0	[false, false]		private	false	/home/nima/Developer/nullness-benchmarks/zuul/zuul-core/src/main/java/com/netflix/zuul/message/Headers.java
208	com.netflix.zuul.message.Headers	addNormal(java.lang.String,java.lang.String,java.lang.String)	0	[false, false, false]		private	false	/home/nima/Developer/nullness-benchmarks/zuul/zuul-core/src/main/java/com/netflix/zuul/message/Headers.java
209	com.netflix.zuul.message.Headers	truncate(int)	0	[false]		private	false	/home/nima/Developer/nullness-benchmarks/zuul/zuul-core/src/main/java/com/netflix/zuul/message/Headers.java
210	com.netflix.zuul.message.Headers	isValid(java.lang.String)	0	[false]		private	false	/home/nima/Developer/nullness-benchmarks/zuul/zuul-core/src/main/java/com/netflix/zuul/message/Headers.java
211	com.netflix.zuul.message.Headers	validateField(java.lang.String)	0	[false]		private	true	/home/nima/Developer/nullness-benchmarks/zuul/zuul-core/src/main/java/com/netflix/zuul/message/Headers.java
212	com.netflix.zuul.message.Headers	findInvalid(java.lang.String)	0	[false]		private	false	/home/nima/Developer/nullness-benchmarks/zuul/zuul-core/src/main/java/com/netflix/zuul/message/Headers.java
213	com.netflix.zuul.filters.ZuulFilter	isDisabled()	0	[]		public	false	/home/nima/Developer/nullness-benchmarks/zuul/zuul-core/src/main/java/com/netflix/zuul/filters/ZuulFilter.java
214	com.netflix.zuul.filters.ZuulFilter	filterName()	0	[]		public	true	/home/nima/Developer/nullness-benchmarks/zuul/zuul-core/src/main/java/com/netflix/zuul/filters/ZuulFilter.java
215	com.netflix.zuul.filters.ZuulFilter	filterOrder()	0	[]		public	false	/home/nima/Developer/nullness-benchmarks/zuul/zuul-core/src/main/java/com/netflix/zuul/filters/ZuulFilter.java
216	com.netflix.zuul.filters.ZuulFilter	filterType()	0	[]		public	true	/home/nima/Developer/nullness-benchmarks/zuul/zuul-core/src/main/java/com/netflix/zuul/filters/ZuulFilter.java
217	com.netflix.zuul.filters.ZuulFilter	category()	0	[]		public	true	/home/nima/Developer/nullness-benchmarks/zuul/zuul-core/src/main/java/com/netflix/zuul/filters/ZuulFilter.java
218	com.netflix.zuul.filters.ZuulFilter	overrideStopFilterProcessing()	0	[]		public	false	/home/nima/Developer/nullness-benchmarks/zuul/zuul-core/src/main/java/com/netflix/zuul/filters/ZuulFilter.java
219	com.netflix.zuul.filters.ZuulFilter	incrementConcurrency()	0	[]		public	false	/home/nima/Developer/nullness-benchmarks/zuul/zuul-core/src/main/java/com/netflix/zuul/filters/ZuulFilter.java
220	com.netflix.zuul.filters.ZuulFilter	applyAsync(I)	0	[false]		public	true	/home/nima/Developer/nullness-benchmarks/zuul/zuul-core/src/main/java/com/netflix/zuul/filters/ZuulFilter.java
221	com.netflix.zuul.filters.ZuulFilter	decrementConcurrency()	0	[]		public	false	/home/nima/Developer/nullness-benchmarks/zuul/zuul-core/src/main/java/com/netflix/zuul/filters/ZuulFilter.java
222	com.netflix.zuul.filters.ZuulFilter	getSyncType()	0	[]		public	true	/home/nima/Developer/nullness-benchmarks/zuul/zuul-core/src/main/java/com/netflix/zuul/filters/ZuulFilter.java
223	com.netflix.zuul.filters.ZuulFilter	getDefaultOutput(I)	0	[false]		public	true	/home/nima/Developer/nullness-benchmarks/zuul/zuul-core/src/main/java/com/netflix/zuul/filters/ZuulFilter.java
224	com.netflix.zuul.filters.ZuulFilter	needsBodyBuffered(I)	0	[false]		public	false	/home/nima/Developer/nullness-benchmarks/zuul/zuul-core/src/main/java/com/netflix/zuul/filters/ZuulFilter.java
225	com.netflix.zuul.filters.ZuulFilter	processContentChunk(com.netflix.zuul.message.ZuulMessage,io.netty.handler.codec.http.HttpContent)	0	[false, false]		public	true	/home/nima/Developer/nullness-benchmarks/zuul/zuul-core/src/main/java/com/netflix/zuul/filters/ZuulFilter.java
226	com.netflix.zuul.filters.ShouldFilter	shouldFilter(T)	0	[false]		public	false	/home/nima/Developer/nullness-benchmarks/zuul/zuul-core/src/main/java/com/netflix/zuul/filters/ShouldFilter.java
227	com.netflix.zuul.filters.FilterType	FilterType(java.lang.String)	0	[false]		private	false	/home/nima/Developer/nullness-benchmarks/zuul/zuul-core/src/main/java/com/netflix/zuul/filters/FilterType.java
228	com.netflix.zuul.filters.FilterType	toString()	229	[]	java.lang.Override	public	true	/home/nima/Developer/nullness-benchmarks/zuul/zuul-core/src/main/java/com/netflix/zuul/filters/FilterType.java
230	com.netflix.zuul.filters.FilterType	parse(java.lang.String)	0	[false]		public	true	/home/nima/Developer/nullness-benchmarks/zuul/zuul-core/src/main/java/com/netflix/zuul/filters/FilterType.java
231	com.netflix.zuul.FilterCategory	FilterCategory(java.lang.String,java.lang.String)	0	[false, false]		private	false	/home/nima/Developer/nullness-benchmarks/zuul/zuul-core/src/main/java/com/netflix/zuul/FilterCategory.java
232	com.netflix.zuul.FilterCategory	getCode()	0	[]		public	true	/home/nima/Developer/nullness-benchmarks/zuul/zuul-core/src/main/java/com/netflix/zuul/FilterCategory.java
233	com.netflix.zuul.FilterCategory	getDescription()	0	[]		public	true	/home/nima/Developer/nullness-benchmarks/zuul/zuul-core/src/main/java/com/netflix/zuul/FilterCategory.java
234	com.netflix.zuul.FilterCategory	toString()	229	[]	java.lang.Override	public	true	/home/nima/Developer/nullness-benchmarks/zuul/zuul-core/src/main/java/com/netflix/zuul/FilterCategory.java
235	com.netflix.zuul.exception.ZuulFilterConcurrencyExceededException	ZuulFilterConcurrencyExceededException(com.netflix.zuul.filters.ZuulFilter,int)	0	[false, false]		public	false	/home/nima/Developer/nullness-benchmarks/zuul/zuul-core/src/main/java/com/netflix/zuul/exception/ZuulFilterConcurrencyExceededException.java
236	com.netflix.zuul.exception.ZuulException	ZuulException(java.lang.String,java.lang.Throwable,java.lang.String)	0	[false, false, false]		public	false	/home/nima/Developer/nullness-benchmarks/zuul/zuul-core/src/main/java/com/netflix/zuul/exception/ZuulException.java
237	com.netflix.zuul.exception.ZuulException	ZuulException(java.lang.String,java.lang.String)	0	[false, false]		public	false	/home/nima/Developer/nullness-benchmarks/zuul/zuul-core/src/main/java/com/netflix/zuul/exception/ZuulException.java
238	com.netflix.zuul.exception.ZuulException	ZuulException(java.lang.String,java.lang.String,boolean)	0	[false, false, false]		public	false	/home/nima/Developer/nullness-benchmarks/zuul/zuul-core/src/main/java/com/netflix/zuul/exception/ZuulException.java
239	com.netflix.zuul.exception.ZuulException	ZuulException(java.lang.Throwable,java.lang.String,boolean)	0	[false, false, false]		public	false	/home/nima/Developer/nullness-benchmarks/zuul/zuul-core/src/main/java/com/netflix/zuul/exception/ZuulException.java
240	com.netflix.zuul.exception.ZuulException	ZuulException(java.lang.Throwable)	0	[false]		public	false	/home/nima/Developer/nullness-benchmarks/zuul/zuul-core/src/main/java/com/netflix/zuul/exception/ZuulException.java
241	com.netflix.zuul.exception.ZuulException	ZuulException(java.lang.String)	0	[false]		public	false	/home/nima/Developer/nullness-benchmarks/zuul/zuul-core/src/main/java/com/netflix/zuul/exception/ZuulException.java
242	com.netflix.zuul.exception.ZuulException	ZuulException(java.lang.String,boolean)	0	[false, false]		public	false	/home/nima/Developer/nullness-benchmarks/zuul/zuul-core/src/main/java/com/netflix/zuul/exception/ZuulException.java
243	com.netflix.zuul.exception.ZuulException	getStatusCode()	0	[]		public	false	/home/nima/Developer/nullness-benchmarks/zuul/zuul-core/src/main/java/com/netflix/zuul/exception/ZuulException.java
244	com.netflix.zuul.exception.ZuulException	setStatusCode(int)	0	[false]		public	false	/home/nima/Developer/nullness-benchmarks/zuul/zuul-core/src/main/java/com/netflix/zuul/exception/ZuulException.java
245	com.netflix.zuul.exception.ZuulException	dontLogAsError()	0	[]		public	false	/home/nima/Developer/nullness-benchmarks/zuul/zuul-core/src/main/java/com/netflix/zuul/exception/ZuulException.java
246	com.netflix.zuul.exception.ZuulException	shouldLogAsError()	0	[]		public	false	/home/nima/Developer/nullness-benchmarks/zuul/zuul-core/src/main/java/com/netflix/zuul/exception/ZuulException.java
247	com.netflix.zuul.exception.ZuulException	getErrorCause()	0	[]		public	true	/home/nima/Developer/nullness-benchmarks/zuul/zuul-core/src/main/java/com/netflix/zuul/exception/ZuulException.java
248	com.netflix.zuul.message.HeaderName	HeaderName(java.lang.String)	0	[false]		public	false	/home/nima/Developer/nullness-benchmarks/zuul/zuul-core/src/main/java/com/netflix/zuul/message/HeaderName.java
249	com.netflix.zuul.message.HeaderName	HeaderName(java.lang.String,java.lang.String)	0	[false, false]		package	false	/home/nima/Developer/nullness-benchmarks/zuul/zuul-core/src/main/java/com/netflix/zuul/message/HeaderName.java
250	com.netflix.zuul.message.HeaderName	getName()	0	[]		public	true	/home/nima/Developer/nullness-benchmarks/zuul/zuul-core/src/main/java/com/netflix/zuul/message/HeaderName.java
251	com.netflix.zuul.message.HeaderName	getNormalised()	0	[]		public	true	/home/nima/Developer/nullness-benchmarks/zuul/zuul-core/src/main/java/com/netflix/zuul/message/HeaderName.java
252	com.netflix.zuul.message.HeaderName	normalize(java.lang.String)	0	[false]		package	true	/home/nima/Developer/nullness-benchmarks/zuul/zuul-core/src/main/java/com/netflix/zuul/message/HeaderName.java
253	com.netflix.zuul.message.HeaderName	equals(java.lang.Object)	37	[false]	java.lang.Override	public	false	/home/nima/Developer/nullness-benchmarks/zuul/zuul-core/src/main/java/com/netflix/zuul/message/HeaderName.java
254	com.netflix.zuul.message.HeaderName	hashCode()	39	[]	java.lang.Override	public	false	/home/nima/Developer/nullness-benchmarks/zuul/zuul-core/src/main/java/com/netflix/zuul/message/HeaderName.java
255	com.netflix.zuul.message.HeaderName	toString()	29	[]	java.lang.Override	public	true	/home/nima/Developer/nullness-benchmarks/zuul/zuul-core/src/main/java/com/netflix/zuul/message/HeaderName.java
256	com.netflix.zuul.message.Header	Header(com.netflix.zuul.message.HeaderName,java.lang.String)	0	[false, false]		public	false	/home/nima/Developer/nullness-benchmarks/zuul/zuul-core/src/main/java/com/netflix/zuul/message/Header.java
257	com.netflix.zuul.message.Header	getKey()	0	[]		public	true	/home/nima/Developer/nullness-benchmarks/zuul/zuul-core/src/main/java/com/netflix/zuul/message/Header.java
258	com.netflix.zuul.message.Header	getName()	0	[]		public	true	/home/nima/Developer/nullness-benchmarks/zuul/zuul-core/src/main/java/com/netflix/zuul/message/Header.java
259	com.netflix.zuul.message.Header	getValue()	0	[]		public	true	/home/nima/Developer/nullness-benchmarks/zuul/zuul-core/src/main/java/com/netflix/zuul/message/Header.java
260	com.netflix.zuul.message.Header	equals(java.lang.Object)	37	[false]	java.lang.Override	public	false	/home/nima/Developer/nullness-benchmarks/zuul/zuul-core/src/main/java/com/netflix/zuul/message/Header.java
261	com.netflix.zuul.message.Header	hashCode()	39	[]	java.lang.Override	public	false	/home/nima/Developer/nullness-benchmarks/zuul/zuul-core/src/main/java/com/netflix/zuul/message/Header.java
262	com.netflix.zuul.message.Header	toString()	29	[]	java.lang.Override	public	true	/home/nima/Developer/nullness-benchmarks/zuul/zuul-core/src/main/java/com/netflix/zuul/message/Header.java
263	com.netflix.zuul.message.http.HttpResponseMessage	setStatus(int)	0	[false]		public	false	/home/nima/Developer/nullness-benchmarks/zuul/zuul-core/src/main/java/com/netflix/zuul/message/http/HttpResponseMessage.java
264	com.netflix.zuul.message.http.HttpResponseMessage	getMaxBodySize()	84	[]	java.lang.Override	public	false	/home/nima/Developer/nullness-benchmarks/zuul/zuul-core/src/main/java/com/netflix/zuul/message/http/HttpResponseMessage.java
265	com.netflix.zuul.message.http.HttpResponseMessage	addSetCookie(io.netty.handler.codec.http.Cookie)	0	[false]		public	false	/home/nima/Developer/nullness-benchmarks/zuul/zuul-core/src/main/java/com/netflix/zuul/message/http/HttpResponseMessage.java
266	com.netflix.zuul.message.http.HttpResponseMessage	setSetCookie(io.netty.handler.codec.http.Cookie)	0	[false]		public	false	/home/nima/Developer/nullness-benchmarks/zuul/zuul-core/src/main/java/com/netflix/zuul/message/http/HttpResponseMessage.java
267	com.netflix.zuul.message.http.HttpResponseMessage	removeExistingSetCookie(java.lang.String)	0	[false]		public	false	/home/nima/Developer/nullness-benchmarks/zuul/zuul-core/src/main/java/com/netflix/zuul/message/http/HttpResponseMessage.java
268	com.netflix.zuul.message.http.HttpResponseMessage	getOutboundRequest()	0	[]		public	true	/home/nima/Developer/nullness-benchmarks/zuul/zuul-core/src/main/java/com/netflix/zuul/message/http/HttpResponseMessage.java
269	com.netflix.zuul.message.http.HttpResponseMessage	getInboundResponse()	0	[]		public	true	/home/nima/Developer/nullness-benchmarks/zuul/zuul-core/src/main/java/com/netflix/zuul/message/http/HttpResponseMessage.java
270	com.netflix.zuul.message.http.HttpResponseMessage	storeInboundResponse()	0	[]		public	false	/home/nima/Developer/nullness-benchmarks/zuul/zuul-core/src/main/java/com/netflix/zuul/message/http/HttpResponseMessage.java
271	com.netflix.zuul.message.http.HttpResponseInfo	getStatus()	0	[]		public	false	/home/nima/Developer/nullness-benchmarks/zuul/zuul-core/src/main/java/com/netflix/zuul/message/http/HttpResponseInfo.java
272	com.netflix.zuul.message.http.HttpResponseInfo	getInboundRequest()	0	[]		public	true	/home/nima/Developer/nullness-benchmarks/zuul/zuul-core/src/main/java/com/netflix/zuul/message/http/HttpResponseInfo.java
273	com.netflix.zuul.message.http.HttpResponseInfo	clone()	85	[]	java.lang.Override	public	true	/home/nima/Developer/nullness-benchmarks/zuul/zuul-core/src/main/java/com/netflix/zuul/message/http/HttpResponseInfo.java
274	com.netflix.zuul.message.http.HttpResponseInfo	getInfoForLogging()	86	[]	java.lang.Override	public	true	/home/nima/Developer/nullness-benchmarks/zuul/zuul-core/src/main/java/com/netflix/zuul/message/http/HttpResponseInfo.java
275	com.netflix.zuul.message.http.HttpResponseInfo	parseSetCookieHeader(java.lang.String)	0	[false]		public	true	/home/nima/Developer/nullness-benchmarks/zuul/zuul-core/src/main/java/com/netflix/zuul/message/http/HttpResponseInfo.java
276	com.netflix.zuul.message.http.HttpResponseInfo	hasSetCookieWithName(java.lang.String)	0	[false]		public	false	/home/nima/Developer/nullness-benchmarks/zuul/zuul-core/src/main/java/com/netflix/zuul/message/http/HttpResponseInfo.java
277	com.netflix.zuul.filters.FilterError	FilterError(java.lang.String,java.lang.String,java.lang.Throwable)	0	[false, false, false]		public	false	/home/nima/Developer/nullness-benchmarks/zuul/zuul-core/src/main/java/com/netflix/zuul/filters/FilterError.java
278	com.netflix.zuul.filters.FilterError	getFilterName()	0	[]		public	true	/home/nima/Developer/nullness-benchmarks/zuul/zuul-core/src/main/java/com/netflix/zuul/filters/FilterError.java
279	com.netflix.zuul.filters.FilterError	getFilterType()	0	[]		public	true	/home/nima/Developer/nullness-benchmarks/zuul/zuul-core/src/main/java/com/netflix/zuul/filters/FilterError.java
280	com.netflix.zuul.filters.FilterError	getException()	0	[]		public	true	/home/nima/Developer/nullness-benchmarks/zuul/zuul-core/src/main/java/com/netflix/zuul/filters/FilterError.java
281	com.netflix.zuul.filters.FilterError	clone()	282	[]	java.lang.Override	public	true	/home/nima/Developer/nullness-benchmarks/zuul/zuul-core/src/main/java/com/netflix/zuul/filters/FilterError.java
283	com.netflix.zuul.filters.FilterError	toString()	29	[]	java.lang.Override	public	true	/home/nima/Developer/nullness-benchmarks/zuul/zuul-core/src/main/java/com/netflix/zuul/filters/FilterError.java
284	com.netflix.zuul.message.http.HttpRequestMessage	setProtocol(java.lang.String)	0	[false]		public	false	/home/nima/Developer/nullness-benchmarks/zuul/zuul-core/src/main/java/com/netflix/zuul/message/http/HttpRequestMessage.java
285	com.netflix.zuul.message.http.HttpRequestMessage	setMethod(java.lang.String)	0	[false]		public	false	/home/nima/Developer/nullness-benchmarks/zuul/zuul-core/src/main/java/com/netflix/zuul/message/http/HttpRequestMessage.java
286	com.netflix.zuul.message.http.HttpRequestMessage	setPath(java.lang.String)	0	[false]		public	false	/home/nima/Developer/nullness-benchmarks/zuul/zuul-core/src/main/java/com/netflix/zuul/message/http/HttpRequestMessage.java
287	com.netflix.zuul.message.http.HttpRequestMessage	setScheme(java.lang.String)	0	[false]		public	false	/home/nima/Developer/nullness-benchmarks/zuul/zuul-core/src/main/java/com/netflix/zuul/message/http/HttpRequestMessage.java
288	com.netflix.zuul.message.http.HttpRequestMessage	setServerName(java.lang.String)	0	[false]		public	false	/home/nima/Developer/nullness-benchmarks/zuul/zuul-core/src/main/java/com/netflix/zuul/message/http/HttpRequestMessage.java
289	com.netflix.zuul.message.http.HttpRequestMessage	clone()	85	[]		public	true	/home/nima/Developer/nullness-benchmarks/zuul/zuul-core/src/main/java/com/netflix/zuul/message/http/HttpRequestMessage.java
290	com.netflix.zuul.message.http.HttpRequestMessage	storeInboundRequest()	0	[]		public	false	/home/nima/Developer/nullness-benchmarks/zuul/zuul-core/src/main/java/com/netflix/zuul/message/http/HttpRequestMessage.java
291	com.netflix.zuul.message.http.HttpRequestMessage	getInboundRequest()	0	[]		public	true	/home/nima/Developer/nullness-benchmarks/zuul/zuul-core/src/main/java/com/netflix/zuul/message/http/HttpRequestMessage.java
292	com.netflix.zuul.message.http.HttpRequestMessage	setQueryParams(com.netflix.zuul.message.http.HttpQueryParams)	0	[false]		public	false	/home/nima/Developer/nullness-benchmarks/zuul/zuul-core/src/main/java/com/netflix/zuul/message/http/HttpRequestMessage.java
293	com.netflix.zuul.message.http.HttpRequestInfo	getProtocol()	0	[]		public	true	/home/nima/Developer/nullness-benchmarks/zuul/zuul-core/src/main/java/com/netflix/zuul/message/http/HttpRequestInfo.java
294	com.netflix.zuul.message.http.HttpRequestInfo	getMethod()	0	[]		public	true	/home/nima/Developer/nullness-benchmarks/zuul/zuul-core/src/main/java/com/netflix/zuul/message/http/HttpRequestInfo.java
295	com.netflix.zuul.message.http.HttpRequestInfo	getPath()	0	[]		public	true	/home/nima/Developer/nullness-benchmarks/zuul/zuul-core/src/main/java/com/netflix/zuul/message/http/HttpRequestInfo.java
296	com.netflix.zuul.message.http.HttpRequestInfo	getQueryParams()	0	[]		public	true	/home/nima/Developer/nullness-benchmarks/zuul/zuul-core/src/main/java/com/netflix/zuul/message/http/HttpRequestInfo.java
297	com.netflix.zuul.message.http.HttpRequestInfo	getPathAndQuery()	0	[]		public	true	/home/nima/Developer/nullness-benchmarks/zuul/zuul-core/src/main/java/com/netflix/zuul/message/http/HttpRequestInfo.java
298	com.netflix.zuul.message.http.HttpRequestInfo	getHeaders()	68	[]		public	true	/home/nima/Developer/nullness-benchmarks/zuul/zuul-core/src/main/java/com/netflix/zuul/message/http/HttpRequestInfo.java
299	com.netflix.zuul.message.http.HttpRequestInfo	getClientIp()	0	[]		public	true	/home/nima/Developer/nullness-benchmarks/zuul/zuul-core/src/main/java/com/netflix/zuul/message/http/HttpRequestInfo.java
300	com.netflix.zuul.message.http.HttpRequestInfo	getScheme()	0	[]		public	true	/home/nima/Developer/nullness-benchmarks/zuul/zuul-core/src/main/java/com/netflix/zuul/message/http/HttpRequestInfo.java
301	com.netflix.zuul.message.http.HttpRequestInfo	getPort()	0	[]		public	false	/home/nima/Developer/nullness-benchmarks/zuul/zuul-core/src/main/java/com/netflix/zuul/message/http/HttpRequestInfo.java
302	com.netflix.zuul.message.http.HttpRequestInfo	getServerName()	0	[]		public	true	/home/nima/Developer/nullness-benchmarks/zuul/zuul-core/src/main/java/com/netflix/zuul/message/http/HttpRequestInfo.java
303	com.netflix.zuul.message.http.HttpRequestInfo	getMaxBodySize()	84	[]		public	false	/home/nima/Developer/nullness-benchmarks/zuul/zuul-core/src/main/java/com/netflix/zuul/message/http/HttpRequestInfo.java
304	com.netflix.zuul.message.http.HttpRequestInfo	getInfoForLogging()	86	[]		public	true	/home/nima/Developer/nullness-benchmarks/zuul/zuul-core/src/main/java/com/netflix/zuul/message/http/HttpRequestInfo.java
305	com.netflix.zuul.message.http.HttpRequestInfo	getOriginalHost()	0	[]		public	true	/home/nima/Developer/nullness-benchmarks/zuul/zuul-core/src/main/java/com/netflix/zuul/message/http/HttpRequestInfo.java
306	com.netflix.zuul.message.http.HttpRequestInfo	getOriginalScheme()	0	[]		public	true	/home/nima/Developer/nullness-benchmarks/zuul/zuul-core/src/main/java/com/netflix/zuul/message/http/HttpRequestInfo.java
307	com.netflix.zuul.message.http.HttpRequestInfo	getOriginalProtocol()	0	[]		public	true	/home/nima/Developer/nullness-benchmarks/zuul/zuul-core/src/main/java/com/netflix/zuul/message/http/HttpRequestInfo.java
308	com.netflix.zuul.message.http.HttpRequestInfo	getOriginalPort()	0	[]		public	false	/home/nima/Developer/nullness-benchmarks/zuul/zuul-core/src/main/java/com/netflix/zuul/message/http/HttpRequestInfo.java
309	com.netflix.zuul.message.http.HttpRequestInfo	getClientDestinationPort()	0	[]		public	true	/home/nima/Developer/nullness-benchmarks/zuul/zuul-core/src/main/java/com/netflix/zuul/message/http/HttpRequestInfo.java
310	com.netflix.zuul.message.http.HttpRequestInfo	reconstructURI()	0	[]		public	true	/home/nima/Developer/nullness-benchmarks/zuul/zuul-core/src/main/java/com/netflix/zuul/message/http/HttpRequestInfo.java
311	com.netflix.zuul.message.http.HttpRequestInfo	parseCookies()	0	[]		public	true	/home/nima/Developer/nullness-benchmarks/zuul/zuul-core/src/main/java/com/netflix/zuul/message/http/HttpRequestInfo.java
312	com.netflix.zuul.message.http.HttpRequestInfo	reParseCookies()	0	[]		public	true	/home/nima/Developer/nullness-benchmarks/zuul/zuul-core/src/main/java/com/netflix/zuul/message/http/HttpRequestInfo.java
313	com.netflix.zuul.message.http.HttpQueryParams	HttpQueryParams()	0	[]		public	false	/home/nima/Developer/nullness-benchmarks/zuul/zuul-core/src/main/java/com/netflix/zuul/message/http/HttpQueryParams.java
314	com.netflix.zuul.message.http.HttpQueryParams	HttpQueryParams(com.google.common.collect.ListMultimap)	0	[false]		private	false	/home/nima/Developer/nullness-benchmarks/zuul/zuul-core/src/main/java/com/netflix/zuul/message/http/HttpQueryParams.java
315	com.netflix.zuul.message.http.HttpQueryParams	parse(java.lang.String)	0	[false]		public	true	/home/nima/Developer/nullness-benchmarks/zuul/zuul-core/src/main/java/com/netflix/zuul/message/http/HttpQueryParams.java
316	com.netflix.zuul.message.http.HttpQueryParams	getFirst(java.lang.String)	0	[false]		public	true	/home/nima/Developer/nullness-benchmarks/zuul/zuul-core/src/main/java/com/netflix/zuul/message/http/HttpQueryParams.java
317	com.netflix.zuul.message.http.HttpQueryParams	get(java.lang.String)	0	[false]		public	true	/home/nima/Developer/nullness-benchmarks/zuul/zuul-core/src/main/java/com/netflix/zuul/message/http/HttpQueryParams.java
318	com.netflix.zuul.message.http.HttpQueryParams	contains(java.lang.String)	0	[false]		public	false	/home/nima/Developer/nullness-benchmarks/zuul/zuul-core/src/main/java/com/netflix/zuul/message/http/HttpQueryParams.java
319	com.netflix.zuul.message.http.HttpQueryParams	containsIgnoreCase(java.lang.String)	0	[false]		public	false	/home/nima/Developer/nullness-benchmarks/zuul/zuul-core/src/main/java/com/netflix/zuul/message/http/HttpQueryParams.java
320	com.netflix.zuul.message.http.HttpQueryParams	contains(java.lang.String,java.lang.String)	0	[false, false]		public	false	/home/nima/Developer/nullness-benchmarks/zuul/zuul-core/src/main/java/com/netflix/zuul/message/http/HttpQueryParams.java
321	com.netflix.zuul.message.http.HttpQueryParams	set(java.lang.String,java.lang.String)	0	[false, false]		public	false	/home/nima/Developer/nullness-benchmarks/zuul/zuul-core/src/main/java/com/netflix/zuul/message/http/HttpQueryParams.java
322	com.netflix.zuul.message.http.HttpQueryParams	add(java.lang.String,java.lang.String)	0	[false, false]		public	false	/home/nima/Developer/nullness-benchmarks/zuul/zuul-core/src/main/java/com/netflix/zuul/message/http/HttpQueryParams.java
323	com.netflix.zuul.message.http.HttpQueryParams	removeAll(java.lang.String)	0	[false]		public	false	/home/nima/Developer/nullness-benchmarks/zuul/zuul-core/src/main/java/com/netflix/zuul/message/http/HttpQueryParams.java
324	com.netflix.zuul.message.http.HttpQueryParams	clear()	0	[]		public	false	/home/nima/Developer/nullness-benchmarks/zuul/zuul-core/src/main/java/com/netflix/zuul/message/http/HttpQueryParams.java
325	com.netflix.zuul.message.http.HttpQueryParams	entries()	0	[]		public	true	/home/nima/Developer/nullness-benchmarks/zuul/zuul-core/src/main/java/com/netflix/zuul/message/http/HttpQueryParams.java
326	com.netflix.zuul.message.http.HttpQueryParams	keySet()	0	[]		public	true	/home/nima/Developer/nullness-benchmarks/zuul/zuul-core/src/main/java/com/netflix/zuul/message/http/HttpQueryParams.java
327	com.netflix.zuul.message.http.HttpQueryParams	toEncodedString()	0	[]		public	true	/home/nima/Developer/nullness-benchmarks/zuul/zuul-core/src/main/java/com/netflix/zuul/message/http/HttpQueryParams.java
328	com.netflix.zuul.message.http.HttpQueryParams	toString()	29	[]	java.lang.Override	public	true	/home/nima/Developer/nullness-benchmarks/zuul/zuul-core/src/main/java/com/netflix/zuul/message/http/HttpQueryParams.java
329	com.netflix.zuul.message.http.HttpQueryParams	clone()	282	[]	java.lang.Override	protected	true	/home/nima/Developer/nullness-benchmarks/zuul/zuul-core/src/main/java/com/netflix/zuul/message/http/HttpQueryParams.java
330	com.netflix.zuul.message.http.HttpQueryParams	immutableCopy()	0	[]		public	true	/home/nima/Developer/nullness-benchmarks/zuul/zuul-core/src/main/java/com/netflix/zuul/message/http/HttpQueryParams.java
331	com.netflix.zuul.message.http.HttpQueryParams	isImmutable()	0	[]		public	false	/home/nima/Developer/nullness-benchmarks/zuul/zuul-core/src/main/java/com/netflix/zuul/message/http/HttpQueryParams.java
332	com.netflix.zuul.message.http.HttpQueryParams	isTrailingEquals(java.lang.String)	0	[false]		public	false	/home/nima/Developer/nullness-benchmarks/zuul/zuul-core/src/main/java/com/netflix/zuul/message/http/HttpQueryParams.java
333	com.netflix.zuul.message.http.HttpQueryParams	setTrailingEquals(java.lang.String,boolean)	0	[false, false]		public	false	/home/nima/Developer/nullness-benchmarks/zuul/zuul-core/src/main/java/com/netflix/zuul/message/http/HttpQueryParams.java
334	com.netflix.zuul.message.http.HttpQueryParams	hashCode()	39	[]	java.lang.Override	public	false	/home/nima/Developer/nullness-benchmarks/zuul/zuul-core/src/main/java/com/netflix/zuul/message/http/HttpQueryParams.java
335	com.netflix.zuul.message.http.HttpQueryParams	equals(java.lang.Object)	37	[false]	java.lang.Override	public	false	/home/nima/Developer/nullness-benchmarks/zuul/zuul-core/src/main/java/com/netflix/zuul/message/http/HttpQueryParams.java
336	com.netflix.zuul.message.http.Cookies	add(io.netty.handler.codec.http.Cookie)	0	[false]		public	false	/home/nima/Developer/nullness-benchmarks/zuul/zuul-core/src/main/java/com/netflix/zuul/message/http/Cookies.java
337	com.netflix.zuul.message.http.Cookies	getAll()	0	[]		public	true	/home/nima/Developer/nullness-benchmarks/zuul/zuul-core/src/main/java/com/netflix/zuul/message/http/Cookies.java
338	com.netflix.zuul.message.http.Cookies	get(java.lang.String)	0	[false]		public	true	/home/nima/Developer/nullness-benchmarks/zuul/zuul-core/src/main/java/com/netflix/zuul/message/http/Cookies.java
339	com.netflix.zuul.message.http.Cookies	getFirst(java.lang.String)	0	[false]		public	true	/home/nima/Developer/nullness-benchmarks/zuul/zuul-core/src/main/java/com/netflix/zuul/message/http/Cookies.java
340	com.netflix.zuul.message.http.Cookies	getFirstValue(java.lang.String)	0	[false]		public	true	/home/nima/Developer/nullness-benchmarks/zuul/zuul-core/src/main/java/com/netflix/zuul/message/http/Cookies.java
341	com.netflix.netty.common.http2.DynamicHttp2FrameLogger	DynamicHttp2FrameLogger(io.netty.handler.logging.LogLevel,java.lang.Class)	0	[false, false]		public	false	/home/nima/Developer/nullness-benchmarks/zuul/zuul-core/src/main/java/com/netflix/netty/common/http2/DynamicHttp2FrameLogger.java
342	com.netflix.netty.common.http2.DynamicHttp2FrameLogger	enabled(io.netty.channel.ChannelHandlerContext)	0	[false]		protected	false	/home/nima/Developer/nullness-benchmarks/zuul/zuul-core/src/main/java/com/netflix/netty/common/http2/DynamicHttp2FrameLogger.java
343	com.netflix.netty.common.http2.DynamicHttp2FrameLogger	enabled()	0	[]		protected	false	/home/nima/Developer/nullness-benchmarks/zuul/zuul-core/src/main/java/com/netflix/netty/common/http2/DynamicHttp2FrameLogger.java
344	com.netflix.netty.common.http2.DynamicHttp2FrameLogger	logData(io.netty.handler.codec.http2.Http2FrameLogger.Direction,io.netty.channel.ChannelHandlerContext,int,io.netty.buffer.ByteBuf,int,boolean)	345	[false, false, false, false, false, false]		public	false	/home/nima/Developer/nullness-benchmarks/zuul/zuul-core/src/main/java/com/netflix/netty/common/http2/DynamicHttp2FrameLogger.java
346	com.netflix.netty.common.http2.DynamicHttp2FrameLogger	logHeaders(io.netty.handler.codec.http2.Http2FrameLogger.Direction,io.netty.channel.ChannelHandlerContext,int,io.netty.handler.codec.http2.Http2Headers,int,boolean)	347	[false, false, false, false, false, false]		public	false	/home/nima/Developer/nullness-benchmarks/zuul/zuul-core/src/main/java/com/netflix/netty/common/http2/DynamicHttp2FrameLogger.java
348	com.netflix.netty.common.http2.DynamicHttp2FrameLogger	logHeaders(io.netty.handler.codec.http2.Http2FrameLogger.Direction,io.netty.channel.ChannelHandlerContext,int,io.netty.handler.codec.http2.Http2Headers,int,short,boolean,int,boolean)	349	[false, false, false, false, false, false, false, false, false]		public	false	/home/nima/Developer/nullness-benchmarks/zuul/zuul-core/src/main/java/com/netflix/netty/common/http2/DynamicHttp2FrameLogger.java
350	com.netflix.netty.common.http2.DynamicHttp2FrameLogger	logPriority(io.netty.handler.codec.http2.Http2FrameLogger.Direction,io.netty.channel.ChannelHandlerContext,int,int,short,boolean)	351	[false, false, false, false, false, false]		public	false	/home/nima/Developer/nullness-benchmarks/zuul/zuul-core/src/main/java/com/netflix/netty/common/http2/DynamicHttp2FrameLogger.java
352	com.netflix.netty.common.http2.DynamicHttp2FrameLogger	logRstStream(io.netty.handler.codec.http2.Http2FrameLogger.Direction,io.netty.channel.ChannelHandlerContext,int,long)	353	[false, false, false, false]		public	false	/home/nima/Developer/nullness-benchmarks/zuul/zuul-core/src/main/java/com/netflix/netty/common/http2/DynamicHttp2FrameLogger.java
354	com.netflix.netty.common.http2.DynamicHttp2FrameLogger	logSettingsAck(io.netty.handler.codec.http2.Http2FrameLogger.Direction,io.netty.channel.ChannelHandlerContext)	355	[false, false]		public	false	/home/nima/Developer/nullness-benchmarks/zuul/zuul-core/src/main/java/com/netflix/netty/common/http2/DynamicHttp2FrameLogger.java
356	com.netflix.netty.common.http2.DynamicHttp2FrameLogger	logSettings(io.netty.handler.codec.http2.Http2FrameLogger.Direction,io.netty.channel.ChannelHandlerContext,io.netty.handler.codec.http2.Http2Settings)	357	[false, false, false]		public	false	/home/nima/Developer/nullness-benchmarks/zuul/zuul-core/src/main/java/com/netflix/netty/common/http2/DynamicHttp2FrameLogger.java
358	com.netflix.netty.common.http2.DynamicHttp2FrameLogger	logPing(io.netty.handler.codec.http2.Http2FrameLogger.Direction,io.netty.channel.ChannelHandlerContext,long)	359	[false, false, false]		public	false	/home/nima/Developer/nullness-benchmarks/zuul/zuul-core/src/main/java/com/netflix/netty/common/http2/DynamicHttp2FrameLogger.java
360	com.netflix.netty.common.http2.DynamicHttp2FrameLogger	logPingAck(io.netty.handler.codec.http2.Http2FrameLogger.Direction,io.netty.channel.ChannelHandlerContext,long)	361	[false, false, false]		public	false	/home/nima/Developer/nullness-benchmarks/zuul/zuul-core/src/main/java/com/netflix/netty/common/http2/DynamicHttp2FrameLogger.java
362	com.netflix.netty.common.http2.DynamicHttp2FrameLogger	logPushPromise(io.netty.handler.codec.http2.Http2FrameLogger.Direction,io.netty.channel.ChannelHandlerContext,int,int,io.netty.handler.codec.http2.Http2Headers,int)	363	[false, false, false, false, false, false]		public	false	/home/nima/Developer/nullness-benchmarks/zuul/zuul-core/src/main/java/com/netflix/netty/common/http2/DynamicHttp2FrameLogger.java
364	com.netflix.netty.common.http2.DynamicHttp2FrameLogger	logGoAway(io.netty.handler.codec.http2.Http2FrameLogger.Direction,io.netty.channel.ChannelHandlerContext,int,long,io.netty.buffer.ByteBuf)	365	[false, false, false, false, false]		public	false	/home/nima/Developer/nullness-benchmarks/zuul/zuul-core/src/main/java/com/netflix/netty/common/http2/DynamicHttp2FrameLogger.java
366	com.netflix.netty.common.http2.DynamicHttp2FrameLogger	logWindowsUpdate(io.netty.handler.codec.http2.Http2FrameLogger.Direction,io.netty.channel.ChannelHandlerContext,int,int)	367	[false, false, false, false]		public	false	/home/nima/Developer/nullness-benchmarks/zuul/zuul-core/src/main/java/com/netflix/netty/common/http2/DynamicHttp2FrameLogger.java
368	com.netflix.netty.common.http2.DynamicHttp2FrameLogger	logUnknownFrame(io.netty.handler.codec.http2.Http2FrameLogger.Direction,io.netty.channel.ChannelHandlerContext,byte,int,io.netty.handler.codec.http2.Http2Flags,io.netty.buffer.ByteBuf)	369	[false, false, false, false, false, false]		public	false	/home/nima/Developer/nullness-benchmarks/zuul/zuul-core/src/main/java/com/netflix/netty/common/http2/DynamicHttp2FrameLogger.java
370	com.netflix.netty.common.http2.DynamicHttp2FrameLogger	toString(io.netty.buffer.ByteBuf)	0	[false]		private	true	/home/nima/Developer/nullness-benchmarks/zuul/zuul-core/src/main/java/com/netflix/netty/common/http2/DynamicHttp2FrameLogger.java
371	com.netflix.netty.common.http2.DynamicHttp2FrameLogger	log(io.netty.handler.codec.http2.Http2FrameLogger.Direction,java.lang.String,io.netty.channel.ChannelHandlerContext,java.lang.String,java.lang.Object[])	0	[false, false, false, false, false]		private	false	/home/nima/Developer/nullness-benchmarks/zuul/zuul-core/src/main/java/com/netflix/netty/common/http2/DynamicHttp2FrameLogger.java
372	com.netflix.netty.common.http2.DynamicHttp2FrameLogger	shouldLogFrame(java.lang.String)	0	[false]		protected	false	/home/nima/Developer/nullness-benchmarks/zuul/zuul-core/src/main/java/com/netflix/netty/common/http2/DynamicHttp2FrameLogger.java
373	com.netflix.netty.common.SwallowSomeHttp2ExceptionsHandler	SwallowSomeHttp2ExceptionsHandler(com.netflix.spectator.api.Registry)	0	[false]		public	false	/home/nima/Developer/nullness-benchmarks/zuul/zuul-core/src/main/java/com/netflix/netty/common/SwallowSomeHttp2ExceptionsHandler.java
374	com.netflix.netty.common.SwallowSomeHttp2ExceptionsHandler	exceptionCaught(io.netty.channel.ChannelHandlerContext,java.lang.Throwable)	375	[false, false]	java.lang.Override	public	false	/home/nima/Developer/nullness-benchmarks/zuul/zuul-core/src/main/java/com/netflix/netty/common/SwallowSomeHttp2ExceptionsHandler.java
376	com.netflix.netty.common.SwallowSomeHttp2ExceptionsHandler	incrementExceptionCounter(java.lang.Throwable)	0	[false]		private	false	/home/nima/Developer/nullness-benchmarks/zuul/zuul-core/src/main/java/com/netflix/netty/common/SwallowSomeHttp2ExceptionsHandler.java
377	com.netflix.netty.common.HttpRequestReadTimeoutHandler	HttpRequestReadTimeoutHandler(long,java.util.concurrent.TimeUnit,com.netflix.spectator.api.Counter)	0	[false, false, false]		protected	false	/home/nima/Developer/nullness-benchmarks/zuul/zuul-core/src/main/java/com/netflix/netty/common/HttpRequestReadTimeoutHandler.java
378	com.netflix.netty.common.HttpRequestReadTimeoutHandler	addLast(io.netty.channel.ChannelPipeline,long,java.util.concurrent.TimeUnit,com.netflix.spectator.api.Counter)	0	[false, false, false, false]		public	false	/home/nima/Developer/nullness-benchmarks/zuul/zuul-core/src/main/java/com/netflix/netty/common/HttpRequestReadTimeoutHandler.java
379	com.netflix.netty.common.HttpRequestReadTimeoutHandler	channelRead(io.netty.channel.ChannelHandlerContext,java.lang.Object)	14	[false, false]	java.lang.Override	public	false	/home/nima/Developer/nullness-benchmarks/zuul/zuul-core/src/main/java/com/netflix/netty/common/HttpRequestReadTimeoutHandler.java
380	com.netflix.netty.common.HttpRequestReadTimeoutHandler	userEventTriggered(io.netty.channel.ChannelHandlerContext,java.lang.Object)	42	[false, false]	java.lang.Override	public	false	/home/nima/Developer/nullness-benchmarks/zuul/zuul-core/src/main/java/com/netflix/netty/common/HttpRequestReadTimeoutHandler.java
381	com.netflix.netty.common.HttpRequestReadTimeoutHandler	handlerRemoved(io.netty.channel.ChannelHandlerContext)	382	[false]	java.lang.Override	public	false	/home/nima/Developer/nullness-benchmarks/zuul/zuul-core/src/main/java/com/netflix/netty/common/HttpRequestReadTimeoutHandler.java
383	com.netflix.netty.common.HttpRequestReadTimeoutHandler	channelInactive(io.netty.channel.ChannelHandlerContext)	384	[false]	java.lang.Override	public	false	/home/nima/Developer/nullness-benchmarks/zuul/zuul-core/src/main/java/com/netflix/netty/common/HttpRequestReadTimeoutHandler.java
385	com.netflix.netty.common.HttpRequestReadTimeoutHandler	removeInternalHandler(io.netty.channel.ChannelHandlerContext)	0	[false]		protected	false	/home/nima/Developer/nullness-benchmarks/zuul/zuul-core/src/main/java/com/netflix/netty/common/HttpRequestReadTimeoutHandler.java
386	com.netflix.netty.common.HttpRequestReadTimeoutHandler$InternalReadTimeoutHandler	InternalReadTimeoutHandler(long,java.util.concurrent.TimeUnit)	0	[false, false]		public	false	/home/nima/Developer/nullness-benchmarks/zuul/zuul-core/src/main/java/com/netflix/netty/common/HttpRequestReadTimeoutHandler.java
387	com.netflix.netty.common.HttpRequestReadTimeoutHandler$InternalReadTimeoutHandler	readTimedOut(io.netty.channel.ChannelHandlerContext)	388	[false]	java.lang.Override	protected	false	/home/nima/Developer/nullness-benchmarks/zuul/zuul-core/src/main/java/com/netflix/netty/common/HttpRequestReadTimeoutHandler.java
389	com.netflix.netty.common.channel.config.ChannelConfigValue	ChannelConfigValue(com.netflix.netty.common.channel.config.ChannelConfigKey,T)	0	[false, false]		public	false	/home/nima/Developer/nullness-benchmarks/zuul/zuul-core/src/main/java/com/netflix/netty/common/channel/config/ChannelConfigValue.java
390	com.netflix.netty.common.channel.config.ChannelConfigValue	key()	0	[]		public	true	/home/nima/Developer/nullness-benchmarks/zuul/zuul-core/src/main/java/com/netflix/netty/common/channel/config/ChannelConfigValue.java
391	com.netflix.netty.common.channel.config.ChannelConfigValue	value()	0	[]		public	true	/home/nima/Developer/nullness-benchmarks/zuul/zuul-core/src/main/java/com/netflix/netty/common/channel/config/ChannelConfigValue.java
392	com.netflix.netty.common.channel.config.ChannelConfigKey	ChannelConfigKey(java.lang.String,T)	0	[false, false]		public	false	/home/nima/Developer/nullness-benchmarks/zuul/zuul-core/src/main/java/com/netflix/netty/common/channel/config/ChannelConfigKey.java
393	com.netflix.netty.common.channel.config.ChannelConfigKey	ChannelConfigKey(java.lang.String)	0	[false]		public	false	/home/nima/Developer/nullness-benchmarks/zuul/zuul-core/src/main/java/com/netflix/netty/common/channel/config/ChannelConfigKey.java
394	com.netflix.netty.common.channel.config.ChannelConfigKey	key()	0	[]		public	true	/home/nima/Developer/nullness-benchmarks/zuul/zuul-core/src/main/java/com/netflix/netty/common/channel/config/ChannelConfigKey.java
395	com.netflix.netty.common.channel.config.ChannelConfigKey	defaultValue()	0	[]		public	true	/home/nima/Developer/nullness-benchmarks/zuul/zuul-core/src/main/java/com/netflix/netty/common/channel/config/ChannelConfigKey.java
396	com.netflix.netty.common.channel.config.ChannelConfigKey	hasDefaultValue()	0	[]		public	false	/home/nima/Developer/nullness-benchmarks/zuul/zuul-core/src/main/java/com/netflix/netty/common/channel/config/ChannelConfigKey.java
397	com.netflix.netty.common.channel.config.ChannelConfigKey	toString()	29	[]	java.lang.Override	public	true	/home/nima/Developer/nullness-benchmarks/zuul/zuul-core/src/main/java/com/netflix/netty/common/channel/config/ChannelConfigKey.java
398	com.netflix.netty.common.channel.config.ChannelConfig	ChannelConfig()	0	[]		public	false	/home/nima/Developer/nullness-benchmarks/zuul/zuul-core/src/main/java/com/netflix/netty/common/channel/config/ChannelConfig.java
399	com.netflix.netty.common.channel.config.ChannelConfig	ChannelConfig(java.util.HashMap)	0	[false]		public	false	/home/nima/Developer/nullness-benchmarks/zuul/zuul-core/src/main/java/com/netflix/netty/common/channel/config/ChannelConfig.java
400	com.netflix.netty.common.channel.config.ChannelConfig	add(com.netflix.netty.common.channel.config.ChannelConfigValue)	0	[false]		public	false	/home/nima/Developer/nullness-benchmarks/zuul/zuul-core/src/main/java/com/netflix/netty/common/channel/config/ChannelConfig.java
401	com.netflix.netty.common.channel.config.ChannelConfig	set(com.netflix.netty.common.channel.config.ChannelConfigKey,T)	0	[false, false]		public	false	/home/nima/Developer/nullness-benchmarks/zuul/zuul-core/src/main/java/com/netflix/netty/common/channel/config/ChannelConfig.java
402	com.netflix.netty.common.channel.config.ChannelConfig	get(com.netflix.netty.common.channel.config.ChannelConfigKey)	0	[false]		public	true	/home/nima/Developer/nullness-benchmarks/zuul/zuul-core/src/main/java/com/netflix/netty/common/channel/config/ChannelConfig.java
403	com.netflix.netty.common.channel.config.ChannelConfig	getConfig(com.netflix.netty.common.channel.config.ChannelConfigKey)	0	[false]		public	true	/home/nima/Developer/nullness-benchmarks/zuul/zuul-core/src/main/java/com/netflix/netty/common/channel/config/ChannelConfig.java
404	com.netflix.netty.common.channel.config.ChannelConfig	contains(com.netflix.netty.common.channel.config.ChannelConfigKey)	0	[false]		public	false	/home/nima/Developer/nullness-benchmarks/zuul/zuul-core/src/main/java/com/netflix/netty/common/channel/config/ChannelConfig.java
405	com.netflix.netty.common.channel.config.ChannelConfig	clone()	282	[]	java.lang.Override	public	true	/home/nima/Developer/nullness-benchmarks/zuul/zuul-core/src/main/java/com/netflix/netty/common/channel/config/ChannelConfig.java
406	com.netflix.zuul.netty.server.ServerTimeout	ServerTimeout(int)	0	[false]		public	false	/home/nima/Developer/nullness-benchmarks/zuul/zuul-core/src/main/java/com/netflix/zuul/netty/server/ServerTimeout.java
407	com.netflix.zuul.netty.server.ServerTimeout	connectionIdleTimeout()	0	[]		public	false	/home/nima/Developer/nullness-benchmarks/zuul/zuul-core/src/main/java/com/netflix/zuul/netty/server/ServerTimeout.java
408	com.netflix.zuul.netty.server.ServerTimeout	defaultRequestExpiryTimeout()	0	[]		public	false	/home/nima/Developer/nullness-benchmarks/zuul/zuul-core/src/main/java/com/netflix/zuul/netty/server/ServerTimeout.java
409	com.netflix.netty.common.ssl.ServerSslConfig	ServerSslConfig(java.lang.String[],java.lang.String[],java.io.File,java.io.File)	0	[false, false, false, false]		public	false	/home/nima/Developer/nullness-benchmarks/zuul/zuul-core/src/main/java/com/netflix/netty/common/ssl/ServerSslConfig.java
410	com.netflix.netty.common.ssl.ServerSslConfig	ServerSslConfig(java.lang.String[],java.lang.String[],java.io.File,java.io.File,io.netty.handler.ssl.ClientAuth)	0	[false, false, false, false, false]		public	false	/home/nima/Developer/nullness-benchmarks/zuul/zuul-core/src/main/java/com/netflix/netty/common/ssl/ServerSslConfig.java
411	com.netflix.netty.common.ssl.ServerSslConfig	ServerSslConfig(java.lang.String[],java.lang.String[],java.io.File,java.io.File,io.netty.handler.ssl.ClientAuth,java.io.File,java.io.File,boolean)	0	[false, false, false, false, false, false, false, false]		public	false	/home/nima/Developer/nullness-benchmarks/zuul/zuul-core/src/main/java/com/netflix/netty/common/ssl/ServerSslConfig.java
412	com.netflix.netty.common.ssl.ServerSslConfig	ServerSslConfig(java.lang.String[],java.lang.String[],java.io.File,java.io.File,io.netty.handler.ssl.ClientAuth,java.io.File,java.lang.String,boolean)	0	[false, false, false, false, false, false, false, false]		public	false	/home/nima/Developer/nullness-benchmarks/zuul/zuul-core/src/main/java/com/netflix/netty/common/ssl/ServerSslConfig.java
413	com.netflix.netty.common.ssl.ServerSslConfig	getDefaultCiphers()	0	[]		public	true	/home/nima/Developer/nullness-benchmarks/zuul/zuul-core/src/main/java/com/netflix/netty/common/ssl/ServerSslConfig.java
414	com.netflix.netty.common.ssl.ServerSslConfig	withDefaultCiphers(java.io.File,java.io.File,java.lang.String[])	0	[false, false, false]		public	true	/home/nima/Developer/nullness-benchmarks/zuul/zuul-core/src/main/java/com/netflix/netty/common/ssl/ServerSslConfig.java
415	com.netflix.netty.common.ssl.ServerSslConfig	getProtocols()	0	[]		public	true	/home/nima/Developer/nullness-benchmarks/zuul/zuul-core/src/main/java/com/netflix/netty/common/ssl/ServerSslConfig.java
416	com.netflix.netty.common.ssl.ServerSslConfig	getCiphers()	0	[]		public	true	/home/nima/Developer/nullness-benchmarks/zuul/zuul-core/src/main/java/com/netflix/netty/common/ssl/ServerSslConfig.java
417	com.netflix.netty.common.ssl.ServerSslConfig	getCertChainFile()	0	[]		public	true	/home/nima/Developer/nullness-benchmarks/zuul/zuul-core/src/main/java/com/netflix/netty/common/ssl/ServerSslConfig.java
418	com.netflix.netty.common.ssl.ServerSslConfig	getKeyFile()	0	[]		public	true	/home/nima/Developer/nullness-benchmarks/zuul/zuul-core/src/main/java/com/netflix/netty/common/ssl/ServerSslConfig.java
419	com.netflix.netty.common.ssl.ServerSslConfig	getClientAuth()	0	[]		public	true	/home/nima/Developer/nullness-benchmarks/zuul/zuul-core/src/main/java/com/netflix/netty/common/ssl/ServerSslConfig.java
420	com.netflix.netty.common.ssl.ServerSslConfig	getClientAuthTrustStoreFile()	0	[]		public	true	/home/nima/Developer/nullness-benchmarks/zuul/zuul-core/src/main/java/com/netflix/netty/common/ssl/ServerSslConfig.java
421	com.netflix.netty.common.ssl.ServerSslConfig	getClientAuthTrustStorePassword()	0	[]		public	true	/home/nima/Developer/nullness-benchmarks/zuul/zuul-core/src/main/java/com/netflix/netty/common/ssl/ServerSslConfig.java
422	com.netflix.netty.common.ssl.ServerSslConfig	getClientAuthTrustStorePasswordFile()	0	[]		public	true	/home/nima/Developer/nullness-benchmarks/zuul/zuul-core/src/main/java/com/netflix/netty/common/ssl/ServerSslConfig.java
423	com.netflix.netty.common.ssl.ServerSslConfig	getSessionTimeout()	0	[]		public	false	/home/nima/Developer/nullness-benchmarks/zuul/zuul-core/src/main/java/com/netflix/netty/common/ssl/ServerSslConfig.java
424	com.netflix.netty.common.ssl.ServerSslConfig	sessionTicketsEnabled()	0	[]		public	false	/home/nima/Developer/nullness-benchmarks/zuul/zuul-core/src/main/java/com/netflix/netty/common/ssl/ServerSslConfig.java
425	com.netflix.netty.common.ssl.ServerSslConfig	toString()	29	[]	java.lang.Override	public	true	/home/nima/Developer/nullness-benchmarks/zuul/zuul-core/src/main/java/com/netflix/netty/common/ssl/ServerSslConfig.java
426	com.netflix.zuul.netty.ssl.SslContextFactory	createBuilderForServer()	0	[]		public	true	/home/nima/Developer/nullness-benchmarks/zuul/zuul-core/src/main/java/com/netflix/zuul/netty/ssl/SslContextFactory.java
427	com.netflix.zuul.netty.ssl.SslContextFactory	getProtocols()	0	[]		public	true	/home/nima/Developer/nullness-benchmarks/zuul/zuul-core/src/main/java/com/netflix/zuul/netty/ssl/SslContextFactory.java
428	com.netflix.zuul.netty.ssl.SslContextFactory	getCiphers()	0	[]		public	true	/home/nima/Developer/nullness-benchmarks/zuul/zuul-core/src/main/java/com/netflix/zuul/netty/ssl/SslContextFactory.java
429	com.netflix.zuul.netty.ssl.SslContextFactory	enableSessionTickets(io.netty.handler.ssl.SslContext)	0	[false]		public	false	/home/nima/Developer/nullness-benchmarks/zuul/zuul-core/src/main/java/com/netflix/zuul/netty/ssl/SslContextFactory.java
430	com.netflix.zuul.netty.ssl.SslContextFactory	configureOpenSslStatsMetrics(io.netty.handler.ssl.SslContext,java.lang.String)	0	[false, false]		public	false	/home/nima/Developer/nullness-benchmarks/zuul/zuul-core/src/main/java/com/netflix/zuul/netty/ssl/SslContextFactory.java
431	com.netflix.netty.common.metrics.PerEventLoopMetricsChannelHandler	PerEventLoopMetricsChannelHandler(com.netflix.netty.common.metrics.EventLoopGroupMetrics)	0	[false]		public	false	/home/nima/Developer/nullness-benchmarks/zuul/zuul-core/src/main/java/com/netflix/netty/common/metrics/PerEventLoopMetricsChannelHandler.java
432	com.netflix.netty.common.metrics.PerEventLoopMetricsChannelHandler$Connections	channelActive(io.netty.channel.ChannelHandlerContext)	433	[false]	java.lang.Override	public	false	/home/nima/Developer/nullness-benchmarks/zuul/zuul-core/src/main/java/com/netflix/netty/common/metrics/PerEventLoopMetricsChannelHandler.java
434	com.netflix.netty.common.metrics.PerEventLoopMetricsChannelHandler$Connections	channelInactive(io.netty.channel.ChannelHandlerContext)	384	[false]	java.lang.Override	public	false	/home/nima/Developer/nullness-benchmarks/zuul/zuul-core/src/main/java/com/netflix/netty/common/metrics/PerEventLoopMetricsChannelHandler.java
435	com.netflix.netty.common.metrics.PerEventLoopMetricsChannelHandler$HttpRequests	userEventTriggered(io.netty.channel.ChannelHandlerContext,java.lang.Object)	42	[false, false]	java.lang.Override	public	false	/home/nima/Developer/nullness-benchmarks/zuul/zuul-core/src/main/java/com/netflix/netty/common/metrics/PerEventLoopMetricsChannelHandler.java
436	com.netflix.netty.common.metrics.PerEventLoopMetricsChannelHandler$HttpRequests	incrementCurrentRequestsInFlight(io.netty.channel.ChannelHandlerContext)	0	[false]		private	false	/home/nima/Developer/nullness-benchmarks/zuul/zuul-core/src/main/java/com/netflix/netty/common/metrics/PerEventLoopMetricsChannelHandler.java
437	com.netflix.netty.common.metrics.PerEventLoopMetricsChannelHandler$HttpRequests	decrementCurrentRequestsIfOneInflight(io.netty.channel.ChannelHandlerContext)	0	[false]		private	false	/home/nima/Developer/nullness-benchmarks/zuul/zuul-core/src/main/java/com/netflix/netty/common/metrics/PerEventLoopMetricsChannelHandler.java
438	com.netflix.netty.common.metrics.HttpBodySizeRecordingChannelHandler	getCurrentInboundBodySize(io.netty.channel.Channel)	0	[false]		public	true	/home/nima/Developer/nullness-benchmarks/zuul/zuul-core/src/main/java/com/netflix/netty/common/metrics/HttpBodySizeRecordingChannelHandler.java
439	com.netflix.netty.common.metrics.HttpBodySizeRecordingChannelHandler	getCurrentOutboundBodySize(io.netty.channel.Channel)	0	[false]		public	true	/home/nima/Developer/nullness-benchmarks/zuul/zuul-core/src/main/java/com/netflix/netty/common/metrics/HttpBodySizeRecordingChannelHandler.java
440	com.netflix.netty.common.metrics.HttpBodySizeRecordingChannelHandler	getOrCreateCurrentState(io.netty.channel.Channel)	0	[false]		private	true	/home/nima/Developer/nullness-benchmarks/zuul/zuul-core/src/main/java/com/netflix/netty/common/metrics/HttpBodySizeRecordingChannelHandler.java
441	com.netflix.netty.common.metrics.HttpBodySizeRecordingChannelHandler	createNewState(io.netty.channel.Channel)	0	[false]		private	true	/home/nima/Developer/nullness-benchmarks/zuul/zuul-core/src/main/java/com/netflix/netty/common/metrics/HttpBodySizeRecordingChannelHandler.java
442	com.netflix.netty.common.metrics.HttpBodySizeRecordingChannelHandler$InboundChannelHandler	channelRead(io.netty.channel.ChannelHandlerContext,java.lang.Object)	14	[false, false]	java.lang.Override	public	false	/home/nima/Developer/nullness-benchmarks/zuul/zuul-core/src/main/java/com/netflix/netty/common/metrics/HttpBodySizeRecordingChannelHandler.java
443	com.netflix.netty.common.metrics.HttpBodySizeRecordingChannelHandler$InboundChannelHandler	userEventTriggered(io.netty.channel.ChannelHandlerContext,java.lang.Object)	42	[false, false]	java.lang.Override	public	false	/home/nima/Developer/nullness-benchmarks/zuul/zuul-core/src/main/java/com/netflix/netty/common/metrics/HttpBodySizeRecordingChannelHandler.java
444	com.netflix.netty.common.metrics.HttpBodySizeRecordingChannelHandler$OutboundChannelHandler	write(io.netty.channel.ChannelHandlerContext,java.lang.Object,io.netty.channel.ChannelPromise)	6	[false, false, false]	java.lang.Override	public	false	/home/nima/Developer/nullness-benchmarks/zuul/zuul-core/src/main/java/com/netflix/netty/common/metrics/HttpBodySizeRecordingChannelHandler.java
445	com.netflix.netty.common.metrics.HttpBodySizeRecordingChannelHandler$InboundBodySizeProvider	InboundBodySizeProvider(io.netty.channel.Channel)	0	[false]		public	false	/home/nima/Developer/nullness-benchmarks/zuul/zuul-core/src/main/java/com/netflix/netty/common/metrics/HttpBodySizeRecordingChannelHandler.java
446	com.netflix.netty.common.metrics.HttpBodySizeRecordingChannelHandler$InboundBodySizeProvider	get()	447	[]	java.lang.Override	public	true	/home/nima/Developer/nullness-benchmarks/zuul/zuul-core/src/main/java/com/netflix/netty/common/metrics/HttpBodySizeRecordingChannelHandler.java
448	com.netflix.netty.common.metrics.HttpBodySizeRecordingChannelHandler$OutboundBodySizeProvider	OutboundBodySizeProvider(io.netty.channel.Channel)	0	[false]		public	false	/home/nima/Developer/nullness-benchmarks/zuul/zuul-core/src/main/java/com/netflix/netty/common/metrics/HttpBodySizeRecordingChannelHandler.java
449	com.netflix.netty.common.metrics.HttpBodySizeRecordingChannelHandler$OutboundBodySizeProvider	get()	447	[]	java.lang.Override	public	true	/home/nima/Developer/nullness-benchmarks/zuul/zuul-core/src/main/java/com/netflix/netty/common/metrics/HttpBodySizeRecordingChannelHandler.java
450	com.netflix.netty.common.metrics.InstrumentedResourceLeakDetector	InstrumentedResourceLeakDetector(java.lang.Class,int)	0	[false, false]		public	false	/home/nima/Developer/nullness-benchmarks/zuul/zuul-core/src/main/java/com/netflix/netty/common/metrics/InstrumentedResourceLeakDetector.java
451	com.netflix.netty.common.metrics.InstrumentedResourceLeakDetector	InstrumentedResourceLeakDetector(java.lang.Class,int,long)	0	[false, false, false]		public	false	/home/nima/Developer/nullness-benchmarks/zuul/zuul-core/src/main/java/com/netflix/netty/common/metrics/InstrumentedResourceLeakDetector.java
452	com.netflix.netty.common.metrics.InstrumentedResourceLeakDetector	reportTracedLeak(java.lang.String,java.lang.String)	453	[false, false]	java.lang.Override	protected	false	/home/nima/Developer/nullness-benchmarks/zuul/zuul-core/src/main/java/com/netflix/netty/common/metrics/InstrumentedResourceLeakDetector.java
454	com.netflix.netty.common.metrics.InstrumentedResourceLeakDetector	reportUntracedLeak(java.lang.String)	455	[false]	java.lang.Override	protected	false	/home/nima/Developer/nullness-benchmarks/zuul/zuul-core/src/main/java/com/netflix/netty/common/metrics/InstrumentedResourceLeakDetector.java
456	com.netflix.netty.common.metrics.InstrumentedResourceLeakDetector	resetReportedLeaks()	0	[]		private	false	/home/nima/Developer/nullness-benchmarks/zuul/zuul-core/src/main/java/com/netflix/netty/common/metrics/InstrumentedResourceLeakDetector.java
457	com.netflix.netty.common.metrics.Http2MetricsChannelHandlers	Http2MetricsChannelHandlers(com.netflix.spectator.api.Registry,java.lang.String,java.lang.String)	0	[false, false, false]		public	false	/home/nima/Developer/nullness-benchmarks/zuul/zuul-core/src/main/java/com/netflix/netty/common/metrics/Http2MetricsChannelHandlers.java
458	com.netflix.netty.common.metrics.Http2MetricsChannelHandlers	inbound()	0	[]		public	true	/home/nima/Developer/nullness-benchmarks/zuul/zuul-core/src/main/java/com/netflix/netty/common/metrics/Http2MetricsChannelHandlers.java
459	com.netflix.netty.common.metrics.Http2MetricsChannelHandlers	outbound()	0	[]		public	true	/home/nima/Developer/nullness-benchmarks/zuul/zuul-core/src/main/java/com/netflix/netty/common/metrics/Http2MetricsChannelHandlers.java
460	com.netflix.netty.common.metrics.Http2MetricsChannelHandlers	incrementErrorCounter(com.netflix.spectator.api.Registry,java.lang.String,java.lang.String,io.netty.handler.codec.http2.Http2Exception)	0	[false, false, false, false]		protected	false	/home/nima/Developer/nullness-benchmarks/zuul/zuul-core/src/main/java/com/netflix/netty/common/metrics/Http2MetricsChannelHandlers.java
461	com.netflix.netty.common.metrics.Http2MetricsChannelHandlers	incrementCounter(com.netflix.spectator.api.Registry,java.lang.String,java.lang.String,io.netty.handler.codec.http2.Http2Frame)	0	[false, false, false, false]		protected	false	/home/nima/Developer/nullness-benchmarks/zuul/zuul-core/src/main/java/com/netflix/netty/common/metrics/Http2MetricsChannelHandlers.java
462	com.netflix.netty.common.metrics.Http2MetricsChannelHandlers$Inbound	Inbound(com.netflix.spectator.api.Registry,java.lang.String,java.lang.String)	0	[false, false, false]		public	false	/home/nima/Developer/nullness-benchmarks/zuul/zuul-core/src/main/java/com/netflix/netty/common/metrics/Http2MetricsChannelHandlers.java
463	com.netflix.netty.common.metrics.Http2MetricsChannelHandlers$Inbound	channelRead(io.netty.channel.ChannelHandlerContext,java.lang.Object)	14	[false, false]	java.lang.Override	public	false	/home/nima/Developer/nullness-benchmarks/zuul/zuul-core/src/main/java/com/netflix/netty/common/metrics/Http2MetricsChannelHandlers.java
464	com.netflix.netty.common.metrics.Http2MetricsChannelHandlers$Inbound	exceptionCaught(io.netty.channel.ChannelHandlerContext,java.lang.Throwable)	465	[false, false]	java.lang.Override	public	false	/home/nima/Developer/nullness-benchmarks/zuul/zuul-core/src/main/java/com/netflix/netty/common/metrics/Http2MetricsChannelHandlers.java
466	com.netflix.netty.common.metrics.Http2MetricsChannelHandlers$Outbound	Outbound(com.netflix.spectator.api.Registry,java.lang.String,java.lang.String)	0	[false, false, false]		public	false	/home/nima/Developer/nullness-benchmarks/zuul/zuul-core/src/main/java/com/netflix/netty/common/metrics/Http2MetricsChannelHandlers.java
467	com.netflix.netty.common.metrics.Http2MetricsChannelHandlers$Outbound	write(io.netty.channel.ChannelHandlerContext,java.lang.Object,io.netty.channel.ChannelPromise)	6	[false, false, false]	java.lang.Override	public	false	/home/nima/Developer/nullness-benchmarks/zuul/zuul-core/src/main/java/com/netflix/netty/common/metrics/Http2MetricsChannelHandlers.java
468	com.netflix.netty.common.metrics.Http2MetricsChannelHandlers$Outbound	exceptionCaught(io.netty.channel.ChannelHandlerContext,java.lang.Throwable)	375	[false, false]	java.lang.Override	public	false	/home/nima/Developer/nullness-benchmarks/zuul/zuul-core/src/main/java/com/netflix/netty/common/metrics/Http2MetricsChannelHandlers.java
469	com.netflix.netty.common.HttpLifecycleChannelHandler	fireStartEvent(io.netty.channel.ChannelHandlerContext,io.netty.handler.codec.http.HttpRequest)	0	[false, false]		protected	false	/home/nima/Developer/nullness-benchmarks/zuul/zuul-core/src/main/java/com/netflix/netty/common/HttpLifecycleChannelHandler.java
470	com.netflix.netty.common.HttpLifecycleChannelHandler	fireCompleteEventIfNotAlready(io.netty.channel.ChannelHandlerContext,com.netflix.netty.common.HttpLifecycleChannelHandler.CompleteReason)	0	[false, false]		protected	false	/home/nima/Developer/nullness-benchmarks/zuul/zuul-core/src/main/java/com/netflix/netty/common/HttpLifecycleChannelHandler.java
471	com.netflix.netty.common.HttpLifecycleChannelHandler	addPassportState(io.netty.channel.ChannelHandlerContext,com.netflix.zuul.passport.PassportState)	0	[false, false]		protected	false	/home/nima/Developer/nullness-benchmarks/zuul/zuul-core/src/main/java/com/netflix/netty/common/HttpLifecycleChannelHandler.java
472	com.netflix.netty.common.HttpLifecycleChannelHandler$StartEvent	StartEvent(io.netty.handler.codec.http.HttpRequest)	0	[false]		public	false	/home/nima/Developer/nullness-benchmarks/zuul/zuul-core/src/main/java/com/netflix/netty/common/HttpLifecycleChannelHandler.java
473	com.netflix.netty.common.HttpLifecycleChannelHandler$StartEvent	getRequest()	0	[]		public	true	/home/nima/Developer/nullness-benchmarks/zuul/zuul-core/src/main/java/com/netflix/netty/common/HttpLifecycleChannelHandler.java
474	com.netflix.netty.common.HttpLifecycleChannelHandler$CompleteEvent	CompleteEvent(com.netflix.netty.common.HttpLifecycleChannelHandler.CompleteReason,io.netty.handler.codec.http.HttpRequest,io.netty.handler.codec.http.HttpResponse)	0	[false, false, false]		public	false	/home/nima/Developer/nullness-benchmarks/zuul/zuul-core/src/main/java/com/netflix/netty/common/HttpLifecycleChannelHandler.java
475	com.netflix.netty.common.HttpLifecycleChannelHandler$CompleteEvent	getReason()	0	[]		public	true	/home/nima/Developer/nullness-benchmarks/zuul/zuul-core/src/main/java/com/netflix/netty/common/HttpLifecycleChannelHandler.java
476	com.netflix.netty.common.HttpLifecycleChannelHandler$CompleteEvent	getRequest()	0	[]		public	true	/home/nima/Developer/nullness-benchmarks/zuul/zuul-core/src/main/java/com/netflix/netty/common/HttpLifecycleChannelHandler.java
477	com.netflix.netty.common.HttpLifecycleChannelHandler$CompleteEvent	getResponse()	0	[]		public	true	/home/nima/Developer/nullness-benchmarks/zuul/zuul-core/src/main/java/com/netflix/netty/common/HttpLifecycleChannelHandler.java
478	com.netflix.netty.common.metrics.HttpMetricsChannelHandler	HttpMetricsChannelHandler(com.netflix.spectator.api.Registry,java.lang.String,java.lang.String)	0	[false, false, false]		public	false	/home/nima/Developer/nullness-benchmarks/zuul/zuul-core/src/main/java/com/netflix/netty/common/metrics/HttpMetricsChannelHandler.java
479	com.netflix.netty.common.metrics.HttpMetricsChannelHandler	getInflightRequestCountFromChannel(io.netty.channel.Channel)	0	[false]		public	false	/home/nima/Developer/nullness-benchmarks/zuul/zuul-core/src/main/java/com/netflix/netty/common/metrics/HttpMetricsChannelHandler.java
480	com.netflix.netty.common.metrics.HttpMetricsChannelHandler	getInflightRequestsCount()	0	[]		public	false	/home/nima/Developer/nullness-benchmarks/zuul/zuul-core/src/main/java/com/netflix/netty/common/metrics/HttpMetricsChannelHandler.java
481	com.netflix.netty.common.metrics.HttpMetricsChannelHandler	channelActive(io.netty.channel.ChannelHandlerContext)	433	[false]	java.lang.Override	public	false	/home/nima/Developer/nullness-benchmarks/zuul/zuul-core/src/main/java/com/netflix/netty/common/metrics/HttpMetricsChannelHandler.java
482	com.netflix.netty.common.metrics.HttpMetricsChannelHandler	userEventTriggered(io.netty.channel.ChannelHandlerContext,java.lang.Object)	42	[false, false]	java.lang.Override	public	false	/home/nima/Developer/nullness-benchmarks/zuul/zuul-core/src/main/java/com/netflix/netty/common/metrics/HttpMetricsChannelHandler.java
483	com.netflix.netty.common.metrics.HttpMetricsChannelHandler	incrementCurrentRequestsInFlight(io.netty.channel.ChannelHandlerContext)	0	[false]		private	false	/home/nima/Developer/nullness-benchmarks/zuul/zuul-core/src/main/java/com/netflix/netty/common/metrics/HttpMetricsChannelHandler.java
484	com.netflix.netty.common.metrics.HttpMetricsChannelHandler	decrementCurrentRequestsIfOneInflight(io.netty.channel.ChannelHandlerContext)	0	[false]		private	false	/home/nima/Developer/nullness-benchmarks/zuul/zuul-core/src/main/java/com/netflix/netty/common/metrics/HttpMetricsChannelHandler.java
485	com.netflix.netty.common.CategorizedThreadFactory	CategorizedThreadFactory(java.lang.String)	0	[false]		public	false	/home/nima/Developer/nullness-benchmarks/zuul/zuul-core/src/main/java/com/netflix/netty/common/CategorizedThreadFactory.java
486	com.netflix.netty.common.CategorizedThreadFactory	newThread(java.lang.Runnable)	487	[false]		public	true	/home/nima/Developer/nullness-benchmarks/zuul/zuul-core/src/main/java/com/netflix/netty/common/CategorizedThreadFactory.java
488	com.netflix.netty.common.HttpChannelFlags$Flag	Flag(java.lang.String)	0	[false]		public	false	/home/nima/Developer/nullness-benchmarks/zuul/zuul-core/src/main/java/com/netflix/netty/common/HttpChannelFlags.java
489	com.netflix.netty.common.HttpChannelFlags$Flag	set(io.netty.channel.Channel)	0	[false]		public	false	/home/nima/Developer/nullness-benchmarks/zuul/zuul-core/src/main/java/com/netflix/netty/common/HttpChannelFlags.java
490	com.netflix.netty.common.HttpChannelFlags$Flag	remove(io.netty.channel.Channel)	0	[false]		public	false	/home/nima/Developer/nullness-benchmarks/zuul/zuul-core/src/main/java/com/netflix/netty/common/HttpChannelFlags.java
491	com.netflix.netty.common.HttpChannelFlags$Flag	set(io.netty.channel.ChannelHandlerContext)	0	[false]		public	false	/home/nima/Developer/nullness-benchmarks/zuul/zuul-core/src/main/java/com/netflix/netty/common/HttpChannelFlags.java
492	com.netflix.netty.common.HttpChannelFlags$Flag	get(io.netty.channel.Channel)	0	[false]		public	false	/home/nima/Developer/nullness-benchmarks/zuul/zuul-core/src/main/java/com/netflix/netty/common/HttpChannelFlags.java
493	com.netflix.netty.common.HttpChannelFlags$Flag	get(io.netty.channel.ChannelHandlerContext)	0	[false]		public	false	/home/nima/Developer/nullness-benchmarks/zuul/zuul-core/src/main/java/com/netflix/netty/common/HttpChannelFlags.java
494	com.netflix.netty.common.SourceAddressChannelHandler	channelActive(io.netty.channel.ChannelHandlerContext)	433	[false]	java.lang.Override	public	false	/home/nima/Developer/nullness-benchmarks/zuul/zuul-core/src/main/java/com/netflix/netty/common/SourceAddressChannelHandler.java
495	com.netflix.netty.common.SourceAddressChannelHandler	getHostAddress(java.net.InetSocketAddress)	0	[false]	com.google.common.annotations.VisibleForTesting	package	true	/home/nima/Developer/nullness-benchmarks/zuul/zuul-core/src/main/java/com/netflix/netty/common/SourceAddressChannelHandler.java
496	com.netflix.netty.common.SourceAddressChannelHandler	sourceAddress(io.netty.channel.Channel)	0	[false]		private	true	/home/nima/Developer/nullness-benchmarks/zuul/zuul-core/src/main/java/com/netflix/netty/common/SourceAddressChannelHandler.java
497	com.netflix.netty.common.SourceAddressChannelHandler	localAddress(io.netty.channel.Channel)	0	[false]		private	true	/home/nima/Developer/nullness-benchmarks/zuul/zuul-core/src/main/java/com/netflix/netty/common/SourceAddressChannelHandler.java
498	com.netflix.netty.common.Http2ConnectionCloseHandler	Http2ConnectionCloseHandler(com.netflix.spectator.api.Registry)	0	[false]	javax.inject.Inject	public	false	/home/nima/Developer/nullness-benchmarks/zuul/zuul-core/src/main/java/com/netflix/netty/common/Http2ConnectionCloseHandler.java
499	com.netflix.netty.common.Http2ConnectionCloseHandler	incrementCounter(com.netflix.netty.common.ConnectionCloseType,int)	0	[false, false]		private	false	/home/nima/Developer/nullness-benchmarks/zuul/zuul-core/src/main/java/com/netflix/netty/common/Http2ConnectionCloseHandler.java
500	com.netflix.netty.common.Http2ConnectionCloseHandler	write(io.netty.channel.ChannelHandlerContext,java.lang.Object,io.netty.channel.ChannelPromise)	501	[false, false, false]	java.lang.Override	public	false	/home/nima/Developer/nullness-benchmarks/zuul/zuul-core/src/main/java/com/netflix/netty/common/Http2ConnectionCloseHandler.java
502	com.netflix.netty.common.Http2ConnectionCloseHandler	shouldCloseAfter(io.netty.channel.ChannelHandlerContext,io.netty.channel.Channel)	0	[false, false]		private	true	/home/nima/Developer/nullness-benchmarks/zuul/zuul-core/src/main/java/com/netflix/netty/common/Http2ConnectionCloseHandler.java
503	com.netflix.netty.common.Http2ConnectionCloseHandler	isEndOfRequestResponse(java.lang.Object)	0	[false]		private	false	/home/nima/Developer/nullness-benchmarks/zuul/zuul-core/src/main/java/com/netflix/netty/common/Http2ConnectionCloseHandler.java
504	com.netflix.netty.common.Http2ConnectionCloseHandler	closeChannel(io.netty.channel.ChannelHandlerContext,io.netty.channel.ChannelPromise)	0	[false, false]		private	false	/home/nima/Developer/nullness-benchmarks/zuul/zuul-core/src/main/java/com/netflix/netty/common/Http2ConnectionCloseHandler.java
505	com.netflix.netty.common.Http2ConnectionCloseHandler	gracefullyWithDelay(io.netty.util.concurrent.EventExecutor,io.netty.channel.Channel,io.netty.channel.ChannelPromise)	0	[false, false, false]		private	false	/home/nima/Developer/nullness-benchmarks/zuul/zuul-core/src/main/java/com/netflix/netty/common/Http2ConnectionCloseHandler.java
506	com.netflix.netty.common.Http2ConnectionCloseHandler	immediate(io.netty.channel.Channel,io.netty.channel.ChannelPromise)	0	[false, false]		private	false	/home/nima/Developer/nullness-benchmarks/zuul/zuul-core/src/main/java/com/netflix/netty/common/Http2ConnectionCloseHandler.java
507	com.netflix.netty.common.Http2ConnectionCloseHandler	isAlreadyClosing(io.netty.channel.Channel)	0	[false]		protected	false	/home/nima/Developer/nullness-benchmarks/zuul/zuul-core/src/main/java/com/netflix/netty/common/Http2ConnectionCloseHandler.java
508	com.netflix.netty.common.accesslog.AccessLogChannelHandler$AccessLogInboundChannelHandler	AccessLogInboundChannelHandler(com.netflix.netty.common.accesslog.AccessLogPublisher)	0	[false]		public	false	/home/nima/Developer/nullness-benchmarks/zuul/zuul-core/src/main/java/com/netflix/netty/common/accesslog/AccessLogChannelHandler.java
509	com.netflix.netty.common.accesslog.AccessLogChannelHandler$AccessLogInboundChannelHandler	channelRead(io.netty.channel.ChannelHandlerContext,java.lang.Object)	14	[false, false]	java.lang.Override	public	false	/home/nima/Developer/nullness-benchmarks/zuul/zuul-core/src/main/java/com/netflix/netty/common/accesslog/AccessLogChannelHandler.java
510	com.netflix.netty.common.accesslog.AccessLogChannelHandler$AccessLogInboundChannelHandler	userEventTriggered(io.netty.channel.ChannelHandlerContext,java.lang.Object)	42	[false, false]	java.lang.Override	public	false	/home/nima/Developer/nullness-benchmarks/zuul/zuul-core/src/main/java/com/netflix/netty/common/accesslog/AccessLogChannelHandler.java
511	com.netflix.netty.common.accesslog.AccessLogChannelHandler$AccessLogOutboundChannelHandler	write(io.netty.channel.ChannelHandlerContext,java.lang.Object,io.netty.channel.ChannelPromise)	6	[false, false, false]	java.lang.Override	public	false	/home/nima/Developer/nullness-benchmarks/zuul/zuul-core/src/main/java/com/netflix/netty/common/accesslog/AccessLogChannelHandler.java
512	com.netflix.netty.common.accesslog.AccessLogPublisher	AccessLogPublisher(java.lang.String,java.util.function.BiFunction)	0	[false, false]		public	false	/home/nima/Developer/nullness-benchmarks/zuul/zuul-core/src/main/java/com/netflix/netty/common/accesslog/AccessLogPublisher.java
513	com.netflix.netty.common.accesslog.AccessLogPublisher	log(io.netty.channel.Channel,io.netty.handler.codec.http.HttpRequest,io.netty.handler.codec.http.HttpResponse,java.time.LocalDateTime,java.lang.Integer,java.lang.String,java.lang.Long,java.lang.Integer,java.lang.Integer)	0	[false, false, false, false, false, false, false, false, false]		public	false	/home/nima/Developer/nullness-benchmarks/zuul/zuul-core/src/main/java/com/netflix/netty/common/accesslog/AccessLogPublisher.java
514	com.netflix.netty.common.accesslog.AccessLogPublisher	includeMatchingHeaders(java.lang.StringBuilder,java.util.List,io.netty.handler.codec.http.HttpHeaders)	0	[false, false, false]		package	false	/home/nima/Developer/nullness-benchmarks/zuul/zuul-core/src/main/java/com/netflix/netty/common/accesslog/AccessLogPublisher.java
515	com.netflix.netty.common.accesslog.AccessLogPublisher	headerAsString(io.netty.handler.codec.http.HttpHeaders,java.lang.String)	0	[false, false]		package	true	/home/nima/Developer/nullness-benchmarks/zuul/zuul-core/src/main/java/com/netflix/netty/common/accesslog/AccessLogPublisher.java
516	com.netflix.netty.common.HttpServerLifecycleChannelHandler$HttpServerLifecycleInboundChannelHandler	channelRead(io.netty.channel.ChannelHandlerContext,java.lang.Object)	14	[false, false]	java.lang.Override	public	false	/home/nima/Developer/nullness-benchmarks/zuul/zuul-core/src/main/java/com/netflix/netty/common/HttpServerLifecycleChannelHandler.java
517	com.netflix.netty.common.HttpServerLifecycleChannelHandler$HttpServerLifecycleInboundChannelHandler	channelInactive(io.netty.channel.ChannelHandlerContext)	384	[false]	java.lang.Override	public	false	/home/nima/Developer/nullness-benchmarks/zuul/zuul-core/src/main/java/com/netflix/netty/common/HttpServerLifecycleChannelHandler.java
518	com.netflix.netty.common.HttpServerLifecycleChannelHandler$HttpServerLifecycleOutboundChannelHandler	write(io.netty.channel.ChannelHandlerContext,java.lang.Object,io.netty.channel.ChannelPromise)	6	[false, false, false]	java.lang.Override	public	false	/home/nima/Developer/nullness-benchmarks/zuul/zuul-core/src/main/java/com/netflix/netty/common/HttpServerLifecycleChannelHandler.java
519	com.netflix.netty.common.HttpServerLifecycleChannelHandler$HttpServerLifecycleOutboundChannelHandler	disconnect(io.netty.channel.ChannelHandlerContext,io.netty.channel.ChannelPromise)	520	[false, false]	java.lang.Override	public	false	/home/nima/Developer/nullness-benchmarks/zuul/zuul-core/src/main/java/com/netflix/netty/common/HttpServerLifecycleChannelHandler.java
521	com.netflix.netty.common.HttpServerLifecycleChannelHandler$HttpServerLifecycleOutboundChannelHandler	close(io.netty.channel.ChannelHandlerContext,io.netty.channel.ChannelPromise)	522	[false, false]	java.lang.Override	public	false	/home/nima/Developer/nullness-benchmarks/zuul/zuul-core/src/main/java/com/netflix/netty/common/HttpServerLifecycleChannelHandler.java
523	com.netflix.netty.common.ssl.SslHandshakeInfo	SslHandshakeInfo(boolean,java.lang.String,java.lang.String,io.netty.handler.ssl.ClientAuth,java.security.cert.Certificate,java.security.cert.X509Certificate)	0	[false, false, false, false, false, false]		public	false	/home/nima/Developer/nullness-benchmarks/zuul/zuul-core/src/main/java/com/netflix/netty/common/ssl/SslHandshakeInfo.java
524	com.netflix.netty.common.ssl.SslHandshakeInfo	isOfIntermediary()	0	[]		public	false	/home/nima/Developer/nullness-benchmarks/zuul/zuul-core/src/main/java/com/netflix/netty/common/ssl/SslHandshakeInfo.java
525	com.netflix.netty.common.ssl.SslHandshakeInfo	getProtocol()	0	[]		public	true	/home/nima/Developer/nullness-benchmarks/zuul/zuul-core/src/main/java/com/netflix/netty/common/ssl/SslHandshakeInfo.java
526	com.netflix.netty.common.ssl.SslHandshakeInfo	getCipherSuite()	0	[]		public	true	/home/nima/Developer/nullness-benchmarks/zuul/zuul-core/src/main/java/com/netflix/netty/common/ssl/SslHandshakeInfo.java
527	com.netflix.netty.common.ssl.SslHandshakeInfo	getClientAuthRequirement()	0	[]		public	true	/home/nima/Developer/nullness-benchmarks/zuul/zuul-core/src/main/java/com/netflix/netty/common/ssl/SslHandshakeInfo.java
528	com.netflix.netty.common.ssl.SslHandshakeInfo	getServerCertificate()	0	[]		public	true	/home/nima/Developer/nullness-benchmarks/zuul/zuul-core/src/main/java/com/netflix/netty/common/ssl/SslHandshakeInfo.java
529	com.netflix.netty.common.ssl.SslHandshakeInfo	getClientCertificate()	0	[]		public	true	/home/nima/Developer/nullness-benchmarks/zuul/zuul-core/src/main/java/com/netflix/netty/common/ssl/SslHandshakeInfo.java
530	com.netflix.netty.common.ssl.SslHandshakeInfo	toString()	29	[]	java.lang.Override	public	true	/home/nima/Developer/nullness-benchmarks/zuul/zuul-core/src/main/java/com/netflix/netty/common/ssl/SslHandshakeInfo.java
531	com.netflix.netty.common.status.ServerStatusManager	ServerStatusManager(com.netflix.appinfo.ApplicationInfoManager)	0	[false]	javax.inject.Inject	public	false	/home/nima/Developer/nullness-benchmarks/zuul/zuul-core/src/main/java/com/netflix/netty/common/status/ServerStatusManager.java
532	com.netflix.netty.common.status.ServerStatusManager	localStatus(com.netflix.appinfo.InstanceInfo.InstanceStatus)	0	[false]		public	false	/home/nima/Developer/nullness-benchmarks/zuul/zuul-core/src/main/java/com/netflix/netty/common/status/ServerStatusManager.java
533	com.netflix.netty.common.Http1ConnectionExpiryHandler	Http1ConnectionExpiryHandler(int,int,int)	0	[false, false, false]		public	false	/home/nima/Developer/nullness-benchmarks/zuul/zuul-core/src/main/java/com/netflix/netty/common/Http1ConnectionExpiryHandler.java
534	com.netflix.netty.common.Http1ConnectionExpiryHandler	isResponseHeaders(java.lang.Object)	3	[false]	java.lang.Override	protected	false	/home/nima/Developer/nullness-benchmarks/zuul/zuul-core/src/main/java/com/netflix/netty/common/Http1ConnectionExpiryHandler.java
535	com.netflix.netty.common.HttpClientLifecycleChannelHandler$HttpClientLifecycleInboundChannelHandler	channelRead(io.netty.channel.ChannelHandlerContext,java.lang.Object)	14	[false, false]	java.lang.Override	public	false	/home/nima/Developer/nullness-benchmarks/zuul/zuul-core/src/main/java/com/netflix/netty/common/HttpClientLifecycleChannelHandler.java
536	com.netflix.netty.common.HttpClientLifecycleChannelHandler$HttpClientLifecycleInboundChannelHandler	channelInactive(io.netty.channel.ChannelHandlerContext)	384	[false]	java.lang.Override	public	false	/home/nima/Developer/nullness-benchmarks/zuul/zuul-core/src/main/java/com/netflix/netty/common/HttpClientLifecycleChannelHandler.java
537	com.netflix.netty.common.HttpClientLifecycleChannelHandler$HttpClientLifecycleOutboundChannelHandler	write(io.netty.channel.ChannelHandlerContext,java.lang.Object,io.netty.channel.ChannelPromise)	6	[false, false, false]	java.lang.Override	public	false	/home/nima/Developer/nullness-benchmarks/zuul/zuul-core/src/main/java/com/netflix/netty/common/HttpClientLifecycleChannelHandler.java
538	com.netflix.netty.common.HttpClientLifecycleChannelHandler$HttpClientLifecycleOutboundChannelHandler	disconnect(io.netty.channel.ChannelHandlerContext,io.netty.channel.ChannelPromise)	520	[false, false]	java.lang.Override	public	false	/home/nima/Developer/nullness-benchmarks/zuul/zuul-core/src/main/java/com/netflix/netty/common/HttpClientLifecycleChannelHandler.java
539	com.netflix.netty.common.HttpClientLifecycleChannelHandler$HttpClientLifecycleOutboundChannelHandler	deregister(io.netty.channel.ChannelHandlerContext,io.netty.channel.ChannelPromise)	540	[false, false]	java.lang.Override	public	false	/home/nima/Developer/nullness-benchmarks/zuul/zuul-core/src/main/java/com/netflix/netty/common/HttpClientLifecycleChannelHandler.java
541	com.netflix.netty.common.HttpClientLifecycleChannelHandler$HttpClientLifecycleOutboundChannelHandler	exceptionCaught(io.netty.channel.ChannelHandlerContext,java.lang.Throwable)	375	[false, false]	java.lang.Override	public	false	/home/nima/Developer/nullness-benchmarks/zuul/zuul-core/src/main/java/com/netflix/netty/common/HttpClientLifecycleChannelHandler.java
542	com.netflix.netty.common.HttpClientLifecycleChannelHandler$HttpClientLifecycleOutboundChannelHandler	close(io.netty.channel.ChannelHandlerContext,io.netty.channel.ChannelPromise)	522	[false, false]	java.lang.Override	public	false	/home/nima/Developer/nullness-benchmarks/zuul/zuul-core/src/main/java/com/netflix/netty/common/HttpClientLifecycleChannelHandler.java
543	com.netflix.netty.common.throttle.MaxInboundConnectionsHandler	MaxInboundConnectionsHandler(com.netflix.spectator.api.Registry,java.lang.String,int)	0	[false, false, false]		public	false	/home/nima/Developer/nullness-benchmarks/zuul/zuul-core/src/main/java/com/netflix/netty/common/throttle/MaxInboundConnectionsHandler.java
544	com.netflix.netty.common.throttle.MaxInboundConnectionsHandler	channelActive(io.netty.channel.ChannelHandlerContext)	433	[false]	java.lang.Override	public	false	/home/nima/Developer/nullness-benchmarks/zuul/zuul-core/src/main/java/com/netflix/netty/common/throttle/MaxInboundConnectionsHandler.java
545	com.netflix.netty.common.throttle.MaxInboundConnectionsHandler	channelRead(io.netty.channel.ChannelHandlerContext,java.lang.Object)	14	[false, false]	java.lang.Override	public	false	/home/nima/Developer/nullness-benchmarks/zuul/zuul-core/src/main/java/com/netflix/netty/common/throttle/MaxInboundConnectionsHandler.java
546	com.netflix.netty.common.throttle.MaxInboundConnectionsHandler	channelInactive(io.netty.channel.ChannelHandlerContext)	384	[false]	java.lang.Override	public	false	/home/nima/Developer/nullness-benchmarks/zuul/zuul-core/src/main/java/com/netflix/netty/common/throttle/MaxInboundConnectionsHandler.java
547	com.netflix.netty.common.throttle.RequestRejectedEvent	RequestRejectedEvent(io.netty.handler.codec.http.HttpRequest,com.netflix.zuul.stats.status.StatusCategory,io.netty.handler.codec.http.HttpResponseStatus,java.lang.String)	0	[false, false, false, false]		public	false	/home/nima/Developer/nullness-benchmarks/zuul/zuul-core/src/main/java/com/netflix/netty/common/throttle/RequestRejectedEvent.java
548	com.netflix.netty.common.throttle.RequestRejectedEvent	request()	0	[]		public	true	/home/nima/Developer/nullness-benchmarks/zuul/zuul-core/src/main/java/com/netflix/netty/common/throttle/RequestRejectedEvent.java
549	com.netflix.netty.common.throttle.RequestRejectedEvent	getNfStatus()	0	[]		public	true	/home/nima/Developer/nullness-benchmarks/zuul/zuul-core/src/main/java/com/netflix/netty/common/throttle/RequestRejectedEvent.java
550	com.netflix.netty.common.throttle.RequestRejectedEvent	getHttpStatus()	0	[]		public	true	/home/nima/Developer/nullness-benchmarks/zuul/zuul-core/src/main/java/com/netflix/netty/common/throttle/RequestRejectedEvent.java
551	com.netflix.netty.common.throttle.RequestRejectedEvent	getReason()	0	[]		public	true	/home/nima/Developer/nullness-benchmarks/zuul/zuul-core/src/main/java/com/netflix/netty/common/throttle/RequestRejectedEvent.java
552	com.netflix.zuul.stats.status.StatusCategory	getId()	0	[]		public	true	/home/nima/Developer/nullness-benchmarks/zuul/zuul-core/src/main/java/com/netflix/zuul/stats/status/StatusCategory.java
553	com.netflix.zuul.stats.status.StatusCategory	getGroup()	0	[]		public	true	/home/nima/Developer/nullness-benchmarks/zuul/zuul-core/src/main/java/com/netflix/zuul/stats/status/StatusCategory.java
554	com.netflix.zuul.stats.status.StatusCategory	name()	0	[]		public	true	/home/nima/Developer/nullness-benchmarks/zuul/zuul-core/src/main/java/com/netflix/zuul/stats/status/StatusCategory.java
555	com.netflix.zuul.stats.status.StatusCategoryGroup	getId()	0	[]		public	false	/home/nima/Developer/nullness-benchmarks/zuul/zuul-core/src/main/java/com/netflix/zuul/stats/status/StatusCategoryGroup.java
556	com.netflix.zuul.stats.status.StatusCategoryGroup	name()	0	[]		public	true	/home/nima/Developer/nullness-benchmarks/zuul/zuul-core/src/main/java/com/netflix/zuul/stats/status/StatusCategoryGroup.java
557	com.netflix.netty.common.throttle.RejectionUtils	rejectByClosingConnection(io.netty.channel.ChannelHandlerContext,com.netflix.zuul.stats.status.StatusCategory,java.lang.String,io.netty.handler.codec.http.HttpRequest,java.lang.Integer)	0	[false, false, false, false, false]		public	false	/home/nima/Developer/nullness-benchmarks/zuul/zuul-core/src/main/java/com/netflix/netty/common/throttle/RejectionUtils.java
558	com.netflix.netty.common.throttle.RejectionUtils	sendRejectionResponse(io.netty.channel.ChannelHandlerContext,com.netflix.zuul.stats.status.StatusCategory,java.lang.String,io.netty.handler.codec.http.HttpRequest,java.lang.Integer,io.netty.handler.codec.http.HttpResponseStatus,java.lang.String,java.util.Map)	0	[false, false, false, false, false, false, false, false]		public	false	/home/nima/Developer/nullness-benchmarks/zuul/zuul-core/src/main/java/com/netflix/netty/common/throttle/RejectionUtils.java
559	com.netflix.netty.common.throttle.RejectionUtils	allowThenClose(io.netty.channel.ChannelHandlerContext)	0	[false]		public	false	/home/nima/Developer/nullness-benchmarks/zuul/zuul-core/src/main/java/com/netflix/netty/common/throttle/RejectionUtils.java
560	com.netflix.netty.common.throttle.RejectionUtils	handleRejection(io.netty.channel.ChannelHandlerContext,java.lang.Object,com.netflix.netty.common.throttle.RejectionType,com.netflix.zuul.stats.status.StatusCategory,java.lang.String,java.lang.Integer,io.netty.handler.codec.http.HttpResponseStatus,java.lang.String,java.util.Map)	0	[false, false, false, false, false, false, false, false, false]		public	false	/home/nima/Developer/nullness-benchmarks/zuul/zuul-core/src/main/java/com/netflix/netty/common/throttle/RejectionUtils.java
561	com.netflix.netty.common.throttle.RejectionUtils	reject(io.netty.channel.ChannelHandlerContext,com.netflix.netty.common.throttle.RejectionType,com.netflix.zuul.stats.status.StatusCategory,java.lang.String,io.netty.handler.codec.http.HttpRequest,java.lang.Integer,io.netty.handler.codec.http.HttpResponseStatus,java.lang.String)	0	[false, false, false, false, false, false, false, false]		public	false	/home/nima/Developer/nullness-benchmarks/zuul/zuul-core/src/main/java/com/netflix/netty/common/throttle/RejectionUtils.java
562	com.netflix.netty.common.throttle.RejectionUtils	reject(io.netty.channel.ChannelHandlerContext,com.netflix.netty.common.throttle.RejectionType,com.netflix.zuul.stats.status.StatusCategory,java.lang.String,io.netty.handler.codec.http.HttpRequest,java.lang.Integer,io.netty.handler.codec.http.HttpResponseStatus,java.lang.String,java.util.Map)	0	[false, false, false, false, false, false, false, false, false]		public	false	/home/nima/Developer/nullness-benchmarks/zuul/zuul-core/src/main/java/com/netflix/netty/common/throttle/RejectionUtils.java
563	com.netflix.netty.common.throttle.RejectionUtils	notifyHandlers(io.netty.channel.ChannelHandlerContext,com.netflix.zuul.stats.status.StatusCategory,io.netty.handler.codec.http.HttpResponseStatus,java.lang.String,io.netty.handler.codec.http.HttpRequest)	0	[false, false, false, false, false]		private	false	/home/nima/Developer/nullness-benchmarks/zuul/zuul-core/src/main/java/com/netflix/netty/common/throttle/RejectionUtils.java
564	com.netflix.netty.common.throttle.RejectionUtils	closeConnectionAfterReject(io.netty.channel.Channel)	0	[false]		private	false	/home/nima/Developer/nullness-benchmarks/zuul/zuul-core/src/main/java/com/netflix/netty/common/throttle/RejectionUtils.java
565	com.netflix.netty.common.throttle.RejectionUtils	createRejectionResponse(io.netty.handler.codec.http.HttpResponseStatus,java.lang.String,boolean,java.util.Map)	0	[false, false, false, false]		private	true	/home/nima/Developer/nullness-benchmarks/zuul/zuul-core/src/main/java/com/netflix/netty/common/throttle/RejectionUtils.java
566	com.netflix.netty.common.throttle.RejectionUtils	RejectionUtils()	0	[]		private	false	/home/nima/Developer/nullness-benchmarks/zuul/zuul-core/src/main/java/com/netflix/netty/common/throttle/RejectionUtils.java
567	com.netflix.netty.common.Http1ConnectionCloseHandler	write(io.netty.channel.ChannelHandlerContext,java.lang.Object,io.netty.channel.ChannelPromise)	501	[false, false, false]	java.lang.Override	public	false	/home/nima/Developer/nullness-benchmarks/zuul/zuul-core/src/main/java/com/netflix/netty/common/Http1ConnectionCloseHandler.java
568	com.netflix.netty.common.Http1ConnectionCloseHandler	userEventTriggered(io.netty.channel.ChannelHandlerContext,java.lang.Object)	42	[false, false]	java.lang.Override	public	false	/home/nima/Developer/nullness-benchmarks/zuul/zuul-core/src/main/java/com/netflix/netty/common/Http1ConnectionCloseHandler.java
569	com.netflix.netty.common.Http1ConnectionCloseHandler	closeChannel(io.netty.channel.ChannelHandlerContext,com.netflix.netty.common.ConnectionCloseType,io.netty.channel.ChannelPromise)	0	[false, false, false]		protected	false	/home/nima/Developer/nullness-benchmarks/zuul/zuul-core/src/main/java/com/netflix/netty/common/Http1ConnectionCloseHandler.java
570	com.netflix.netty.common.Http1ConnectionCloseHandler	gracefully(io.netty.channel.ChannelHandlerContext,io.netty.channel.ChannelPromise)	0	[false, false]		protected	false	/home/nima/Developer/nullness-benchmarks/zuul/zuul-core/src/main/java/com/netflix/netty/common/Http1ConnectionCloseHandler.java
571	com.netflix.netty.common.Http1ConnectionCloseHandler	immediately(io.netty.channel.ChannelHandlerContext,io.netty.channel.ChannelPromise)	0	[false, false]		protected	false	/home/nima/Developer/nullness-benchmarks/zuul/zuul-core/src/main/java/com/netflix/netty/common/Http1ConnectionCloseHandler.java
572	com.netflix.netty.common.ConnectionCloseChannelAttributes	gracefulCloseDelay(io.netty.channel.Channel)	0	[false]		public	false	/home/nima/Developer/nullness-benchmarks/zuul/zuul-core/src/main/java/com/netflix/netty/common/ConnectionCloseChannelAttributes.java
573	com.netflix.netty.common.ConnectionCloseChannelAttributes	allowGracefulDelayed(io.netty.channel.Channel)	0	[false]		public	false	/home/nima/Developer/nullness-benchmarks/zuul/zuul-core/src/main/java/com/netflix/netty/common/ConnectionCloseChannelAttributes.java
574	com.netflix.zuul.RequestCompleteHandler	handle(com.netflix.zuul.message.http.HttpRequestInfo,com.netflix.zuul.message.http.HttpResponseMessage)	0	[false, false]		public	false	/home/nima/Developer/nullness-benchmarks/zuul/zuul-core/src/main/java/com/netflix/zuul/RequestCompleteHandler.java
575	com.netflix.zuul.BasicRequestCompleteHandler	handle(com.netflix.zuul.message.http.HttpRequestInfo,com.netflix.zuul.message.http.HttpResponseMessage)	574	[false, false]	java.lang.Override	public	false	/home/nima/Developer/nullness-benchmarks/zuul/zuul-core/src/main/java/com/netflix/zuul/BasicRequestCompleteHandler.java
576	com.netflix.zuul.stats.RequestMetricsPublisher	collectAndPublish(com.netflix.zuul.context.SessionContext)	0	[false]		public	false	/home/nima/Developer/nullness-benchmarks/zuul/zuul-core/src/main/java/com/netflix/zuul/stats/RequestMetricsPublisher.java
577	com.netflix.zuul.netty.server.BaseZuulChannelInitializer	BaseZuulChannelInitializer(java.lang.String,com.netflix.netty.common.channel.config.ChannelConfig,com.netflix.netty.common.channel.config.ChannelConfig,io.netty.channel.group.ChannelGroup)	0	[false, false, false, false]		protected	false	/home/nima/Developer/nullness-benchmarks/zuul/zuul-core/src/main/java/com/netflix/zuul/netty/server/BaseZuulChannelInitializer.java
578	com.netflix.zuul.netty.server.BaseZuulChannelInitializer	BaseZuulChannelInitializer(int,com.netflix.netty.common.channel.config.ChannelConfig,com.netflix.netty.common.channel.config.ChannelConfig,io.netty.channel.group.ChannelGroup)	0	[false, false, false, false]	java.lang.Deprecated	protected	false	/home/nima/Developer/nullness-benchmarks/zuul/zuul-core/src/main/java/com/netflix/zuul/netty/server/BaseZuulChannelInitializer.java
579	com.netflix.zuul.netty.server.BaseZuulChannelInitializer	BaseZuulChannelInitializer(int,java.lang.String,com.netflix.netty.common.channel.config.ChannelConfig,com.netflix.netty.common.channel.config.ChannelConfig,io.netty.channel.group.ChannelGroup)	0	[false, false, false, false, false]		private	false	/home/nima/Developer/nullness-benchmarks/zuul/zuul-core/src/main/java/com/netflix/zuul/netty/server/BaseZuulChannelInitializer.java
580	com.netflix.zuul.netty.server.BaseZuulChannelInitializer	storeChannel(io.netty.channel.Channel)	0	[false]		protected	false	/home/nima/Developer/nullness-benchmarks/zuul/zuul-core/src/main/java/com/netflix/zuul/netty/server/BaseZuulChannelInitializer.java
581	com.netflix.zuul.netty.server.BaseZuulChannelInitializer	addPassportHandler(io.netty.channel.ChannelPipeline)	0	[false]		protected	false	/home/nima/Developer/nullness-benchmarks/zuul/zuul-core/src/main/java/com/netflix/zuul/netty/server/BaseZuulChannelInitializer.java
582	com.netflix.zuul.netty.server.BaseZuulChannelInitializer	addTcpRelatedHandlers(io.netty.channel.ChannelPipeline)	0	[false]		protected	false	/home/nima/Developer/nullness-benchmarks/zuul/zuul-core/src/main/java/com/netflix/zuul/netty/server/BaseZuulChannelInitializer.java
583	com.netflix.zuul.netty.server.BaseZuulChannelInitializer	addHttp1Handlers(io.netty.channel.ChannelPipeline)	0	[false]		protected	false	/home/nima/Developer/nullness-benchmarks/zuul/zuul-core/src/main/java/com/netflix/zuul/netty/server/BaseZuulChannelInitializer.java
584	com.netflix.zuul.netty.server.BaseZuulChannelInitializer	createHttpServerCodec()	0	[]		protected	true	/home/nima/Developer/nullness-benchmarks/zuul/zuul-core/src/main/java/com/netflix/zuul/netty/server/BaseZuulChannelInitializer.java
585	com.netflix.zuul.netty.server.BaseZuulChannelInitializer	addHttpRelatedHandlers(io.netty.channel.ChannelPipeline)	0	[false]		protected	false	/home/nima/Developer/nullness-benchmarks/zuul/zuul-core/src/main/java/com/netflix/zuul/netty/server/BaseZuulChannelInitializer.java
586	com.netflix.zuul.netty.server.BaseZuulChannelInitializer	addTimeoutHandlers(io.netty.channel.ChannelPipeline)	0	[false]		protected	false	/home/nima/Developer/nullness-benchmarks/zuul/zuul-core/src/main/java/com/netflix/zuul/netty/server/BaseZuulChannelInitializer.java
587	com.netflix.zuul.netty.server.BaseZuulChannelInitializer	addSslInfoHandlers(io.netty.channel.ChannelPipeline,boolean)	0	[false, false]		protected	false	/home/nima/Developer/nullness-benchmarks/zuul/zuul-core/src/main/java/com/netflix/zuul/netty/server/BaseZuulChannelInitializer.java
588	com.netflix.zuul.netty.server.BaseZuulChannelInitializer	addSslClientCertChecks(io.netty.channel.ChannelPipeline)	0	[false]		protected	false	/home/nima/Developer/nullness-benchmarks/zuul/zuul-core/src/main/java/com/netflix/zuul/netty/server/BaseZuulChannelInitializer.java
589	com.netflix.zuul.netty.server.BaseZuulChannelInitializer	addZuulHandlers(io.netty.channel.ChannelPipeline)	0	[false]		protected	false	/home/nima/Developer/nullness-benchmarks/zuul/zuul-core/src/main/java/com/netflix/zuul/netty/server/BaseZuulChannelInitializer.java
590	com.netflix.zuul.netty.server.BaseZuulChannelInitializer	addZuulFilterChainHandler(io.netty.channel.ChannelPipeline)	0	[false]		protected	false	/home/nima/Developer/nullness-benchmarks/zuul/zuul-core/src/main/java/com/netflix/zuul/netty/server/BaseZuulChannelInitializer.java
591	com.netflix.zuul.netty.server.BaseZuulChannelInitializer	getEndpointRunner(com.netflix.zuul.netty.filter.ZuulFilterChainRunner,com.netflix.zuul.FilterUsageNotifier,com.netflix.zuul.FilterLoader)	0	[false, false, false]		protected	true	/home/nima/Developer/nullness-benchmarks/zuul/zuul-core/src/main/java/com/netflix/zuul/netty/server/BaseZuulChannelInitializer.java
592	com.netflix.zuul.netty.server.BaseZuulChannelInitializer	getFilterChainRunner(com.netflix.zuul.filters.ZuulFilter[],com.netflix.zuul.FilterUsageNotifier)	0	[false, false]		protected	true	/home/nima/Developer/nullness-benchmarks/zuul/zuul-core/src/main/java/com/netflix/zuul/netty/server/BaseZuulChannelInitializer.java
593	com.netflix.zuul.netty.server.BaseZuulChannelInitializer	getFilterChainRunner(com.netflix.zuul.filters.ZuulFilter[],com.netflix.zuul.FilterUsageNotifier,com.netflix.zuul.netty.filter.FilterRunner)	0	[false, false, false]		protected	true	/home/nima/Developer/nullness-benchmarks/zuul/zuul-core/src/main/java/com/netflix/zuul/netty/server/BaseZuulChannelInitializer.java
594	com.netflix.zuul.netty.server.BaseZuulChannelInitializer	getFilters(com.netflix.zuul.filters.ZuulFilter,com.netflix.zuul.filters.ZuulFilter)	0	[false, false]	java.lang.SuppressWarnings	public	true	/home/nima/Developer/nullness-benchmarks/zuul/zuul-core/src/main/java/com/netflix/zuul/netty/server/BaseZuulChannelInitializer.java
595	com.netflix.zuul.netty.connectionpool.DefaultOriginChannelInitializer	DefaultOriginChannelInitializer(com.netflix.zuul.netty.connectionpool.ConnectionPoolConfig,com.netflix.spectator.api.Registry)	0	[false, false]		public	false	/home/nima/Developer/nullness-benchmarks/zuul/zuul-core/src/main/java/com/netflix/zuul/netty/connectionpool/DefaultOriginChannelInitializer.java
596	com.netflix.zuul.netty.connectionpool.DefaultOriginChannelInitializer	initChannel(io.netty.channel.Channel)	597	[false]	java.lang.Override	protected	false	/home/nima/Developer/nullness-benchmarks/zuul/zuul-core/src/main/java/com/netflix/zuul/netty/connectionpool/DefaultOriginChannelInitializer.java
598	com.netflix.zuul.netty.connectionpool.DefaultOriginChannelInitializer	getClientSslContext(com.netflix.spectator.api.Registry)	0	[false]		protected	true	/home/nima/Developer/nullness-benchmarks/zuul/zuul-core/src/main/java/com/netflix/zuul/netty/connectionpool/DefaultOriginChannelInitializer.java
599	com.netflix.zuul.netty.connectionpool.DefaultOriginChannelInitializer	addMethodBindingHandler(io.netty.channel.ChannelPipeline)	0	[false]		protected	false	/home/nima/Developer/nullness-benchmarks/zuul/zuul-core/src/main/java/com/netflix/zuul/netty/connectionpool/DefaultOriginChannelInitializer.java
600	com.netflix.zuul.netty.connectionpool.DefaultOriginChannelInitializer	getHttpMetricsHandler()	601	[]		public	true	/home/nima/Developer/nullness-benchmarks/zuul/zuul-core/src/main/java/com/netflix/zuul/netty/connectionpool/DefaultOriginChannelInitializer.java
602	com.netflix.zuul.netty.server.http2.Http2OrHttpHandler	Http2OrHttpHandler(io.netty.channel.ChannelHandler,com.netflix.netty.common.channel.config.ChannelConfig,java.util.function.Consumer)	0	[false, false, false]		public	false	/home/nima/Developer/nullness-benchmarks/zuul/zuul-core/src/main/java/com/netflix/zuul/netty/server/http2/Http2OrHttpHandler.java
603	com.netflix.zuul.netty.server.http2.Http2OrHttpHandler	configurePipeline(io.netty.channel.ChannelHandlerContext,java.lang.String)	604	[false, false]	java.lang.Override	protected	false	/home/nima/Developer/nullness-benchmarks/zuul/zuul-core/src/main/java/com/netflix/zuul/netty/server/http2/Http2OrHttpHandler.java
605	com.netflix.zuul.netty.server.http2.Http2OrHttpHandler	configureHttp2(io.netty.channel.ChannelPipeline)	0	[false]		private	false	/home/nima/Developer/nullness-benchmarks/zuul/zuul-core/src/main/java/com/netflix/zuul/netty/server/http2/Http2OrHttpHandler.java
606	com.netflix.zuul.netty.server.http2.Http2OrHttpHandler	configureHttp1(io.netty.channel.ChannelPipeline)	0	[false]		private	false	/home/nima/Developer/nullness-benchmarks/zuul/zuul-core/src/main/java/com/netflix/zuul/netty/server/http2/Http2OrHttpHandler.java
607	com.netflix.zuul.netty.server.ClientRequestReceiver	ClientRequestReceiver(com.netflix.zuul.context.SessionContextDecorator)	0	[false]		public	false	/home/nima/Developer/nullness-benchmarks/zuul/zuul-core/src/main/java/com/netflix/zuul/netty/server/ClientRequestReceiver.java
608	com.netflix.zuul.netty.server.ClientRequestReceiver	getRequestFromChannel(io.netty.channel.Channel)	0	[false]		public	true	/home/nima/Developer/nullness-benchmarks/zuul/zuul-core/src/main/java/com/netflix/zuul/netty/server/ClientRequestReceiver.java
609	com.netflix.zuul.netty.server.ClientRequestReceiver	getResponseFromChannel(io.netty.channel.Channel)	0	[false]		public	true	/home/nima/Developer/nullness-benchmarks/zuul/zuul-core/src/main/java/com/netflix/zuul/netty/server/ClientRequestReceiver.java
610	com.netflix.zuul.netty.server.ClientRequestReceiver	isLastContentReceivedForChannel(io.netty.channel.Channel)	0	[false]		public	false	/home/nima/Developer/nullness-benchmarks/zuul/zuul-core/src/main/java/com/netflix/zuul/netty/server/ClientRequestReceiver.java
611	com.netflix.zuul.netty.server.ClientRequestReceiver	channelRead(io.netty.channel.ChannelHandlerContext,java.lang.Object)	14	[false, false]	java.lang.Override	public	false	/home/nima/Developer/nullness-benchmarks/zuul/zuul-core/src/main/java/com/netflix/zuul/netty/server/ClientRequestReceiver.java
612	com.netflix.zuul.netty.server.ClientRequestReceiver	channelReadInternal(io.netty.channel.ChannelHandlerContext,java.lang.Object)	0	[false, false]		private	false	/home/nima/Developer/nullness-benchmarks/zuul/zuul-core/src/main/java/com/netflix/zuul/netty/server/ClientRequestReceiver.java
613	com.netflix.zuul.netty.server.ClientRequestReceiver	userEventTriggered(io.netty.channel.ChannelHandlerContext,java.lang.Object)	42	[false, false]	java.lang.Override	public	false	/home/nima/Developer/nullness-benchmarks/zuul/zuul-core/src/main/java/com/netflix/zuul/netty/server/ClientRequestReceiver.java
614	com.netflix.zuul.netty.server.ClientRequestReceiver	dumpDebugInfo(java.util.List)	0	[false]		private	false	/home/nima/Developer/nullness-benchmarks/zuul/zuul-core/src/main/java/com/netflix/zuul/netty/server/ClientRequestReceiver.java
615	com.netflix.zuul.netty.server.ClientRequestReceiver	handleExpect100Continue(io.netty.channel.ChannelHandlerContext,io.netty.handler.codec.http.HttpRequest)	0	[false, false]		private	false	/home/nima/Developer/nullness-benchmarks/zuul/zuul-core/src/main/java/com/netflix/zuul/netty/server/ClientRequestReceiver.java
616	com.netflix.zuul.netty.server.ClientRequestReceiver	buildZuulHttpRequest(io.netty.handler.codec.http.HttpRequest,io.netty.channel.ChannelHandlerContext)	0	[false, false]		private	true	/home/nima/Developer/nullness-benchmarks/zuul/zuul-core/src/main/java/com/netflix/zuul/netty/server/ClientRequestReceiver.java
617	com.netflix.zuul.netty.server.ClientRequestReceiver	parsePath(java.lang.String)	0	[false]		private	true	/home/nima/Developer/nullness-benchmarks/zuul/zuul-core/src/main/java/com/netflix/zuul/netty/server/ClientRequestReceiver.java
618	com.netflix.zuul.netty.server.ClientRequestReceiver	copyHeaders(io.netty.handler.codec.http.HttpRequest)	0	[false]		private	true	/home/nima/Developer/nullness-benchmarks/zuul/zuul-core/src/main/java/com/netflix/zuul/netty/server/ClientRequestReceiver.java
619	com.netflix.zuul.netty.server.ClientRequestReceiver	copyQueryParams(io.netty.handler.codec.http.HttpRequest)	0	[false]		public	true	/home/nima/Developer/nullness-benchmarks/zuul/zuul-core/src/main/java/com/netflix/zuul/netty/server/ClientRequestReceiver.java
620	com.netflix.zuul.netty.server.ClientRequestReceiver	write(io.netty.channel.ChannelHandlerContext,java.lang.Object,io.netty.channel.ChannelPromise)	501	[false, false, false]	java.lang.Override	public	false	/home/nima/Developer/nullness-benchmarks/zuul/zuul-core/src/main/java/com/netflix/zuul/netty/server/ClientRequestReceiver.java
621	com.netflix.zuul.netty.server.ClientRequestReceiver	fireWriteError(java.lang.String,java.lang.Throwable,io.netty.channel.ChannelHandlerContext)	0	[false, false, false]		private	false	/home/nima/Developer/nullness-benchmarks/zuul/zuul-core/src/main/java/com/netflix/zuul/netty/server/ClientRequestReceiver.java
622	com.netflix.zuul.stats.status.ZuulStatusCategory	ZuulStatusCategory(com.netflix.zuul.stats.status.StatusCategoryGroup,int)	0	[false, false]		private	false	/home/nima/Developer/nullness-benchmarks/zuul/zuul-core/src/main/java/com/netflix/zuul/stats/status/ZuulStatusCategory.java
623	com.netflix.zuul.stats.status.ZuulStatusCategory	getId()	552	[]	java.lang.Override	public	true	/home/nima/Developer/nullness-benchmarks/zuul/zuul-core/src/main/java/com/netflix/zuul/stats/status/ZuulStatusCategory.java
624	com.netflix.zuul.stats.status.ZuulStatusCategory	getGroup()	553	[]	java.lang.Override	public	true	/home/nima/Developer/nullness-benchmarks/zuul/zuul-core/src/main/java/com/netflix/zuul/stats/status/ZuulStatusCategory.java
625	com.netflix.zuul.filters.endpoint.ProxyEndpoint	ProxyEndpoint(com.netflix.zuul.message.http.HttpRequestMessage,io.netty.channel.ChannelHandlerContext,com.netflix.zuul.netty.filter.FilterRunner,com.netflix.zuul.netty.server.MethodBinding)	0	[false, false, false, false]		public	false	/home/nima/Developer/nullness-benchmarks/zuul/zuul-core/src/main/java/com/netflix/zuul/filters/endpoint/ProxyEndpoint.java
626	com.netflix.zuul.filters.endpoint.ProxyEndpoint	ProxyEndpoint(com.netflix.zuul.message.http.HttpRequestMessage,io.netty.channel.ChannelHandlerContext,com.netflix.zuul.netty.filter.FilterRunner,com.netflix.zuul.netty.server.MethodBinding,com.netflix.zuul.netty.NettyRequestAttemptFactory)	0	[false, false, false, false, false]		public	false	/home/nima/Developer/nullness-benchmarks/zuul/zuul-core/src/main/java/com/netflix/zuul/filters/endpoint/ProxyEndpoint.java
627	com.netflix.zuul.filters.endpoint.ProxyEndpoint	getAttemptNum()	0	[]		public	false	/home/nima/Developer/nullness-benchmarks/zuul/zuul-core/src/main/java/com/netflix/zuul/filters/endpoint/ProxyEndpoint.java
628	com.netflix.zuul.filters.endpoint.ProxyEndpoint	getRequestAttempts()	0	[]		public	true	/home/nima/Developer/nullness-benchmarks/zuul/zuul-core/src/main/java/com/netflix/zuul/filters/endpoint/ProxyEndpoint.java
629	com.netflix.zuul.filters.endpoint.ProxyEndpoint	getCurrentRequestAttempt()	0	[]		protected	true	/home/nima/Developer/nullness-benchmarks/zuul/zuul-core/src/main/java/com/netflix/zuul/filters/endpoint/ProxyEndpoint.java
630	com.netflix.zuul.filters.endpoint.ProxyEndpoint	getPassport()	0	[]		public	true	/home/nima/Developer/nullness-benchmarks/zuul/zuul-core/src/main/java/com/netflix/zuul/filters/endpoint/ProxyEndpoint.java
631	com.netflix.zuul.filters.endpoint.ProxyEndpoint	getOrigin()	0	[]		public	true	/home/nima/Developer/nullness-benchmarks/zuul/zuul-core/src/main/java/com/netflix/zuul/filters/endpoint/ProxyEndpoint.java
632	com.netflix.zuul.filters.endpoint.ProxyEndpoint	getZuulRequest()	0	[]		public	true	/home/nima/Developer/nullness-benchmarks/zuul/zuul-core/src/main/java/com/netflix/zuul/filters/endpoint/ProxyEndpoint.java
633	com.netflix.zuul.filters.endpoint.ProxyEndpoint	unlinkFromOrigin()	0	[]		private	true	/home/nima/Developer/nullness-benchmarks/zuul/zuul-core/src/main/java/com/netflix/zuul/filters/endpoint/ProxyEndpoint.java
634	com.netflix.zuul.filters.endpoint.ProxyEndpoint	finish(boolean)	0	[false]		public	false	/home/nima/Developer/nullness-benchmarks/zuul/zuul-core/src/main/java/com/netflix/zuul/filters/endpoint/ProxyEndpoint.java
635	com.netflix.zuul.filters.endpoint.ProxyEndpoint	filterName()	214	[]	java.lang.Override	public	true	/home/nima/Developer/nullness-benchmarks/zuul/zuul-core/src/main/java/com/netflix/zuul/filters/endpoint/ProxyEndpoint.java
636	com.netflix.zuul.filters.endpoint.ProxyEndpoint	apply(com.netflix.zuul.message.http.HttpRequestMessage)	637	[false]	java.lang.Override	public	true	/home/nima/Developer/nullness-benchmarks/zuul/zuul-core/src/main/java/com/netflix/zuul/filters/endpoint/ProxyEndpoint.java
638	com.netflix.zuul.filters.endpoint.ProxyEndpoint	processContentChunk(com.netflix.zuul.message.ZuulMessage,io.netty.handler.codec.http.HttpContent)	639	[false, false]	java.lang.Override	public	true	/home/nima/Developer/nullness-benchmarks/zuul/zuul-core/src/main/java/com/netflix/zuul/filters/endpoint/ProxyEndpoint.java
640	com.netflix.zuul.filters.endpoint.ProxyEndpoint	getDefaultOutput(com.netflix.zuul.message.http.HttpRequestMessage)	223	[false]	java.lang.Override	public	true	/home/nima/Developer/nullness-benchmarks/zuul/zuul-core/src/main/java/com/netflix/zuul/filters/endpoint/ProxyEndpoint.java
641	com.netflix.zuul.filters.endpoint.ProxyEndpoint	invokeNext(com.netflix.zuul.message.http.HttpResponseMessage)	0	[false]		public	false	/home/nima/Developer/nullness-benchmarks/zuul/zuul-core/src/main/java/com/netflix/zuul/filters/endpoint/ProxyEndpoint.java
642	com.netflix.zuul.filters.endpoint.ProxyEndpoint	filterResponse(com.netflix.zuul.message.http.HttpResponseMessage)	0	[false]		private	false	/home/nima/Developer/nullness-benchmarks/zuul/zuul-core/src/main/java/com/netflix/zuul/filters/endpoint/ProxyEndpoint.java
643	com.netflix.zuul.filters.endpoint.ProxyEndpoint	invokeNext(io.netty.handler.codec.http.HttpContent)	0	[false]		public	false	/home/nima/Developer/nullness-benchmarks/zuul/zuul-core/src/main/java/com/netflix/zuul/filters/endpoint/ProxyEndpoint.java
644	com.netflix.zuul.filters.endpoint.ProxyEndpoint	filterResponseChunk(io.netty.handler.codec.http.HttpContent)	0	[false]		private	false	/home/nima/Developer/nullness-benchmarks/zuul/zuul-core/src/main/java/com/netflix/zuul/filters/endpoint/ProxyEndpoint.java
645	com.netflix.zuul.filters.endpoint.ProxyEndpoint	storeAndLogOriginRequestInfo()	0	[]		private	false	/home/nima/Developer/nullness-benchmarks/zuul/zuul-core/src/main/java/com/netflix/zuul/filters/endpoint/ProxyEndpoint.java
646	com.netflix.zuul.filters.endpoint.ProxyEndpoint	updateOriginRpsTrackers(com.netflix.zuul.origins.NettyOrigin,int)	0	[false, false]		protected	false	/home/nima/Developer/nullness-benchmarks/zuul/zuul-core/src/main/java/com/netflix/zuul/filters/endpoint/ProxyEndpoint.java
647	com.netflix.zuul.filters.endpoint.ProxyEndpoint	proxyRequestToOrigin()	0	[]		private	false	/home/nima/Developer/nullness-benchmarks/zuul/zuul-core/src/main/java/com/netflix/zuul/filters/endpoint/ProxyEndpoint.java
648	com.netflix.zuul.filters.endpoint.ProxyEndpoint	createRequestStat()	0	[]		protected	true	/home/nima/Developer/nullness-benchmarks/zuul/zuul-core/src/main/java/com/netflix/zuul/filters/endpoint/ProxyEndpoint.java
649	com.netflix.zuul.filters.endpoint.ProxyEndpoint	operationComplete(io.netty.util.concurrent.Future)	650	[false]	java.lang.Override	public	false	/home/nima/Developer/nullness-benchmarks/zuul/zuul-core/src/main/java/com/netflix/zuul/filters/endpoint/ProxyEndpoint.java
651	com.netflix.zuul.filters.endpoint.ProxyEndpoint	onOriginConnectSucceeded(com.netflix.zuul.netty.connectionpool.PooledConnection,java.time.Duration)	0	[false, false]		private	false	/home/nima/Developer/nullness-benchmarks/zuul/zuul-core/src/main/java/com/netflix/zuul/filters/endpoint/ProxyEndpoint.java
652	com.netflix.zuul.filters.endpoint.ProxyEndpoint	onOriginConnectFailed(java.lang.Throwable)	0	[false]		private	false	/home/nima/Developer/nullness-benchmarks/zuul/zuul-core/src/main/java/com/netflix/zuul/filters/endpoint/ProxyEndpoint.java
653	com.netflix.zuul.filters.endpoint.ProxyEndpoint	writeClientRequestToOrigin(com.netflix.zuul.netty.connectionpool.PooledConnection,java.time.Duration)	0	[false, false]		private	false	/home/nima/Developer/nullness-benchmarks/zuul/zuul-core/src/main/java/com/netflix/zuul/filters/endpoint/ProxyEndpoint.java
654	com.netflix.zuul.filters.endpoint.ProxyEndpoint	getOriginResponseReceiver()	0	[]		protected	true	/home/nima/Developer/nullness-benchmarks/zuul/zuul-core/src/main/java/com/netflix/zuul/filters/endpoint/ProxyEndpoint.java
655	com.netflix.zuul.filters.endpoint.ProxyEndpoint	preWriteToOrigin(com.netflix.zuul.discovery.DiscoveryResult,com.netflix.zuul.message.http.HttpRequestMessage)	0	[false, false]		protected	false	/home/nima/Developer/nullness-benchmarks/zuul/zuul-core/src/main/java/com/netflix/zuul/filters/endpoint/ProxyEndpoint.java
656	com.netflix.zuul.filters.endpoint.ProxyEndpoint	writeBufferedBodyContent(com.netflix.zuul.message.http.HttpRequestMessage,io.netty.channel.Channel)	0	[false, false]		private	false	/home/nima/Developer/nullness-benchmarks/zuul/zuul-core/src/main/java/com/netflix/zuul/filters/endpoint/ProxyEndpoint.java
657	com.netflix.zuul.filters.endpoint.ProxyEndpoint	isRemoteZuulRetriesBelowRetryLimit(int)	0	[false]		protected	false	/home/nima/Developer/nullness-benchmarks/zuul/zuul-core/src/main/java/com/netflix/zuul/filters/endpoint/ProxyEndpoint.java
658	com.netflix.zuul.filters.endpoint.ProxyEndpoint	isBelowRetryLimit()	0	[]		protected	false	/home/nima/Developer/nullness-benchmarks/zuul/zuul-core/src/main/java/com/netflix/zuul/filters/endpoint/ProxyEndpoint.java
659	com.netflix.zuul.filters.endpoint.ProxyEndpoint	errorFromOrigin(java.lang.Throwable)	0	[false]		public	false	/home/nima/Developer/nullness-benchmarks/zuul/zuul-core/src/main/java/com/netflix/zuul/filters/endpoint/ProxyEndpoint.java
660	com.netflix.zuul.filters.endpoint.ProxyEndpoint	processErrorFromOrigin(java.lang.Throwable,io.netty.channel.Channel)	0	[false, false]		private	false	/home/nima/Developer/nullness-benchmarks/zuul/zuul-core/src/main/java/com/netflix/zuul/filters/endpoint/ProxyEndpoint.java
661	com.netflix.zuul.filters.endpoint.ProxyEndpoint	postErrorProcessing(java.lang.Throwable,com.netflix.zuul.context.SessionContext,com.netflix.zuul.exception.ErrorType,com.netflix.zuul.discovery.DiscoveryResult,int)	0	[false, false, false, false, false]		protected	false	/home/nima/Developer/nullness-benchmarks/zuul/zuul-core/src/main/java/com/netflix/zuul/filters/endpoint/ProxyEndpoint.java
662	com.netflix.zuul.filters.endpoint.ProxyEndpoint	handleError(java.lang.Throwable)	0	[false]		private	false	/home/nima/Developer/nullness-benchmarks/zuul/zuul-core/src/main/java/com/netflix/zuul/filters/endpoint/ProxyEndpoint.java
663	com.netflix.zuul.filters.endpoint.ProxyEndpoint	handleNoOriginSelected()	0	[]		private	false	/home/nima/Developer/nullness-benchmarks/zuul/zuul-core/src/main/java/com/netflix/zuul/filters/endpoint/ProxyEndpoint.java
664	com.netflix.zuul.filters.endpoint.ProxyEndpoint	isRetryable(com.netflix.zuul.exception.ErrorType)	0	[false]		protected	false	/home/nima/Developer/nullness-benchmarks/zuul/zuul-core/src/main/java/com/netflix/zuul/filters/endpoint/ProxyEndpoint.java
665	com.netflix.zuul.filters.endpoint.ProxyEndpoint	isRequestReplayable()	0	[]		protected	false	/home/nima/Developer/nullness-benchmarks/zuul/zuul-core/src/main/java/com/netflix/zuul/filters/endpoint/ProxyEndpoint.java
666	com.netflix.zuul.filters.endpoint.ProxyEndpoint	responseFromOrigin(io.netty.handler.codec.http.HttpResponse)	0	[false]		public	false	/home/nima/Developer/nullness-benchmarks/zuul/zuul-core/src/main/java/com/netflix/zuul/filters/endpoint/ProxyEndpoint.java
667	com.netflix.zuul.filters.endpoint.ProxyEndpoint	processResponseFromOrigin(io.netty.handler.codec.http.HttpResponse)	0	[false]		private	false	/home/nima/Developer/nullness-benchmarks/zuul/zuul-core/src/main/java/com/netflix/zuul/filters/endpoint/ProxyEndpoint.java
668	com.netflix.zuul.filters.endpoint.ProxyEndpoint	handleOriginSuccessResponse(io.netty.handler.codec.http.HttpResponse,com.netflix.zuul.discovery.DiscoveryResult)	0	[false, false]		protected	false	/home/nima/Developer/nullness-benchmarks/zuul/zuul-core/src/main/java/com/netflix/zuul/filters/endpoint/ProxyEndpoint.java
669	com.netflix.zuul.filters.endpoint.ProxyEndpoint	buildZuulHttpResponse(io.netty.handler.codec.http.HttpResponse,com.netflix.zuul.stats.status.StatusCategory,java.lang.Throwable)	0	[false, false, false]		private	true	/home/nima/Developer/nullness-benchmarks/zuul/zuul-core/src/main/java/com/netflix/zuul/filters/endpoint/ProxyEndpoint.java
670	com.netflix.zuul.filters.endpoint.ProxyEndpoint	transformResponse(com.netflix.zuul.message.http.HttpResponseMessage)	0	[false]		private	true	/home/nima/Developer/nullness-benchmarks/zuul/zuul-core/src/main/java/com/netflix/zuul/filters/endpoint/ProxyEndpoint.java
671	com.netflix.zuul.filters.endpoint.ProxyEndpoint	handleOriginNonSuccessResponse(io.netty.handler.codec.http.HttpResponse,com.netflix.zuul.discovery.DiscoveryResult)	0	[false, false]		protected	false	/home/nima/Developer/nullness-benchmarks/zuul/zuul-core/src/main/java/com/netflix/zuul/filters/endpoint/ProxyEndpoint.java
672	com.netflix.zuul.filters.endpoint.ProxyEndpoint	isRetryable5xxResponse(com.netflix.zuul.message.http.HttpRequestMessage,io.netty.handler.codec.http.HttpResponse)	0	[false, false]		public	false	/home/nima/Developer/nullness-benchmarks/zuul/zuul-core/src/main/java/com/netflix/zuul/filters/endpoint/ProxyEndpoint.java
673	com.netflix.zuul.filters.endpoint.ProxyEndpoint	originIndicatesRetryableInternalServerError(io.netty.handler.codec.http.HttpResponse)	0	[false]		protected	false	/home/nima/Developer/nullness-benchmarks/zuul/zuul-core/src/main/java/com/netflix/zuul/filters/endpoint/ProxyEndpoint.java
674	com.netflix.zuul.filters.endpoint.ProxyEndpoint	transformRequest(com.netflix.zuul.message.http.HttpRequestMessage)	0	[false]		protected	true	/home/nima/Developer/nullness-benchmarks/zuul/zuul-core/src/main/java/com/netflix/zuul/filters/endpoint/ProxyEndpoint.java
675	com.netflix.zuul.filters.endpoint.ProxyEndpoint	addCustomRequestHeaders(com.netflix.zuul.message.Headers)	0	[false]		protected	false	/home/nima/Developer/nullness-benchmarks/zuul/zuul-core/src/main/java/com/netflix/zuul/filters/endpoint/ProxyEndpoint.java
676	com.netflix.zuul.filters.endpoint.ProxyEndpoint	massageRequestURI(com.netflix.zuul.message.http.HttpRequestMessage)	0	[false]		private	true	/home/nima/Developer/nullness-benchmarks/zuul/zuul-core/src/main/java/com/netflix/zuul/filters/endpoint/ProxyEndpoint.java
677	com.netflix.zuul.filters.endpoint.ProxyEndpoint	getOrigin(com.netflix.zuul.message.http.HttpRequestMessage)	0	[false]		protected	true	/home/nima/Developer/nullness-benchmarks/zuul/zuul-core/src/main/java/com/netflix/zuul/filters/endpoint/ProxyEndpoint.java
678	com.netflix.zuul.filters.endpoint.ProxyEndpoint	injectCustomOriginName(com.netflix.zuul.message.http.HttpRequestMessage)	0	[false]		protected	true	/home/nima/Developer/nullness-benchmarks/zuul/zuul-core/src/main/java/com/netflix/zuul/filters/endpoint/ProxyEndpoint.java
679	com.netflix.zuul.filters.endpoint.ProxyEndpoint	getOrCreateOrigin(com.netflix.zuul.origins.OriginManager,com.netflix.zuul.origins.OriginName,java.lang.String,com.netflix.zuul.context.SessionContext)	0	[false, false, false, false]		private	true	/home/nima/Developer/nullness-benchmarks/zuul/zuul-core/src/main/java/com/netflix/zuul/filters/endpoint/ProxyEndpoint.java
680	com.netflix.zuul.filters.endpoint.ProxyEndpoint	verifyOrigin(com.netflix.zuul.context.SessionContext,com.netflix.zuul.message.http.HttpRequestMessage,java.lang.String,com.netflix.zuul.origins.Origin)	0	[false, false, false, false]		private	false	/home/nima/Developer/nullness-benchmarks/zuul/zuul-core/src/main/java/com/netflix/zuul/filters/endpoint/ProxyEndpoint.java
681	com.netflix.zuul.filters.endpoint.ProxyEndpoint	originNotFound(com.netflix.zuul.context.SessionContext,java.lang.String)	0	[false, false]	com.google.errorprone.annotations.ForOverride	protected	false	/home/nima/Developer/nullness-benchmarks/zuul/zuul-core/src/main/java/com/netflix/zuul/filters/endpoint/ProxyEndpoint.java
682	com.netflix.zuul.filters.endpoint.ProxyEndpoint	getTimeoutManager(com.netflix.zuul.origins.NettyOrigin)	0	[false]	com.google.errorprone.annotations.ForOverride	protected	true	/home/nima/Developer/nullness-benchmarks/zuul/zuul-core/src/main/java/com/netflix/zuul/filters/endpoint/ProxyEndpoint.java
683	com.netflix.zuul.filters.SyncZuulFilterAdapter	isDisabled()	213	[]	java.lang.Override	public	false	/home/nima/Developer/nullness-benchmarks/zuul/zuul-core/src/main/java/com/netflix/zuul/filters/SyncZuulFilterAdapter.java
684	com.netflix.zuul.filters.SyncZuulFilterAdapter	shouldFilter(I)	226	[false]	java.lang.Override	public	false	/home/nima/Developer/nullness-benchmarks/zuul/zuul-core/src/main/java/com/netflix/zuul/filters/SyncZuulFilterAdapter.java
685	com.netflix.zuul.filters.SyncZuulFilterAdapter	filterOrder()	215	[]	java.lang.Override	public	false	/home/nima/Developer/nullness-benchmarks/zuul/zuul-core/src/main/java/com/netflix/zuul/filters/SyncZuulFilterAdapter.java
686	com.netflix.zuul.filters.SyncZuulFilterAdapter	filterType()	216	[]	java.lang.Override	public	true	/home/nima/Developer/nullness-benchmarks/zuul/zuul-core/src/main/java/com/netflix/zuul/filters/SyncZuulFilterAdapter.java
687	com.netflix.zuul.filters.SyncZuulFilterAdapter	overrideStopFilterProcessing()	218	[]	java.lang.Override	public	false	/home/nima/Developer/nullness-benchmarks/zuul/zuul-core/src/main/java/com/netflix/zuul/filters/SyncZuulFilterAdapter.java
688	com.netflix.zuul.filters.SyncZuulFilterAdapter	applyAsync(I)	220	[false]	java.lang.Override	public	true	/home/nima/Developer/nullness-benchmarks/zuul/zuul-core/src/main/java/com/netflix/zuul/filters/SyncZuulFilterAdapter.java
689	com.netflix.zuul.filters.SyncZuulFilterAdapter	getSyncType()	222	[]	java.lang.Override	public	true	/home/nima/Developer/nullness-benchmarks/zuul/zuul-core/src/main/java/com/netflix/zuul/filters/SyncZuulFilterAdapter.java
690	com.netflix.zuul.filters.SyncZuulFilterAdapter	needsBodyBuffered(I)	224	[false]	java.lang.Override	public	false	/home/nima/Developer/nullness-benchmarks/zuul/zuul-core/src/main/java/com/netflix/zuul/filters/SyncZuulFilterAdapter.java
639	com.netflix.zuul.filters.SyncZuulFilterAdapter	processContentChunk(com.netflix.zuul.message.ZuulMessage,io.netty.handler.codec.http.HttpContent)	225	[false, false]	java.lang.Override	public	true	/home/nima/Developer/nullness-benchmarks/zuul/zuul-core/src/main/java/com/netflix/zuul/filters/SyncZuulFilterAdapter.java
691	com.netflix.zuul.filters.SyncZuulFilterAdapter	incrementConcurrency()	219	[]	java.lang.Override	public	false	/home/nima/Developer/nullness-benchmarks/zuul/zuul-core/src/main/java/com/netflix/zuul/filters/SyncZuulFilterAdapter.java
692	com.netflix.zuul.filters.SyncZuulFilterAdapter	decrementConcurrency()	221	[]	java.lang.Override	public	false	/home/nima/Developer/nullness-benchmarks/zuul/zuul-core/src/main/java/com/netflix/zuul/filters/SyncZuulFilterAdapter.java
637	com.netflix.zuul.filters.SyncZuulFilter	apply(I)	0	[false]		public	true	/home/nima/Developer/nullness-benchmarks/zuul/zuul-core/src/main/java/com/netflix/zuul/filters/SyncZuulFilter.java
693	com.netflix.zuul.Filter	order()	0	[]		public	false	/home/nima/Developer/nullness-benchmarks/zuul/zuul-core/src/main/java/com/netflix/zuul/Filter.java
694	com.netflix.zuul.Filter	type()	0	[]		public	true	/home/nima/Developer/nullness-benchmarks/zuul/zuul-core/src/main/java/com/netflix/zuul/Filter.java
695	com.netflix.zuul.Filter	category()	0	[]		public	true	/home/nima/Developer/nullness-benchmarks/zuul/zuul-core/src/main/java/com/netflix/zuul/Filter.java
696	com.netflix.zuul.Filter	sync()	0	[]		public	true	/home/nima/Developer/nullness-benchmarks/zuul/zuul-core/src/main/java/com/netflix/zuul/Filter.java
697	com.netflix.zuul.Filter$FilterPackageName	value()	0	[]		public	true	/home/nima/Developer/nullness-benchmarks/zuul/zuul-core/src/main/java/com/netflix/zuul/Filter.java
698	com.netflix.zuul.Filter$ApplyAfter	value()	0	[]		public	true	/home/nima/Developer/nullness-benchmarks/zuul/zuul-core/src/main/java/com/netflix/zuul/Filter.java
699	com.netflix.zuul.Filter$ApplyBefore	value()	0	[]		public	true	/home/nima/Developer/nullness-benchmarks/zuul/zuul-core/src/main/java/com/netflix/zuul/Filter.java
601	com.netflix.zuul.netty.connectionpool.OriginChannelInitializer	getHttpMetricsHandler()	0	[]		public	true	/home/nima/Developer/nullness-benchmarks/zuul/zuul-core/src/main/java/com/netflix/zuul/netty/connectionpool/OriginChannelInitializer.java
700	com.netflix.zuul.netty.connectionpool.PooledConnection	PooledConnection(io.netty.channel.Channel,com.netflix.zuul.discovery.DiscoveryResult,com.netflix.zuul.netty.connectionpool.ClientChannelManager,com.netflix.spectator.api.Counter,com.netflix.spectator.api.Counter)	0	[false, false, false, false, false]		public	false	/home/nima/Developer/nullness-benchmarks/zuul/zuul-core/src/main/java/com/netflix/zuul/netty/connectionpool/PooledConnection.java
701	com.netflix.zuul.netty.connectionpool.PooledConnection	setInUse()	0	[]		public	false	/home/nima/Developer/nullness-benchmarks/zuul/zuul-core/src/main/java/com/netflix/zuul/netty/connectionpool/PooledConnection.java
702	com.netflix.zuul.netty.connectionpool.PooledConnection	setConnectionState(com.netflix.zuul.netty.connectionpool.PooledConnection.ConnectionState)	0	[false]		public	false	/home/nima/Developer/nullness-benchmarks/zuul/zuul-core/src/main/java/com/netflix/zuul/netty/connectionpool/PooledConnection.java
703	com.netflix.zuul.netty.connectionpool.PooledConnection	getFromChannel(io.netty.channel.Channel)	0	[false]		public	true	/home/nima/Developer/nullness-benchmarks/zuul/zuul-core/src/main/java/com/netflix/zuul/netty/connectionpool/PooledConnection.java
704	com.netflix.zuul.netty.connectionpool.PooledConnection	getConfig()	0	[]		public	true	/home/nima/Developer/nullness-benchmarks/zuul/zuul-core/src/main/java/com/netflix/zuul/netty/connectionpool/PooledConnection.java
705	com.netflix.zuul.netty.connectionpool.PooledConnection	getServer()	0	[]		public	true	/home/nima/Developer/nullness-benchmarks/zuul/zuul-core/src/main/java/com/netflix/zuul/netty/connectionpool/PooledConnection.java
706	com.netflix.zuul.netty.connectionpool.PooledConnection	getChannel()	0	[]		public	true	/home/nima/Developer/nullness-benchmarks/zuul/zuul-core/src/main/java/com/netflix/zuul/netty/connectionpool/PooledConnection.java
707	com.netflix.zuul.netty.connectionpool.PooledConnection	getUsageCount()	0	[]		public	false	/home/nima/Developer/nullness-benchmarks/zuul/zuul-core/src/main/java/com/netflix/zuul/netty/connectionpool/PooledConnection.java
708	com.netflix.zuul.netty.connectionpool.PooledConnection	incrementUsageCount()	0	[]		public	false	/home/nima/Developer/nullness-benchmarks/zuul/zuul-core/src/main/java/com/netflix/zuul/netty/connectionpool/PooledConnection.java
709	com.netflix.zuul.netty.connectionpool.PooledConnection	getCreationTS()	0	[]		public	false	/home/nima/Developer/nullness-benchmarks/zuul/zuul-core/src/main/java/com/netflix/zuul/netty/connectionpool/PooledConnection.java
710	com.netflix.zuul.netty.connectionpool.PooledConnection	getAgeInMillis()	0	[]		public	false	/home/nima/Developer/nullness-benchmarks/zuul/zuul-core/src/main/java/com/netflix/zuul/netty/connectionpool/PooledConnection.java
711	com.netflix.zuul.netty.connectionpool.PooledConnection	startRequestTimer()	0	[]		public	false	/home/nima/Developer/nullness-benchmarks/zuul/zuul-core/src/main/java/com/netflix/zuul/netty/connectionpool/PooledConnection.java
712	com.netflix.zuul.netty.connectionpool.PooledConnection	stopRequestTimer()	0	[]		public	false	/home/nima/Developer/nullness-benchmarks/zuul/zuul-core/src/main/java/com/netflix/zuul/netty/connectionpool/PooledConnection.java
713	com.netflix.zuul.netty.connectionpool.PooledConnection	isActive()	0	[]		public	false	/home/nima/Developer/nullness-benchmarks/zuul/zuul-core/src/main/java/com/netflix/zuul/netty/connectionpool/PooledConnection.java
714	com.netflix.zuul.netty.connectionpool.PooledConnection	isInPool()	0	[]		public	false	/home/nima/Developer/nullness-benchmarks/zuul/zuul-core/src/main/java/com/netflix/zuul/netty/connectionpool/PooledConnection.java
715	com.netflix.zuul.netty.connectionpool.PooledConnection	setInPool(boolean)	0	[false]		public	false	/home/nima/Developer/nullness-benchmarks/zuul/zuul-core/src/main/java/com/netflix/zuul/netty/connectionpool/PooledConnection.java
716	com.netflix.zuul.netty.connectionpool.PooledConnection	isShouldClose()	0	[]		public	false	/home/nima/Developer/nullness-benchmarks/zuul/zuul-core/src/main/java/com/netflix/zuul/netty/connectionpool/PooledConnection.java
717	com.netflix.zuul.netty.connectionpool.PooledConnection	flagShouldClose()	0	[]		public	false	/home/nima/Developer/nullness-benchmarks/zuul/zuul-core/src/main/java/com/netflix/zuul/netty/connectionpool/PooledConnection.java
718	com.netflix.zuul.netty.connectionpool.PooledConnection	close()	0	[]		public	true	/home/nima/Developer/nullness-benchmarks/zuul/zuul-core/src/main/java/com/netflix/zuul/netty/connectionpool/PooledConnection.java
719	com.netflix.zuul.netty.connectionpool.PooledConnection	updateServerStats()	0	[]		public	false	/home/nima/Developer/nullness-benchmarks/zuul/zuul-core/src/main/java/com/netflix/zuul/netty/connectionpool/PooledConnection.java
720	com.netflix.zuul.netty.connectionpool.PooledConnection	closeAndRemoveFromPool()	0	[]		public	true	/home/nima/Developer/nullness-benchmarks/zuul/zuul-core/src/main/java/com/netflix/zuul/netty/connectionpool/PooledConnection.java
721	com.netflix.zuul.netty.connectionpool.PooledConnection	release()	0	[]		public	false	/home/nima/Developer/nullness-benchmarks/zuul/zuul-core/src/main/java/com/netflix/zuul/netty/connectionpool/PooledConnection.java
722	com.netflix.zuul.netty.connectionpool.PooledConnection	removeReadTimeoutHandler()	0	[]		public	false	/home/nima/Developer/nullness-benchmarks/zuul/zuul-core/src/main/java/com/netflix/zuul/netty/connectionpool/PooledConnection.java
723	com.netflix.zuul.netty.connectionpool.PooledConnection	removeHandlerFromPipeline(java.lang.String,io.netty.channel.ChannelPipeline)	0	[false, false]		private	false	/home/nima/Developer/nullness-benchmarks/zuul/zuul-core/src/main/java/com/netflix/zuul/netty/connectionpool/PooledConnection.java
724	com.netflix.zuul.netty.connectionpool.PooledConnection	startReadTimeoutHandler(java.time.Duration)	0	[false]		public	false	/home/nima/Developer/nullness-benchmarks/zuul/zuul-core/src/main/java/com/netflix/zuul/netty/connectionpool/PooledConnection.java
725	com.netflix.zuul.netty.connectionpool.PooledConnection	toString()	29	[]	java.lang.Override	public	true	/home/nima/Developer/nullness-benchmarks/zuul/zuul-core/src/main/java/com/netflix/zuul/netty/connectionpool/PooledConnection.java
726	com.netflix.zuul.netty.filter.FilterRunner	filter(I)	0	[false]		public	false	/home/nima/Developer/nullness-benchmarks/zuul/zuul-core/src/main/java/com/netflix/zuul/netty/filter/FilterRunner.java
727	com.netflix.zuul.netty.filter.FilterRunner	filter(I,io.netty.handler.codec.http.HttpContent)	0	[false, false]		public	false	/home/nima/Developer/nullness-benchmarks/zuul/zuul-core/src/main/java/com/netflix/zuul/netty/filter/FilterRunner.java
728	com.netflix.zuul.origins.NettyOrigin	connectToOrigin(com.netflix.zuul.message.http.HttpRequestMessage,io.netty.channel.EventLoop,int,com.netflix.zuul.passport.CurrentPassport,java.util.concurrent.atomic.AtomicReference,java.util.concurrent.atomic.AtomicReference)	0	[false, false, false, false, false, false]		public	true	/home/nima/Developer/nullness-benchmarks/zuul/zuul-core/src/main/java/com/netflix/zuul/origins/NettyOrigin.java
729	com.netflix.zuul.origins.NettyOrigin	getMaxRetriesForRequest(com.netflix.zuul.context.SessionContext)	0	[false]		public	false	/home/nima/Developer/nullness-benchmarks/zuul/zuul-core/src/main/java/com/netflix/zuul/origins/NettyOrigin.java
730	com.netflix.zuul.origins.NettyOrigin	onRequestExecutionStart(com.netflix.zuul.message.http.HttpRequestMessage)	0	[false]		public	false	/home/nima/Developer/nullness-benchmarks/zuul/zuul-core/src/main/java/com/netflix/zuul/origins/NettyOrigin.java
731	com.netflix.zuul.origins.NettyOrigin	onRequestStartWithServer(com.netflix.zuul.message.http.HttpRequestMessage,com.netflix.zuul.discovery.DiscoveryResult,int)	0	[false, false, false]		public	false	/home/nima/Developer/nullness-benchmarks/zuul/zuul-core/src/main/java/com/netflix/zuul/origins/NettyOrigin.java
732	com.netflix.zuul.origins.NettyOrigin	onRequestExceptionWithServer(com.netflix.zuul.message.http.HttpRequestMessage,com.netflix.zuul.discovery.DiscoveryResult,int,java.lang.Throwable)	0	[false, false, false, false]		public	false	/home/nima/Developer/nullness-benchmarks/zuul/zuul-core/src/main/java/com/netflix/zuul/origins/NettyOrigin.java
733	com.netflix.zuul.origins.NettyOrigin	onRequestExecutionSuccess(com.netflix.zuul.message.http.HttpRequestMessage,com.netflix.zuul.message.http.HttpResponseMessage,com.netflix.zuul.discovery.DiscoveryResult,int)	0	[false, false, false, false]		public	false	/home/nima/Developer/nullness-benchmarks/zuul/zuul-core/src/main/java/com/netflix/zuul/origins/NettyOrigin.java
734	com.netflix.zuul.origins.NettyOrigin	onRequestExecutionFailed(com.netflix.zuul.message.http.HttpRequestMessage,com.netflix.zuul.discovery.DiscoveryResult,int,java.lang.Throwable)	0	[false, false, false, false]		public	false	/home/nima/Developer/nullness-benchmarks/zuul/zuul-core/src/main/java/com/netflix/zuul/origins/NettyOrigin.java
735	com.netflix.zuul.origins.NettyOrigin	recordFinalError(com.netflix.zuul.message.http.HttpRequestMessage,java.lang.Throwable)	0	[false, false]		public	false	/home/nima/Developer/nullness-benchmarks/zuul/zuul-core/src/main/java/com/netflix/zuul/origins/NettyOrigin.java
736	com.netflix.zuul.origins.NettyOrigin	recordFinalResponse(com.netflix.zuul.message.http.HttpResponseMessage)	0	[false]		public	false	/home/nima/Developer/nullness-benchmarks/zuul/zuul-core/src/main/java/com/netflix/zuul/origins/NettyOrigin.java
737	com.netflix.zuul.origins.NettyOrigin	newRequestAttempt(com.netflix.zuul.discovery.DiscoveryResult,com.netflix.zuul.context.SessionContext,int)	0	[false, false, false]		public	true	/home/nima/Developer/nullness-benchmarks/zuul/zuul-core/src/main/java/com/netflix/zuul/origins/NettyOrigin.java
738	com.netflix.zuul.origins.NettyOrigin	getIpAddrFromServer(com.netflix.zuul.discovery.DiscoveryResult)	0	[false]		public	true	/home/nima/Developer/nullness-benchmarks/zuul/zuul-core/src/main/java/com/netflix/zuul/origins/NettyOrigin.java
739	com.netflix.zuul.origins.NettyOrigin	getClientConfig()	0	[]		public	true	/home/nima/Developer/nullness-benchmarks/zuul/zuul-core/src/main/java/com/netflix/zuul/origins/NettyOrigin.java
740	com.netflix.zuul.origins.NettyOrigin	getSpectatorRegistry()	0	[]		public	true	/home/nima/Developer/nullness-benchmarks/zuul/zuul-core/src/main/java/com/netflix/zuul/origins/NettyOrigin.java
741	com.netflix.zuul.origins.InstrumentedOrigin	getErrorPercentage()	0	[]		public	false	/home/nima/Developer/nullness-benchmarks/zuul/zuul-core/src/main/java/com/netflix/zuul/origins/InstrumentedOrigin.java
742	com.netflix.zuul.origins.InstrumentedOrigin	getErrorAllPercentage()	0	[]		public	false	/home/nima/Developer/nullness-benchmarks/zuul/zuul-core/src/main/java/com/netflix/zuul/origins/InstrumentedOrigin.java
743	com.netflix.zuul.origins.InstrumentedOrigin	adjustRetryPolicyIfNeeded(com.netflix.zuul.message.http.HttpRequestMessage)	0	[false]		public	false	/home/nima/Developer/nullness-benchmarks/zuul/zuul-core/src/main/java/com/netflix/zuul/origins/InstrumentedOrigin.java
744	com.netflix.zuul.origins.InstrumentedOrigin	preRequestChecks(com.netflix.zuul.message.http.HttpRequestMessage)	0	[false]		public	false	/home/nima/Developer/nullness-benchmarks/zuul/zuul-core/src/main/java/com/netflix/zuul/origins/InstrumentedOrigin.java
745	com.netflix.zuul.origins.InstrumentedOrigin	recordSuccessResponse()	0	[]		public	false	/home/nima/Developer/nullness-benchmarks/zuul/zuul-core/src/main/java/com/netflix/zuul/origins/InstrumentedOrigin.java
746	com.netflix.zuul.origins.InstrumentedOrigin	recordProxyRequestEnd()	0	[]		public	false	/home/nima/Developer/nullness-benchmarks/zuul/zuul-core/src/main/java/com/netflix/zuul/origins/InstrumentedOrigin.java
747	com.netflix.zuul.origins.Origin	getName()	0	[]		public	true	/home/nima/Developer/nullness-benchmarks/zuul/zuul-core/src/main/java/com/netflix/zuul/origins/Origin.java
748	com.netflix.zuul.origins.Origin	isAvailable()	0	[]		public	false	/home/nima/Developer/nullness-benchmarks/zuul/zuul-core/src/main/java/com/netflix/zuul/origins/Origin.java
749	com.netflix.zuul.origins.Origin	isCold()	0	[]		public	false	/home/nima/Developer/nullness-benchmarks/zuul/zuul-core/src/main/java/com/netflix/zuul/origins/Origin.java
750	com.netflix.zuul.niws.RequestAttempts	RequestAttempts()	0	[]		public	false	/home/nima/Developer/nullness-benchmarks/zuul/zuul-core/src/main/java/com/netflix/zuul/niws/RequestAttempts.java
751	com.netflix.zuul.niws.RequestAttempts	getFinalAttempt()	0	[]		public	true	/home/nima/Developer/nullness-benchmarks/zuul/zuul-core/src/main/java/com/netflix/zuul/niws/RequestAttempts.java
752	com.netflix.zuul.niws.RequestAttempts	getFromSessionContext(com.netflix.zuul.context.SessionContext)	0	[false]		public	true	/home/nima/Developer/nullness-benchmarks/zuul/zuul-core/src/main/java/com/netflix/zuul/niws/RequestAttempts.java
753	com.netflix.zuul.niws.RequestAttempts	parse(java.lang.String)	0	[false]		public	true	/home/nima/Developer/nullness-benchmarks/zuul/zuul-core/src/main/java/com/netflix/zuul/niws/RequestAttempts.java
754	com.netflix.zuul.niws.RequestAttempts	toJSON()	0	[]		public	true	/home/nima/Developer/nullness-benchmarks/zuul/zuul-core/src/main/java/com/netflix/zuul/niws/RequestAttempts.java
755	com.netflix.zuul.niws.RequestAttempts	toString()	756	[]	java.lang.Override	public	true	/home/nima/Developer/nullness-benchmarks/zuul/zuul-core/src/main/java/com/netflix/zuul/niws/RequestAttempts.java
757	com.netflix.zuul.niws.RequestAttempt	RequestAttempt(int,com.netflix.appinfo.InstanceInfo,java.lang.String,java.lang.String,int,java.lang.String,java.lang.String,int,int,int)	0	[false, false, false, false, false, false, false, false, false, false]		public	false	/home/nima/Developer/nullness-benchmarks/zuul/zuul-core/src/main/java/com/netflix/zuul/niws/RequestAttempt.java
758	com.netflix.zuul.niws.RequestAttempt	RequestAttempt(com.netflix.zuul.discovery.DiscoveryResult,com.netflix.client.config.IClientConfig,int,int)	0	[false, false, false, false]		public	false	/home/nima/Developer/nullness-benchmarks/zuul/zuul-core/src/main/java/com/netflix/zuul/niws/RequestAttempt.java
759	com.netflix.zuul.niws.RequestAttempt	RequestAttempt()	0	[]		private	false	/home/nima/Developer/nullness-benchmarks/zuul/zuul-core/src/main/java/com/netflix/zuul/niws/RequestAttempt.java
760	com.netflix.zuul.niws.RequestAttempt	complete(int,long,java.lang.Throwable)	0	[false, false, false]		public	false	/home/nima/Developer/nullness-benchmarks/zuul/zuul-core/src/main/java/com/netflix/zuul/niws/RequestAttempt.java
761	com.netflix.zuul.niws.RequestAttempt	getAttempt()	0	[]		public	false	/home/nima/Developer/nullness-benchmarks/zuul/zuul-core/src/main/java/com/netflix/zuul/niws/RequestAttempt.java
762	com.netflix.zuul.niws.RequestAttempt	getVip()	0	[]		public	true	/home/nima/Developer/nullness-benchmarks/zuul/zuul-core/src/main/java/com/netflix/zuul/niws/RequestAttempt.java
763	com.netflix.zuul.niws.RequestAttempt	getStatus()	0	[]		public	false	/home/nima/Developer/nullness-benchmarks/zuul/zuul-core/src/main/java/com/netflix/zuul/niws/RequestAttempt.java
764	com.netflix.zuul.niws.RequestAttempt	getDuration()	0	[]		public	false	/home/nima/Developer/nullness-benchmarks/zuul/zuul-core/src/main/java/com/netflix/zuul/niws/RequestAttempt.java
765	com.netflix.zuul.niws.RequestAttempt	getError()	0	[]		public	true	/home/nima/Developer/nullness-benchmarks/zuul/zuul-core/src/main/java/com/netflix/zuul/niws/RequestAttempt.java
766	com.netflix.zuul.niws.RequestAttempt	getApp()	0	[]		public	true	/home/nima/Developer/nullness-benchmarks/zuul/zuul-core/src/main/java/com/netflix/zuul/niws/RequestAttempt.java
767	com.netflix.zuul.niws.RequestAttempt	getAsg()	0	[]		public	true	/home/nima/Developer/nullness-benchmarks/zuul/zuul-core/src/main/java/com/netflix/zuul/niws/RequestAttempt.java
768	com.netflix.zuul.niws.RequestAttempt	getInstanceId()	0	[]		public	true	/home/nima/Developer/nullness-benchmarks/zuul/zuul-core/src/main/java/com/netflix/zuul/niws/RequestAttempt.java
769	com.netflix.zuul.niws.RequestAttempt	getHost()	0	[]		public	true	/home/nima/Developer/nullness-benchmarks/zuul/zuul-core/src/main/java/com/netflix/zuul/niws/RequestAttempt.java
770	com.netflix.zuul.niws.RequestAttempt	getPort()	0	[]		public	false	/home/nima/Developer/nullness-benchmarks/zuul/zuul-core/src/main/java/com/netflix/zuul/niws/RequestAttempt.java
771	com.netflix.zuul.niws.RequestAttempt	getRegion()	0	[]		public	true	/home/nima/Developer/nullness-benchmarks/zuul/zuul-core/src/main/java/com/netflix/zuul/niws/RequestAttempt.java
772	com.netflix.zuul.niws.RequestAttempt	getAvailabilityZone()	0	[]		public	true	/home/nima/Developer/nullness-benchmarks/zuul/zuul-core/src/main/java/com/netflix/zuul/niws/RequestAttempt.java
773	com.netflix.zuul.niws.RequestAttempt	getExceptionType()	0	[]		public	true	/home/nima/Developer/nullness-benchmarks/zuul/zuul-core/src/main/java/com/netflix/zuul/niws/RequestAttempt.java
774	com.netflix.zuul.niws.RequestAttempt	getReadTimeout()	0	[]		public	false	/home/nima/Developer/nullness-benchmarks/zuul/zuul-core/src/main/java/com/netflix/zuul/niws/RequestAttempt.java
775	com.netflix.zuul.niws.RequestAttempt	getConnectTimeout()	0	[]		public	false	/home/nima/Developer/nullness-benchmarks/zuul/zuul-core/src/main/java/com/netflix/zuul/niws/RequestAttempt.java
776	com.netflix.zuul.niws.RequestAttempt	getMaxRetries()	0	[]		public	false	/home/nima/Developer/nullness-benchmarks/zuul/zuul-core/src/main/java/com/netflix/zuul/niws/RequestAttempt.java
777	com.netflix.zuul.niws.RequestAttempt	setStatus(int)	0	[false]		public	false	/home/nima/Developer/nullness-benchmarks/zuul/zuul-core/src/main/java/com/netflix/zuul/niws/RequestAttempt.java
778	com.netflix.zuul.niws.RequestAttempt	setError(java.lang.String)	0	[false]		public	false	/home/nima/Developer/nullness-benchmarks/zuul/zuul-core/src/main/java/com/netflix/zuul/niws/RequestAttempt.java
779	com.netflix.zuul.niws.RequestAttempt	setExceptionType(java.lang.String)	0	[false]		public	false	/home/nima/Developer/nullness-benchmarks/zuul/zuul-core/src/main/java/com/netflix/zuul/niws/RequestAttempt.java
780	com.netflix.zuul.niws.RequestAttempt	setApp(java.lang.String)	0	[false]		public	false	/home/nima/Developer/nullness-benchmarks/zuul/zuul-core/src/main/java/com/netflix/zuul/niws/RequestAttempt.java
781	com.netflix.zuul.niws.RequestAttempt	setAsg(java.lang.String)	0	[false]		public	false	/home/nima/Developer/nullness-benchmarks/zuul/zuul-core/src/main/java/com/netflix/zuul/niws/RequestAttempt.java
782	com.netflix.zuul.niws.RequestAttempt	setInstanceId(java.lang.String)	0	[false]		public	false	/home/nima/Developer/nullness-benchmarks/zuul/zuul-core/src/main/java/com/netflix/zuul/niws/RequestAttempt.java
783	com.netflix.zuul.niws.RequestAttempt	setHost(java.lang.String)	0	[false]		public	false	/home/nima/Developer/nullness-benchmarks/zuul/zuul-core/src/main/java/com/netflix/zuul/niws/RequestAttempt.java
784	com.netflix.zuul.niws.RequestAttempt	setPort(int)	0	[false]		public	false	/home/nima/Developer/nullness-benchmarks/zuul/zuul-core/src/main/java/com/netflix/zuul/niws/RequestAttempt.java
785	com.netflix.zuul.niws.RequestAttempt	setVip(java.lang.String)	0	[false]		public	false	/home/nima/Developer/nullness-benchmarks/zuul/zuul-core/src/main/java/com/netflix/zuul/niws/RequestAttempt.java
786	com.netflix.zuul.niws.RequestAttempt	setRegion(java.lang.String)	0	[false]		public	false	/home/nima/Developer/nullness-benchmarks/zuul/zuul-core/src/main/java/com/netflix/zuul/niws/RequestAttempt.java
787	com.netflix.zuul.niws.RequestAttempt	setAvailabilityZone(java.lang.String)	0	[false]		public	false	/home/nima/Developer/nullness-benchmarks/zuul/zuul-core/src/main/java/com/netflix/zuul/niws/RequestAttempt.java
788	com.netflix.zuul.niws.RequestAttempt	setReadTimeout(long)	0	[false]		public	false	/home/nima/Developer/nullness-benchmarks/zuul/zuul-core/src/main/java/com/netflix/zuul/niws/RequestAttempt.java
789	com.netflix.zuul.niws.RequestAttempt	setConnectTimeout(int)	0	[false]		public	false	/home/nima/Developer/nullness-benchmarks/zuul/zuul-core/src/main/java/com/netflix/zuul/niws/RequestAttempt.java
790	com.netflix.zuul.niws.RequestAttempt	setException(java.lang.Throwable)	0	[false]		public	false	/home/nima/Developer/nullness-benchmarks/zuul/zuul-core/src/main/java/com/netflix/zuul/niws/RequestAttempt.java
791	com.netflix.zuul.niws.RequestAttempt	setMaxRetries(int)	0	[false]		public	false	/home/nima/Developer/nullness-benchmarks/zuul/zuul-core/src/main/java/com/netflix/zuul/niws/RequestAttempt.java
792	com.netflix.zuul.niws.RequestAttempt	toString()	29	[]	java.lang.Override	public	true	/home/nima/Developer/nullness-benchmarks/zuul/zuul-core/src/main/java/com/netflix/zuul/niws/RequestAttempt.java
793	com.netflix.zuul.niws.RequestAttempt	toJsonNode()	0	[]		public	true	/home/nima/Developer/nullness-benchmarks/zuul/zuul-core/src/main/java/com/netflix/zuul/niws/RequestAttempt.java
794	com.netflix.zuul.niws.RequestAttempt	putNullableAttribute(com.fasterxml.jackson.databind.node.ObjectNode,java.lang.String,java.lang.String)	0	[false, false, false]		private	true	/home/nima/Developer/nullness-benchmarks/zuul/zuul-core/src/main/java/com/netflix/zuul/niws/RequestAttempt.java
795	com.netflix.zuul.exception.OutboundErrorType	OutboundErrorType(int,com.netflix.zuul.stats.status.StatusCategory,com.netflix.client.ClientException.ErrorType)	0	[false, false, false]		private	false	/home/nima/Developer/nullness-benchmarks/zuul/zuul-core/src/main/java/com/netflix/zuul/exception/OutboundErrorType.java
796	com.netflix.zuul.exception.OutboundErrorType	getStatusCodeToReturn()	797	[]	java.lang.Override	public	false	/home/nima/Developer/nullness-benchmarks/zuul/zuul-core/src/main/java/com/netflix/zuul/exception/OutboundErrorType.java
798	com.netflix.zuul.exception.OutboundErrorType	getStatusCategory()	799	[]	java.lang.Override	public	true	/home/nima/Developer/nullness-benchmarks/zuul/zuul-core/src/main/java/com/netflix/zuul/exception/OutboundErrorType.java
800	com.netflix.zuul.exception.OutboundErrorType	getClientErrorType()	801	[]	java.lang.Override	public	true	/home/nima/Developer/nullness-benchmarks/zuul/zuul-core/src/main/java/com/netflix/zuul/exception/OutboundErrorType.java
802	com.netflix.zuul.exception.OutboundErrorType	toString()	229	[]	java.lang.Override	public	true	/home/nima/Developer/nullness-benchmarks/zuul/zuul-core/src/main/java/com/netflix/zuul/exception/OutboundErrorType.java
803	com.netflix.zuul.netty.NettyRequestAttemptFactory	mapNettyToOutboundErrorType(java.lang.Throwable)	0	[false]		public	true	/home/nima/Developer/nullness-benchmarks/zuul/zuul-core/src/main/java/com/netflix/zuul/netty/NettyRequestAttemptFactory.java
804	com.netflix.zuul.netty.NettyRequestAttemptFactory	mapNettyToOutboundException(java.lang.Throwable,com.netflix.zuul.context.SessionContext)	0	[false, false]		public	true	/home/nima/Developer/nullness-benchmarks/zuul/zuul-core/src/main/java/com/netflix/zuul/netty/NettyRequestAttemptFactory.java
797	com.netflix.zuul.exception.ErrorType	getStatusCodeToReturn()	0	[]		public	false	/home/nima/Developer/nullness-benchmarks/zuul/zuul-core/src/main/java/com/netflix/zuul/exception/ErrorType.java
799	com.netflix.zuul.exception.ErrorType	getStatusCategory()	0	[]		public	true	/home/nima/Developer/nullness-benchmarks/zuul/zuul-core/src/main/java/com/netflix/zuul/exception/ErrorType.java
801	com.netflix.zuul.exception.ErrorType	getClientErrorType()	0	[]		public	true	/home/nima/Developer/nullness-benchmarks/zuul/zuul-core/src/main/java/com/netflix/zuul/exception/ErrorType.java
805	com.netflix.zuul.netty.timeouts.OriginTimeoutManager	OriginTimeoutManager(com.netflix.zuul.origins.NettyOrigin)	0	[false]		public	false	/home/nima/Developer/nullness-benchmarks/zuul/zuul-core/src/main/java/com/netflix/zuul/netty/timeouts/OriginTimeoutManager.java
806	com.netflix.zuul.netty.timeouts.OriginTimeoutManager	computeReadTimeout(com.netflix.zuul.message.http.HttpRequestMessage,int)	0	[false, false]		public	true	/home/nima/Developer/nullness-benchmarks/zuul/zuul-core/src/main/java/com/netflix/zuul/netty/timeouts/OriginTimeoutManager.java
807	com.netflix.zuul.netty.timeouts.OriginTimeoutManager	getRequestClientConfig(com.netflix.zuul.message.http.HttpRequestMessage)	0	[false]		protected	true	/home/nima/Developer/nullness-benchmarks/zuul/zuul-core/src/main/java/com/netflix/zuul/netty/timeouts/OriginTimeoutManager.java
808	com.netflix.zuul.netty.timeouts.OriginTimeoutManager	getRequestReadTimeout(com.netflix.client.config.IClientConfig)	0	[false]		private	true	/home/nima/Developer/nullness-benchmarks/zuul/zuul-core/src/main/java/com/netflix/zuul/netty/timeouts/OriginTimeoutManager.java
809	com.netflix.zuul.netty.timeouts.OriginTimeoutManager	getOriginReadTimeout()	0	[]		private	true	/home/nima/Developer/nullness-benchmarks/zuul/zuul-core/src/main/java/com/netflix/zuul/netty/timeouts/OriginTimeoutManager.java
810	com.netflix.zuul.netty.server.MethodBinding	MethodBinding(java.util.function.BiConsumer,java.util.concurrent.Callable)	0	[false, false]		public	false	/home/nima/Developer/nullness-benchmarks/zuul/zuul-core/src/main/java/com/netflix/zuul/netty/server/MethodBinding.java
811	com.netflix.zuul.netty.server.MethodBinding	bind(java.lang.Runnable)	0	[false]		public	false	/home/nima/Developer/nullness-benchmarks/zuul/zuul-core/src/main/java/com/netflix/zuul/netty/server/MethodBinding.java
812	com.netflix.zuul.netty.server.OriginResponseReceiver	OriginResponseReceiver(com.netflix.zuul.filters.endpoint.ProxyEndpoint)	0	[false]		public	false	/home/nima/Developer/nullness-benchmarks/zuul/zuul-core/src/main/java/com/netflix/zuul/netty/server/OriginResponseReceiver.java
813	com.netflix.zuul.netty.server.OriginResponseReceiver	unlinkFromClientRequest()	0	[]		public	false	/home/nima/Developer/nullness-benchmarks/zuul/zuul-core/src/main/java/com/netflix/zuul/netty/server/OriginResponseReceiver.java
814	com.netflix.zuul.netty.server.OriginResponseReceiver	channelRead(io.netty.channel.ChannelHandlerContext,java.lang.Object)	14	[false, false]	java.lang.Override	public	false	/home/nima/Developer/nullness-benchmarks/zuul/zuul-core/src/main/java/com/netflix/zuul/netty/server/OriginResponseReceiver.java
815	com.netflix.zuul.netty.server.OriginResponseReceiver	channelReadInternal(io.netty.channel.ChannelHandlerContext,java.lang.Object)	0	[false, false]		private	false	/home/nima/Developer/nullness-benchmarks/zuul/zuul-core/src/main/java/com/netflix/zuul/netty/server/OriginResponseReceiver.java
816	com.netflix.zuul.netty.server.OriginResponseReceiver	userEventTriggered(io.netty.channel.ChannelHandlerContext,java.lang.Object)	42	[false, false]	java.lang.Override	public	false	/home/nima/Developer/nullness-benchmarks/zuul/zuul-core/src/main/java/com/netflix/zuul/netty/server/OriginResponseReceiver.java
817	com.netflix.zuul.netty.server.OriginResponseReceiver	postCompleteHook(io.netty.channel.ChannelHandlerContext,java.lang.Object)	0	[false, false]		protected	false	/home/nima/Developer/nullness-benchmarks/zuul/zuul-core/src/main/java/com/netflix/zuul/netty/server/OriginResponseReceiver.java
818	com.netflix.zuul.netty.server.OriginResponseReceiver	buildOriginHttpRequest(com.netflix.zuul.message.http.HttpRequestMessage)	0	[false]		private	true	/home/nima/Developer/nullness-benchmarks/zuul/zuul-core/src/main/java/com/netflix/zuul/netty/server/OriginResponseReceiver.java
819	com.netflix.zuul.netty.server.OriginResponseReceiver	customRequestProcessing(com.netflix.zuul.message.http.HttpRequestMessage)	0	[false]		protected	false	/home/nima/Developer/nullness-benchmarks/zuul/zuul-core/src/main/java/com/netflix/zuul/netty/server/OriginResponseReceiver.java
820	com.netflix.zuul.netty.server.OriginResponseReceiver	pathAndQueryString(com.netflix.zuul.message.http.HttpRequestMessage)	0	[false]		private	true	/home/nima/Developer/nullness-benchmarks/zuul/zuul-core/src/main/java/com/netflix/zuul/netty/server/OriginResponseReceiver.java
821	com.netflix.zuul.netty.server.OriginResponseReceiver	write(io.netty.channel.ChannelHandlerContext,java.lang.Object,io.netty.channel.ChannelPromise)	501	[false, false, false]	java.lang.Override	public	false	/home/nima/Developer/nullness-benchmarks/zuul/zuul-core/src/main/java/com/netflix/zuul/netty/server/OriginResponseReceiver.java
822	com.netflix.zuul.netty.server.OriginResponseReceiver	writeInternal(io.netty.channel.ChannelHandlerContext,java.lang.Object,io.netty.channel.ChannelPromise)	0	[false, false, false]		private	false	/home/nima/Developer/nullness-benchmarks/zuul/zuul-core/src/main/java/com/netflix/zuul/netty/server/OriginResponseReceiver.java
823	com.netflix.zuul.netty.server.OriginResponseReceiver	preWriteHook(io.netty.channel.ChannelHandlerContext,com.netflix.zuul.message.http.HttpRequestMessage)	0	[false, false]		protected	false	/home/nima/Developer/nullness-benchmarks/zuul/zuul-core/src/main/java/com/netflix/zuul/netty/server/OriginResponseReceiver.java
824	com.netflix.zuul.netty.server.OriginResponseReceiver	fireWriteError(java.lang.String,java.lang.Throwable,io.netty.channel.ChannelHandlerContext)	0	[false, false, false]		private	false	/home/nima/Developer/nullness-benchmarks/zuul/zuul-core/src/main/java/com/netflix/zuul/netty/server/OriginResponseReceiver.java
825	com.netflix.zuul.netty.server.OriginResponseReceiver	exceptionCaught(io.netty.channel.ChannelHandlerContext,java.lang.Throwable)	465	[false, false]	java.lang.Override	public	false	/home/nima/Developer/nullness-benchmarks/zuul/zuul-core/src/main/java/com/netflix/zuul/netty/server/OriginResponseReceiver.java
826	com.netflix.zuul.netty.server.OriginResponseReceiver	channelInactive(io.netty.channel.ChannelHandlerContext)	384	[false]	java.lang.Override	public	false	/home/nima/Developer/nullness-benchmarks/zuul/zuul-core/src/main/java/com/netflix/zuul/netty/server/OriginResponseReceiver.java
827	com.netflix.zuul.netty.connectionpool.RequestStat	putInSessionContext(com.netflix.zuul.netty.connectionpool.RequestStat,com.netflix.zuul.context.SessionContext)	0	[false, false]		public	true	/home/nima/Developer/nullness-benchmarks/zuul/zuul-core/src/main/java/com/netflix/zuul/netty/connectionpool/RequestStat.java
828	com.netflix.zuul.netty.connectionpool.RequestStat	getFromSessionContext(com.netflix.zuul.context.SessionContext)	0	[false]		public	true	/home/nima/Developer/nullness-benchmarks/zuul/zuul-core/src/main/java/com/netflix/zuul/netty/connectionpool/RequestStat.java
829	com.netflix.zuul.netty.connectionpool.RequestStat	server(com.netflix.zuul.discovery.DiscoveryResult)	0	[false]		public	true	/home/nima/Developer/nullness-benchmarks/zuul/zuul-core/src/main/java/com/netflix/zuul/netty/connectionpool/RequestStat.java
830	com.netflix.zuul.netty.connectionpool.RequestStat	isFinished()	0	[]		public	false	/home/nima/Developer/nullness-benchmarks/zuul/zuul-core/src/main/java/com/netflix/zuul/netty/connectionpool/RequestStat.java
831	com.netflix.zuul.netty.connectionpool.RequestStat	duration()	0	[]		public	false	/home/nima/Developer/nullness-benchmarks/zuul/zuul-core/src/main/java/com/netflix/zuul/netty/connectionpool/RequestStat.java
832	com.netflix.zuul.netty.connectionpool.RequestStat	serviceUnavailable()	0	[]		public	false	/home/nima/Developer/nullness-benchmarks/zuul/zuul-core/src/main/java/com/netflix/zuul/netty/connectionpool/RequestStat.java
833	com.netflix.zuul.netty.connectionpool.RequestStat	generalError()	0	[]		public	false	/home/nima/Developer/nullness-benchmarks/zuul/zuul-core/src/main/java/com/netflix/zuul/netty/connectionpool/RequestStat.java
834	com.netflix.zuul.netty.connectionpool.RequestStat	failAndSetErrorCode(com.netflix.zuul.exception.ErrorType)	0	[false]		public	false	/home/nima/Developer/nullness-benchmarks/zuul/zuul-core/src/main/java/com/netflix/zuul/netty/connectionpool/RequestStat.java
835	com.netflix.zuul.netty.connectionpool.RequestStat	updateWithHttpStatusCode(int)	0	[false]		public	false	/home/nima/Developer/nullness-benchmarks/zuul/zuul-core/src/main/java/com/netflix/zuul/netty/connectionpool/RequestStat.java
836	com.netflix.zuul.netty.connectionpool.RequestStat	finalAttempt(boolean)	0	[false]		public	false	/home/nima/Developer/nullness-benchmarks/zuul/zuul-core/src/main/java/com/netflix/zuul/netty/connectionpool/RequestStat.java
837	com.netflix.zuul.netty.connectionpool.RequestStat	finishIfNotAlready()	0	[]		public	false	/home/nima/Developer/nullness-benchmarks/zuul/zuul-core/src/main/java/com/netflix/zuul/netty/connectionpool/RequestStat.java
838	com.netflix.config.DynamicIntegerSetProperty	DynamicIntegerSetProperty(java.lang.String,java.lang.String)	0	[false, false]		public	false	/home/nima/Developer/nullness-benchmarks/zuul/zuul-core/src/main/java/com/netflix/config/DynamicIntegerSetProperty.java
839	com.netflix.config.DynamicIntegerSetProperty	DynamicIntegerSetProperty(java.lang.String,java.lang.String,java.lang.String)	0	[false, false, false]		public	false	/home/nima/Developer/nullness-benchmarks/zuul/zuul-core/src/main/java/com/netflix/config/DynamicIntegerSetProperty.java
840	com.netflix.config.DynamicIntegerSetProperty	DynamicIntegerSetProperty(java.lang.String,java.util.Set)	0	[false, false]		public	false	/home/nima/Developer/nullness-benchmarks/zuul/zuul-core/src/main/java/com/netflix/config/DynamicIntegerSetProperty.java
841	com.netflix.config.DynamicIntegerSetProperty	DynamicIntegerSetProperty(java.lang.String,java.util.Set,java.lang.String)	0	[false, false, false]		public	false	/home/nima/Developer/nullness-benchmarks/zuul/zuul-core/src/main/java/com/netflix/config/DynamicIntegerSetProperty.java
842	com.netflix.config.DynamicIntegerSetProperty	from(java.lang.String)	843	[false]	java.lang.Override	protected	true	/home/nima/Developer/nullness-benchmarks/zuul/zuul-core/src/main/java/com/netflix/config/DynamicIntegerSetProperty.java
844	com.netflix.zuul.origins.OriginName	fromVip(java.lang.String)	0	[false]	java.lang.Deprecated	public	true	/home/nima/Developer/nullness-benchmarks/zuul/zuul-core/src/main/java/com/netflix/zuul/origins/OriginName.java
845	com.netflix.zuul.origins.OriginName	fromVip(java.lang.String,java.lang.String)	0	[false, false]	java.lang.Deprecated	public	true	/home/nima/Developer/nullness-benchmarks/zuul/zuul-core/src/main/java/com/netflix/zuul/origins/OriginName.java
846	com.netflix.zuul.origins.OriginName	fromVipAndApp(java.lang.String,java.lang.String)	0	[false, false]		public	true	/home/nima/Developer/nullness-benchmarks/zuul/zuul-core/src/main/java/com/netflix/zuul/origins/OriginName.java
847	com.netflix.zuul.origins.OriginName	fromVipAndApp(java.lang.String,java.lang.String,java.lang.String)	0	[false, false, false]		public	true	/home/nima/Developer/nullness-benchmarks/zuul/zuul-core/src/main/java/com/netflix/zuul/origins/OriginName.java
848	com.netflix.zuul.origins.OriginName	OriginName(java.lang.String,java.lang.String,java.lang.String)	0	[false, false, false]		private	false	/home/nima/Developer/nullness-benchmarks/zuul/zuul-core/src/main/java/com/netflix/zuul/origins/OriginName.java
849	com.netflix.zuul.origins.OriginName	getTarget()	0	[]		public	true	/home/nima/Developer/nullness-benchmarks/zuul/zuul-core/src/main/java/com/netflix/zuul/origins/OriginName.java
850	com.netflix.zuul.origins.OriginName	getNiwsClientName()	0	[]		public	true	/home/nima/Developer/nullness-benchmarks/zuul/zuul-core/src/main/java/com/netflix/zuul/origins/OriginName.java
851	com.netflix.zuul.origins.OriginName	getMetricId()	0	[]		public	true	/home/nima/Developer/nullness-benchmarks/zuul/zuul-core/src/main/java/com/netflix/zuul/origins/OriginName.java
852	com.netflix.zuul.origins.OriginName	getAuthority()	0	[]		public	true	/home/nima/Developer/nullness-benchmarks/zuul/zuul-core/src/main/java/com/netflix/zuul/origins/OriginName.java
853	com.netflix.zuul.origins.OriginName	equals(java.lang.Object)	37	[false]	java.lang.Override	public	false	/home/nima/Developer/nullness-benchmarks/zuul/zuul-core/src/main/java/com/netflix/zuul/origins/OriginName.java
854	com.netflix.zuul.origins.OriginName	hashCode()	39	[]	java.lang.Override	public	false	/home/nima/Developer/nullness-benchmarks/zuul/zuul-core/src/main/java/com/netflix/zuul/origins/OriginName.java
855	com.netflix.zuul.origins.OriginName	toString()	29	[]	java.lang.Override	public	true	/home/nima/Developer/nullness-benchmarks/zuul/zuul-core/src/main/java/com/netflix/zuul/origins/OriginName.java
856	com.netflix.zuul.origins.OriginManager	getOrigin(com.netflix.zuul.origins.OriginName,java.lang.String,com.netflix.zuul.context.SessionContext)	0	[false, false, false]		public	true	/home/nima/Developer/nullness-benchmarks/zuul/zuul-core/src/main/java/com/netflix/zuul/origins/OriginManager.java
857	com.netflix.zuul.origins.OriginManager	createOrigin(com.netflix.zuul.origins.OriginName,java.lang.String,com.netflix.zuul.context.SessionContext)	0	[false, false, false]		public	true	/home/nima/Developer/nullness-benchmarks/zuul/zuul-core/src/main/java/com/netflix/zuul/origins/OriginManager.java
858	com.netflix.zuul.exception.OutboundException	OutboundException(com.netflix.zuul.exception.ErrorType,com.netflix.zuul.niws.RequestAttempts)	0	[false, false]		public	false	/home/nima/Developer/nullness-benchmarks/zuul/zuul-core/src/main/java/com/netflix/zuul/exception/OutboundException.java
859	com.netflix.zuul.exception.OutboundException	OutboundException(com.netflix.zuul.exception.ErrorType,com.netflix.zuul.niws.RequestAttempts,java.lang.Throwable)	0	[false, false, false]		public	false	/home/nima/Developer/nullness-benchmarks/zuul/zuul-core/src/main/java/com/netflix/zuul/exception/OutboundException.java
860	com.netflix.zuul.exception.OutboundException	getFinalRequestAttempt()	0	[]		public	true	/home/nima/Developer/nullness-benchmarks/zuul/zuul-core/src/main/java/com/netflix/zuul/exception/OutboundException.java
861	com.netflix.zuul.exception.OutboundException	getOutboundErrorType()	0	[]		public	true	/home/nima/Developer/nullness-benchmarks/zuul/zuul-core/src/main/java/com/netflix/zuul/exception/OutboundException.java
862	com.netflix.zuul.passport.PassportItem	PassportItem(com.netflix.zuul.passport.PassportState,long)	0	[false, false]		public	false	/home/nima/Developer/nullness-benchmarks/zuul/zuul-core/src/main/java/com/netflix/zuul/passport/PassportItem.java
863	com.netflix.zuul.passport.PassportItem	getTime()	0	[]		public	false	/home/nima/Developer/nullness-benchmarks/zuul/zuul-core/src/main/java/com/netflix/zuul/passport/PassportItem.java
864	com.netflix.zuul.passport.PassportItem	getState()	0	[]		public	true	/home/nima/Developer/nullness-benchmarks/zuul/zuul-core/src/main/java/com/netflix/zuul/passport/PassportItem.java
865	com.netflix.zuul.passport.PassportItem	toString()	29	[]	java.lang.Override	public	true	/home/nima/Developer/nullness-benchmarks/zuul/zuul-core/src/main/java/com/netflix/zuul/passport/PassportItem.java
866	com.netflix.zuul.passport.StartAndEnd	getStart()	0	[]		public	false	/home/nima/Developer/nullness-benchmarks/zuul/zuul-core/src/main/java/com/netflix/zuul/passport/StartAndEnd.java
867	com.netflix.zuul.passport.StartAndEnd	getEnd()	0	[]		public	false	/home/nima/Developer/nullness-benchmarks/zuul/zuul-core/src/main/java/com/netflix/zuul/passport/StartAndEnd.java
868	com.netflix.zuul.passport.StartAndEnd	startNotFound()	0	[]		package	false	/home/nima/Developer/nullness-benchmarks/zuul/zuul-core/src/main/java/com/netflix/zuul/passport/StartAndEnd.java
869	com.netflix.zuul.passport.StartAndEnd	endNotFound()	0	[]		package	false	/home/nima/Developer/nullness-benchmarks/zuul/zuul-core/src/main/java/com/netflix/zuul/passport/StartAndEnd.java
870	com.netflix.zuul.netty.connectionpool.ClientChannelManager	init()	0	[]		public	false	/home/nima/Developer/nullness-benchmarks/zuul/zuul-core/src/main/java/com/netflix/zuul/netty/connectionpool/ClientChannelManager.java
871	com.netflix.zuul.netty.connectionpool.ClientChannelManager	isAvailable()	0	[]		public	false	/home/nima/Developer/nullness-benchmarks/zuul/zuul-core/src/main/java/com/netflix/zuul/netty/connectionpool/ClientChannelManager.java
872	com.netflix.zuul.netty.connectionpool.ClientChannelManager	getInflightRequestsCount()	0	[]		public	false	/home/nima/Developer/nullness-benchmarks/zuul/zuul-core/src/main/java/com/netflix/zuul/netty/connectionpool/ClientChannelManager.java
873	com.netflix.zuul.netty.connectionpool.ClientChannelManager	shutdown()	0	[]		public	false	/home/nima/Developer/nullness-benchmarks/zuul/zuul-core/src/main/java/com/netflix/zuul/netty/connectionpool/ClientChannelManager.java
874	com.netflix.zuul.netty.connectionpool.ClientChannelManager	release(com.netflix.zuul.netty.connectionpool.PooledConnection)	0	[false]		public	false	/home/nima/Developer/nullness-benchmarks/zuul/zuul-core/src/main/java/com/netflix/zuul/netty/connectionpool/ClientChannelManager.java
875	com.netflix.zuul.netty.connectionpool.ClientChannelManager	acquire(io.netty.channel.EventLoop)	0	[false]		public	true	/home/nima/Developer/nullness-benchmarks/zuul/zuul-core/src/main/java/com/netflix/zuul/netty/connectionpool/ClientChannelManager.java
876	com.netflix.zuul.netty.connectionpool.ClientChannelManager	acquire(io.netty.channel.EventLoop,java.lang.Object,com.netflix.zuul.passport.CurrentPassport,java.util.concurrent.atomic.AtomicReference,java.util.concurrent.atomic.AtomicReference)	0	[false, false, false, false, false]		public	true	/home/nima/Developer/nullness-benchmarks/zuul/zuul-core/src/main/java/com/netflix/zuul/netty/connectionpool/ClientChannelManager.java
877	com.netflix.zuul.netty.connectionpool.ClientChannelManager	isCold()	0	[]		public	false	/home/nima/Developer/nullness-benchmarks/zuul/zuul-core/src/main/java/com/netflix/zuul/netty/connectionpool/ClientChannelManager.java
878	com.netflix.zuul.netty.connectionpool.ClientChannelManager	remove(com.netflix.zuul.netty.connectionpool.PooledConnection)	0	[false]		public	false	/home/nima/Developer/nullness-benchmarks/zuul/zuul-core/src/main/java/com/netflix/zuul/netty/connectionpool/ClientChannelManager.java
879	com.netflix.zuul.netty.connectionpool.ClientChannelManager	getConnsInPool()	0	[]		public	false	/home/nima/Developer/nullness-benchmarks/zuul/zuul-core/src/main/java/com/netflix/zuul/netty/connectionpool/ClientChannelManager.java
880	com.netflix.zuul.netty.connectionpool.ClientChannelManager	getConnsInUse()	0	[]		public	false	/home/nima/Developer/nullness-benchmarks/zuul/zuul-core/src/main/java/com/netflix/zuul/netty/connectionpool/ClientChannelManager.java
881	com.netflix.zuul.netty.connectionpool.ClientChannelManager	getConfig()	0	[]		public	true	/home/nima/Developer/nullness-benchmarks/zuul/zuul-core/src/main/java/com/netflix/zuul/netty/connectionpool/ClientChannelManager.java
882	com.netflix.zuul.netty.connectionpool.ConnectionPoolConfig	getOriginName()	0	[]		public	true	/home/nima/Developer/nullness-benchmarks/zuul/zuul-core/src/main/java/com/netflix/zuul/netty/connectionpool/ConnectionPoolConfig.java
883	com.netflix.zuul.netty.connectionpool.ConnectionPoolConfig	getMaxRequestsPerConnection()	0	[]		public	false	/home/nima/Developer/nullness-benchmarks/zuul/zuul-core/src/main/java/com/netflix/zuul/netty/connectionpool/ConnectionPoolConfig.java
884	com.netflix.zuul.netty.connectionpool.ConnectionPoolConfig	maxConnectionsPerHost()	0	[]		public	false	/home/nima/Developer/nullness-benchmarks/zuul/zuul-core/src/main/java/com/netflix/zuul/netty/connectionpool/ConnectionPoolConfig.java
885	com.netflix.zuul.netty.connectionpool.ConnectionPoolConfig	perServerWaterline()	0	[]		public	false	/home/nima/Developer/nullness-benchmarks/zuul/zuul-core/src/main/java/com/netflix/zuul/netty/connectionpool/ConnectionPoolConfig.java
886	com.netflix.zuul.netty.connectionpool.ConnectionPoolConfig	getConnectTimeout()	0	[]		public	false	/home/nima/Developer/nullness-benchmarks/zuul/zuul-core/src/main/java/com/netflix/zuul/netty/connectionpool/ConnectionPoolConfig.java
887	com.netflix.zuul.netty.connectionpool.ConnectionPoolConfig	getIdleTimeout()	0	[]		public	false	/home/nima/Developer/nullness-benchmarks/zuul/zuul-core/src/main/java/com/netflix/zuul/netty/connectionpool/ConnectionPoolConfig.java
888	com.netflix.zuul.netty.connectionpool.ConnectionPoolConfig	getTcpReceiveBufferSize()	0	[]		public	false	/home/nima/Developer/nullness-benchmarks/zuul/zuul-core/src/main/java/com/netflix/zuul/netty/connectionpool/ConnectionPoolConfig.java
889	com.netflix.zuul.netty.connectionpool.ConnectionPoolConfig	getTcpSendBufferSize()	0	[]		public	false	/home/nima/Developer/nullness-benchmarks/zuul/zuul-core/src/main/java/com/netflix/zuul/netty/connectionpool/ConnectionPoolConfig.java
890	com.netflix.zuul.netty.connectionpool.ConnectionPoolConfig	getNettyWriteBufferHighWaterMark()	0	[]		public	false	/home/nima/Developer/nullness-benchmarks/zuul/zuul-core/src/main/java/com/netflix/zuul/netty/connectionpool/ConnectionPoolConfig.java
891	com.netflix.zuul.netty.connectionpool.ConnectionPoolConfig	getNettyWriteBufferLowWaterMark()	0	[]		public	false	/home/nima/Developer/nullness-benchmarks/zuul/zuul-core/src/main/java/com/netflix/zuul/netty/connectionpool/ConnectionPoolConfig.java
892	com.netflix.zuul.netty.connectionpool.ConnectionPoolConfig	getTcpKeepAlive()	0	[]		public	false	/home/nima/Developer/nullness-benchmarks/zuul/zuul-core/src/main/java/com/netflix/zuul/netty/connectionpool/ConnectionPoolConfig.java
893	com.netflix.zuul.netty.connectionpool.ConnectionPoolConfig	getTcpNoDelay()	0	[]		public	false	/home/nima/Developer/nullness-benchmarks/zuul/zuul-core/src/main/java/com/netflix/zuul/netty/connectionpool/ConnectionPoolConfig.java
894	com.netflix.zuul.netty.connectionpool.ConnectionPoolConfig	getNettyAutoRead()	0	[]		public	false	/home/nima/Developer/nullness-benchmarks/zuul/zuul-core/src/main/java/com/netflix/zuul/netty/connectionpool/ConnectionPoolConfig.java
895	com.netflix.zuul.netty.connectionpool.ConnectionPoolConfig	isSecure()	0	[]		public	false	/home/nima/Developer/nullness-benchmarks/zuul/zuul-core/src/main/java/com/netflix/zuul/netty/connectionpool/ConnectionPoolConfig.java
896	com.netflix.zuul.netty.connectionpool.ConnectionPoolConfig	useIPAddrForServer()	0	[]		public	false	/home/nima/Developer/nullness-benchmarks/zuul/zuul-core/src/main/java/com/netflix/zuul/netty/connectionpool/ConnectionPoolConfig.java
897	com.netflix.zuul.netty.connectionpool.ConnectionPoolHandler	ConnectionPoolHandler(com.netflix.zuul.origins.OriginName)	0	[false]		public	false	/home/nima/Developer/nullness-benchmarks/zuul/zuul-core/src/main/java/com/netflix/zuul/netty/connectionpool/ConnectionPoolHandler.java
898	com.netflix.zuul.netty.connectionpool.ConnectionPoolHandler	userEventTriggered(io.netty.channel.ChannelHandlerContext,java.lang.Object)	42	[false, false]	java.lang.Override	public	false	/home/nima/Developer/nullness-benchmarks/zuul/zuul-core/src/main/java/com/netflix/zuul/netty/connectionpool/ConnectionPoolHandler.java
899	com.netflix.zuul.netty.connectionpool.ConnectionPoolHandler	exceptionCaught(io.netty.channel.ChannelHandlerContext,java.lang.Throwable)	465	[false, false]	java.lang.Override	public	false	/home/nima/Developer/nullness-benchmarks/zuul/zuul-core/src/main/java/com/netflix/zuul/netty/connectionpool/ConnectionPoolHandler.java
900	com.netflix.zuul.netty.connectionpool.ConnectionPoolHandler	channelInactive(io.netty.channel.ChannelHandlerContext)	384	[false]	java.lang.Override	public	false	/home/nima/Developer/nullness-benchmarks/zuul/zuul-core/src/main/java/com/netflix/zuul/netty/connectionpool/ConnectionPoolHandler.java
901	com.netflix.zuul.netty.connectionpool.ConnectionPoolHandler	closeConnection(io.netty.channel.ChannelHandlerContext,java.lang.String)	0	[false, false]		private	false	/home/nima/Developer/nullness-benchmarks/zuul/zuul-core/src/main/java/com/netflix/zuul/netty/connectionpool/ConnectionPoolHandler.java
902	com.netflix.zuul.netty.connectionpool.ConnectionPoolHandler	flagCloseAndReleaseConnection(com.netflix.zuul.netty.connectionpool.PooledConnection)	0	[false]		private	false	/home/nima/Developer/nullness-benchmarks/zuul/zuul-core/src/main/java/com/netflix/zuul/netty/connectionpool/ConnectionPoolHandler.java
903	com.netflix.zuul.netty.connectionpool.ConnectionPoolHandler	getConnectionHeader(com.netflix.netty.common.HttpLifecycleChannelHandler.CompleteEvent)	0	[false]		private	true	/home/nima/Developer/nullness-benchmarks/zuul/zuul-core/src/main/java/com/netflix/zuul/netty/connectionpool/ConnectionPoolHandler.java
904	com.netflix.zuul.netty.insights.PassportLoggingHandler	PassportLoggingHandler(com.netflix.spectator.api.Registry)	0	[false]		public	false	/home/nima/Developer/nullness-benchmarks/zuul/zuul-core/src/main/java/com/netflix/zuul/netty/insights/PassportLoggingHandler.java
905	com.netflix.zuul.netty.insights.PassportLoggingHandler	userEventTriggered(io.netty.channel.ChannelHandlerContext,java.lang.Object)	42	[false, false]	java.lang.Override	public	false	/home/nima/Developer/nullness-benchmarks/zuul/zuul-core/src/main/java/com/netflix/zuul/netty/insights/PassportLoggingHandler.java
906	com.netflix.zuul.netty.insights.PassportLoggingHandler	logPassport(io.netty.channel.Channel)	0	[false]		private	false	/home/nima/Developer/nullness-benchmarks/zuul/zuul-core/src/main/java/com/netflix/zuul/netty/insights/PassportLoggingHandler.java
907	com.netflix.zuul.netty.insights.PassportLoggingHandler	isHealthcheckRequest(com.netflix.zuul.message.http.HttpRequestMessage)	0	[false]		protected	false	/home/nima/Developer/nullness-benchmarks/zuul/zuul-core/src/main/java/com/netflix/zuul/netty/insights/PassportLoggingHandler.java
908	com.netflix.zuul.netty.insights.PassportLoggingHandler	getRequestId(io.netty.channel.Channel,com.netflix.zuul.context.SessionContext)	0	[false, false]		protected	true	/home/nima/Developer/nullness-benchmarks/zuul/zuul-core/src/main/java/com/netflix/zuul/netty/insights/PassportLoggingHandler.java
909	com.netflix.zuul.context.SessionContextDecorator	decorate(com.netflix.zuul.context.SessionContext)	0	[false]		public	true	/home/nima/Developer/nullness-benchmarks/zuul/zuul-core/src/main/java/com/netflix/zuul/context/SessionContextDecorator.java
910	com.netflix.zuul.FilterLoader	putFilter(java.io.File)	0	[false]		public	false	/home/nima/Developer/nullness-benchmarks/zuul/zuul-core/src/main/java/com/netflix/zuul/FilterLoader.java
911	com.netflix.zuul.FilterLoader	putFiltersForClasses(java.lang.String[])	0	[false]		public	true	/home/nima/Developer/nullness-benchmarks/zuul/zuul-core/src/main/java/com/netflix/zuul/FilterLoader.java
912	com.netflix.zuul.FilterLoader	putFilterForClassName(java.lang.String)	0	[false]		public	true	/home/nima/Developer/nullness-benchmarks/zuul/zuul-core/src/main/java/com/netflix/zuul/FilterLoader.java
913	com.netflix.zuul.FilterLoader	getFiltersByType(com.netflix.zuul.filters.FilterType)	0	[false]		public	true	/home/nima/Developer/nullness-benchmarks/zuul/zuul-core/src/main/java/com/netflix/zuul/FilterLoader.java
914	com.netflix.zuul.FilterLoader	getFilterByNameAndType(java.lang.String,com.netflix.zuul.filters.FilterType)	0	[false, false]		public	true	/home/nima/Developer/nullness-benchmarks/zuul/zuul-core/src/main/java/com/netflix/zuul/FilterLoader.java
915	com.netflix.zuul.FilterUsageNotifier	notify(com.netflix.zuul.filters.ZuulFilter,com.netflix.zuul.ExecutionStatus)	0	[false, false]		public	false	/home/nima/Developer/nullness-benchmarks/zuul/zuul-core/src/main/java/com/netflix/zuul/FilterUsageNotifier.java
916	com.netflix.zuul.netty.filter.ZuulFilterChainRunner	ZuulFilterChainRunner(com.netflix.zuul.filters.ZuulFilter[],com.netflix.zuul.FilterUsageNotifier,com.netflix.zuul.netty.filter.FilterRunner,com.netflix.spectator.api.Registry)	0	[false, false, false, false]		public	false	/home/nima/Developer/nullness-benchmarks/zuul/zuul-core/src/main/java/com/netflix/zuul/netty/filter/ZuulFilterChainRunner.java
917	com.netflix.zuul.netty.filter.ZuulFilterChainRunner	ZuulFilterChainRunner(com.netflix.zuul.filters.ZuulFilter[],com.netflix.zuul.FilterUsageNotifier,com.netflix.spectator.api.Registry)	0	[false, false, false]		public	false	/home/nima/Developer/nullness-benchmarks/zuul/zuul-core/src/main/java/com/netflix/zuul/netty/filter/ZuulFilterChainRunner.java
918	com.netflix.zuul.netty.filter.ZuulFilterChainRunner	filter(T)	726	[false]	java.lang.Override	public	false	/home/nima/Developer/nullness-benchmarks/zuul/zuul-core/src/main/java/com/netflix/zuul/netty/filter/ZuulFilterChainRunner.java
919	com.netflix.zuul.netty.filter.ZuulFilterChainRunner	resume(T)	920	[false]	java.lang.Override	protected	false	/home/nima/Developer/nullness-benchmarks/zuul/zuul-core/src/main/java/com/netflix/zuul/netty/filter/ZuulFilterChainRunner.java
921	com.netflix.zuul.netty.filter.ZuulFilterChainRunner	runFilters(T,java.util.concurrent.atomic.AtomicInteger)	0	[false, false]		private	false	/home/nima/Developer/nullness-benchmarks/zuul/zuul-core/src/main/java/com/netflix/zuul/netty/filter/ZuulFilterChainRunner.java
922	com.netflix.zuul.netty.filter.ZuulFilterChainRunner	filter(T,io.netty.handler.codec.http.HttpContent)	727	[false, false]	java.lang.Override	public	false	/home/nima/Developer/nullness-benchmarks/zuul/zuul-core/src/main/java/com/netflix/zuul/netty/filter/ZuulFilterChainRunner.java
923	com.netflix.zuul.ExecutionStatus	ExecutionStatus(int)	0	[false]		private	false	/home/nima/Developer/nullness-benchmarks/zuul/zuul-core/src/main/java/com/netflix/zuul/ExecutionStatus.java
924	com.netflix.zuul.netty.filter.BaseZuulFilterRunner	BaseZuulFilterRunner(com.netflix.zuul.filters.FilterType,com.netflix.zuul.FilterUsageNotifier,com.netflix.zuul.netty.filter.FilterRunner,com.netflix.spectator.api.Registry)	0	[false, false, false, false]		protected	false	/home/nima/Developer/nullness-benchmarks/zuul/zuul-core/src/main/java/com/netflix/zuul/netty/filter/BaseZuulFilterRunner.java
925	com.netflix.zuul.netty.filter.BaseZuulFilterRunner	getChannelHandlerContext(com.netflix.zuul.message.ZuulMessage)	0	[false]		public	true	/home/nima/Developer/nullness-benchmarks/zuul/zuul-core/src/main/java/com/netflix/zuul/netty/filter/BaseZuulFilterRunner.java
926	com.netflix.zuul.netty.filter.BaseZuulFilterRunner	getNextStage()	0	[]		public	true	/home/nima/Developer/nullness-benchmarks/zuul/zuul-core/src/main/java/com/netflix/zuul/netty/filter/BaseZuulFilterRunner.java
927	com.netflix.zuul.netty.filter.BaseZuulFilterRunner	initRunningFilterIndex(I)	0	[false]		protected	true	/home/nima/Developer/nullness-benchmarks/zuul/zuul-core/src/main/java/com/netflix/zuul/netty/filter/BaseZuulFilterRunner.java
928	com.netflix.zuul.netty.filter.BaseZuulFilterRunner	getRunningFilterIndex(I)	0	[false]		protected	true	/home/nima/Developer/nullness-benchmarks/zuul/zuul-core/src/main/java/com/netflix/zuul/netty/filter/BaseZuulFilterRunner.java
929	com.netflix.zuul.netty.filter.BaseZuulFilterRunner	isFilterAwaitingBody(com.netflix.zuul.context.SessionContext)	0	[false]		protected	false	/home/nima/Developer/nullness-benchmarks/zuul/zuul-core/src/main/java/com/netflix/zuul/netty/filter/BaseZuulFilterRunner.java
930	com.netflix.zuul.netty.filter.BaseZuulFilterRunner	setFilterAwaitingBody(I,boolean)	0	[false, false]		protected	false	/home/nima/Developer/nullness-benchmarks/zuul/zuul-core/src/main/java/com/netflix/zuul/netty/filter/BaseZuulFilterRunner.java
931	com.netflix.zuul.netty.filter.BaseZuulFilterRunner	invokeNextStage(O,io.netty.handler.codec.http.HttpContent)	0	[false, false]		protected	false	/home/nima/Developer/nullness-benchmarks/zuul/zuul-core/src/main/java/com/netflix/zuul/netty/filter/BaseZuulFilterRunner.java
932	com.netflix.zuul.netty.filter.BaseZuulFilterRunner	invokeNextStage(O)	0	[false]		protected	false	/home/nima/Developer/nullness-benchmarks/zuul/zuul-core/src/main/java/com/netflix/zuul/netty/filter/BaseZuulFilterRunner.java
933	com.netflix.zuul.netty.filter.BaseZuulFilterRunner	addPerfMarkTags(com.netflix.zuul.message.ZuulMessage)	0	[false]		protected	false	/home/nima/Developer/nullness-benchmarks/zuul/zuul-core/src/main/java/com/netflix/zuul/netty/filter/BaseZuulFilterRunner.java
934	com.netflix.zuul.netty.filter.BaseZuulFilterRunner	filter(com.netflix.zuul.filters.ZuulFilter,I)	0	[false, false]		protected	true	/home/nima/Developer/nullness-benchmarks/zuul/zuul-core/src/main/java/com/netflix/zuul/netty/filter/BaseZuulFilterRunner.java
935	com.netflix.zuul.netty.filter.BaseZuulFilterRunner	shouldSkipFilter(I,com.netflix.zuul.filters.ZuulFilter)	0	[false, false]		protected	false	/home/nima/Developer/nullness-benchmarks/zuul/zuul-core/src/main/java/com/netflix/zuul/netty/filter/BaseZuulFilterRunner.java
936	com.netflix.zuul.netty.filter.BaseZuulFilterRunner	isMessageBodyReadyForFilter(com.netflix.zuul.filters.ZuulFilter,I)	0	[false, false]		private	false	/home/nima/Developer/nullness-benchmarks/zuul/zuul-core/src/main/java/com/netflix/zuul/netty/filter/BaseZuulFilterRunner.java
937	com.netflix.zuul.netty.filter.BaseZuulFilterRunner	handleFilterException(I,com.netflix.zuul.filters.ZuulFilter,java.lang.Throwable)	0	[false, false, false]		protected	true	/home/nima/Developer/nullness-benchmarks/zuul/zuul-core/src/main/java/com/netflix/zuul/netty/filter/BaseZuulFilterRunner.java
938	com.netflix.zuul.netty.filter.BaseZuulFilterRunner	recordFilterError(I,com.netflix.zuul.filters.ZuulFilter,java.lang.Throwable)	0	[false, false, false]		protected	false	/home/nima/Developer/nullness-benchmarks/zuul/zuul-core/src/main/java/com/netflix/zuul/netty/filter/BaseZuulFilterRunner.java
939	com.netflix.zuul.netty.filter.BaseZuulFilterRunner	recordFilterCompletion(com.netflix.zuul.ExecutionStatus,com.netflix.zuul.filters.ZuulFilter,long,com.netflix.zuul.message.ZuulMessage,com.netflix.zuul.message.ZuulMessage)	0	[false, false, false, false, false]		protected	false	/home/nima/Developer/nullness-benchmarks/zuul/zuul-core/src/main/java/com/netflix/zuul/netty/filter/BaseZuulFilterRunner.java
940	com.netflix.zuul.netty.filter.BaseZuulFilterRunner	handleException(com.netflix.zuul.message.ZuulMessage,java.lang.String,java.lang.Exception)	0	[false, false, false]		protected	false	/home/nima/Developer/nullness-benchmarks/zuul/zuul-core/src/main/java/com/netflix/zuul/netty/filter/BaseZuulFilterRunner.java
920	com.netflix.zuul.netty.filter.BaseZuulFilterRunner	resume(O)	0	[false]		protected	false	/home/nima/Developer/nullness-benchmarks/zuul/zuul-core/src/main/java/com/netflix/zuul/netty/filter/BaseZuulFilterRunner.java
941	com.netflix.zuul.netty.filter.BaseZuulFilterRunner	methodBinding(com.netflix.zuul.message.ZuulMessage)	0	[false]		protected	true	/home/nima/Developer/nullness-benchmarks/zuul/zuul-core/src/main/java/com/netflix/zuul/netty/filter/BaseZuulFilterRunner.java
942	com.netflix.zuul.netty.filter.BaseZuulFilterRunner	resumeInBindingContext(O,java.lang.String)	0	[false, false]		protected	false	/home/nima/Developer/nullness-benchmarks/zuul/zuul-core/src/main/java/com/netflix/zuul/netty/filter/BaseZuulFilterRunner.java
943	com.netflix.zuul.netty.filter.BaseZuulFilterRunner$FilterChainResumer	FilterChainResumer(I,com.netflix.zuul.filters.ZuulFilter,com.netflix.zuul.message.ZuulMessage,long)	0	[false, false, false, false]		public	false	/home/nima/Developer/nullness-benchmarks/zuul/zuul-core/src/main/java/com/netflix/zuul/netty/filter/BaseZuulFilterRunner.java
944	com.netflix.zuul.netty.filter.BaseZuulFilterRunner$FilterChainResumer	decrementConcurrency()	0	[]		package	false	/home/nima/Developer/nullness-benchmarks/zuul/zuul-core/src/main/java/com/netflix/zuul/netty/filter/BaseZuulFilterRunner.java
945	com.netflix.zuul.netty.filter.BaseZuulFilterRunner$FilterChainResumer	onNext(O)	946	[false]	java.lang.Override	public	false	/home/nima/Developer/nullness-benchmarks/zuul/zuul-core/src/main/java/com/netflix/zuul/netty/filter/BaseZuulFilterRunner.java
947	com.netflix.zuul.netty.filter.BaseZuulFilterRunner$FilterChainResumer	onError(java.lang.Throwable)	948	[false]	java.lang.Override	public	false	/home/nima/Developer/nullness-benchmarks/zuul/zuul-core/src/main/java/com/netflix/zuul/netty/filter/BaseZuulFilterRunner.java
949	com.netflix.zuul.netty.filter.BaseZuulFilterRunner$FilterChainResumer	onCompleted()	950	[]	java.lang.Override	public	false	/home/nima/Developer/nullness-benchmarks/zuul/zuul-core/src/main/java/com/netflix/zuul/netty/filter/BaseZuulFilterRunner.java
951	com.netflix.zuul.netty.filter.BaseZuulFilterRunner$FilterChainResumer	onNextStarted(io.perfmark.Link)	0	[false]		private	true	/home/nima/Developer/nullness-benchmarks/zuul/zuul-core/src/main/java/com/netflix/zuul/netty/filter/BaseZuulFilterRunner.java
952	com.netflix.zuul.netty.filter.BaseZuulFilterRunner$FilterChainResumer	onErrorStarted(io.perfmark.Link)	0	[false]		private	true	/home/nima/Developer/nullness-benchmarks/zuul/zuul-core/src/main/java/com/netflix/zuul/netty/filter/BaseZuulFilterRunner.java
953	com.netflix.zuul.netty.filter.BaseZuulFilterRunner$FilterChainResumer	onCompletedStarted(io.perfmark.Link)	0	[false]		private	true	/home/nima/Developer/nullness-benchmarks/zuul/zuul-core/src/main/java/com/netflix/zuul/netty/filter/BaseZuulFilterRunner.java
954	com.netflix.zuul.netty.filter.ZuulEndPointRunner	ZuulEndPointRunner(com.netflix.zuul.FilterUsageNotifier,com.netflix.zuul.FilterLoader,com.netflix.zuul.netty.filter.FilterRunner,com.netflix.spectator.api.Registry)	0	[false, false, false, false]		public	false	/home/nima/Developer/nullness-benchmarks/zuul/zuul-core/src/main/java/com/netflix/zuul/netty/filter/ZuulEndPointRunner.java
955	com.netflix.zuul.netty.filter.ZuulEndPointRunner	getEndpoint(com.netflix.zuul.message.http.HttpRequestMessage)	0	[false]		public	true	/home/nima/Developer/nullness-benchmarks/zuul/zuul-core/src/main/java/com/netflix/zuul/netty/filter/ZuulEndPointRunner.java
956	com.netflix.zuul.netty.filter.ZuulEndPointRunner	setEndpoint(com.netflix.zuul.message.http.HttpRequestMessage,com.netflix.zuul.filters.ZuulFilter)	0	[false, false]		public	false	/home/nima/Developer/nullness-benchmarks/zuul/zuul-core/src/main/java/com/netflix/zuul/netty/filter/ZuulEndPointRunner.java
957	com.netflix.zuul.netty.filter.ZuulEndPointRunner	filter(com.netflix.zuul.message.http.HttpRequestMessage)	726	[false]	java.lang.Override	public	false	/home/nima/Developer/nullness-benchmarks/zuul/zuul-core/src/main/java/com/netflix/zuul/netty/filter/ZuulEndPointRunner.java
958	com.netflix.zuul.netty.filter.ZuulEndPointRunner	resume(com.netflix.zuul.message.http.HttpResponseMessage)	920	[false]	java.lang.Override	protected	false	/home/nima/Developer/nullness-benchmarks/zuul/zuul-core/src/main/java/com/netflix/zuul/netty/filter/ZuulEndPointRunner.java
959	com.netflix.zuul.netty.filter.ZuulEndPointRunner	filter(com.netflix.zuul.message.http.HttpRequestMessage,io.netty.handler.codec.http.HttpContent)	727	[false, false]	java.lang.Override	public	false	/home/nima/Developer/nullness-benchmarks/zuul/zuul-core/src/main/java/com/netflix/zuul/netty/filter/ZuulEndPointRunner.java
960	com.netflix.zuul.netty.filter.ZuulEndPointRunner	getEndPointName(com.netflix.zuul.context.SessionContext)	0	[false]		protected	true	/home/nima/Developer/nullness-benchmarks/zuul/zuul-core/src/main/java/com/netflix/zuul/netty/filter/ZuulEndPointRunner.java
961	com.netflix.zuul.netty.filter.ZuulEndPointRunner	getEndpoint(java.lang.String,com.netflix.zuul.message.http.HttpRequestMessage)	0	[false, false]		protected	true	/home/nima/Developer/nullness-benchmarks/zuul/zuul-core/src/main/java/com/netflix/zuul/netty/filter/ZuulEndPointRunner.java
962	com.netflix.zuul.netty.filter.ZuulEndPointRunner	newProxyEndpoint(com.netflix.zuul.message.http.HttpRequestMessage)	0	[false]		protected	true	/home/nima/Developer/nullness-benchmarks/zuul/zuul-core/src/main/java/com/netflix/zuul/netty/filter/ZuulEndPointRunner.java
963	com.netflix.zuul.netty.filter.ZuulEndPointRunner	getEndpointFilter(java.lang.String)	0	[false]		protected	true	/home/nima/Developer/nullness-benchmarks/zuul/zuul-core/src/main/java/com/netflix/zuul/netty/filter/ZuulEndPointRunner.java
964	com.netflix.zuul.netty.filter.ZuulEndPointRunner$1	apply(com.netflix.zuul.message.http.HttpRequestMessage)	637	[false]	java.lang.Override	public	true	/home/nima/Developer/nullness-benchmarks/zuul/zuul-core/src/main/java/com/netflix/zuul/netty/filter/ZuulEndPointRunner.java
965	com.netflix.zuul.netty.filter.ZuulEndPointRunner$1	filterName()	214	[]	java.lang.Override	public	true	/home/nima/Developer/nullness-benchmarks/zuul/zuul-core/src/main/java/com/netflix/zuul/netty/filter/ZuulEndPointRunner.java
966	com.netflix.zuul.netty.filter.ZuulEndPointRunner$1	getDefaultOutput(com.netflix.zuul.message.http.HttpRequestMessage)	223	[false]	java.lang.Override	public	true	/home/nima/Developer/nullness-benchmarks/zuul/zuul-core/src/main/java/com/netflix/zuul/netty/filter/ZuulEndPointRunner.java
967	com.netflix.zuul.filters.Endpoint	filterOrder()	215	[]	java.lang.Override	public	false	/home/nima/Developer/nullness-benchmarks/zuul/zuul-core/src/main/java/com/netflix/zuul/filters/Endpoint.java
968	com.netflix.zuul.filters.Endpoint	filterType()	216	[]	java.lang.Override	public	true	/home/nima/Developer/nullness-benchmarks/zuul/zuul-core/src/main/java/com/netflix/zuul/filters/Endpoint.java
969	com.netflix.zuul.filters.Endpoint	shouldFilter(I)	226	[false]	java.lang.Override	public	false	/home/nima/Developer/nullness-benchmarks/zuul/zuul-core/src/main/java/com/netflix/zuul/filters/Endpoint.java
970	com.netflix.zuul.filters.BaseFilter	BaseFilter()	0	[]		protected	false	/home/nima/Developer/nullness-benchmarks/zuul/zuul-core/src/main/java/com/netflix/zuul/filters/BaseFilter.java
971	com.netflix.zuul.filters.BaseFilter	filterName()	214	[]	java.lang.Override	public	true	/home/nima/Developer/nullness-benchmarks/zuul/zuul-core/src/main/java/com/netflix/zuul/filters/BaseFilter.java
972	com.netflix.zuul.filters.BaseFilter	overrideStopFilterProcessing()	218	[]	java.lang.Override	public	false	/home/nima/Developer/nullness-benchmarks/zuul/zuul-core/src/main/java/com/netflix/zuul/filters/BaseFilter.java
973	com.netflix.zuul.filters.BaseFilter	disablePropertyName()	0	[]		public	true	/home/nima/Developer/nullness-benchmarks/zuul/zuul-core/src/main/java/com/netflix/zuul/filters/BaseFilter.java
974	com.netflix.zuul.filters.BaseFilter	maxConcurrencyPropertyName()	0	[]		public	true	/home/nima/Developer/nullness-benchmarks/zuul/zuul-core/src/main/java/com/netflix/zuul/filters/BaseFilter.java
975	com.netflix.zuul.filters.BaseFilter	isDisabled()	213	[]	java.lang.Override	public	false	/home/nima/Developer/nullness-benchmarks/zuul/zuul-core/src/main/java/com/netflix/zuul/filters/BaseFilter.java
976	com.netflix.zuul.filters.BaseFilter	getDefaultOutput(I)	223	[false]	java.lang.Override	public	true	/home/nima/Developer/nullness-benchmarks/zuul/zuul-core/src/main/java/com/netflix/zuul/filters/BaseFilter.java
977	com.netflix.zuul.filters.BaseFilter	getSyncType()	222	[]	java.lang.Override	public	true	/home/nima/Developer/nullness-benchmarks/zuul/zuul-core/src/main/java/com/netflix/zuul/filters/BaseFilter.java
978	com.netflix.zuul.filters.BaseFilter	toString()	29	[]	java.lang.Override	public	true	/home/nima/Developer/nullness-benchmarks/zuul/zuul-core/src/main/java/com/netflix/zuul/filters/BaseFilter.java
979	com.netflix.zuul.filters.BaseFilter	needsBodyBuffered(I)	224	[false]	java.lang.Override	public	false	/home/nima/Developer/nullness-benchmarks/zuul/zuul-core/src/main/java/com/netflix/zuul/filters/BaseFilter.java
980	com.netflix.zuul.filters.BaseFilter	processContentChunk(com.netflix.zuul.message.ZuulMessage,io.netty.handler.codec.http.HttpContent)	225	[false, false]	java.lang.Override	public	true	/home/nima/Developer/nullness-benchmarks/zuul/zuul-core/src/main/java/com/netflix/zuul/filters/BaseFilter.java
981	com.netflix.zuul.filters.BaseFilter	incrementConcurrency()	219	[]	java.lang.Override	public	false	/home/nima/Developer/nullness-benchmarks/zuul/zuul-core/src/main/java/com/netflix/zuul/filters/BaseFilter.java
982	com.netflix.zuul.filters.BaseFilter	decrementConcurrency()	221	[]	java.lang.Override	public	false	/home/nima/Developer/nullness-benchmarks/zuul/zuul-core/src/main/java/com/netflix/zuul/filters/BaseFilter.java
983	com.netflix.zuul.filters.endpoint.MissingEndpointHandlingFilter	MissingEndpointHandlingFilter(java.lang.String)	0	[false]		public	false	/home/nima/Developer/nullness-benchmarks/zuul/zuul-core/src/main/java/com/netflix/zuul/filters/endpoint/MissingEndpointHandlingFilter.java
984	com.netflix.zuul.filters.endpoint.MissingEndpointHandlingFilter	apply(com.netflix.zuul.message.http.HttpRequestMessage)	637	[false]	java.lang.Override	public	true	/home/nima/Developer/nullness-benchmarks/zuul/zuul-core/src/main/java/com/netflix/zuul/filters/endpoint/MissingEndpointHandlingFilter.java
985	com.netflix.zuul.filters.endpoint.MissingEndpointHandlingFilter	filterName()	214	[]	java.lang.Override	public	true	/home/nima/Developer/nullness-benchmarks/zuul/zuul-core/src/main/java/com/netflix/zuul/filters/endpoint/MissingEndpointHandlingFilter.java
986	com.netflix.zuul.filters.endpoint.MissingEndpointHandlingFilter	getDefaultOutput(com.netflix.zuul.message.http.HttpRequestMessage)	223	[false]	java.lang.Override	public	true	/home/nima/Developer/nullness-benchmarks/zuul/zuul-core/src/main/java/com/netflix/zuul/filters/endpoint/MissingEndpointHandlingFilter.java
987	com.netflix.zuul.filters.BaseSyncFilter	applyAsync(I)	220	[false]	java.lang.Override	public	true	/home/nima/Developer/nullness-benchmarks/zuul/zuul-core/src/main/java/com/netflix/zuul/filters/BaseSyncFilter.java
988	com.netflix.zuul.filters.BaseSyncFilter	getSyncType()	977	[]	java.lang.Override	public	true	/home/nima/Developer/nullness-benchmarks/zuul/zuul-core/src/main/java/com/netflix/zuul/filters/BaseSyncFilter.java
989	com.netflix.zuul.filters.http.HttpOutboundFilter	filterType()	216	[]	java.lang.Override	public	true	/home/nima/Developer/nullness-benchmarks/zuul/zuul-core/src/main/java/com/netflix/zuul/filters/http/HttpOutboundFilter.java
990	com.netflix.zuul.filters.http.HttpOutboundFilter	getDefaultOutput(com.netflix.zuul.message.http.HttpResponseMessage)	976	[false]	java.lang.Override	public	true	/home/nima/Developer/nullness-benchmarks/zuul/zuul-core/src/main/java/com/netflix/zuul/filters/http/HttpOutboundFilter.java
991	com.netflix.zuul.filters.http.HttpInboundSyncFilter	filterType()	216	[]	java.lang.Override	public	true	/home/nima/Developer/nullness-benchmarks/zuul/zuul-core/src/main/java/com/netflix/zuul/filters/http/HttpInboundSyncFilter.java
992	com.netflix.zuul.filters.http.HttpOutboundSyncFilter	filterType()	216	[]	java.lang.Override	public	true	/home/nima/Developer/nullness-benchmarks/zuul/zuul-core/src/main/java/com/netflix/zuul/filters/http/HttpOutboundSyncFilter.java
993	com.netflix.zuul.filters.http.HttpInboundFilter	filterType()	216	[]	java.lang.Override	public	true	/home/nima/Developer/nullness-benchmarks/zuul/zuul-core/src/main/java/com/netflix/zuul/filters/http/HttpInboundFilter.java
994	com.netflix.zuul.filters.http.HttpSyncEndpoint	getDefaultOutput(com.netflix.zuul.message.http.HttpRequestMessage)	976	[false]	java.lang.Override	public	true	/home/nima/Developer/nullness-benchmarks/zuul/zuul-core/src/main/java/com/netflix/zuul/filters/http/HttpSyncEndpoint.java
995	com.netflix.zuul.filters.http.HttpSyncEndpoint	applyAsync(com.netflix.zuul.message.http.HttpRequestMessage)	220	[false]	java.lang.Override	public	true	/home/nima/Developer/nullness-benchmarks/zuul/zuul-core/src/main/java/com/netflix/zuul/filters/http/HttpSyncEndpoint.java
996	com.netflix.zuul.filters.http.HttpSyncEndpoint	processContentChunk(com.netflix.zuul.message.ZuulMessage,io.netty.handler.codec.http.HttpContent)	980	[false, false]	java.lang.Override	public	true	/home/nima/Developer/nullness-benchmarks/zuul/zuul-core/src/main/java/com/netflix/zuul/filters/http/HttpSyncEndpoint.java
997	com.netflix.zuul.filters.http.HttpSyncEndpoint	incrementConcurrency()	981	[]	java.lang.Override	public	false	/home/nima/Developer/nullness-benchmarks/zuul/zuul-core/src/main/java/com/netflix/zuul/filters/http/HttpSyncEndpoint.java
998	com.netflix.zuul.filters.http.HttpSyncEndpoint	decrementConcurrency()	982	[]	java.lang.Override	public	false	/home/nima/Developer/nullness-benchmarks/zuul/zuul-core/src/main/java/com/netflix/zuul/filters/http/HttpSyncEndpoint.java
999	com.netflix.zuul.filters.http.HttpSyncEndpoint$ResponseState	ResponseState(com.netflix.zuul.message.ZuulMessage,rx.Subscriber)	0	[false, false]		public	false	/home/nima/Developer/nullness-benchmarks/zuul/zuul-core/src/main/java/com/netflix/zuul/filters/http/HttpSyncEndpoint.java
1000	com.netflix.zuul.filters.MutableFilterRegistry	remove(java.lang.String)	1001	[false]	java.lang.Override	public	true	/home/nima/Developer/nullness-benchmarks/zuul/zuul-core/src/main/java/com/netflix/zuul/filters/MutableFilterRegistry.java
1002	com.netflix.zuul.filters.MutableFilterRegistry	get(java.lang.String)	1003	[false]	java.lang.Override	public	true	/home/nima/Developer/nullness-benchmarks/zuul/zuul-core/src/main/java/com/netflix/zuul/filters/MutableFilterRegistry.java
1004	com.netflix.zuul.filters.MutableFilterRegistry	put(java.lang.String,com.netflix.zuul.filters.ZuulFilter)	1005	[false, false]	java.lang.Override	public	false	/home/nima/Developer/nullness-benchmarks/zuul/zuul-core/src/main/java/com/netflix/zuul/filters/MutableFilterRegistry.java
1006	com.netflix.zuul.filters.MutableFilterRegistry	size()	1007	[]	java.lang.Override	public	false	/home/nima/Developer/nullness-benchmarks/zuul/zuul-core/src/main/java/com/netflix/zuul/filters/MutableFilterRegistry.java
1008	com.netflix.zuul.filters.MutableFilterRegistry	getAllFilters()	1009	[]	java.lang.Override	public	true	/home/nima/Developer/nullness-benchmarks/zuul/zuul-core/src/main/java/com/netflix/zuul/filters/MutableFilterRegistry.java
1010	com.netflix.zuul.filters.MutableFilterRegistry	isMutable()	1011	[]	java.lang.Override	public	false	/home/nima/Developer/nullness-benchmarks/zuul/zuul-core/src/main/java/com/netflix/zuul/filters/MutableFilterRegistry.java
1003	com.netflix.zuul.filters.FilterRegistry	get(java.lang.String)	0	[false]		public	true	/home/nima/Developer/nullness-benchmarks/zuul/zuul-core/src/main/java/com/netflix/zuul/filters/FilterRegistry.java
1007	com.netflix.zuul.filters.FilterRegistry	size()	0	[]		public	false	/home/nima/Developer/nullness-benchmarks/zuul/zuul-core/src/main/java/com/netflix/zuul/filters/FilterRegistry.java
1009	com.netflix.zuul.filters.FilterRegistry	getAllFilters()	0	[]		public	true	/home/nima/Developer/nullness-benchmarks/zuul/zuul-core/src/main/java/com/netflix/zuul/filters/FilterRegistry.java
1011	com.netflix.zuul.filters.FilterRegistry	isMutable()	0	[]		public	false	/home/nima/Developer/nullness-benchmarks/zuul/zuul-core/src/main/java/com/netflix/zuul/filters/FilterRegistry.java
1001	com.netflix.zuul.filters.FilterRegistry	remove(java.lang.String)	0	[false]		public	true	/home/nima/Developer/nullness-benchmarks/zuul/zuul-core/src/main/java/com/netflix/zuul/filters/FilterRegistry.java
1005	com.netflix.zuul.filters.FilterRegistry	put(java.lang.String,com.netflix.zuul.filters.ZuulFilter)	0	[false, false]		public	false	/home/nima/Developer/nullness-benchmarks/zuul/zuul-core/src/main/java/com/netflix/zuul/filters/FilterRegistry.java
1012	com.netflix.zuul.filters.common.GZipResponseFilter	shouldFilter(com.netflix.zuul.message.http.HttpResponseMessage)	226	[false]	java.lang.Override	public	false	/home/nima/Developer/nullness-benchmarks/zuul/zuul-core/src/main/java/com/netflix/zuul/filters/common/GZipResponseFilter.java
1013	com.netflix.zuul.filters.common.GZipResponseFilter	getGzipper()	0	[]		protected	true	/home/nima/Developer/nullness-benchmarks/zuul/zuul-core/src/main/java/com/netflix/zuul/filters/common/GZipResponseFilter.java
1014	com.netflix.zuul.filters.common.GZipResponseFilter	isRightSizeForGzip(com.netflix.zuul.message.http.HttpResponseMessage)	0	[false]	com.google.common.annotations.VisibleForTesting	package	false	/home/nima/Developer/nullness-benchmarks/zuul/zuul-core/src/main/java/com/netflix/zuul/filters/common/GZipResponseFilter.java
1015	com.netflix.zuul.filters.common.GZipResponseFilter	apply(com.netflix.zuul.message.http.HttpResponseMessage)	637	[false]	java.lang.Override	public	true	/home/nima/Developer/nullness-benchmarks/zuul/zuul-core/src/main/java/com/netflix/zuul/filters/common/GZipResponseFilter.java
1016	com.netflix.zuul.filters.common.GZipResponseFilter	isGzippableContentType(com.netflix.zuul.message.http.HttpResponseMessage)	0	[false]		private	false	/home/nima/Developer/nullness-benchmarks/zuul/zuul-core/src/main/java/com/netflix/zuul/filters/common/GZipResponseFilter.java
1017	com.netflix.zuul.filters.common.GZipResponseFilter	processContentChunk(com.netflix.zuul.message.ZuulMessage,io.netty.handler.codec.http.HttpContent)	980	[false, false]	java.lang.Override	public	true	/home/nima/Developer/nullness-benchmarks/zuul/zuul-core/src/main/java/com/netflix/zuul/filters/common/GZipResponseFilter.java
1018	com.netflix.zuul.util.Gzipper	Gzipper()	0	[]		public	false	/home/nima/Developer/nullness-benchmarks/zuul/zuul-core/src/main/java/com/netflix/zuul/util/Gzipper.java
1019	com.netflix.zuul.util.Gzipper	write(io.netty.buffer.ByteBuf)	0	[false]		private	false	/home/nima/Developer/nullness-benchmarks/zuul/zuul-core/src/main/java/com/netflix/zuul/util/Gzipper.java
1020	com.netflix.zuul.util.Gzipper	write(io.netty.handler.codec.http.HttpContent)	0	[false]		public	false	/home/nima/Developer/nullness-benchmarks/zuul/zuul-core/src/main/java/com/netflix/zuul/util/Gzipper.java
1021	com.netflix.zuul.util.Gzipper	finish()	0	[]		public	false	/home/nima/Developer/nullness-benchmarks/zuul/zuul-core/src/main/java/com/netflix/zuul/util/Gzipper.java
1022	com.netflix.zuul.util.Gzipper	getByteBuf()	0	[]		public	true	/home/nima/Developer/nullness-benchmarks/zuul/zuul-core/src/main/java/com/netflix/zuul/util/Gzipper.java
1023	com.netflix.zuul.filters.common.SurgicalDebugFilter	patternMatches(com.netflix.zuul.message.http.HttpRequestMessage)	0	[false]		protected	false	/home/nima/Developer/nullness-benchmarks/zuul/zuul-core/src/main/java/com/netflix/zuul/filters/common/SurgicalDebugFilter.java
1024	com.netflix.zuul.filters.common.SurgicalDebugFilter	filterOrder()	215	[]	java.lang.Override	public	false	/home/nima/Developer/nullness-benchmarks/zuul/zuul-core/src/main/java/com/netflix/zuul/filters/common/SurgicalDebugFilter.java
1025	com.netflix.zuul.filters.common.SurgicalDebugFilter	shouldFilter(com.netflix.zuul.message.http.HttpRequestMessage)	226	[false]	java.lang.Override	public	false	/home/nima/Developer/nullness-benchmarks/zuul/zuul-core/src/main/java/com/netflix/zuul/filters/common/SurgicalDebugFilter.java
1026	com.netflix.zuul.filters.common.SurgicalDebugFilter	apply(com.netflix.zuul.message.http.HttpRequestMessage)	637	[false]	java.lang.Override	public	true	/home/nima/Developer/nullness-benchmarks/zuul/zuul-core/src/main/java/com/netflix/zuul/filters/common/SurgicalDebugFilter.java
1027	com.netflix.zuul.filters.passport.OutboundPassportStampingFilter	OutboundPassportStampingFilter(com.netflix.zuul.passport.PassportState)	0	[false]		public	false	/home/nima/Developer/nullness-benchmarks/zuul/zuul-core/src/main/java/com/netflix/zuul/filters/passport/OutboundPassportStampingFilter.java
1028	com.netflix.zuul.filters.passport.OutboundPassportStampingFilter	filterType()	686	[]	java.lang.Override	public	true	/home/nima/Developer/nullness-benchmarks/zuul/zuul-core/src/main/java/com/netflix/zuul/filters/passport/OutboundPassportStampingFilter.java
1029	com.netflix.zuul.filters.passport.PassportStampingFilter	PassportStampingFilter(com.netflix.zuul.passport.PassportState)	0	[false]		public	false	/home/nima/Developer/nullness-benchmarks/zuul/zuul-core/src/main/java/com/netflix/zuul/filters/passport/PassportStampingFilter.java
1030	com.netflix.zuul.filters.passport.PassportStampingFilter	filterName()	214	[]	java.lang.Override	public	true	/home/nima/Developer/nullness-benchmarks/zuul/zuul-core/src/main/java/com/netflix/zuul/filters/passport/PassportStampingFilter.java
1031	com.netflix.zuul.filters.passport.PassportStampingFilter	getDefaultOutput(T)	223	[false]	java.lang.Override	public	true	/home/nima/Developer/nullness-benchmarks/zuul/zuul-core/src/main/java/com/netflix/zuul/filters/passport/PassportStampingFilter.java
1032	com.netflix.zuul.filters.passport.PassportStampingFilter	apply(T)	637	[false]	java.lang.Override	public	true	/home/nima/Developer/nullness-benchmarks/zuul/zuul-core/src/main/java/com/netflix/zuul/filters/passport/PassportStampingFilter.java
1033	com.netflix.zuul.filters.passport.InboundPassportStampingFilter	InboundPassportStampingFilter(com.netflix.zuul.passport.PassportState)	0	[false]		public	false	/home/nima/Developer/nullness-benchmarks/zuul/zuul-core/src/main/java/com/netflix/zuul/filters/passport/InboundPassportStampingFilter.java
1034	com.netflix.zuul.filters.passport.InboundPassportStampingFilter	filterType()	686	[]	java.lang.Override	public	true	/home/nima/Developer/nullness-benchmarks/zuul/zuul-core/src/main/java/com/netflix/zuul/filters/passport/InboundPassportStampingFilter.java
1035	com.netflix.zuul.metrics.OriginStats	started()	0	[]		public	false	/home/nima/Developer/nullness-benchmarks/zuul/zuul-core/src/main/java/com/netflix/zuul/metrics/OriginStats.java
1036	com.netflix.zuul.metrics.OriginStats	completed(boolean,long)	0	[false, false]		public	false	/home/nima/Developer/nullness-benchmarks/zuul/zuul-core/src/main/java/com/netflix/zuul/metrics/OriginStats.java
1037	com.netflix.zuul.metrics.OriginStatsFactory	create(java.lang.String)	0	[false]		public	true	/home/nima/Developer/nullness-benchmarks/zuul/zuul-core/src/main/java/com/netflix/zuul/metrics/OriginStatsFactory.java
1038	com.netflix.zuul.StaticFilterLoader	StaticFilterLoader(com.netflix.zuul.FilterFactory,java.util.Set)	0	[false, false]	javax.inject.Inject	public	false	/home/nima/Developer/nullness-benchmarks/zuul/zuul-core/src/main/java/com/netflix/zuul/StaticFilterLoader.java
1039	com.netflix.zuul.StaticFilterLoader	loadFilterTypesFromResources(java.lang.ClassLoader)	0	[false]		public	true	/home/nima/Developer/nullness-benchmarks/zuul/zuul-core/src/main/java/com/netflix/zuul/StaticFilterLoader.java
1040	com.netflix.zuul.StaticFilterLoader	putFilter(java.io.File)	910	[false]	java.lang.Override,com.google.errorprone.annotations.DoNotCall	public	false	/home/nima/Developer/nullness-benchmarks/zuul/zuul-core/src/main/java/com/netflix/zuul/StaticFilterLoader.java
1041	com.netflix.zuul.StaticFilterLoader	putFiltersForClasses(java.lang.String[])	911	[false]	java.lang.Override,com.google.errorprone.annotations.DoNotCall	public	true	/home/nima/Developer/nullness-benchmarks/zuul/zuul-core/src/main/java/com/netflix/zuul/StaticFilterLoader.java
1042	com.netflix.zuul.StaticFilterLoader	putFilterForClassName(java.lang.String)	912	[false]	java.lang.Override,com.google.errorprone.annotations.DoNotCall	public	true	/home/nima/Developer/nullness-benchmarks/zuul/zuul-core/src/main/java/com/netflix/zuul/StaticFilterLoader.java
1043	com.netflix.zuul.StaticFilterLoader	getFiltersByType(com.netflix.zuul.filters.FilterType)	913	[false]	java.lang.Override	public	true	/home/nima/Developer/nullness-benchmarks/zuul/zuul-core/src/main/java/com/netflix/zuul/StaticFilterLoader.java
1044	com.netflix.zuul.StaticFilterLoader	getFilterByNameAndType(java.lang.String,com.netflix.zuul.filters.FilterType)	914	[false, false]	java.lang.Override	public	true	/home/nima/Developer/nullness-benchmarks/zuul/zuul-core/src/main/java/com/netflix/zuul/StaticFilterLoader.java
1045	com.netflix.zuul.FilterFactory	newInstance(java.lang.Class)	0	[false]		public	true	/home/nima/Developer/nullness-benchmarks/zuul/zuul-core/src/main/java/com/netflix/zuul/FilterFactory.java
1046	com.netflix.zuul.util.ProxyUtils	isValidRequestHeader(com.netflix.zuul.message.HeaderName)	0	[false]		public	false	/home/nima/Developer/nullness-benchmarks/zuul/zuul-core/src/main/java/com/netflix/zuul/util/ProxyUtils.java
1047	com.netflix.zuul.util.ProxyUtils	isValidResponseHeader(com.netflix.zuul.message.HeaderName)	0	[false]		public	false	/home/nima/Developer/nullness-benchmarks/zuul/zuul-core/src/main/java/com/netflix/zuul/util/ProxyUtils.java
1048	com.netflix.zuul.util.ProxyUtils	addXForwardedHeaders(com.netflix.zuul.message.http.HttpRequestMessage)	0	[false]		public	false	/home/nima/Developer/nullness-benchmarks/zuul/zuul-core/src/main/java/com/netflix/zuul/util/ProxyUtils.java
1049	com.netflix.zuul.util.ProxyUtils	addXForwardedHeader(com.netflix.zuul.message.Headers,com.netflix.zuul.message.HeaderName,java.lang.String)	0	[false, false, false]		public	false	/home/nima/Developer/nullness-benchmarks/zuul/zuul-core/src/main/java/com/netflix/zuul/util/ProxyUtils.java
1050	com.netflix.zuul.util.HttpUtils	getClientIP(com.netflix.zuul.message.http.HttpRequestInfo)	0	[false]		public	true	/home/nima/Developer/nullness-benchmarks/zuul/zuul-core/src/main/java/com/netflix/zuul/util/HttpUtils.java
1051	com.netflix.zuul.util.HttpUtils	extractClientIpFromXForwardedFor(java.lang.String)	0	[false]		public	true	/home/nima/Developer/nullness-benchmarks/zuul/zuul-core/src/main/java/com/netflix/zuul/util/HttpUtils.java
1052	com.netflix.zuul.util.HttpUtils	isCompressed(java.lang.String)	0	[false]	com.google.common.annotations.VisibleForTesting	package	false	/home/nima/Developer/nullness-benchmarks/zuul/zuul-core/src/main/java/com/netflix/zuul/util/HttpUtils.java
1053	com.netflix.zuul.util.HttpUtils	isCompressed(com.netflix.zuul.message.Headers)	0	[false]		public	false	/home/nima/Developer/nullness-benchmarks/zuul/zuul-core/src/main/java/com/netflix/zuul/util/HttpUtils.java
1054	com.netflix.zuul.util.HttpUtils	acceptsGzip(com.netflix.zuul.message.Headers)	0	[false]		public	false	/home/nima/Developer/nullness-benchmarks/zuul/zuul-core/src/main/java/com/netflix/zuul/util/HttpUtils.java
1055	com.netflix.zuul.util.HttpUtils	stripMaliciousHeaderChars(java.lang.String)	0	[false]		public	true	/home/nima/Developer/nullness-benchmarks/zuul/zuul-core/src/main/java/com/netflix/zuul/util/HttpUtils.java
1056	com.netflix.zuul.util.HttpUtils	hasNonZeroContentLengthHeader(com.netflix.zuul.message.ZuulMessage)	0	[false]		public	false	/home/nima/Developer/nullness-benchmarks/zuul/zuul-core/src/main/java/com/netflix/zuul/util/HttpUtils.java
1057	com.netflix.zuul.util.HttpUtils	getContentLengthIfPresent(com.netflix.zuul.message.ZuulMessage)	0	[false]		public	true	/home/nima/Developer/nullness-benchmarks/zuul/zuul-core/src/main/java/com/netflix/zuul/util/HttpUtils.java
1058	com.netflix.zuul.util.HttpUtils	getBodySizeIfKnown(com.netflix.zuul.message.ZuulMessage)	0	[false]		public	true	/home/nima/Developer/nullness-benchmarks/zuul/zuul-core/src/main/java/com/netflix/zuul/util/HttpUtils.java
1059	com.netflix.zuul.util.HttpUtils	hasChunkedTransferEncodingHeader(com.netflix.zuul.message.ZuulMessage)	0	[false]		public	false	/home/nima/Developer/nullness-benchmarks/zuul/zuul-core/src/main/java/com/netflix/zuul/util/HttpUtils.java
1060	com.netflix.zuul.util.HttpUtils	getMainChannel(io.netty.channel.ChannelHandlerContext)	0	[false]		public	true	/home/nima/Developer/nullness-benchmarks/zuul/zuul-core/src/main/java/com/netflix/zuul/util/HttpUtils.java
1061	com.netflix.zuul.util.HttpUtils	getMainChannel(io.netty.channel.Channel)	0	[false]		public	true	/home/nima/Developer/nullness-benchmarks/zuul/zuul-core/src/main/java/com/netflix/zuul/util/HttpUtils.java
1062	com.netflix.zuul.util.VipUtils	getVIPPrefix(java.lang.String)	0	[false]		public	true	/home/nima/Developer/nullness-benchmarks/zuul/zuul-core/src/main/java/com/netflix/zuul/util/VipUtils.java
1063	com.netflix.zuul.util.VipUtils	extractAppNameFromVIP(java.lang.String)	0	[false]	java.lang.Deprecated	public	true	/home/nima/Developer/nullness-benchmarks/zuul/zuul-core/src/main/java/com/netflix/zuul/util/VipUtils.java
1064	com.netflix.zuul.util.VipUtils	extractUntrustedAppNameFromVIP(java.lang.String)	0	[false]		public	true	/home/nima/Developer/nullness-benchmarks/zuul/zuul-core/src/main/java/com/netflix/zuul/util/VipUtils.java
1065	com.netflix.zuul.util.VipUtils	VipUtils()	0	[]		private	false	/home/nima/Developer/nullness-benchmarks/zuul/zuul-core/src/main/java/com/netflix/zuul/util/VipUtils.java
1066	com.netflix.zuul.util.JsonUtility	jsonFromMap(java.util.Map)	0	[false]		public	true	/home/nima/Developer/nullness-benchmarks/zuul/zuul-core/src/main/java/com/netflix/zuul/util/JsonUtility.java
1067	com.netflix.zuul.util.JsonUtility	stringArrayFromObjectArray(java.lang.Object[])	0	[false]		private	true	/home/nima/Developer/nullness-benchmarks/zuul/zuul-core/src/main/java/com/netflix/zuul/util/JsonUtility.java
1068	com.netflix.zuul.util.JsonUtility$JsonDocument	startGroup()	0	[]		public	true	/home/nima/Developer/nullness-benchmarks/zuul/zuul-core/src/main/java/com/netflix/zuul/util/JsonUtility.java
1069	com.netflix.zuul.util.JsonUtility$JsonDocument	endGroup()	0	[]		public	true	/home/nima/Developer/nullness-benchmarks/zuul/zuul-core/src/main/java/com/netflix/zuul/util/JsonUtility.java
1070	com.netflix.zuul.util.JsonUtility$JsonDocument	addValue(java.lang.String,java.lang.String)	0	[false, false]		public	true	/home/nima/Developer/nullness-benchmarks/zuul/zuul-core/src/main/java/com/netflix/zuul/util/JsonUtility.java
1071	com.netflix.zuul.util.JsonUtility$JsonDocument	toString()	29	[]		public	true	/home/nima/Developer/nullness-benchmarks/zuul/zuul-core/src/main/java/com/netflix/zuul/util/JsonUtility.java
1072	com.netflix.zuul.util.JsonUtility$JsonCapableObject	jsonMap()	0	[]		public	true	/home/nima/Developer/nullness-benchmarks/zuul/zuul-core/src/main/java/com/netflix/zuul/util/JsonUtility.java
1073	com.netflix.zuul.context.SessionContextFactory	create(com.netflix.zuul.context.SessionContext,T,V)	0	[false, false, false]		public	true	/home/nima/Developer/nullness-benchmarks/zuul/zuul-core/src/main/java/com/netflix/zuul/context/SessionContextFactory.java
1074	com.netflix.zuul.context.SessionContextFactory	write(com.netflix.zuul.message.ZuulMessage,V)	0	[false, false]		public	true	/home/nima/Developer/nullness-benchmarks/zuul/zuul-core/src/main/java/com/netflix/zuul/context/SessionContextFactory.java
1075	com.netflix.zuul.context.Debug	setDebugRequest(com.netflix.zuul.context.SessionContext,boolean)	0	[false, false]		public	false	/home/nima/Developer/nullness-benchmarks/zuul/zuul-core/src/main/java/com/netflix/zuul/context/Debug.java
1076	com.netflix.zuul.context.Debug	setDebugRequestHeadersOnly(com.netflix.zuul.context.SessionContext,boolean)	0	[false, false]		public	false	/home/nima/Developer/nullness-benchmarks/zuul/zuul-core/src/main/java/com/netflix/zuul/context/Debug.java
1077	com.netflix.zuul.context.Debug	debugRequestHeadersOnly(com.netflix.zuul.context.SessionContext)	0	[false]		public	false	/home/nima/Developer/nullness-benchmarks/zuul/zuul-core/src/main/java/com/netflix/zuul/context/Debug.java
1078	com.netflix.zuul.context.Debug	setDebugRouting(com.netflix.zuul.context.SessionContext,boolean)	0	[false, false]		public	false	/home/nima/Developer/nullness-benchmarks/zuul/zuul-core/src/main/java/com/netflix/zuul/context/Debug.java
1079	com.netflix.zuul.context.Debug	debugRequest(com.netflix.zuul.context.SessionContext)	0	[false]		public	false	/home/nima/Developer/nullness-benchmarks/zuul/zuul-core/src/main/java/com/netflix/zuul/context/Debug.java
1080	com.netflix.zuul.context.Debug	debugRouting(com.netflix.zuul.context.SessionContext)	0	[false]		public	false	/home/nima/Developer/nullness-benchmarks/zuul/zuul-core/src/main/java/com/netflix/zuul/context/Debug.java
1081	com.netflix.zuul.context.Debug	addRoutingDebug(com.netflix.zuul.context.SessionContext,java.lang.String)	0	[false, false]		public	false	/home/nima/Developer/nullness-benchmarks/zuul/zuul-core/src/main/java/com/netflix/zuul/context/Debug.java
1082	com.netflix.zuul.context.Debug	addRequestDebugForMessage(com.netflix.zuul.context.SessionContext,com.netflix.zuul.message.ZuulMessage,java.lang.String)	0	[false, false, false]		public	false	/home/nima/Developer/nullness-benchmarks/zuul/zuul-core/src/main/java/com/netflix/zuul/context/Debug.java
1083	com.netflix.zuul.context.Debug	getRoutingDebug(com.netflix.zuul.context.SessionContext)	0	[false]		public	true	/home/nima/Developer/nullness-benchmarks/zuul/zuul-core/src/main/java/com/netflix/zuul/context/Debug.java
1084	com.netflix.zuul.context.Debug	addRequestDebug(com.netflix.zuul.context.SessionContext,java.lang.String)	0	[false, false]		public	false	/home/nima/Developer/nullness-benchmarks/zuul/zuul-core/src/main/java/com/netflix/zuul/context/Debug.java
1085	com.netflix.zuul.context.Debug	getRequestDebug(com.netflix.zuul.context.SessionContext)	0	[false]		public	true	/home/nima/Developer/nullness-benchmarks/zuul/zuul-core/src/main/java/com/netflix/zuul/context/Debug.java
1086	com.netflix.zuul.context.Debug	compareContextState(java.lang.String,com.netflix.zuul.context.SessionContext,com.netflix.zuul.context.SessionContext)	0	[false, false, false]		public	false	/home/nima/Developer/nullness-benchmarks/zuul/zuul-core/src/main/java/com/netflix/zuul/context/Debug.java
1087	com.netflix.zuul.context.Debug	writeDebugRequest(com.netflix.zuul.context.SessionContext,com.netflix.zuul.message.http.HttpRequestInfo,boolean)	0	[false, false, false]		public	true	/home/nima/Developer/nullness-benchmarks/zuul/zuul-core/src/main/java/com/netflix/zuul/context/Debug.java
1088	com.netflix.zuul.context.Debug	writeDebugResponse(com.netflix.zuul.context.SessionContext,com.netflix.zuul.message.http.HttpResponseInfo,boolean)	0	[false, false, false]		public	true	/home/nima/Developer/nullness-benchmarks/zuul/zuul-core/src/main/java/com/netflix/zuul/context/Debug.java
1089	com.netflix.zuul.context.Debug	writeDebugMessage(com.netflix.zuul.context.SessionContext,com.netflix.zuul.message.ZuulMessage,java.lang.String,java.lang.String)	0	[false, false, false, false]		public	true	/home/nima/Developer/nullness-benchmarks/zuul/zuul-core/src/main/java/com/netflix/zuul/context/Debug.java
1090	com.netflix.zuul.context.ZuulSessionContextDecorator	ZuulSessionContextDecorator(com.netflix.zuul.origins.OriginManager)	0	[false]	javax.inject.Inject	public	false	/home/nima/Developer/nullness-benchmarks/zuul/zuul-core/src/main/java/com/netflix/zuul/context/ZuulSessionContextDecorator.java
1091	com.netflix.zuul.context.ZuulSessionContextDecorator	decorate(com.netflix.zuul.context.SessionContext)	909	[false]	java.lang.Override	public	true	/home/nima/Developer/nullness-benchmarks/zuul/zuul-core/src/main/java/com/netflix/zuul/context/ZuulSessionContextDecorator.java
1092	com.netflix.zuul.context.SessionCleaner	cleanup(com.netflix.zuul.context.SessionContext)	0	[false]		public	true	/home/nima/Developer/nullness-benchmarks/zuul/zuul-core/src/main/java/com/netflix/zuul/context/SessionCleaner.java
1093	com.netflix.zuul.monitoring.MonitoringHelper	initMocks()	0	[]		public	false	/home/nima/Developer/nullness-benchmarks/zuul/zuul-core/src/main/java/com/netflix/zuul/monitoring/MonitoringHelper.java
1094	com.netflix.zuul.monitoring.MonitoringHelper$TracerFactoryImpl	startMicroTracer(java.lang.String)	1095	[false]	java.lang.Override	public	true	/home/nima/Developer/nullness-benchmarks/zuul/zuul-core/src/main/java/com/netflix/zuul/monitoring/MonitoringHelper.java
1096	com.netflix.zuul.monitoring.MonitoringHelper$TracerImpl	setName(java.lang.String)	1097	[false]	java.lang.Override	public	false	/home/nima/Developer/nullness-benchmarks/zuul/zuul-core/src/main/java/com/netflix/zuul/monitoring/MonitoringHelper.java
1098	com.netflix.zuul.monitoring.MonitoringHelper$TracerImpl	stopAndLog()	1099	[]	java.lang.Override	public	false	/home/nima/Developer/nullness-benchmarks/zuul/zuul-core/src/main/java/com/netflix/zuul/monitoring/MonitoringHelper.java
1100	com.netflix.zuul.monitoring.TracerFactory	initialize(com.netflix.zuul.monitoring.TracerFactory)	0	[false]		public	false	/home/nima/Developer/nullness-benchmarks/zuul/zuul-core/src/main/java/com/netflix/zuul/monitoring/TracerFactory.java
1101	com.netflix.zuul.monitoring.TracerFactory	instance()	0	[]		public	true	/home/nima/Developer/nullness-benchmarks/zuul/zuul-core/src/main/java/com/netflix/zuul/monitoring/TracerFactory.java
1095	com.netflix.zuul.monitoring.TracerFactory	startMicroTracer(java.lang.String)	0	[false]		public	true	/home/nima/Developer/nullness-benchmarks/zuul/zuul-core/src/main/java/com/netflix/zuul/monitoring/TracerFactory.java
1099	com.netflix.zuul.monitoring.Tracer	stopAndLog()	0	[]		public	false	/home/nima/Developer/nullness-benchmarks/zuul/zuul-core/src/main/java/com/netflix/zuul/monitoring/Tracer.java
1097	com.netflix.zuul.monitoring.Tracer	setName(java.lang.String)	0	[false]		public	false	/home/nima/Developer/nullness-benchmarks/zuul/zuul-core/src/main/java/com/netflix/zuul/monitoring/Tracer.java
1102	com.netflix.zuul.monitoring.ConnCounter	ConnCounter(com.netflix.spectator.api.Registry,io.netty.channel.Channel,com.netflix.spectator.api.Id)	0	[false, false, false]		private	false	/home/nima/Developer/nullness-benchmarks/zuul/zuul-core/src/main/java/com/netflix/zuul/monitoring/ConnCounter.java
1103	com.netflix.zuul.monitoring.ConnCounter	install(io.netty.channel.Channel,com.netflix.spectator.api.Registry,com.netflix.spectator.api.Id)	0	[false, false, false]		public	true	/home/nima/Developer/nullness-benchmarks/zuul/zuul-core/src/main/java/com/netflix/zuul/monitoring/ConnCounter.java
1104	com.netflix.zuul.monitoring.ConnCounter	from(io.netty.channel.Channel)	0	[false]		public	true	/home/nima/Developer/nullness-benchmarks/zuul/zuul-core/src/main/java/com/netflix/zuul/monitoring/ConnCounter.java
1105	com.netflix.zuul.monitoring.ConnCounter	increment(java.lang.String)	0	[false]		public	false	/home/nima/Developer/nullness-benchmarks/zuul/zuul-core/src/main/java/com/netflix/zuul/monitoring/ConnCounter.java
1106	com.netflix.zuul.monitoring.ConnCounter	increment(java.lang.String,com.netflix.zuul.Attrs)	0	[false, false]		public	false	/home/nima/Developer/nullness-benchmarks/zuul/zuul-core/src/main/java/com/netflix/zuul/monitoring/ConnCounter.java
1107	com.netflix.zuul.monitoring.ConnCounter	getCurrentActiveConns()	0	[]		public	false	/home/nima/Developer/nullness-benchmarks/zuul/zuul-core/src/main/java/com/netflix/zuul/monitoring/ConnCounter.java
1108	com.netflix.zuul.monitoring.ConnCounter	decrement(java.lang.String)	0	[false]		public	false	/home/nima/Developer/nullness-benchmarks/zuul/zuul-core/src/main/java/com/netflix/zuul/monitoring/ConnCounter.java
1109	com.netflix.zuul.monitoring.ConnCounter	getLock(com.netflix.spectator.api.Id)	0	[false]		private	true	/home/nima/Developer/nullness-benchmarks/zuul/zuul-core/src/main/java/com/netflix/zuul/monitoring/ConnCounter.java
1110	com.netflix.zuul.monitoring.ConnTimer	ConnTimer(com.netflix.spectator.api.Registry,io.netty.channel.Channel,com.netflix.spectator.api.Id)	0	[false, false, false]		private	false	/home/nima/Developer/nullness-benchmarks/zuul/zuul-core/src/main/java/com/netflix/zuul/monitoring/ConnTimer.java
1111	com.netflix.zuul.monitoring.ConnTimer	install(io.netty.channel.Channel,com.netflix.spectator.api.Registry,com.netflix.spectator.api.Id)	0	[false, false, false]		public	true	/home/nima/Developer/nullness-benchmarks/zuul/zuul-core/src/main/java/com/netflix/zuul/monitoring/ConnTimer.java
1112	com.netflix.zuul.monitoring.ConnTimer	from(io.netty.channel.Channel)	0	[false]		public	true	/home/nima/Developer/nullness-benchmarks/zuul/zuul-core/src/main/java/com/netflix/zuul/monitoring/ConnTimer.java
1113	com.netflix.zuul.monitoring.ConnTimer	record(java.lang.Long,java.lang.String)	0	[false, false]		public	false	/home/nima/Developer/nullness-benchmarks/zuul/zuul-core/src/main/java/com/netflix/zuul/monitoring/ConnTimer.java
1114	com.netflix.zuul.monitoring.ConnTimer	record(java.lang.Long,java.lang.String,com.netflix.zuul.Attrs)	0	[false, false, false]		public	false	/home/nima/Developer/nullness-benchmarks/zuul/zuul-core/src/main/java/com/netflix/zuul/monitoring/ConnTimer.java
1115	com.netflix.zuul.monitoring.ConnTimer	buildId(com.netflix.spectator.api.Id,java.lang.String,java.lang.String,java.util.Map)	0	[false, false, false, false]		private	true	/home/nima/Developer/nullness-benchmarks/zuul/zuul-core/src/main/java/com/netflix/zuul/monitoring/ConnTimer.java
1116	com.netflix.zuul.message.ZuulMessageImpl	ZuulMessageImpl(com.netflix.zuul.context.SessionContext)	0	[false]		public	false	/home/nima/Developer/nullness-benchmarks/zuul/zuul-core/src/main/java/com/netflix/zuul/message/ZuulMessageImpl.java
1117	com.netflix.zuul.message.ZuulMessageImpl	ZuulMessageImpl(com.netflix.zuul.context.SessionContext,com.netflix.zuul.message.Headers)	0	[false, false]		public	false	/home/nima/Developer/nullness-benchmarks/zuul/zuul-core/src/main/java/com/netflix/zuul/message/ZuulMessageImpl.java
1118	com.netflix.zuul.message.ZuulMessageImpl	getContext()	67	[]	java.lang.Override	public	true	/home/nima/Developer/nullness-benchmarks/zuul/zuul-core/src/main/java/com/netflix/zuul/message/ZuulMessageImpl.java
1119	com.netflix.zuul.message.ZuulMessageImpl	getHeaders()	68	[]	java.lang.Override	public	true	/home/nima/Developer/nullness-benchmarks/zuul/zuul-core/src/main/java/com/netflix/zuul/message/ZuulMessageImpl.java
1120	com.netflix.zuul.message.ZuulMessageImpl	setHeaders(com.netflix.zuul.message.Headers)	69	[false]	java.lang.Override	public	false	/home/nima/Developer/nullness-benchmarks/zuul/zuul-core/src/main/java/com/netflix/zuul/message/ZuulMessageImpl.java
1121	com.netflix.zuul.message.ZuulMessageImpl	getMaxBodySize()	84	[]	java.lang.Override	public	false	/home/nima/Developer/nullness-benchmarks/zuul/zuul-core/src/main/java/com/netflix/zuul/message/ZuulMessageImpl.java
1122	com.netflix.zuul.message.ZuulMessageImpl	setHasBody(boolean)	71	[false]	java.lang.Override	public	false	/home/nima/Developer/nullness-benchmarks/zuul/zuul-core/src/main/java/com/netflix/zuul/message/ZuulMessageImpl.java
1123	com.netflix.zuul.message.ZuulMessageImpl	hasBody()	70	[]	java.lang.Override	public	false	/home/nima/Developer/nullness-benchmarks/zuul/zuul-core/src/main/java/com/netflix/zuul/message/ZuulMessageImpl.java
1124	com.netflix.zuul.message.ZuulMessageImpl	hasCompleteBody()	79	[]	java.lang.Override	public	false	/home/nima/Developer/nullness-benchmarks/zuul/zuul-core/src/main/java/com/netflix/zuul/message/ZuulMessageImpl.java
1125	com.netflix.zuul.message.ZuulMessageImpl	bufferBodyContents(io.netty.handler.codec.http.HttpContent)	76	[false]	java.lang.Override	public	false	/home/nima/Developer/nullness-benchmarks/zuul/zuul-core/src/main/java/com/netflix/zuul/message/ZuulMessageImpl.java
1126	com.netflix.zuul.message.ZuulMessageImpl	setContentLength(int)	0	[false]		private	false	/home/nima/Developer/nullness-benchmarks/zuul/zuul-core/src/main/java/com/netflix/zuul/message/ZuulMessageImpl.java
1127	com.netflix.zuul.message.ZuulMessageImpl	setBodyAsText(java.lang.String)	75	[false]	java.lang.Override	public	false	/home/nima/Developer/nullness-benchmarks/zuul/zuul-core/src/main/java/com/netflix/zuul/message/ZuulMessageImpl.java
1128	com.netflix.zuul.message.ZuulMessageImpl	setBody(byte[])	74	[false]	java.lang.Override	public	false	/home/nima/Developer/nullness-benchmarks/zuul/zuul-core/src/main/java/com/netflix/zuul/message/ZuulMessageImpl.java
1129	com.netflix.zuul.message.ZuulMessageImpl	getBodyAsText()	82	[]	java.lang.Override	public	true	/home/nima/Developer/nullness-benchmarks/zuul/zuul-core/src/main/java/com/netflix/zuul/message/ZuulMessageImpl.java
1130	com.netflix.zuul.message.ZuulMessageImpl	getBody()	72	[]	java.lang.Override	public	true	/home/nima/Developer/nullness-benchmarks/zuul/zuul-core/src/main/java/com/netflix/zuul/message/ZuulMessageImpl.java
1131	com.netflix.zuul.message.ZuulMessageImpl	getBodyLength()	73	[]	java.lang.Override	public	false	/home/nima/Developer/nullness-benchmarks/zuul/zuul-core/src/main/java/com/netflix/zuul/message/ZuulMessageImpl.java
1132	com.netflix.zuul.message.ZuulMessageImpl	getBodyContents()	77	[]	java.lang.Override	public	true	/home/nima/Developer/nullness-benchmarks/zuul/zuul-core/src/main/java/com/netflix/zuul/message/ZuulMessageImpl.java
1133	com.netflix.zuul.message.ZuulMessageImpl	resetBodyReader()	83	[]	java.lang.Override	public	false	/home/nima/Developer/nullness-benchmarks/zuul/zuul-core/src/main/java/com/netflix/zuul/message/ZuulMessageImpl.java
1134	com.netflix.zuul.message.ZuulMessageImpl	finishBufferedBodyIfIncomplete()	78	[]	java.lang.Override	public	false	/home/nima/Developer/nullness-benchmarks/zuul/zuul-core/src/main/java/com/netflix/zuul/message/ZuulMessageImpl.java
1135	com.netflix.zuul.message.ZuulMessageImpl	disposeBufferedBody()	81	[]	java.lang.Override	public	false	/home/nima/Developer/nullness-benchmarks/zuul/zuul-core/src/main/java/com/netflix/zuul/message/ZuulMessageImpl.java
1136	com.netflix.zuul.message.ZuulMessageImpl	runBufferedBodyContentThroughFilter(com.netflix.zuul.filters.ZuulFilter)	80	[false]	java.lang.Override	public	false	/home/nima/Developer/nullness-benchmarks/zuul/zuul-core/src/main/java/com/netflix/zuul/message/ZuulMessageImpl.java
1137	com.netflix.zuul.message.ZuulMessageImpl	clone()	85	[]	java.lang.Override	public	true	/home/nima/Developer/nullness-benchmarks/zuul/zuul-core/src/main/java/com/netflix/zuul/message/ZuulMessageImpl.java
1138	com.netflix.zuul.message.ZuulMessageImpl	getInfoForLogging()	86	[]	java.lang.Override	public	true	/home/nima/Developer/nullness-benchmarks/zuul/zuul-core/src/main/java/com/netflix/zuul/message/ZuulMessageImpl.java
1139	com.netflix.zuul.message.http.HttpResponseMessageImpl	HttpResponseMessageImpl(com.netflix.zuul.context.SessionContext,com.netflix.zuul.message.http.HttpRequestMessage,int)	0	[false, false, false]		public	false	/home/nima/Developer/nullness-benchmarks/zuul/zuul-core/src/main/java/com/netflix/zuul/message/http/HttpResponseMessageImpl.java
1140	com.netflix.zuul.message.http.HttpResponseMessageImpl	HttpResponseMessageImpl(com.netflix.zuul.context.SessionContext,com.netflix.zuul.message.Headers,com.netflix.zuul.message.http.HttpRequestMessage,int)	0	[false, false, false, false]		public	false	/home/nima/Developer/nullness-benchmarks/zuul/zuul-core/src/main/java/com/netflix/zuul/message/http/HttpResponseMessageImpl.java
1141	com.netflix.zuul.message.http.HttpResponseMessageImpl	defaultErrorResponse(com.netflix.zuul.message.http.HttpRequestMessage)	0	[false]		public	true	/home/nima/Developer/nullness-benchmarks/zuul/zuul-core/src/main/java/com/netflix/zuul/message/http/HttpResponseMessageImpl.java
1142	com.netflix.zuul.message.http.HttpResponseMessageImpl	getHeaders()	68	[]	java.lang.Override	public	true	/home/nima/Developer/nullness-benchmarks/zuul/zuul-core/src/main/java/com/netflix/zuul/message/http/HttpResponseMessageImpl.java
1143	com.netflix.zuul.message.http.HttpResponseMessageImpl	getContext()	67	[]	java.lang.Override	public	true	/home/nima/Developer/nullness-benchmarks/zuul/zuul-core/src/main/java/com/netflix/zuul/message/http/HttpResponseMessageImpl.java
1144	com.netflix.zuul.message.http.HttpResponseMessageImpl	setHeaders(com.netflix.zuul.message.Headers)	69	[false]	java.lang.Override	public	false	/home/nima/Developer/nullness-benchmarks/zuul/zuul-core/src/main/java/com/netflix/zuul/message/http/HttpResponseMessageImpl.java
1145	com.netflix.zuul.message.http.HttpResponseMessageImpl	setHasBody(boolean)	71	[false]	java.lang.Override	public	false	/home/nima/Developer/nullness-benchmarks/zuul/zuul-core/src/main/java/com/netflix/zuul/message/http/HttpResponseMessageImpl.java
1146	com.netflix.zuul.message.http.HttpResponseMessageImpl	hasBody()	70	[]	java.lang.Override	public	false	/home/nima/Developer/nullness-benchmarks/zuul/zuul-core/src/main/java/com/netflix/zuul/message/http/HttpResponseMessageImpl.java
1147	com.netflix.zuul.message.http.HttpResponseMessageImpl	bufferBodyContents(io.netty.handler.codec.http.HttpContent)	76	[false]	java.lang.Override	public	false	/home/nima/Developer/nullness-benchmarks/zuul/zuul-core/src/main/java/com/netflix/zuul/message/http/HttpResponseMessageImpl.java
1148	com.netflix.zuul.message.http.HttpResponseMessageImpl	setBodyAsText(java.lang.String)	75	[false]	java.lang.Override	public	false	/home/nima/Developer/nullness-benchmarks/zuul/zuul-core/src/main/java/com/netflix/zuul/message/http/HttpResponseMessageImpl.java
1149	com.netflix.zuul.message.http.HttpResponseMessageImpl	setBody(byte[])	74	[false]	java.lang.Override	public	false	/home/nima/Developer/nullness-benchmarks/zuul/zuul-core/src/main/java/com/netflix/zuul/message/http/HttpResponseMessageImpl.java
1150	com.netflix.zuul.message.http.HttpResponseMessageImpl	getBodyAsText()	82	[]	java.lang.Override	public	true	/home/nima/Developer/nullness-benchmarks/zuul/zuul-core/src/main/java/com/netflix/zuul/message/http/HttpResponseMessageImpl.java
1151	com.netflix.zuul.message.http.HttpResponseMessageImpl	getBody()	72	[]	java.lang.Override	public	true	/home/nima/Developer/nullness-benchmarks/zuul/zuul-core/src/main/java/com/netflix/zuul/message/http/HttpResponseMessageImpl.java
1152	com.netflix.zuul.message.http.HttpResponseMessageImpl	getBodyLength()	73	[]	java.lang.Override	public	false	/home/nima/Developer/nullness-benchmarks/zuul/zuul-core/src/main/java/com/netflix/zuul/message/http/HttpResponseMessageImpl.java
1153	com.netflix.zuul.message.http.HttpResponseMessageImpl	hasCompleteBody()	79	[]	java.lang.Override	public	false	/home/nima/Developer/nullness-benchmarks/zuul/zuul-core/src/main/java/com/netflix/zuul/message/http/HttpResponseMessageImpl.java
1154	com.netflix.zuul.message.http.HttpResponseMessageImpl	finishBufferedBodyIfIncomplete()	78	[]	java.lang.Override	public	false	/home/nima/Developer/nullness-benchmarks/zuul/zuul-core/src/main/java/com/netflix/zuul/message/http/HttpResponseMessageImpl.java
1155	com.netflix.zuul.message.http.HttpResponseMessageImpl	getBodyContents()	77	[]	java.lang.Override	public	true	/home/nima/Developer/nullness-benchmarks/zuul/zuul-core/src/main/java/com/netflix/zuul/message/http/HttpResponseMessageImpl.java
1156	com.netflix.zuul.message.http.HttpResponseMessageImpl	resetBodyReader()	83	[]	java.lang.Override	public	false	/home/nima/Developer/nullness-benchmarks/zuul/zuul-core/src/main/java/com/netflix/zuul/message/http/HttpResponseMessageImpl.java
1157	com.netflix.zuul.message.http.HttpResponseMessageImpl	runBufferedBodyContentThroughFilter(com.netflix.zuul.filters.ZuulFilter)	80	[false]	java.lang.Override	public	false	/home/nima/Developer/nullness-benchmarks/zuul/zuul-core/src/main/java/com/netflix/zuul/message/http/HttpResponseMessageImpl.java
1158	com.netflix.zuul.message.http.HttpResponseMessageImpl	disposeBufferedBody()	81	[]	java.lang.Override	public	false	/home/nima/Developer/nullness-benchmarks/zuul/zuul-core/src/main/java/com/netflix/zuul/message/http/HttpResponseMessageImpl.java
1159	com.netflix.zuul.message.http.HttpResponseMessageImpl	getInboundRequest()	272	[]	java.lang.Override	public	true	/home/nima/Developer/nullness-benchmarks/zuul/zuul-core/src/main/java/com/netflix/zuul/message/http/HttpResponseMessageImpl.java
1160	com.netflix.zuul.message.http.HttpResponseMessageImpl	getOutboundRequest()	268	[]	java.lang.Override	public	true	/home/nima/Developer/nullness-benchmarks/zuul/zuul-core/src/main/java/com/netflix/zuul/message/http/HttpResponseMessageImpl.java
1161	com.netflix.zuul.message.http.HttpResponseMessageImpl	getStatus()	271	[]	java.lang.Override	public	false	/home/nima/Developer/nullness-benchmarks/zuul/zuul-core/src/main/java/com/netflix/zuul/message/http/HttpResponseMessageImpl.java
1162	com.netflix.zuul.message.http.HttpResponseMessageImpl	setStatus(int)	263	[false]	java.lang.Override	public	false	/home/nima/Developer/nullness-benchmarks/zuul/zuul-core/src/main/java/com/netflix/zuul/message/http/HttpResponseMessageImpl.java
1163	com.netflix.zuul.message.http.HttpResponseMessageImpl	getMaxBodySize()	264	[]	java.lang.Override	public	false	/home/nima/Developer/nullness-benchmarks/zuul/zuul-core/src/main/java/com/netflix/zuul/message/http/HttpResponseMessageImpl.java
1164	com.netflix.zuul.message.http.HttpResponseMessageImpl	parseSetCookieHeader(java.lang.String)	275	[false]	java.lang.Override	public	true	/home/nima/Developer/nullness-benchmarks/zuul/zuul-core/src/main/java/com/netflix/zuul/message/http/HttpResponseMessageImpl.java
1165	com.netflix.zuul.message.http.HttpResponseMessageImpl	hasSetCookieWithName(java.lang.String)	276	[false]	java.lang.Override	public	false	/home/nima/Developer/nullness-benchmarks/zuul/zuul-core/src/main/java/com/netflix/zuul/message/http/HttpResponseMessageImpl.java
1166	com.netflix.zuul.message.http.HttpResponseMessageImpl	removeExistingSetCookie(java.lang.String)	267	[false]	java.lang.Override	public	false	/home/nima/Developer/nullness-benchmarks/zuul/zuul-core/src/main/java/com/netflix/zuul/message/http/HttpResponseMessageImpl.java
1167	com.netflix.zuul.message.http.HttpResponseMessageImpl	addSetCookie(io.netty.handler.codec.http.Cookie)	265	[false]	java.lang.Override	public	false	/home/nima/Developer/nullness-benchmarks/zuul/zuul-core/src/main/java/com/netflix/zuul/message/http/HttpResponseMessageImpl.java
1168	com.netflix.zuul.message.http.HttpResponseMessageImpl	setSetCookie(io.netty.handler.codec.http.Cookie)	266	[false]	java.lang.Override	public	false	/home/nima/Developer/nullness-benchmarks/zuul/zuul-core/src/main/java/com/netflix/zuul/message/http/HttpResponseMessageImpl.java
1169	com.netflix.zuul.message.http.HttpResponseMessageImpl	clone()	273	[]	java.lang.Override	public	true	/home/nima/Developer/nullness-benchmarks/zuul/zuul-core/src/main/java/com/netflix/zuul/message/http/HttpResponseMessageImpl.java
1170	com.netflix.zuul.message.http.HttpResponseMessageImpl	copyResponseInfo()	0	[]		protected	true	/home/nima/Developer/nullness-benchmarks/zuul/zuul-core/src/main/java/com/netflix/zuul/message/http/HttpResponseMessageImpl.java
1171	com.netflix.zuul.message.http.HttpResponseMessageImpl	toString()	29	[]	java.lang.Override	public	true	/home/nima/Developer/nullness-benchmarks/zuul/zuul-core/src/main/java/com/netflix/zuul/message/http/HttpResponseMessageImpl.java
1172	com.netflix.zuul.message.http.HttpResponseMessageImpl	storeInboundResponse()	270	[]	java.lang.Override	public	false	/home/nima/Developer/nullness-benchmarks/zuul/zuul-core/src/main/java/com/netflix/zuul/message/http/HttpResponseMessageImpl.java
1173	com.netflix.zuul.message.http.HttpResponseMessageImpl	getInboundResponse()	269	[]	java.lang.Override	public	true	/home/nima/Developer/nullness-benchmarks/zuul/zuul-core/src/main/java/com/netflix/zuul/message/http/HttpResponseMessageImpl.java
1174	com.netflix.zuul.message.http.HttpResponseMessageImpl	getInfoForLogging()	274	[]	java.lang.Override	public	true	/home/nima/Developer/nullness-benchmarks/zuul/zuul-core/src/main/java/com/netflix/zuul/message/http/HttpResponseMessageImpl.java
1175	com.netflix.zuul.message.http.HttpHeaderNames	get(java.lang.String)	0	[false]		public	true	/home/nima/Developer/nullness-benchmarks/zuul/zuul-core/src/main/java/com/netflix/zuul/message/http/HttpHeaderNames.java
1176	com.netflix.zuul.message.http.HttpHeaderNamesCache	HttpHeaderNamesCache(int,int)	0	[false, false]		public	false	/home/nima/Developer/nullness-benchmarks/zuul/zuul-core/src/main/java/com/netflix/zuul/message/http/HttpHeaderNamesCache.java
1177	com.netflix.zuul.message.http.HttpHeaderNamesCache	isFull()	0	[]		public	false	/home/nima/Developer/nullness-benchmarks/zuul/zuul-core/src/main/java/com/netflix/zuul/message/http/HttpHeaderNamesCache.java
1178	com.netflix.zuul.message.http.HttpHeaderNamesCache	get(java.lang.String)	0	[false]		public	true	/home/nima/Developer/nullness-benchmarks/zuul/zuul-core/src/main/java/com/netflix/zuul/message/http/HttpHeaderNamesCache.java
1179	com.netflix.zuul.message.http.HttpRequestMessageImpl$1	toString()	29	[]	java.lang.Override	public	true	/home/nima/Developer/nullness-benchmarks/zuul/zuul-core/src/main/java/com/netflix/zuul/message/http/HttpRequestMessageImpl.java
1180	com.netflix.zuul.message.http.HttpRequestMessageImpl	HttpRequestMessageImpl(com.netflix.zuul.context.SessionContext,java.lang.String,java.lang.String,java.lang.String,com.netflix.zuul.message.http.HttpQueryParams,com.netflix.zuul.message.Headers,java.lang.String,java.lang.String,int,java.lang.String)	0	[false, false, false, false, false, false, false, false, false, false]		public	false	/home/nima/Developer/nullness-benchmarks/zuul/zuul-core/src/main/java/com/netflix/zuul/message/http/HttpRequestMessageImpl.java
1181	com.netflix.zuul.message.http.HttpRequestMessageImpl	HttpRequestMessageImpl(com.netflix.zuul.context.SessionContext,java.lang.String,java.lang.String,java.lang.String,com.netflix.zuul.message.http.HttpQueryParams,com.netflix.zuul.message.Headers,java.lang.String,java.lang.String,int,java.lang.String,java.net.SocketAddress,boolean)	0	[false, false, false, false, false, false, false, false, false, false, false, false]		public	false	/home/nima/Developer/nullness-benchmarks/zuul/zuul-core/src/main/java/com/netflix/zuul/message/http/HttpRequestMessageImpl.java
1182	com.netflix.zuul.message.http.HttpRequestMessageImpl	immutableCheck()	0	[]		private	false	/home/nima/Developer/nullness-benchmarks/zuul/zuul-core/src/main/java/com/netflix/zuul/message/http/HttpRequestMessageImpl.java
1183	com.netflix.zuul.message.http.HttpRequestMessageImpl	getContext()	67	[]	java.lang.Override	public	true	/home/nima/Developer/nullness-benchmarks/zuul/zuul-core/src/main/java/com/netflix/zuul/message/http/HttpRequestMessageImpl.java
1184	com.netflix.zuul.message.http.HttpRequestMessageImpl	getHeaders()	298	[]	java.lang.Override	public	true	/home/nima/Developer/nullness-benchmarks/zuul/zuul-core/src/main/java/com/netflix/zuul/message/http/HttpRequestMessageImpl.java
1185	com.netflix.zuul.message.http.HttpRequestMessageImpl	setHeaders(com.netflix.zuul.message.Headers)	69	[false]	java.lang.Override	public	false	/home/nima/Developer/nullness-benchmarks/zuul/zuul-core/src/main/java/com/netflix/zuul/message/http/HttpRequestMessageImpl.java
1186	com.netflix.zuul.message.http.HttpRequestMessageImpl	setHasBody(boolean)	71	[false]	java.lang.Override	public	false	/home/nima/Developer/nullness-benchmarks/zuul/zuul-core/src/main/java/com/netflix/zuul/message/http/HttpRequestMessageImpl.java
1187	com.netflix.zuul.message.http.HttpRequestMessageImpl	hasBody()	70	[]	java.lang.Override	public	false	/home/nima/Developer/nullness-benchmarks/zuul/zuul-core/src/main/java/com/netflix/zuul/message/http/HttpRequestMessageImpl.java
1188	com.netflix.zuul.message.http.HttpRequestMessageImpl	bufferBodyContents(io.netty.handler.codec.http.HttpContent)	76	[false]	java.lang.Override	public	false	/home/nima/Developer/nullness-benchmarks/zuul/zuul-core/src/main/java/com/netflix/zuul/message/http/HttpRequestMessageImpl.java
1189	com.netflix.zuul.message.http.HttpRequestMessageImpl	setBodyAsText(java.lang.String)	75	[false]	java.lang.Override	public	false	/home/nima/Developer/nullness-benchmarks/zuul/zuul-core/src/main/java/com/netflix/zuul/message/http/HttpRequestMessageImpl.java
1190	com.netflix.zuul.message.http.HttpRequestMessageImpl	setBody(byte[])	74	[false]	java.lang.Override	public	false	/home/nima/Developer/nullness-benchmarks/zuul/zuul-core/src/main/java/com/netflix/zuul/message/http/HttpRequestMessageImpl.java
1191	com.netflix.zuul.message.http.HttpRequestMessageImpl	finishBufferedBodyIfIncomplete()	78	[]	java.lang.Override	public	false	/home/nima/Developer/nullness-benchmarks/zuul/zuul-core/src/main/java/com/netflix/zuul/message/http/HttpRequestMessageImpl.java
1192	com.netflix.zuul.message.http.HttpRequestMessageImpl	getBodyContents()	77	[]	java.lang.Override	public	true	/home/nima/Developer/nullness-benchmarks/zuul/zuul-core/src/main/java/com/netflix/zuul/message/http/HttpRequestMessageImpl.java
1193	com.netflix.zuul.message.http.HttpRequestMessageImpl	runBufferedBodyContentThroughFilter(com.netflix.zuul.filters.ZuulFilter)	80	[false]	java.lang.Override	public	false	/home/nima/Developer/nullness-benchmarks/zuul/zuul-core/src/main/java/com/netflix/zuul/message/http/HttpRequestMessageImpl.java
1194	com.netflix.zuul.message.http.HttpRequestMessageImpl	getBodyAsText()	82	[]	java.lang.Override	public	true	/home/nima/Developer/nullness-benchmarks/zuul/zuul-core/src/main/java/com/netflix/zuul/message/http/HttpRequestMessageImpl.java
1195	com.netflix.zuul.message.http.HttpRequestMessageImpl	getBody()	72	[]	java.lang.Override	public	true	/home/nima/Developer/nullness-benchmarks/zuul/zuul-core/src/main/java/com/netflix/zuul/message/http/HttpRequestMessageImpl.java
1196	com.netflix.zuul.message.http.HttpRequestMessageImpl	getBodyLength()	73	[]	java.lang.Override	public	false	/home/nima/Developer/nullness-benchmarks/zuul/zuul-core/src/main/java/com/netflix/zuul/message/http/HttpRequestMessageImpl.java
1197	com.netflix.zuul.message.http.HttpRequestMessageImpl	resetBodyReader()	83	[]	java.lang.Override	public	false	/home/nima/Developer/nullness-benchmarks/zuul/zuul-core/src/main/java/com/netflix/zuul/message/http/HttpRequestMessageImpl.java
1198	com.netflix.zuul.message.http.HttpRequestMessageImpl	hasCompleteBody()	79	[]	java.lang.Override	public	false	/home/nima/Developer/nullness-benchmarks/zuul/zuul-core/src/main/java/com/netflix/zuul/message/http/HttpRequestMessageImpl.java
1199	com.netflix.zuul.message.http.HttpRequestMessageImpl	disposeBufferedBody()	81	[]	java.lang.Override	public	false	/home/nima/Developer/nullness-benchmarks/zuul/zuul-core/src/main/java/com/netflix/zuul/message/http/HttpRequestMessageImpl.java
1200	com.netflix.zuul.message.http.HttpRequestMessageImpl	getProtocol()	293	[]	java.lang.Override	public	true	/home/nima/Developer/nullness-benchmarks/zuul/zuul-core/src/main/java/com/netflix/zuul/message/http/HttpRequestMessageImpl.java
1201	com.netflix.zuul.message.http.HttpRequestMessageImpl	setProtocol(java.lang.String)	284	[false]	java.lang.Override	public	false	/home/nima/Developer/nullness-benchmarks/zuul/zuul-core/src/main/java/com/netflix/zuul/message/http/HttpRequestMessageImpl.java
1202	com.netflix.zuul.message.http.HttpRequestMessageImpl	getMethod()	294	[]	java.lang.Override	public	true	/home/nima/Developer/nullness-benchmarks/zuul/zuul-core/src/main/java/com/netflix/zuul/message/http/HttpRequestMessageImpl.java
1203	com.netflix.zuul.message.http.HttpRequestMessageImpl	setMethod(java.lang.String)	285	[false]	java.lang.Override	public	false	/home/nima/Developer/nullness-benchmarks/zuul/zuul-core/src/main/java/com/netflix/zuul/message/http/HttpRequestMessageImpl.java
1204	com.netflix.zuul.message.http.HttpRequestMessageImpl	getPath()	295	[]	java.lang.Override	public	true	/home/nima/Developer/nullness-benchmarks/zuul/zuul-core/src/main/java/com/netflix/zuul/message/http/HttpRequestMessageImpl.java
1205	com.netflix.zuul.message.http.HttpRequestMessageImpl	setPath(java.lang.String)	286	[false]	java.lang.Override	public	false	/home/nima/Developer/nullness-benchmarks/zuul/zuul-core/src/main/java/com/netflix/zuul/message/http/HttpRequestMessageImpl.java
1206	com.netflix.zuul.message.http.HttpRequestMessageImpl	getQueryParams()	296	[]	java.lang.Override	public	true	/home/nima/Developer/nullness-benchmarks/zuul/zuul-core/src/main/java/com/netflix/zuul/message/http/HttpRequestMessageImpl.java
1207	com.netflix.zuul.message.http.HttpRequestMessageImpl	getPathAndQuery()	297	[]	java.lang.Override	public	true	/home/nima/Developer/nullness-benchmarks/zuul/zuul-core/src/main/java/com/netflix/zuul/message/http/HttpRequestMessageImpl.java
1208	com.netflix.zuul.message.http.HttpRequestMessageImpl	generatePathAndQuery()	0	[]		protected	true	/home/nima/Developer/nullness-benchmarks/zuul/zuul-core/src/main/java/com/netflix/zuul/message/http/HttpRequestMessageImpl.java
1209	com.netflix.zuul.message.http.HttpRequestMessageImpl	getClientIp()	299	[]	java.lang.Override	public	true	/home/nima/Developer/nullness-benchmarks/zuul/zuul-core/src/main/java/com/netflix/zuul/message/http/HttpRequestMessageImpl.java
1210	com.netflix.zuul.message.http.HttpRequestMessageImpl	setClientIp(java.lang.String)	0	[false]	java.lang.Deprecated,com.google.common.annotations.VisibleForTesting	package	false	/home/nima/Developer/nullness-benchmarks/zuul/zuul-core/src/main/java/com/netflix/zuul/message/http/HttpRequestMessageImpl.java
1211	com.netflix.zuul.message.http.HttpRequestMessageImpl	getScheme()	300	[]	java.lang.Override	public	true	/home/nima/Developer/nullness-benchmarks/zuul/zuul-core/src/main/java/com/netflix/zuul/message/http/HttpRequestMessageImpl.java
1212	com.netflix.zuul.message.http.HttpRequestMessageImpl	setScheme(java.lang.String)	287	[false]	java.lang.Override	public	false	/home/nima/Developer/nullness-benchmarks/zuul/zuul-core/src/main/java/com/netflix/zuul/message/http/HttpRequestMessageImpl.java
1213	com.netflix.zuul.message.http.HttpRequestMessageImpl	getPort()	301	[]	java.lang.Override	public	false	/home/nima/Developer/nullness-benchmarks/zuul/zuul-core/src/main/java/com/netflix/zuul/message/http/HttpRequestMessageImpl.java
1214	com.netflix.zuul.message.http.HttpRequestMessageImpl	setPort(int)	0	[false]	java.lang.Deprecated,com.google.common.annotations.VisibleForTesting	package	false	/home/nima/Developer/nullness-benchmarks/zuul/zuul-core/src/main/java/com/netflix/zuul/message/http/HttpRequestMessageImpl.java
1215	com.netflix.zuul.message.http.HttpRequestMessageImpl	getServerName()	302	[]	java.lang.Override	public	true	/home/nima/Developer/nullness-benchmarks/zuul/zuul-core/src/main/java/com/netflix/zuul/message/http/HttpRequestMessageImpl.java
1216	com.netflix.zuul.message.http.HttpRequestMessageImpl	setServerName(java.lang.String)	288	[false]	java.lang.Override	public	false	/home/nima/Developer/nullness-benchmarks/zuul/zuul-core/src/main/java/com/netflix/zuul/message/http/HttpRequestMessageImpl.java
1217	com.netflix.zuul.message.http.HttpRequestMessageImpl	parseCookies()	311	[]	java.lang.Override	public	true	/home/nima/Developer/nullness-benchmarks/zuul/zuul-core/src/main/java/com/netflix/zuul/message/http/HttpRequestMessageImpl.java
1218	com.netflix.zuul.message.http.HttpRequestMessageImpl	reParseCookies()	312	[]	java.lang.Override	public	true	/home/nima/Developer/nullness-benchmarks/zuul/zuul-core/src/main/java/com/netflix/zuul/message/http/HttpRequestMessageImpl.java
1219	com.netflix.zuul.message.http.HttpRequestMessageImpl	cleanCookieHeader(java.lang.String)	0	[false]	com.google.common.annotations.VisibleForTesting	package	true	/home/nima/Developer/nullness-benchmarks/zuul/zuul-core/src/main/java/com/netflix/zuul/message/http/HttpRequestMessageImpl.java
1220	com.netflix.zuul.message.http.HttpRequestMessageImpl	getMaxBodySize()	303	[]	java.lang.Override	public	false	/home/nima/Developer/nullness-benchmarks/zuul/zuul-core/src/main/java/com/netflix/zuul/message/http/HttpRequestMessageImpl.java
1221	com.netflix.zuul.message.http.HttpRequestMessageImpl	clone()	289	[]	java.lang.Override	public	true	/home/nima/Developer/nullness-benchmarks/zuul/zuul-core/src/main/java/com/netflix/zuul/message/http/HttpRequestMessageImpl.java
1222	com.netflix.zuul.message.http.HttpRequestMessageImpl	copyRequestInfo()	0	[]		protected	true	/home/nima/Developer/nullness-benchmarks/zuul/zuul-core/src/main/java/com/netflix/zuul/message/http/HttpRequestMessageImpl.java
1223	com.netflix.zuul.message.http.HttpRequestMessageImpl	storeInboundRequest()	290	[]	java.lang.Override	public	false	/home/nima/Developer/nullness-benchmarks/zuul/zuul-core/src/main/java/com/netflix/zuul/message/http/HttpRequestMessageImpl.java
1224	com.netflix.zuul.message.http.HttpRequestMessageImpl	getInboundRequest()	291	[]	java.lang.Override	public	true	/home/nima/Developer/nullness-benchmarks/zuul/zuul-core/src/main/java/com/netflix/zuul/message/http/HttpRequestMessageImpl.java
1225	com.netflix.zuul.message.http.HttpRequestMessageImpl	setQueryParams(com.netflix.zuul.message.http.HttpQueryParams)	292	[false]	java.lang.Override	public	false	/home/nima/Developer/nullness-benchmarks/zuul/zuul-core/src/main/java/com/netflix/zuul/message/http/HttpRequestMessageImpl.java
1226	com.netflix.zuul.message.http.HttpRequestMessageImpl	getInfoForLogging()	304	[]	java.lang.Override	public	true	/home/nima/Developer/nullness-benchmarks/zuul/zuul-core/src/main/java/com/netflix/zuul/message/http/HttpRequestMessageImpl.java
1227	com.netflix.zuul.message.http.HttpRequestMessageImpl	generateInfoForLogging()	0	[]		protected	true	/home/nima/Developer/nullness-benchmarks/zuul/zuul-core/src/main/java/com/netflix/zuul/message/http/HttpRequestMessageImpl.java
1228	com.netflix.zuul.message.http.HttpRequestMessageImpl	getOriginalHost()	305	[]	java.lang.Override	public	true	/home/nima/Developer/nullness-benchmarks/zuul/zuul-core/src/main/java/com/netflix/zuul/message/http/HttpRequestMessageImpl.java
1229	com.netflix.zuul.message.http.HttpRequestMessageImpl	getOriginalHost(com.netflix.zuul.message.Headers,java.lang.String)	0	[false, false]	com.google.common.annotations.VisibleForTesting	package	true	/home/nima/Developer/nullness-benchmarks/zuul/zuul-core/src/main/java/com/netflix/zuul/message/http/HttpRequestMessageImpl.java
1230	com.netflix.zuul.message.http.HttpRequestMessageImpl	getOriginalScheme()	306	[]	java.lang.Override	public	true	/home/nima/Developer/nullness-benchmarks/zuul/zuul-core/src/main/java/com/netflix/zuul/message/http/HttpRequestMessageImpl.java
1231	com.netflix.zuul.message.http.HttpRequestMessageImpl	getOriginalProtocol()	307	[]	java.lang.Override	public	true	/home/nima/Developer/nullness-benchmarks/zuul/zuul-core/src/main/java/com/netflix/zuul/message/http/HttpRequestMessageImpl.java
1232	com.netflix.zuul.message.http.HttpRequestMessageImpl	getOriginalPort()	308	[]	java.lang.Override	public	false	/home/nima/Developer/nullness-benchmarks/zuul/zuul-core/src/main/java/com/netflix/zuul/message/http/HttpRequestMessageImpl.java
1233	com.netflix.zuul.message.http.HttpRequestMessageImpl	getOriginalPort(com.netflix.zuul.context.SessionContext,com.netflix.zuul.message.Headers,int)	0	[false, false, false]	com.google.common.annotations.VisibleForTesting	package	false	/home/nima/Developer/nullness-benchmarks/zuul/zuul-core/src/main/java/com/netflix/zuul/message/http/HttpRequestMessageImpl.java
1234	com.netflix.zuul.message.http.HttpRequestMessageImpl	getClientDestinationPort()	309	[]	java.lang.Override	public	true	/home/nima/Developer/nullness-benchmarks/zuul/zuul-core/src/main/java/com/netflix/zuul/message/http/HttpRequestMessageImpl.java
1235	com.netflix.zuul.message.http.HttpRequestMessageImpl	parseHostHeader(com.netflix.zuul.message.Headers)	0	[false]		private	true	/home/nima/Developer/nullness-benchmarks/zuul/zuul-core/src/main/java/com/netflix/zuul/message/http/HttpRequestMessageImpl.java
1236	com.netflix.zuul.message.http.HttpRequestMessageImpl	reconstructURI()	310	[]	java.lang.Override	public	true	/home/nima/Developer/nullness-benchmarks/zuul/zuul-core/src/main/java/com/netflix/zuul/message/http/HttpRequestMessageImpl.java
1237	com.netflix.zuul.message.http.HttpRequestMessageImpl	_reconstructURI()	0	[]		protected	true	/home/nima/Developer/nullness-benchmarks/zuul/zuul-core/src/main/java/com/netflix/zuul/message/http/HttpRequestMessageImpl.java
1238	com.netflix.zuul.message.http.HttpRequestMessageImpl	toString()	29	[]	java.lang.Override	public	true	/home/nima/Developer/nullness-benchmarks/zuul/zuul-core/src/main/java/com/netflix/zuul/message/http/HttpRequestMessageImpl.java
1239	com.netflix.zuul.message.util.HttpRequestBuilder	HttpRequestBuilder(com.netflix.zuul.context.SessionContext)	0	[false]		public	false	/home/nima/Developer/nullness-benchmarks/zuul/zuul-core/src/main/java/com/netflix/zuul/message/util/HttpRequestBuilder.java
1240	com.netflix.zuul.message.util.HttpRequestBuilder	withDefaults()	0	[]		public	true	/home/nima/Developer/nullness-benchmarks/zuul/zuul-core/src/main/java/com/netflix/zuul/message/util/HttpRequestBuilder.java
1241	com.netflix.zuul.message.util.HttpRequestBuilder	withHost(java.lang.String)	0	[false]		public	true	/home/nima/Developer/nullness-benchmarks/zuul/zuul-core/src/main/java/com/netflix/zuul/message/util/HttpRequestBuilder.java
1242	com.netflix.zuul.message.util.HttpRequestBuilder	withHeaders(com.netflix.zuul.message.Headers)	0	[false]		public	true	/home/nima/Developer/nullness-benchmarks/zuul/zuul-core/src/main/java/com/netflix/zuul/message/util/HttpRequestBuilder.java
1243	com.netflix.zuul.message.util.HttpRequestBuilder	withQueryParams(com.netflix.zuul.message.http.HttpQueryParams)	0	[false]		public	true	/home/nima/Developer/nullness-benchmarks/zuul/zuul-core/src/main/java/com/netflix/zuul/message/util/HttpRequestBuilder.java
1244	com.netflix.zuul.message.util.HttpRequestBuilder	withMethod(io.netty.handler.codec.http.HttpMethod)	0	[false]		public	true	/home/nima/Developer/nullness-benchmarks/zuul/zuul-core/src/main/java/com/netflix/zuul/message/util/HttpRequestBuilder.java
1245	com.netflix.zuul.message.util.HttpRequestBuilder	withUri(java.lang.String)	0	[false]		public	true	/home/nima/Developer/nullness-benchmarks/zuul/zuul-core/src/main/java/com/netflix/zuul/message/util/HttpRequestBuilder.java
1246	com.netflix.zuul.message.util.HttpRequestBuilder	build()	0	[]		public	true	/home/nima/Developer/nullness-benchmarks/zuul/zuul-core/src/main/java/com/netflix/zuul/message/util/HttpRequestBuilder.java
1247	com.netflix.zuul.stats.NamedCountingMonitor	NamedCountingMonitor(java.lang.String)	0	[false]		public	false	/home/nima/Developer/nullness-benchmarks/zuul/zuul-core/src/main/java/com/netflix/zuul/stats/NamedCountingMonitor.java
1248	com.netflix.zuul.stats.NamedCountingMonitor	register()	0	[]		public	true	/home/nima/Developer/nullness-benchmarks/zuul/zuul-core/src/main/java/com/netflix/zuul/stats/NamedCountingMonitor.java
1249	com.netflix.zuul.stats.NamedCountingMonitor	increment()	0	[]		public	false	/home/nima/Developer/nullness-benchmarks/zuul/zuul-core/src/main/java/com/netflix/zuul/stats/NamedCountingMonitor.java
1250	com.netflix.zuul.stats.NamedCountingMonitor	getName()	1251	[]	java.lang.Override	public	true	/home/nima/Developer/nullness-benchmarks/zuul/zuul-core/src/main/java/com/netflix/zuul/stats/NamedCountingMonitor.java
1252	com.netflix.zuul.stats.NamedCountingMonitor	getCount()	1253	[]		public	false	/home/nima/Developer/nullness-benchmarks/zuul/zuul-core/src/main/java/com/netflix/zuul/stats/NamedCountingMonitor.java
1251	com.netflix.zuul.stats.monitoring.NamedCount	getName()	0	[]		public	true	/home/nima/Developer/nullness-benchmarks/zuul/zuul-core/src/main/java/com/netflix/zuul/stats/monitoring/NamedCount.java
1253	com.netflix.zuul.stats.monitoring.NamedCount	getCount()	0	[]		public	false	/home/nima/Developer/nullness-benchmarks/zuul/zuul-core/src/main/java/com/netflix/zuul/stats/monitoring/NamedCount.java
1254	com.netflix.zuul.stats.ErrorStatsData	ErrorStatsData(java.lang.String,java.lang.String)	0	[false, false]		public	false	/home/nima/Developer/nullness-benchmarks/zuul/zuul-core/src/main/java/com/netflix/zuul/stats/ErrorStatsData.java
1255	com.netflix.zuul.stats.ErrorStatsData	equals(java.lang.Object)	37	[false]	java.lang.Override	public	false	/home/nima/Developer/nullness-benchmarks/zuul/zuul-core/src/main/java/com/netflix/zuul/stats/ErrorStatsData.java
1256	com.netflix.zuul.stats.ErrorStatsData	hashCode()	39	[]	java.lang.Override	public	false	/home/nima/Developer/nullness-benchmarks/zuul/zuul-core/src/main/java/com/netflix/zuul/stats/ErrorStatsData.java
1257	com.netflix.zuul.stats.ErrorStatsData	update()	0	[]		public	false	/home/nima/Developer/nullness-benchmarks/zuul/zuul-core/src/main/java/com/netflix/zuul/stats/ErrorStatsData.java
1258	com.netflix.zuul.stats.ErrorStatsData	getName()	1251	[]	java.lang.Override	public	true	/home/nima/Developer/nullness-benchmarks/zuul/zuul-core/src/main/java/com/netflix/zuul/stats/ErrorStatsData.java
1259	com.netflix.zuul.stats.ErrorStatsData	getCount()	1253	[]	java.lang.Override	public	false	/home/nima/Developer/nullness-benchmarks/zuul/zuul-core/src/main/java/com/netflix/zuul/stats/ErrorStatsData.java
1260	com.netflix.zuul.stats.StatsManager	getManager()	0	[]		public	true	/home/nima/Developer/nullness-benchmarks/zuul/zuul-core/src/main/java/com/netflix/zuul/stats/StatsManager.java
1261	com.netflix.zuul.stats.StatsManager	getRouteStatusCodeMonitor(java.lang.String,int)	0	[false, false]		public	true	/home/nima/Developer/nullness-benchmarks/zuul/zuul-core/src/main/java/com/netflix/zuul/stats/StatsManager.java
1262	com.netflix.zuul.stats.StatsManager	getHostMonitor(java.lang.String)	0	[false]	com.google.common.annotations.VisibleForTesting	package	true	/home/nima/Developer/nullness-benchmarks/zuul/zuul-core/src/main/java/com/netflix/zuul/stats/StatsManager.java
1263	com.netflix.zuul.stats.StatsManager	getProtocolMonitor(java.lang.String)	0	[false]	com.google.common.annotations.VisibleForTesting	package	true	/home/nima/Developer/nullness-benchmarks/zuul/zuul-core/src/main/java/com/netflix/zuul/stats/StatsManager.java
1264	com.netflix.zuul.stats.StatsManager	hostKey(java.lang.String)	0	[false]	com.google.common.annotations.VisibleForTesting	package	true	/home/nima/Developer/nullness-benchmarks/zuul/zuul-core/src/main/java/com/netflix/zuul/stats/StatsManager.java
1265	com.netflix.zuul.stats.StatsManager	protocolKey(java.lang.String)	0	[false]		private	true	/home/nima/Developer/nullness-benchmarks/zuul/zuul-core/src/main/java/com/netflix/zuul/stats/StatsManager.java
1266	com.netflix.zuul.stats.StatsManager	collectRequestStats(com.netflix.zuul.message.http.HttpRequestInfo)	0	[false]		public	false	/home/nima/Developer/nullness-benchmarks/zuul/zuul-core/src/main/java/com/netflix/zuul/stats/StatsManager.java
1267	com.netflix.zuul.stats.StatsManager	isIPv6(java.lang.String)	0	[false]	com.google.common.annotations.VisibleForTesting	package	false	/home/nima/Developer/nullness-benchmarks/zuul/zuul-core/src/main/java/com/netflix/zuul/stats/StatsManager.java
1268	com.netflix.zuul.stats.StatsManager	extractClientIpFromXForwardedFor(java.lang.String)	0	[false]	com.google.common.annotations.VisibleForTesting	package	true	/home/nima/Developer/nullness-benchmarks/zuul/zuul-core/src/main/java/com/netflix/zuul/stats/StatsManager.java
1269	com.netflix.zuul.stats.StatsManager	incrementNamedCountingMonitor(java.lang.String,java.util.concurrent.ConcurrentMap)	0	[false, false]		protected	false	/home/nima/Developer/nullness-benchmarks/zuul/zuul-core/src/main/java/com/netflix/zuul/stats/StatsManager.java
1270	com.netflix.zuul.stats.StatsManager	collectRouteStats(java.lang.String,int)	0	[false, false]		public	false	/home/nima/Developer/nullness-benchmarks/zuul/zuul-core/src/main/java/com/netflix/zuul/stats/StatsManager.java
1271	com.netflix.zuul.stats.RouteStatusCodeMonitor	RouteStatusCodeMonitor(java.lang.String,int)	0	[false, false]		public	false	/home/nima/Developer/nullness-benchmarks/zuul/zuul-core/src/main/java/com/netflix/zuul/stats/RouteStatusCodeMonitor.java
1272	com.netflix.zuul.stats.RouteStatusCodeMonitor	equals(java.lang.Object)	37	[false]	java.lang.Override	public	false	/home/nima/Developer/nullness-benchmarks/zuul/zuul-core/src/main/java/com/netflix/zuul/stats/RouteStatusCodeMonitor.java
1273	com.netflix.zuul.stats.RouteStatusCodeMonitor	hashCode()	39	[]	java.lang.Override	public	false	/home/nima/Developer/nullness-benchmarks/zuul/zuul-core/src/main/java/com/netflix/zuul/stats/RouteStatusCodeMonitor.java
1274	com.netflix.zuul.stats.RouteStatusCodeMonitor	getName()	1251	[]	java.lang.Override	public	true	/home/nima/Developer/nullness-benchmarks/zuul/zuul-core/src/main/java/com/netflix/zuul/stats/RouteStatusCodeMonitor.java
1275	com.netflix.zuul.stats.RouteStatusCodeMonitor	getCount()	1253	[]		public	false	/home/nima/Developer/nullness-benchmarks/zuul/zuul-core/src/main/java/com/netflix/zuul/stats/RouteStatusCodeMonitor.java
1276	com.netflix.zuul.stats.RouteStatusCodeMonitor	update()	0	[]		public	false	/home/nima/Developer/nullness-benchmarks/zuul/zuul-core/src/main/java/com/netflix/zuul/stats/RouteStatusCodeMonitor.java
1277	com.netflix.zuul.stats.monitoring.Monitor	register(com.netflix.zuul.stats.monitoring.NamedCount)	0	[false]		public	false	/home/nima/Developer/nullness-benchmarks/zuul/zuul-core/src/main/java/com/netflix/zuul/stats/monitoring/Monitor.java
1278	com.netflix.zuul.stats.monitoring.MonitorRegistry	setPublisher(com.netflix.zuul.stats.monitoring.Monitor)	0	[false]		public	false	/home/nima/Developer/nullness-benchmarks/zuul/zuul-core/src/main/java/com/netflix/zuul/stats/monitoring/MonitorRegistry.java
1279	com.netflix.zuul.stats.monitoring.MonitorRegistry	getInstance()	0	[]		public	true	/home/nima/Developer/nullness-benchmarks/zuul/zuul-core/src/main/java/com/netflix/zuul/stats/monitoring/MonitorRegistry.java
1280	com.netflix.zuul.stats.monitoring.MonitorRegistry	registerObject(com.netflix.zuul.stats.monitoring.NamedCount)	0	[false]		public	false	/home/nima/Developer/nullness-benchmarks/zuul/zuul-core/src/main/java/com/netflix/zuul/stats/monitoring/MonitorRegistry.java
1281	com.netflix.zuul.stats.status.ZuulStatusCategoryGroup	ZuulStatusCategoryGroup(int)	0	[false]		private	false	/home/nima/Developer/nullness-benchmarks/zuul/zuul-core/src/main/java/com/netflix/zuul/stats/status/ZuulStatusCategoryGroup.java
1282	com.netflix.zuul.stats.status.ZuulStatusCategoryGroup	getId()	555	[]	java.lang.Override	public	false	/home/nima/Developer/nullness-benchmarks/zuul/zuul-core/src/main/java/com/netflix/zuul/stats/status/ZuulStatusCategoryGroup.java
1283	com.netflix.zuul.stats.status.StatusCategoryUtils	getStatusCategory(com.netflix.zuul.message.ZuulMessage)	0	[false]		public	true	/home/nima/Developer/nullness-benchmarks/zuul/zuul-core/src/main/java/com/netflix/zuul/stats/status/StatusCategoryUtils.java
1284	com.netflix.zuul.stats.status.StatusCategoryUtils	getStatusCategory(com.netflix.zuul.context.SessionContext)	0	[false]		public	true	/home/nima/Developer/nullness-benchmarks/zuul/zuul-core/src/main/java/com/netflix/zuul/stats/status/StatusCategoryUtils.java
1285	com.netflix.zuul.stats.status.StatusCategoryUtils	setStatusCategory(com.netflix.zuul.context.SessionContext,com.netflix.zuul.stats.status.StatusCategory)	0	[false, false]		public	false	/home/nima/Developer/nullness-benchmarks/zuul/zuul-core/src/main/java/com/netflix/zuul/stats/status/StatusCategoryUtils.java
1286	com.netflix.zuul.stats.status.StatusCategoryUtils	getOriginStatusCategory(com.netflix.zuul.context.SessionContext)	0	[false]		public	true	/home/nima/Developer/nullness-benchmarks/zuul/zuul-core/src/main/java/com/netflix/zuul/stats/status/StatusCategoryUtils.java
1287	com.netflix.zuul.stats.status.StatusCategoryUtils	isResponseHttpErrorStatus(com.netflix.zuul.message.http.HttpResponseMessage)	0	[false]		public	false	/home/nima/Developer/nullness-benchmarks/zuul/zuul-core/src/main/java/com/netflix/zuul/stats/status/StatusCategoryUtils.java
1288	com.netflix.zuul.stats.status.StatusCategoryUtils	isResponseHttpErrorStatus(int)	0	[false]		public	false	/home/nima/Developer/nullness-benchmarks/zuul/zuul-core/src/main/java/com/netflix/zuul/stats/status/StatusCategoryUtils.java
1289	com.netflix.zuul.stats.status.StatusCategoryUtils	storeStatusCategoryIfNotAlreadyFailure(com.netflix.zuul.context.SessionContext,com.netflix.zuul.stats.status.StatusCategory)	0	[false, false]		public	false	/home/nima/Developer/nullness-benchmarks/zuul/zuul-core/src/main/java/com/netflix/zuul/stats/status/StatusCategoryUtils.java
1290	com.netflix.zuul.stats.BasicRequestMetricsPublisher	collectAndPublish(com.netflix.zuul.context.SessionContext)	576	[false]	java.lang.Override	public	false	/home/nima/Developer/nullness-benchmarks/zuul/zuul-core/src/main/java/com/netflix/zuul/stats/BasicRequestMetricsPublisher.java
1291	com.netflix.zuul.stats.AmazonInfoHolder	getInfo()	0	[]		public	true	/home/nima/Developer/nullness-benchmarks/zuul/zuul-core/src/main/java/com/netflix/zuul/stats/AmazonInfoHolder.java
1292	com.netflix.zuul.stats.AmazonInfoHolder	AmazonInfoHolder()	0	[]		private	false	/home/nima/Developer/nullness-benchmarks/zuul/zuul-core/src/main/java/com/netflix/zuul/stats/AmazonInfoHolder.java
1293	com.netflix.zuul.stats.ErrorStatsManager	getManager()	0	[]		public	true	/home/nima/Developer/nullness-benchmarks/zuul/zuul-core/src/main/java/com/netflix/zuul/stats/ErrorStatsManager.java
1294	com.netflix.zuul.stats.ErrorStatsManager	getStats(java.lang.String,java.lang.String)	0	[false, false]		public	true	/home/nima/Developer/nullness-benchmarks/zuul/zuul-core/src/main/java/com/netflix/zuul/stats/ErrorStatsManager.java
1295	com.netflix.zuul.stats.ErrorStatsManager	putStats(java.lang.String,java.lang.String)	0	[false, false]		public	false	/home/nima/Developer/nullness-benchmarks/zuul/zuul-core/src/main/java/com/netflix/zuul/stats/ErrorStatsManager.java
1296	com.netflix.zuul.ZuulApplicationInfo	getApplicationName()	0	[]		public	true	/home/nima/Developer/nullness-benchmarks/zuul/zuul-core/src/main/java/com/netflix/zuul/ZuulApplicationInfo.java
1297	com.netflix.zuul.ZuulApplicationInfo	setApplicationName(java.lang.String)	0	[false]		public	false	/home/nima/Developer/nullness-benchmarks/zuul/zuul-core/src/main/java/com/netflix/zuul/ZuulApplicationInfo.java
1298	com.netflix.zuul.ZuulApplicationInfo	getStack()	0	[]		public	true	/home/nima/Developer/nullness-benchmarks/zuul/zuul-core/src/main/java/com/netflix/zuul/ZuulApplicationInfo.java
1299	com.netflix.zuul.ZuulApplicationInfo	setStack(java.lang.String)	0	[false]		public	false	/home/nima/Developer/nullness-benchmarks/zuul/zuul-core/src/main/java/com/netflix/zuul/ZuulApplicationInfo.java
1300	com.netflix.zuul.DynamicFilterLoader	DynamicFilterLoader(com.netflix.zuul.filters.FilterRegistry,com.netflix.zuul.DynamicCodeCompiler,com.netflix.zuul.FilterFactory)	0	[false, false, false]	javax.inject.Inject	public	false	/home/nima/Developer/nullness-benchmarks/zuul/zuul-core/src/main/java/com/netflix/zuul/DynamicFilterLoader.java
1301	com.netflix.zuul.DynamicFilterLoader	getFilter(java.lang.String,java.lang.String)	0	[false, false]	java.lang.Deprecated	public	true	/home/nima/Developer/nullness-benchmarks/zuul/zuul-core/src/main/java/com/netflix/zuul/DynamicFilterLoader.java
1302	com.netflix.zuul.DynamicFilterLoader	filterInstanceMapSize()	0	[]		public	false	/home/nima/Developer/nullness-benchmarks/zuul/zuul-core/src/main/java/com/netflix/zuul/DynamicFilterLoader.java
1303	com.netflix.zuul.DynamicFilterLoader	putFilter(java.io.File)	910	[false]	java.lang.Override	public	false	/home/nima/Developer/nullness-benchmarks/zuul/zuul-core/src/main/java/com/netflix/zuul/DynamicFilterLoader.java
1304	com.netflix.zuul.DynamicFilterLoader	putFilter(java.lang.String,com.netflix.zuul.filters.ZuulFilter,long)	0	[false, false, false]		private	false	/home/nima/Developer/nullness-benchmarks/zuul/zuul-core/src/main/java/com/netflix/zuul/DynamicFilterLoader.java
1305	com.netflix.zuul.DynamicFilterLoader	putFiltersForClasses(java.lang.String[])	911	[false]	java.lang.Override	public	true	/home/nima/Developer/nullness-benchmarks/zuul/zuul-core/src/main/java/com/netflix/zuul/DynamicFilterLoader.java
1306	com.netflix.zuul.DynamicFilterLoader	putFilterForClassName(java.lang.String)	912	[false]	java.lang.Override	public	true	/home/nima/Developer/nullness-benchmarks/zuul/zuul-core/src/main/java/com/netflix/zuul/DynamicFilterLoader.java
1307	com.netflix.zuul.DynamicFilterLoader	getFiltersByType(com.netflix.zuul.filters.FilterType)	913	[false]	java.lang.Override	public	true	/home/nima/Developer/nullness-benchmarks/zuul/zuul-core/src/main/java/com/netflix/zuul/DynamicFilterLoader.java
1308	com.netflix.zuul.DynamicFilterLoader	getFilterByNameAndType(java.lang.String,com.netflix.zuul.filters.FilterType)	914	[false, false]	java.lang.Override	public	true	/home/nima/Developer/nullness-benchmarks/zuul/zuul-core/src/main/java/com/netflix/zuul/DynamicFilterLoader.java
1309	com.netflix.zuul.DynamicCodeCompiler	compile(java.lang.String,java.lang.String)	0	[false, false]		public	true	/home/nima/Developer/nullness-benchmarks/zuul/zuul-core/src/main/java/com/netflix/zuul/DynamicCodeCompiler.java
1310	com.netflix.zuul.DynamicCodeCompiler	compile(java.io.File)	0	[false]		public	true	/home/nima/Developer/nullness-benchmarks/zuul/zuul-core/src/main/java/com/netflix/zuul/DynamicCodeCompiler.java
1311	com.netflix.zuul.FilterFileManager	FilterFileManager(com.netflix.zuul.FilterFileManager.FilterFileManagerConfig,com.netflix.zuul.FilterLoader)	0	[false, false]	javax.inject.Inject	public	false	/home/nima/Developer/nullness-benchmarks/zuul/zuul-core/src/main/java/com/netflix/zuul/FilterFileManager.java
1312	com.netflix.zuul.FilterFileManager	init()	0	[]	javax.inject.Inject	public	false	/home/nima/Developer/nullness-benchmarks/zuul/zuul-core/src/main/java/com/netflix/zuul/FilterFileManager.java
1313	com.netflix.zuul.FilterFileManager	shutdown()	0	[]		public	false	/home/nima/Developer/nullness-benchmarks/zuul/zuul-core/src/main/java/com/netflix/zuul/FilterFileManager.java
1314	com.netflix.zuul.FilterFileManager	stopPoller()	0	[]		package	false	/home/nima/Developer/nullness-benchmarks/zuul/zuul-core/src/main/java/com/netflix/zuul/FilterFileManager.java
1315	com.netflix.zuul.FilterFileManager	startPoller()	0	[]		package	false	/home/nima/Developer/nullness-benchmarks/zuul/zuul-core/src/main/java/com/netflix/zuul/FilterFileManager.java
1316	com.netflix.zuul.FilterFileManager$1	run()	1317	[]		public	false	/home/nima/Developer/nullness-benchmarks/zuul/zuul-core/src/main/java/com/netflix/zuul/FilterFileManager.java
1318	com.netflix.zuul.FilterFileManager	getDirectory(java.lang.String)	0	[false]		public	true	/home/nima/Developer/nullness-benchmarks/zuul/zuul-core/src/main/java/com/netflix/zuul/FilterFileManager.java
1319	com.netflix.zuul.FilterFileManager	getFiles()	0	[]		package	true	/home/nima/Developer/nullness-benchmarks/zuul/zuul-core/src/main/java/com/netflix/zuul/FilterFileManager.java
1320	com.netflix.zuul.FilterFileManager	processGroovyFiles(java.util.List)	0	[false]		package	false	/home/nima/Developer/nullness-benchmarks/zuul/zuul-core/src/main/java/com/netflix/zuul/FilterFileManager.java
1321	com.netflix.zuul.FilterFileManager	manageFiles()	0	[]		package	false	/home/nima/Developer/nullness-benchmarks/zuul/zuul-core/src/main/java/com/netflix/zuul/FilterFileManager.java
1322	com.netflix.zuul.FilterFileManager$FilterFileManagerConfig	FilterFileManagerConfig(java.lang.String[],java.lang.String[],int,java.io.FilenameFilter)	0	[false, false, false, false]		public	false	/home/nima/Developer/nullness-benchmarks/zuul/zuul-core/src/main/java/com/netflix/zuul/FilterFileManager.java
1323	com.netflix.zuul.FilterFileManager$FilterFileManagerConfig	getDirectories()	0	[]		public	true	/home/nima/Developer/nullness-benchmarks/zuul/zuul-core/src/main/java/com/netflix/zuul/FilterFileManager.java
1324	com.netflix.zuul.FilterFileManager$FilterFileManagerConfig	getClassNames()	0	[]		public	true	/home/nima/Developer/nullness-benchmarks/zuul/zuul-core/src/main/java/com/netflix/zuul/FilterFileManager.java
1325	com.netflix.zuul.FilterFileManager$FilterFileManagerConfig	getPollingIntervalSeconds()	0	[]		public	false	/home/nima/Developer/nullness-benchmarks/zuul/zuul-core/src/main/java/com/netflix/zuul/FilterFileManager.java
1326	com.netflix.zuul.FilterFileManager$FilterFileManagerConfig	getFilenameFilter()	0	[]		public	true	/home/nima/Developer/nullness-benchmarks/zuul/zuul-core/src/main/java/com/netflix/zuul/FilterFileManager.java
1327	com.netflix.zuul.netty.connectionpool.ClientTimeoutHandler$InboundHandler	channelRead(io.netty.channel.ChannelHandlerContext,java.lang.Object)	14	[false, false]	java.lang.Override	public	false	/home/nima/Developer/nullness-benchmarks/zuul/zuul-core/src/main/java/com/netflix/zuul/netty/connectionpool/ClientTimeoutHandler.java
1328	com.netflix.zuul.netty.connectionpool.ClientTimeoutHandler$OutboundHandler	write(io.netty.channel.ChannelHandlerContext,java.lang.Object,io.netty.channel.ChannelPromise)	6	[false, false, false]	java.lang.Override	public	false	/home/nima/Developer/nullness-benchmarks/zuul/zuul-core/src/main/java/com/netflix/zuul/netty/connectionpool/ClientTimeoutHandler.java
1329	com.netflix.zuul.netty.connectionpool.NettyClientConnectionFactory	NettyClientConnectionFactory(com.netflix.zuul.netty.connectionpool.ConnectionPoolConfig,io.netty.channel.ChannelInitializer)	0	[false, false]		package	false	/home/nima/Developer/nullness-benchmarks/zuul/zuul-core/src/main/java/com/netflix/zuul/netty/connectionpool/NettyClientConnectionFactory.java
1330	com.netflix.zuul.netty.connectionpool.NettyClientConnectionFactory	connect(io.netty.channel.EventLoop,java.net.SocketAddress,com.netflix.zuul.passport.CurrentPassport)	0	[false, false, false]		public	true	/home/nima/Developer/nullness-benchmarks/zuul/zuul-core/src/main/java/com/netflix/zuul/netty/connectionpool/NettyClientConnectionFactory.java
1331	com.netflix.zuul.netty.connectionpool.ConnectionPoolConfigImpl	ConnectionPoolConfigImpl(com.netflix.zuul.origins.OriginName,com.netflix.client.config.IClientConfig)	0	[false, false]		public	false	/home/nima/Developer/nullness-benchmarks/zuul/zuul-core/src/main/java/com/netflix/zuul/netty/connectionpool/ConnectionPoolConfigImpl.java
1332	com.netflix.zuul.netty.connectionpool.ConnectionPoolConfigImpl	getOriginName()	882	[]	java.lang.Override	public	true	/home/nima/Developer/nullness-benchmarks/zuul/zuul-core/src/main/java/com/netflix/zuul/netty/connectionpool/ConnectionPoolConfigImpl.java
1333	com.netflix.zuul.netty.connectionpool.ConnectionPoolConfigImpl	getConnectTimeout()	886	[]	java.lang.Override	public	false	/home/nima/Developer/nullness-benchmarks/zuul/zuul-core/src/main/java/com/netflix/zuul/netty/connectionpool/ConnectionPoolConfigImpl.java
1334	com.netflix.zuul.netty.connectionpool.ConnectionPoolConfigImpl	getMaxRequestsPerConnection()	883	[]	java.lang.Override	public	false	/home/nima/Developer/nullness-benchmarks/zuul/zuul-core/src/main/java/com/netflix/zuul/netty/connectionpool/ConnectionPoolConfigImpl.java
1335	com.netflix.zuul.netty.connectionpool.ConnectionPoolConfigImpl	maxConnectionsPerHost()	884	[]	java.lang.Override	public	false	/home/nima/Developer/nullness-benchmarks/zuul/zuul-core/src/main/java/com/netflix/zuul/netty/connectionpool/ConnectionPoolConfigImpl.java
1336	com.netflix.zuul.netty.connectionpool.ConnectionPoolConfigImpl	perServerWaterline()	885	[]	java.lang.Override	public	false	/home/nima/Developer/nullness-benchmarks/zuul/zuul-core/src/main/java/com/netflix/zuul/netty/connectionpool/ConnectionPoolConfigImpl.java
1337	com.netflix.zuul.netty.connectionpool.ConnectionPoolConfigImpl	getIdleTimeout()	887	[]	java.lang.Override	public	false	/home/nima/Developer/nullness-benchmarks/zuul/zuul-core/src/main/java/com/netflix/zuul/netty/connectionpool/ConnectionPoolConfigImpl.java
1338	com.netflix.zuul.netty.connectionpool.ConnectionPoolConfigImpl	getTcpKeepAlive()	892	[]	java.lang.Override	public	false	/home/nima/Developer/nullness-benchmarks/zuul/zuul-core/src/main/java/com/netflix/zuul/netty/connectionpool/ConnectionPoolConfigImpl.java
1339	com.netflix.zuul.netty.connectionpool.ConnectionPoolConfigImpl	getTcpNoDelay()	893	[]	java.lang.Override	public	false	/home/nima/Developer/nullness-benchmarks/zuul/zuul-core/src/main/java/com/netflix/zuul/netty/connectionpool/ConnectionPoolConfigImpl.java
1340	com.netflix.zuul.netty.connectionpool.ConnectionPoolConfigImpl	getTcpReceiveBufferSize()	888	[]	java.lang.Override	public	false	/home/nima/Developer/nullness-benchmarks/zuul/zuul-core/src/main/java/com/netflix/zuul/netty/connectionpool/ConnectionPoolConfigImpl.java
1341	com.netflix.zuul.netty.connectionpool.ConnectionPoolConfigImpl	getTcpSendBufferSize()	889	[]	java.lang.Override	public	false	/home/nima/Developer/nullness-benchmarks/zuul/zuul-core/src/main/java/com/netflix/zuul/netty/connectionpool/ConnectionPoolConfigImpl.java
1342	com.netflix.zuul.netty.connectionpool.ConnectionPoolConfigImpl	getNettyWriteBufferHighWaterMark()	890	[]	java.lang.Override	public	false	/home/nima/Developer/nullness-benchmarks/zuul/zuul-core/src/main/java/com/netflix/zuul/netty/connectionpool/ConnectionPoolConfigImpl.java
1343	com.netflix.zuul.netty.connectionpool.ConnectionPoolConfigImpl	getNettyWriteBufferLowWaterMark()	891	[]	java.lang.Override	public	false	/home/nima/Developer/nullness-benchmarks/zuul/zuul-core/src/main/java/com/netflix/zuul/netty/connectionpool/ConnectionPoolConfigImpl.java
1344	com.netflix.zuul.netty.connectionpool.ConnectionPoolConfigImpl	getNettyAutoRead()	894	[]	java.lang.Override	public	false	/home/nima/Developer/nullness-benchmarks/zuul/zuul-core/src/main/java/com/netflix/zuul/netty/connectionpool/ConnectionPoolConfigImpl.java
1345	com.netflix.zuul.netty.connectionpool.ConnectionPoolConfigImpl	isSecure()	895	[]	java.lang.Override	public	false	/home/nima/Developer/nullness-benchmarks/zuul/zuul-core/src/main/java/com/netflix/zuul/netty/connectionpool/ConnectionPoolConfigImpl.java
1346	com.netflix.zuul.netty.connectionpool.ConnectionPoolConfigImpl	useIPAddrForServer()	896	[]	java.lang.Override	public	false	/home/nima/Developer/nullness-benchmarks/zuul/zuul-core/src/main/java/com/netflix/zuul/netty/connectionpool/ConnectionPoolConfigImpl.java
1347	com.netflix.zuul.netty.connectionpool.OriginConnectException	OriginConnectException(java.lang.String,com.netflix.zuul.exception.ErrorType)	0	[false, false]		public	false	/home/nima/Developer/nullness-benchmarks/zuul/zuul-core/src/main/java/com/netflix/zuul/netty/connectionpool/OriginConnectException.java
1348	com.netflix.zuul.netty.connectionpool.OriginConnectException	OriginConnectException(java.lang.String,java.lang.Throwable,com.netflix.zuul.exception.ErrorType)	0	[false, false, false]		public	false	/home/nima/Developer/nullness-benchmarks/zuul/zuul-core/src/main/java/com/netflix/zuul/netty/connectionpool/OriginConnectException.java
1349	com.netflix.zuul.netty.connectionpool.OriginConnectException	getErrorType()	0	[]		public	true	/home/nima/Developer/nullness-benchmarks/zuul/zuul-core/src/main/java/com/netflix/zuul/netty/connectionpool/OriginConnectException.java
1350	com.netflix.zuul.netty.connectionpool.PerServerConnectionPool	PerServerConnectionPool(com.netflix.zuul.discovery.DiscoveryResult,java.net.SocketAddress,com.netflix.zuul.netty.connectionpool.NettyClientConnectionFactory,com.netflix.zuul.netty.connectionpool.PooledConnectionFactory,com.netflix.zuul.netty.connectionpool.ConnectionPoolConfig,com.netflix.client.config.IClientConfig,com.netflix.spectator.api.Counter,com.netflix.spectator.api.Counter,com.netflix.spectator.api.Counter,com.netflix.spectator.api.Counter,com.netflix.spectator.api.Counter,com.netflix.spectator.api.Counter,com.netflix.spectator.api.Counter,com.netflix.spectator.api.Counter,com.netflix.spectator.api.Timer,java.util.concurrent.atomic.AtomicInteger,java.util.concurrent.atomic.AtomicInteger)	0	[false, false, false, false, false, false, false, false, false, false, false, false, false, false, false, false, false]		public	false	/home/nima/Developer/nullness-benchmarks/zuul/zuul-core/src/main/java/com/netflix/zuul/netty/connectionpool/PerServerConnectionPool.java
1351	com.netflix.zuul.netty.connectionpool.PerServerConnectionPool	getConfig()	1352	[]	java.lang.Override	public	true	/home/nima/Developer/nullness-benchmarks/zuul/zuul-core/src/main/java/com/netflix/zuul/netty/connectionpool/PerServerConnectionPool.java
1353	com.netflix.zuul.netty.connectionpool.PerServerConnectionPool	getNiwsClientConfig()	0	[]		public	true	/home/nima/Developer/nullness-benchmarks/zuul/zuul-core/src/main/java/com/netflix/zuul/netty/connectionpool/PerServerConnectionPool.java
1354	com.netflix.zuul.netty.connectionpool.PerServerConnectionPool	isAvailable()	1355	[]	java.lang.Override	public	false	/home/nima/Developer/nullness-benchmarks/zuul/zuul-core/src/main/java/com/netflix/zuul/netty/connectionpool/PerServerConnectionPool.java
1356	com.netflix.zuul.netty.connectionpool.PerServerConnectionPool	onAcquire(com.netflix.zuul.netty.connectionpool.PooledConnection,com.netflix.zuul.passport.CurrentPassport)	0	[false, false]		protected	false	/home/nima/Developer/nullness-benchmarks/zuul/zuul-core/src/main/java/com/netflix/zuul/netty/connectionpool/PerServerConnectionPool.java
1357	com.netflix.zuul.netty.connectionpool.PerServerConnectionPool	removeIdleStateHandler(com.netflix.zuul.netty.connectionpool.PooledConnection)	0	[false]		protected	false	/home/nima/Developer/nullness-benchmarks/zuul/zuul-core/src/main/java/com/netflix/zuul/netty/connectionpool/PerServerConnectionPool.java
1358	com.netflix.zuul.netty.connectionpool.PerServerConnectionPool	acquire(io.netty.channel.EventLoop,com.netflix.zuul.passport.CurrentPassport,java.util.concurrent.atomic.AtomicReference)	1359	[false, false, false]	java.lang.Override	public	true	/home/nima/Developer/nullness-benchmarks/zuul/zuul-core/src/main/java/com/netflix/zuul/netty/connectionpool/PerServerConnectionPool.java
1360	com.netflix.zuul.netty.connectionpool.PerServerConnectionPool	tryGettingFromConnectionPool(io.netty.channel.EventLoop)	0	[false]		public	true	/home/nima/Developer/nullness-benchmarks/zuul/zuul-core/src/main/java/com/netflix/zuul/netty/connectionpool/PerServerConnectionPool.java
1361	com.netflix.zuul.netty.connectionpool.PerServerConnectionPool	isValidFromPool(com.netflix.zuul.netty.connectionpool.PooledConnection)	0	[false]		protected	false	/home/nima/Developer/nullness-benchmarks/zuul/zuul-core/src/main/java/com/netflix/zuul/netty/connectionpool/PerServerConnectionPool.java
1362	com.netflix.zuul.netty.connectionpool.PerServerConnectionPool	initPooledConnection(com.netflix.zuul.netty.connectionpool.PooledConnection,io.netty.util.concurrent.Promise)	0	[false, false]		protected	false	/home/nima/Developer/nullness-benchmarks/zuul/zuul-core/src/main/java/com/netflix/zuul/netty/connectionpool/PerServerConnectionPool.java
1363	com.netflix.zuul.netty.connectionpool.PerServerConnectionPool	getPoolForEventLoop(io.netty.channel.EventLoop)	0	[false]		protected	true	/home/nima/Developer/nullness-benchmarks/zuul/zuul-core/src/main/java/com/netflix/zuul/netty/connectionpool/PerServerConnectionPool.java
1364	com.netflix.zuul.netty.connectionpool.PerServerConnectionPool	tryMakingNewConnection(io.netty.channel.EventLoop,io.netty.util.concurrent.Promise,com.netflix.zuul.passport.CurrentPassport,java.util.concurrent.atomic.AtomicReference)	0	[false, false, false, false]		protected	false	/home/nima/Developer/nullness-benchmarks/zuul/zuul-core/src/main/java/com/netflix/zuul/netty/connectionpool/PerServerConnectionPool.java
1365	com.netflix.zuul.netty.connectionpool.PerServerConnectionPool	connectToServer(io.netty.channel.EventLoop,com.netflix.zuul.passport.CurrentPassport,java.net.SocketAddress)	0	[false, false, false]		protected	true	/home/nima/Developer/nullness-benchmarks/zuul/zuul-core/src/main/java/com/netflix/zuul/netty/connectionpool/PerServerConnectionPool.java
1366	com.netflix.zuul.netty.connectionpool.PerServerConnectionPool	handleConnectCompletion(io.netty.channel.ChannelFuture,io.netty.util.concurrent.Promise,com.netflix.zuul.passport.CurrentPassport)	0	[false, false, false]		protected	false	/home/nima/Developer/nullness-benchmarks/zuul/zuul-core/src/main/java/com/netflix/zuul/netty/connectionpool/PerServerConnectionPool.java
1367	com.netflix.zuul.netty.connectionpool.PerServerConnectionPool	createConnection(io.netty.channel.ChannelFuture,io.netty.util.concurrent.Promise,com.netflix.zuul.passport.CurrentPassport)	0	[false, false, false]		protected	false	/home/nima/Developer/nullness-benchmarks/zuul/zuul-core/src/main/java/com/netflix/zuul/netty/connectionpool/PerServerConnectionPool.java
1368	com.netflix.zuul.netty.connectionpool.PerServerConnectionPool	release(com.netflix.zuul.netty.connectionpool.PooledConnection)	1369	[false]	java.lang.Override	public	false	/home/nima/Developer/nullness-benchmarks/zuul/zuul-core/src/main/java/com/netflix/zuul/netty/connectionpool/PerServerConnectionPool.java
1370	com.netflix.zuul.netty.connectionpool.PerServerConnectionPool	remove(com.netflix.zuul.netty.connectionpool.PooledConnection)	1371	[false]	java.lang.Override	public	false	/home/nima/Developer/nullness-benchmarks/zuul/zuul-core/src/main/java/com/netflix/zuul/netty/connectionpool/PerServerConnectionPool.java
1372	com.netflix.zuul.netty.connectionpool.PerServerConnectionPool	shutdown()	1373	[]	java.lang.Override	public	false	/home/nima/Developer/nullness-benchmarks/zuul/zuul-core/src/main/java/com/netflix/zuul/netty/connectionpool/PerServerConnectionPool.java
1374	com.netflix.zuul.netty.connectionpool.PerServerConnectionPool	getConnsInPool()	1375	[]	java.lang.Override	public	false	/home/nima/Developer/nullness-benchmarks/zuul/zuul-core/src/main/java/com/netflix/zuul/netty/connectionpool/PerServerConnectionPool.java
1376	com.netflix.zuul.netty.connectionpool.PerServerConnectionPool	getConnsInUse()	1377	[]	java.lang.Override	public	false	/home/nima/Developer/nullness-benchmarks/zuul/zuul-core/src/main/java/com/netflix/zuul/netty/connectionpool/PerServerConnectionPool.java
1378	com.netflix.zuul.netty.connectionpool.PerServerConnectionPool	getSelectedHostString(java.net.SocketAddress)	0	[false]		private	true	/home/nima/Developer/nullness-benchmarks/zuul/zuul-core/src/main/java/com/netflix/zuul/netty/connectionpool/PerServerConnectionPool.java
1359	com.netflix.zuul.netty.connectionpool.IConnectionPool	acquire(io.netty.channel.EventLoop,com.netflix.zuul.passport.CurrentPassport,java.util.concurrent.atomic.AtomicReference)	0	[false, false, false]		public	true	/home/nima/Developer/nullness-benchmarks/zuul/zuul-core/src/main/java/com/netflix/zuul/netty/connectionpool/IConnectionPool.java
1369	com.netflix.zuul.netty.connectionpool.IConnectionPool	release(com.netflix.zuul.netty.connectionpool.PooledConnection)	0	[false]		public	false	/home/nima/Developer/nullness-benchmarks/zuul/zuul-core/src/main/java/com/netflix/zuul/netty/connectionpool/IConnectionPool.java
1371	com.netflix.zuul.netty.connectionpool.IConnectionPool	remove(com.netflix.zuul.netty.connectionpool.PooledConnection)	0	[false]		public	false	/home/nima/Developer/nullness-benchmarks/zuul/zuul-core/src/main/java/com/netflix/zuul/netty/connectionpool/IConnectionPool.java
1373	com.netflix.zuul.netty.connectionpool.IConnectionPool	shutdown()	0	[]		public	false	/home/nima/Developer/nullness-benchmarks/zuul/zuul-core/src/main/java/com/netflix/zuul/netty/connectionpool/IConnectionPool.java
1355	com.netflix.zuul.netty.connectionpool.IConnectionPool	isAvailable()	0	[]		public	false	/home/nima/Developer/nullness-benchmarks/zuul/zuul-core/src/main/java/com/netflix/zuul/netty/connectionpool/IConnectionPool.java
1377	com.netflix.zuul.netty.connectionpool.IConnectionPool	getConnsInUse()	0	[]		public	false	/home/nima/Developer/nullness-benchmarks/zuul/zuul-core/src/main/java/com/netflix/zuul/netty/connectionpool/IConnectionPool.java
1375	com.netflix.zuul.netty.connectionpool.IConnectionPool	getConnsInPool()	0	[]		public	false	/home/nima/Developer/nullness-benchmarks/zuul/zuul-core/src/main/java/com/netflix/zuul/netty/connectionpool/IConnectionPool.java
1352	com.netflix.zuul.netty.connectionpool.IConnectionPool	getConfig()	0	[]		public	true	/home/nima/Developer/nullness-benchmarks/zuul/zuul-core/src/main/java/com/netflix/zuul/netty/connectionpool/IConnectionPool.java
1379	com.netflix.zuul.netty.connectionpool.PooledConnectionFactory	create(io.netty.channel.Channel)	0	[false]		public	true	/home/nima/Developer/nullness-benchmarks/zuul/zuul-core/src/main/java/com/netflix/zuul/netty/connectionpool/PooledConnectionFactory.java
1380	com.netflix.zuul.netty.connectionpool.DefaultClientChannelManager	DefaultClientChannelManager(com.netflix.zuul.origins.OriginName,com.netflix.client.config.IClientConfig,com.netflix.spectator.api.Registry)	0	[false, false, false]		public	false	/home/nima/Developer/nullness-benchmarks/zuul/zuul-core/src/main/java/com/netflix/zuul/netty/connectionpool/DefaultClientChannelManager.java
1381	com.netflix.zuul.netty.connectionpool.DefaultClientChannelManager	DefaultClientChannelManager(com.netflix.zuul.origins.OriginName,com.netflix.client.config.IClientConfig,com.netflix.zuul.resolver.Resolver,com.netflix.spectator.api.Registry)	0	[false, false, false, false]	com.google.common.annotations.VisibleForTesting	public	false	/home/nima/Developer/nullness-benchmarks/zuul/zuul-core/src/main/java/com/netflix/zuul/netty/connectionpool/DefaultClientChannelManager.java
1382	com.netflix.zuul.netty.connectionpool.DefaultClientChannelManager	init()	870	[]	java.lang.Override	public	false	/home/nima/Developer/nullness-benchmarks/zuul/zuul-core/src/main/java/com/netflix/zuul/netty/connectionpool/DefaultClientChannelManager.java
1383	com.netflix.zuul.netty.connectionpool.DefaultClientChannelManager	createChannelInitializer(com.netflix.client.config.IClientConfig,com.netflix.zuul.netty.connectionpool.ConnectionPoolConfig,com.netflix.spectator.api.Registry)	0	[false, false, false]		protected	true	/home/nima/Developer/nullness-benchmarks/zuul/zuul-core/src/main/java/com/netflix/zuul/netty/connectionpool/DefaultClientChannelManager.java
1384	com.netflix.zuul.netty.connectionpool.DefaultClientChannelManager	createNettyClientConnectionFactory(com.netflix.zuul.netty.connectionpool.ConnectionPoolConfig,io.netty.channel.ChannelInitializer)	0	[false, false]		protected	true	/home/nima/Developer/nullness-benchmarks/zuul/zuul-core/src/main/java/com/netflix/zuul/netty/connectionpool/DefaultClientChannelManager.java
1385	com.netflix.zuul.netty.connectionpool.DefaultClientChannelManager	getConfig()	881	[]	java.lang.Override	public	true	/home/nima/Developer/nullness-benchmarks/zuul/zuul-core/src/main/java/com/netflix/zuul/netty/connectionpool/DefaultClientChannelManager.java
1386	com.netflix.zuul.netty.connectionpool.DefaultClientChannelManager	isAvailable()	871	[]	java.lang.Override	public	false	/home/nima/Developer/nullness-benchmarks/zuul/zuul-core/src/main/java/com/netflix/zuul/netty/connectionpool/DefaultClientChannelManager.java
1387	com.netflix.zuul.netty.connectionpool.DefaultClientChannelManager	isCold()	877	[]	java.lang.Override	public	false	/home/nima/Developer/nullness-benchmarks/zuul/zuul-core/src/main/java/com/netflix/zuul/netty/connectionpool/DefaultClientChannelManager.java
1388	com.netflix.zuul.netty.connectionpool.DefaultClientChannelManager	getInflightRequestsCount()	872	[]	java.lang.Override	public	false	/home/nima/Developer/nullness-benchmarks/zuul/zuul-core/src/main/java/com/netflix/zuul/netty/connectionpool/DefaultClientChannelManager.java
1389	com.netflix.zuul.netty.connectionpool.DefaultClientChannelManager	shutdown()	873	[]	java.lang.Override	public	false	/home/nima/Developer/nullness-benchmarks/zuul/zuul-core/src/main/java/com/netflix/zuul/netty/connectionpool/DefaultClientChannelManager.java
1390	com.netflix.zuul.netty.connectionpool.DefaultClientChannelManager	release(com.netflix.zuul.netty.connectionpool.PooledConnection)	874	[false]	java.lang.Override	public	false	/home/nima/Developer/nullness-benchmarks/zuul/zuul-core/src/main/java/com/netflix/zuul/netty/connectionpool/DefaultClientChannelManager.java
1391	com.netflix.zuul.netty.connectionpool.DefaultClientChannelManager	releaseHandlers(com.netflix.zuul.netty.connectionpool.PooledConnection)	0	[false]		protected	false	/home/nima/Developer/nullness-benchmarks/zuul/zuul-core/src/main/java/com/netflix/zuul/netty/connectionpool/DefaultClientChannelManager.java
1392	com.netflix.zuul.netty.connectionpool.DefaultClientChannelManager	removeHandlerFromPipeline(java.lang.String,io.netty.channel.ChannelPipeline)	0	[false, false]		public	false	/home/nima/Developer/nullness-benchmarks/zuul/zuul-core/src/main/java/com/netflix/zuul/netty/connectionpool/DefaultClientChannelManager.java
1393	com.netflix.zuul.netty.connectionpool.DefaultClientChannelManager	remove(com.netflix.zuul.netty.connectionpool.PooledConnection)	878	[false]	java.lang.Override	public	false	/home/nima/Developer/nullness-benchmarks/zuul/zuul-core/src/main/java/com/netflix/zuul/netty/connectionpool/DefaultClientChannelManager.java
1394	com.netflix.zuul.netty.connectionpool.DefaultClientChannelManager	acquire(io.netty.channel.EventLoop)	875	[false]	java.lang.Override	public	true	/home/nima/Developer/nullness-benchmarks/zuul/zuul-core/src/main/java/com/netflix/zuul/netty/connectionpool/DefaultClientChannelManager.java
1395	com.netflix.zuul.netty.connectionpool.DefaultClientChannelManager	acquire(io.netty.channel.EventLoop,java.lang.Object,com.netflix.zuul.passport.CurrentPassport,java.util.concurrent.atomic.AtomicReference,java.util.concurrent.atomic.AtomicReference)	876	[false, false, false, false, false]	java.lang.Override	public	true	/home/nima/Developer/nullness-benchmarks/zuul/zuul-core/src/main/java/com/netflix/zuul/netty/connectionpool/DefaultClientChannelManager.java
1396	com.netflix.zuul.netty.connectionpool.DefaultClientChannelManager	createPooledConnectionFactory(com.netflix.zuul.discovery.DiscoveryResult,com.netflix.zuul.netty.connectionpool.ClientChannelManager,com.netflix.spectator.api.Counter,com.netflix.spectator.api.Counter)	0	[false, false, false, false]		protected	true	/home/nima/Developer/nullness-benchmarks/zuul/zuul-core/src/main/java/com/netflix/zuul/netty/connectionpool/DefaultClientChannelManager.java
1397	com.netflix.zuul.netty.connectionpool.DefaultClientChannelManager	createConnectionPool(com.netflix.zuul.discovery.DiscoveryResult,java.net.SocketAddress,com.netflix.zuul.netty.connectionpool.NettyClientConnectionFactory,com.netflix.zuul.netty.connectionpool.PooledConnectionFactory,com.netflix.zuul.netty.connectionpool.ConnectionPoolConfig,com.netflix.client.config.IClientConfig,com.netflix.spectator.api.Counter,com.netflix.spectator.api.Counter,com.netflix.spectator.api.Counter,com.netflix.spectator.api.Counter,com.netflix.spectator.api.Counter,com.netflix.spectator.api.Counter,com.netflix.spectator.api.Counter,com.netflix.spectator.api.Counter,com.netflix.spectator.api.histogram.PercentileTimer,java.util.concurrent.atomic.AtomicInteger,java.util.concurrent.atomic.AtomicInteger)	0	[false, false, false, false, false, false, false, false, false, false, false, false, false, false, false, false, false]		protected	true	/home/nima/Developer/nullness-benchmarks/zuul/zuul-core/src/main/java/com/netflix/zuul/netty/connectionpool/DefaultClientChannelManager.java
1398	com.netflix.zuul.netty.connectionpool.DefaultClientChannelManager$ServerPoolListener	onChange(java.util.List)	1399	[false]	java.lang.Override	public	false	/home/nima/Developer/nullness-benchmarks/zuul/zuul-core/src/main/java/com/netflix/zuul/netty/connectionpool/DefaultClientChannelManager.java
1400	com.netflix.zuul.netty.connectionpool.DefaultClientChannelManager	getConnsInPool()	879	[]	java.lang.Override	public	false	/home/nima/Developer/nullness-benchmarks/zuul/zuul-core/src/main/java/com/netflix/zuul/netty/connectionpool/DefaultClientChannelManager.java
1401	com.netflix.zuul.netty.connectionpool.DefaultClientChannelManager	getConnsInUse()	880	[]	java.lang.Override	public	false	/home/nima/Developer/nullness-benchmarks/zuul/zuul-core/src/main/java/com/netflix/zuul/netty/connectionpool/DefaultClientChannelManager.java
1402	com.netflix.zuul.netty.connectionpool.DefaultClientChannelManager	getPerServerPools()	0	[]		protected	true	/home/nima/Developer/nullness-benchmarks/zuul/zuul-core/src/main/java/com/netflix/zuul/netty/connectionpool/DefaultClientChannelManager.java
1403	com.netflix.zuul.netty.connectionpool.DefaultClientChannelManager	pickAddressInternal(com.netflix.zuul.discovery.ResolverResult,com.netflix.zuul.origins.OriginName)	0	[false, false]	com.google.common.annotations.VisibleForTesting	package	true	/home/nima/Developer/nullness-benchmarks/zuul/zuul-core/src/main/java/com/netflix/zuul/netty/connectionpool/DefaultClientChannelManager.java
1404	com.netflix.zuul.netty.connectionpool.DefaultClientChannelManager	pickAddress(com.netflix.zuul.discovery.DiscoveryResult)	0	[false]		protected	true	/home/nima/Developer/nullness-benchmarks/zuul/zuul-core/src/main/java/com/netflix/zuul/netty/connectionpool/DefaultClientChannelManager.java
1405	com.netflix.zuul.netty.connectionpool.BasicRequestStat	BasicRequestStat()	0	[]		public	false	/home/nima/Developer/nullness-benchmarks/zuul/zuul-core/src/main/java/com/netflix/zuul/netty/connectionpool/BasicRequestStat.java
1406	com.netflix.zuul.netty.connectionpool.BasicRequestStat	server(com.netflix.zuul.discovery.DiscoveryResult)	829	[false]	java.lang.Override	public	true	/home/nima/Developer/nullness-benchmarks/zuul/zuul-core/src/main/java/com/netflix/zuul/netty/connectionpool/BasicRequestStat.java
1407	com.netflix.zuul.netty.connectionpool.BasicRequestStat	isFinished()	830	[]	java.lang.Override	public	false	/home/nima/Developer/nullness-benchmarks/zuul/zuul-core/src/main/java/com/netflix/zuul/netty/connectionpool/BasicRequestStat.java
1408	com.netflix.zuul.netty.connectionpool.BasicRequestStat	duration()	831	[]	java.lang.Override	public	false	/home/nima/Developer/nullness-benchmarks/zuul/zuul-core/src/main/java/com/netflix/zuul/netty/connectionpool/BasicRequestStat.java
1409	com.netflix.zuul.netty.connectionpool.BasicRequestStat	serviceUnavailable()	832	[]	java.lang.Override	public	false	/home/nima/Developer/nullness-benchmarks/zuul/zuul-core/src/main/java/com/netflix/zuul/netty/connectionpool/BasicRequestStat.java
1410	com.netflix.zuul.netty.connectionpool.BasicRequestStat	generalError()	833	[]	java.lang.Override	public	false	/home/nima/Developer/nullness-benchmarks/zuul/zuul-core/src/main/java/com/netflix/zuul/netty/connectionpool/BasicRequestStat.java
1411	com.netflix.zuul.netty.connectionpool.BasicRequestStat	failAndSetErrorCode(com.netflix.zuul.exception.ErrorType)	834	[false]	java.lang.Override	public	false	/home/nima/Developer/nullness-benchmarks/zuul/zuul-core/src/main/java/com/netflix/zuul/netty/connectionpool/BasicRequestStat.java
1412	com.netflix.zuul.netty.connectionpool.BasicRequestStat	updateWithHttpStatusCode(int)	835	[false]	java.lang.Override	public	false	/home/nima/Developer/nullness-benchmarks/zuul/zuul-core/src/main/java/com/netflix/zuul/netty/connectionpool/BasicRequestStat.java
1413	com.netflix.zuul.netty.connectionpool.BasicRequestStat	finalAttempt(boolean)	836	[false]	java.lang.Override	public	false	/home/nima/Developer/nullness-benchmarks/zuul/zuul-core/src/main/java/com/netflix/zuul/netty/connectionpool/BasicRequestStat.java
1414	com.netflix.zuul.netty.connectionpool.BasicRequestStat	finishIfNotAlready()	837	[]	java.lang.Override	public	false	/home/nima/Developer/nullness-benchmarks/zuul/zuul-core/src/main/java/com/netflix/zuul/netty/connectionpool/BasicRequestStat.java
1415	com.netflix.zuul.netty.connectionpool.BasicRequestStat	publishMetrics()	0	[]		protected	false	/home/nima/Developer/nullness-benchmarks/zuul/zuul-core/src/main/java/com/netflix/zuul/netty/connectionpool/BasicRequestStat.java
1416	com.netflix.zuul.netty.insights.PassportStateHttpClientHandler	passport(io.netty.channel.ChannelHandlerContext)	0	[false]		private	true	/home/nima/Developer/nullness-benchmarks/zuul/zuul-core/src/main/java/com/netflix/zuul/netty/insights/PassportStateHttpClientHandler.java
1417	com.netflix.zuul.netty.insights.PassportStateHttpClientHandler$InboundHandler	channelRead(io.netty.channel.ChannelHandlerContext,java.lang.Object)	14	[false, false]	java.lang.Override	public	false	/home/nima/Developer/nullness-benchmarks/zuul/zuul-core/src/main/java/com/netflix/zuul/netty/insights/PassportStateHttpClientHandler.java
1418	com.netflix.zuul.netty.insights.PassportStateHttpClientHandler$OutboundHandler	write(io.netty.channel.ChannelHandlerContext,java.lang.Object,io.netty.channel.ChannelPromise)	6	[false, false, false]	java.lang.Override	public	false	/home/nima/Developer/nullness-benchmarks/zuul/zuul-core/src/main/java/com/netflix/zuul/netty/insights/PassportStateHttpClientHandler.java
1419	com.netflix.zuul.netty.insights.PassportStateListener	PassportStateListener(com.netflix.zuul.passport.CurrentPassport,com.netflix.zuul.passport.PassportState)	0	[false, false]		public	false	/home/nima/Developer/nullness-benchmarks/zuul/zuul-core/src/main/java/com/netflix/zuul/netty/insights/PassportStateListener.java
1420	com.netflix.zuul.netty.insights.PassportStateListener	PassportStateListener(com.netflix.zuul.passport.CurrentPassport,com.netflix.zuul.passport.PassportState,com.netflix.zuul.passport.PassportState)	0	[false, false, false]		public	false	/home/nima/Developer/nullness-benchmarks/zuul/zuul-core/src/main/java/com/netflix/zuul/netty/insights/PassportStateListener.java
1421	com.netflix.zuul.netty.insights.PassportStateListener	operationComplete(io.netty.util.concurrent.Future)	650	[false]	java.lang.Override	public	false	/home/nima/Developer/nullness-benchmarks/zuul/zuul-core/src/main/java/com/netflix/zuul/netty/insights/PassportStateListener.java
1422	com.netflix.zuul.netty.insights.PassportStateOriginHandler	passport(io.netty.channel.ChannelHandlerContext)	0	[false]		private	true	/home/nima/Developer/nullness-benchmarks/zuul/zuul-core/src/main/java/com/netflix/zuul/netty/insights/PassportStateOriginHandler.java
1423	com.netflix.zuul.netty.insights.PassportStateOriginHandler$InboundHandler	channelActive(io.netty.channel.ChannelHandlerContext)	433	[false]	java.lang.Override	public	false	/home/nima/Developer/nullness-benchmarks/zuul/zuul-core/src/main/java/com/netflix/zuul/netty/insights/PassportStateOriginHandler.java
1424	com.netflix.zuul.netty.insights.PassportStateOriginHandler$InboundHandler	channelInactive(io.netty.channel.ChannelHandlerContext)	384	[false]	java.lang.Override	public	false	/home/nima/Developer/nullness-benchmarks/zuul/zuul-core/src/main/java/com/netflix/zuul/netty/insights/PassportStateOriginHandler.java
1425	com.netflix.zuul.netty.insights.PassportStateOriginHandler$InboundHandler	exceptionCaught(io.netty.channel.ChannelHandlerContext,java.lang.Throwable)	465	[false, false]	java.lang.Override	public	false	/home/nima/Developer/nullness-benchmarks/zuul/zuul-core/src/main/java/com/netflix/zuul/netty/insights/PassportStateOriginHandler.java
1426	com.netflix.zuul.netty.insights.PassportStateOriginHandler$OutboundHandler	disconnect(io.netty.channel.ChannelHandlerContext,io.netty.channel.ChannelPromise)	520	[false, false]	java.lang.Override	public	false	/home/nima/Developer/nullness-benchmarks/zuul/zuul-core/src/main/java/com/netflix/zuul/netty/insights/PassportStateOriginHandler.java
1427	com.netflix.zuul.netty.insights.PassportStateOriginHandler$OutboundHandler	close(io.netty.channel.ChannelHandlerContext,io.netty.channel.ChannelPromise)	522	[false, false]	java.lang.Override	public	false	/home/nima/Developer/nullness-benchmarks/zuul/zuul-core/src/main/java/com/netflix/zuul/netty/insights/PassportStateOriginHandler.java
1428	com.netflix.zuul.netty.insights.PassportStateOriginHandler$OutboundHandler	exceptionCaught(io.netty.channel.ChannelHandlerContext,java.lang.Throwable)	375	[false, false]	java.lang.Override	public	false	/home/nima/Developer/nullness-benchmarks/zuul/zuul-core/src/main/java/com/netflix/zuul/netty/insights/PassportStateOriginHandler.java
1429	com.netflix.zuul.netty.insights.PassportStateOriginHandler$OutboundHandler	connect(io.netty.channel.ChannelHandlerContext,java.net.SocketAddress,java.net.SocketAddress,io.netty.channel.ChannelPromise)	1430	[false, false, false, false]	java.lang.Override	public	false	/home/nima/Developer/nullness-benchmarks/zuul/zuul-core/src/main/java/com/netflix/zuul/netty/insights/PassportStateOriginHandler.java
1431	com.netflix.zuul.netty.insights.PassportStateHttpServerHandler	passport(io.netty.channel.ChannelHandlerContext)	0	[false]		private	true	/home/nima/Developer/nullness-benchmarks/zuul/zuul-core/src/main/java/com/netflix/zuul/netty/insights/PassportStateHttpServerHandler.java
1432	com.netflix.zuul.netty.insights.PassportStateHttpServerHandler$InboundHandler	channelRead(io.netty.channel.ChannelHandlerContext,java.lang.Object)	14	[false, false]	java.lang.Override	public	false	/home/nima/Developer/nullness-benchmarks/zuul/zuul-core/src/main/java/com/netflix/zuul/netty/insights/PassportStateHttpServerHandler.java
1433	com.netflix.zuul.netty.insights.PassportStateHttpServerHandler$InboundHandler	userEventTriggered(io.netty.channel.ChannelHandlerContext,java.lang.Object)	42	[false, false]	java.lang.Override	public	false	/home/nima/Developer/nullness-benchmarks/zuul/zuul-core/src/main/java/com/netflix/zuul/netty/insights/PassportStateHttpServerHandler.java
1434	com.netflix.zuul.netty.insights.PassportStateHttpServerHandler$OutboundHandler	write(io.netty.channel.ChannelHandlerContext,java.lang.Object,io.netty.channel.ChannelPromise)	6	[false, false, false]	java.lang.Override	public	false	/home/nima/Developer/nullness-benchmarks/zuul/zuul-core/src/main/java/com/netflix/zuul/netty/insights/PassportStateHttpServerHandler.java
1435	com.netflix.zuul.netty.insights.ServerStateHandler	passport(io.netty.channel.ChannelHandlerContext)	0	[false]		private	true	/home/nima/Developer/nullness-benchmarks/zuul/zuul-core/src/main/java/com/netflix/zuul/netty/insights/ServerStateHandler.java
1436	com.netflix.zuul.netty.insights.ServerStateHandler$InboundHandler	InboundHandler(com.netflix.spectator.api.Registry,java.lang.String)	0	[false, false]		public	false	/home/nima/Developer/nullness-benchmarks/zuul/zuul-core/src/main/java/com/netflix/zuul/netty/insights/ServerStateHandler.java
1437	com.netflix.zuul.netty.insights.ServerStateHandler$InboundHandler	channelActive(io.netty.channel.ChannelHandlerContext)	433	[false]	java.lang.Override	public	false	/home/nima/Developer/nullness-benchmarks/zuul/zuul-core/src/main/java/com/netflix/zuul/netty/insights/ServerStateHandler.java
1438	com.netflix.zuul.netty.insights.ServerStateHandler$InboundHandler	channelInactive(io.netty.channel.ChannelHandlerContext)	384	[false]	java.lang.Override	public	false	/home/nima/Developer/nullness-benchmarks/zuul/zuul-core/src/main/java/com/netflix/zuul/netty/insights/ServerStateHandler.java
1439	com.netflix.zuul.netty.insights.ServerStateHandler$InboundHandler	exceptionCaught(io.netty.channel.ChannelHandlerContext,java.lang.Throwable)	465	[false, false]	java.lang.Override	public	false	/home/nima/Developer/nullness-benchmarks/zuul/zuul-core/src/main/java/com/netflix/zuul/netty/insights/ServerStateHandler.java
1440	com.netflix.zuul.netty.insights.ServerStateHandler$InboundHandler	userEventTriggered(io.netty.channel.ChannelHandlerContext,java.lang.Object)	42	[false, false]	java.lang.Override	public	false	/home/nima/Developer/nullness-benchmarks/zuul/zuul-core/src/main/java/com/netflix/zuul/netty/insights/ServerStateHandler.java
1441	com.netflix.zuul.netty.insights.ServerStateHandler$OutboundHandler	OutboundHandler(com.netflix.spectator.api.Registry)	0	[false]		public	false	/home/nima/Developer/nullness-benchmarks/zuul/zuul-core/src/main/java/com/netflix/zuul/netty/insights/ServerStateHandler.java
1442	com.netflix.zuul.netty.insights.ServerStateHandler$OutboundHandler	close(io.netty.channel.ChannelHandlerContext,io.netty.channel.ChannelPromise)	522	[false, false]	java.lang.Override	public	false	/home/nima/Developer/nullness-benchmarks/zuul/zuul-core/src/main/java/com/netflix/zuul/netty/insights/ServerStateHandler.java
1443	com.netflix.zuul.netty.insights.ServerStateHandler$OutboundHandler	disconnect(io.netty.channel.ChannelHandlerContext,io.netty.channel.ChannelPromise)	520	[false, false]	java.lang.Override	public	false	/home/nima/Developer/nullness-benchmarks/zuul/zuul-core/src/main/java/com/netflix/zuul/netty/insights/ServerStateHandler.java
1444	com.netflix.zuul.netty.insights.ServerStateHandler$OutboundHandler	exceptionCaught(io.netty.channel.ChannelHandlerContext,java.lang.Throwable)	375	[false, false]	java.lang.Override	public	false	/home/nima/Developer/nullness-benchmarks/zuul/zuul-core/src/main/java/com/netflix/zuul/netty/insights/ServerStateHandler.java
1445	com.netflix.zuul.netty.server.ClientResponseWriter	ClientResponseWriter(com.netflix.zuul.RequestCompleteHandler)	0	[false]		public	false	/home/nima/Developer/nullness-benchmarks/zuul/zuul-core/src/main/java/com/netflix/zuul/netty/server/ClientResponseWriter.java
1446	com.netflix.zuul.netty.server.ClientResponseWriter	ClientResponseWriter(com.netflix.zuul.RequestCompleteHandler,com.netflix.spectator.api.Registry)	0	[false, false]		public	false	/home/nima/Developer/nullness-benchmarks/zuul/zuul-core/src/main/java/com/netflix/zuul/netty/server/ClientResponseWriter.java
1447	com.netflix.zuul.netty.server.ClientResponseWriter	channelRead(io.netty.channel.ChannelHandlerContext,java.lang.Object)	14	[false, false]	java.lang.Override	public	false	/home/nima/Developer/nullness-benchmarks/zuul/zuul-core/src/main/java/com/netflix/zuul/netty/server/ClientResponseWriter.java
1448	com.netflix.zuul.netty.server.ClientResponseWriter	skipProcessing(com.netflix.zuul.message.http.HttpResponseMessage)	0	[false]		protected	false	/home/nima/Developer/nullness-benchmarks/zuul/zuul-core/src/main/java/com/netflix/zuul/netty/server/ClientResponseWriter.java
1449	com.netflix.zuul.netty.server.ClientResponseWriter	writeBufferedBodyContent(com.netflix.zuul.message.http.HttpResponseMessage,io.netty.channel.Channel)	0	[false, false]		private	false	/home/nima/Developer/nullness-benchmarks/zuul/zuul-core/src/main/java/com/netflix/zuul/netty/server/ClientResponseWriter.java
1450	com.netflix.zuul.netty.server.ClientResponseWriter	buildHttpResponse(com.netflix.zuul.message.http.HttpResponseMessage)	0	[false]		private	true	/home/nima/Developer/nullness-benchmarks/zuul/zuul-core/src/main/java/com/netflix/zuul/netty/server/ClientResponseWriter.java
1451	com.netflix.zuul.netty.server.ClientResponseWriter	userEventTriggered(io.netty.channel.ChannelHandlerContext,java.lang.Object)	42	[false, false]	java.lang.Override	public	false	/home/nima/Developer/nullness-benchmarks/zuul/zuul-core/src/main/java/com/netflix/zuul/netty/server/ClientResponseWriter.java
1452	com.netflix.zuul.netty.server.ClientResponseWriter	handleComplete(io.netty.channel.Channel)	0	[false]		private	false	/home/nima/Developer/nullness-benchmarks/zuul/zuul-core/src/main/java/com/netflix/zuul/netty/server/ClientResponseWriter.java
1453	com.netflix.zuul.netty.server.ClientResponseWriter	completeMetrics(io.netty.channel.Channel,com.netflix.zuul.message.http.HttpResponseMessage)	0	[false, false]		protected	false	/home/nima/Developer/nullness-benchmarks/zuul/zuul-core/src/main/java/com/netflix/zuul/netty/server/ClientResponseWriter.java
1454	com.netflix.zuul.netty.server.ClientResponseWriter	exceptionCaught(io.netty.channel.ChannelHandlerContext,java.lang.Throwable)	465	[false, false]	java.lang.Override	public	false	/home/nima/Developer/nullness-benchmarks/zuul/zuul-core/src/main/java/com/netflix/zuul/netty/server/ClientResponseWriter.java
1455	com.netflix.zuul.netty.server.ClientResponseWriter	channelInactive(io.netty.channel.ChannelHandlerContext)	384	[false]	java.lang.Override	public	false	/home/nima/Developer/nullness-benchmarks/zuul/zuul-core/src/main/java/com/netflix/zuul/netty/server/ClientResponseWriter.java
1456	com.netflix.zuul.netty.server.SocketAddressProperty$BindType	BindType()	0	[]		private	false	/home/nima/Developer/nullness-benchmarks/zuul/zuul-core/src/main/java/com/netflix/zuul/netty/server/SocketAddressProperty.java
1457	com.netflix.zuul.netty.server.SocketAddressProperty$BindType	BindType(java.util.concurrent.Callable)	0	[false]		private	false	/home/nima/Developer/nullness-benchmarks/zuul/zuul-core/src/main/java/com/netflix/zuul/netty/server/SocketAddressProperty.java
1458	com.netflix.zuul.netty.server.SocketAddressProperty$Decoder	apply(java.lang.String)	1459	[false]	java.lang.Override	public	true	/home/nima/Developer/nullness-benchmarks/zuul/zuul-core/src/main/java/com/netflix/zuul/netty/server/SocketAddressProperty.java
1460	com.netflix.zuul.netty.server.SocketAddressProperty$Decoder	equals(java.lang.Object)	1461	[false]	java.lang.Override	public	false	/home/nima/Developer/nullness-benchmarks/zuul/zuul-core/src/main/java/com/netflix/zuul/netty/server/SocketAddressProperty.java
1462	com.netflix.zuul.netty.server.SocketAddressProperty	SocketAddressProperty(java.lang.String,java.net.SocketAddress)	0	[false, false]		public	false	/home/nima/Developer/nullness-benchmarks/zuul/zuul-core/src/main/java/com/netflix/zuul/netty/server/SocketAddressProperty.java
1463	com.netflix.zuul.netty.server.SocketAddressProperty	SocketAddressProperty(java.lang.String,java.lang.String)	0	[false, false]		public	false	/home/nima/Developer/nullness-benchmarks/zuul/zuul-core/src/main/java/com/netflix/zuul/netty/server/SocketAddressProperty.java
1464	com.netflix.zuul.netty.server.push.PushConnectionRegistry	PushConnectionRegistry()	0	[]	javax.inject.Inject	package	false	/home/nima/Developer/nullness-benchmarks/zuul/zuul-core/src/main/java/com/netflix/zuul/netty/server/push/PushConnectionRegistry.java
1465	com.netflix.zuul.netty.server.push.PushConnectionRegistry	get(java.lang.String)	0	[false]		public	true	/home/nima/Developer/nullness-benchmarks/zuul/zuul-core/src/main/java/com/netflix/zuul/netty/server/push/PushConnectionRegistry.java
1466	com.netflix.zuul.netty.server.push.PushConnectionRegistry	mintNewSecureToken()	0	[]		public	true	/home/nima/Developer/nullness-benchmarks/zuul/zuul-core/src/main/java/com/netflix/zuul/netty/server/push/PushConnectionRegistry.java
1467	com.netflix.zuul.netty.server.push.PushConnectionRegistry	put(java.lang.String,com.netflix.zuul.netty.server.push.PushConnection)	0	[false, false]		public	false	/home/nima/Developer/nullness-benchmarks/zuul/zuul-core/src/main/java/com/netflix/zuul/netty/server/push/PushConnectionRegistry.java
1468	com.netflix.zuul.netty.server.push.PushConnectionRegistry	remove(java.lang.String)	0	[false]		public	true	/home/nima/Developer/nullness-benchmarks/zuul/zuul-core/src/main/java/com/netflix/zuul/netty/server/push/PushConnectionRegistry.java
1469	com.netflix.zuul.netty.server.push.PushConnectionRegistry	size()	0	[]		public	false	/home/nima/Developer/nullness-benchmarks/zuul/zuul-core/src/main/java/com/netflix/zuul/netty/server/push/PushConnectionRegistry.java
1470	com.netflix.zuul.netty.server.push.PushConnection	PushConnection(com.netflix.zuul.netty.server.push.PushProtocol,io.netty.channel.ChannelHandlerContext)	0	[false, false]		public	false	/home/nima/Developer/nullness-benchmarks/zuul/zuul-core/src/main/java/com/netflix/zuul/netty/server/push/PushConnection.java
1471	com.netflix.zuul.netty.server.push.PushConnection	getSecureToken()	0	[]		public	true	/home/nima/Developer/nullness-benchmarks/zuul/zuul-core/src/main/java/com/netflix/zuul/netty/server/push/PushConnection.java
1472	com.netflix.zuul.netty.server.push.PushConnection	setSecureToken(java.lang.String)	0	[false]		public	false	/home/nima/Developer/nullness-benchmarks/zuul/zuul-core/src/main/java/com/netflix/zuul/netty/server/push/PushConnection.java
1473	com.netflix.zuul.netty.server.push.PushConnection	isRateLimited()	0	[]		public	false	/home/nima/Developer/nullness-benchmarks/zuul/zuul-core/src/main/java/com/netflix/zuul/netty/server/push/PushConnection.java
1474	com.netflix.zuul.netty.server.push.PushConnection	sendPushMessage(io.netty.buffer.ByteBuf)	0	[false]		public	true	/home/nima/Developer/nullness-benchmarks/zuul/zuul-core/src/main/java/com/netflix/zuul/netty/server/push/PushConnection.java
1475	com.netflix.zuul.netty.server.push.PushConnection	sendPushMessage(java.lang.String)	0	[false]		public	true	/home/nima/Developer/nullness-benchmarks/zuul/zuul-core/src/main/java/com/netflix/zuul/netty/server/push/PushConnection.java
1476	com.netflix.zuul.netty.server.push.PushConnection	sendPing()	0	[]		public	true	/home/nima/Developer/nullness-benchmarks/zuul/zuul-core/src/main/java/com/netflix/zuul/netty/server/push/PushConnection.java
1477	com.netflix.zuul.netty.server.push.PushProtocol$1	getHandshakeCompleteEvent()	1478	[]	java.lang.Override,java.lang.SuppressWarnings	public	true	/home/nima/Developer/nullness-benchmarks/zuul/zuul-core/src/main/java/com/netflix/zuul/netty/server/push/PushProtocol.java
1479	com.netflix.zuul.netty.server.push.PushProtocol$1	getPath()	1480	[]	java.lang.Override	public	true	/home/nima/Developer/nullness-benchmarks/zuul/zuul-core/src/main/java/com/netflix/zuul/netty/server/push/PushProtocol.java
1481	com.netflix.zuul.netty.server.push.PushProtocol$1	sendPushMessage(io.netty.channel.ChannelHandlerContext,io.netty.buffer.ByteBuf)	1482	[false, false]	java.lang.Override	public	true	/home/nima/Developer/nullness-benchmarks/zuul/zuul-core/src/main/java/com/netflix/zuul/netty/server/push/PushProtocol.java
1483	com.netflix.zuul.netty.server.push.PushProtocol$1	sendPing(io.netty.channel.ChannelHandlerContext)	1484	[false]	java.lang.Override	public	true	/home/nima/Developer/nullness-benchmarks/zuul/zuul-core/src/main/java/com/netflix/zuul/netty/server/push/PushProtocol.java
1485	com.netflix.zuul.netty.server.push.PushProtocol$1	goAwayMessage()	1486	[]	java.lang.Override	public	true	/home/nima/Developer/nullness-benchmarks/zuul/zuul-core/src/main/java/com/netflix/zuul/netty/server/push/PushProtocol.java
1487	com.netflix.zuul.netty.server.push.PushProtocol$1	serverClosingConnectionMessage(int,java.lang.String)	1488	[false, false]	java.lang.Override	public	true	/home/nima/Developer/nullness-benchmarks/zuul/zuul-core/src/main/java/com/netflix/zuul/netty/server/push/PushProtocol.java
1489	com.netflix.zuul.netty.server.push.PushProtocol$2	getHandshakeCompleteEvent()	1478	[]	java.lang.Override	public	true	/home/nima/Developer/nullness-benchmarks/zuul/zuul-core/src/main/java/com/netflix/zuul/netty/server/push/PushProtocol.java
1490	com.netflix.zuul.netty.server.push.PushProtocol$2	getPath()	1480	[]	java.lang.Override	public	true	/home/nima/Developer/nullness-benchmarks/zuul/zuul-core/src/main/java/com/netflix/zuul/netty/server/push/PushProtocol.java
1491	com.netflix.zuul.netty.server.push.PushProtocol$2	sendPushMessage(io.netty.channel.ChannelHandlerContext,io.netty.buffer.ByteBuf)	1482	[false, false]	java.lang.Override	public	true	/home/nima/Developer/nullness-benchmarks/zuul/zuul-core/src/main/java/com/netflix/zuul/netty/server/push/PushProtocol.java
1492	com.netflix.zuul.netty.server.push.PushProtocol$2	sendPing(io.netty.channel.ChannelHandlerContext)	1484	[false]	java.lang.Override	public	true	/home/nima/Developer/nullness-benchmarks/zuul/zuul-core/src/main/java/com/netflix/zuul/netty/server/push/PushProtocol.java
1493	com.netflix.zuul.netty.server.push.PushProtocol$2	goAwayMessage()	1486	[]	java.lang.Override	public	true	/home/nima/Developer/nullness-benchmarks/zuul/zuul-core/src/main/java/com/netflix/zuul/netty/server/push/PushProtocol.java
1494	com.netflix.zuul.netty.server.push.PushProtocol$2	serverClosingConnectionMessage(int,java.lang.String)	1488	[false, false]	java.lang.Override	public	true	/home/nima/Developer/nullness-benchmarks/zuul/zuul-core/src/main/java/com/netflix/zuul/netty/server/push/PushProtocol.java
1495	com.netflix.zuul.netty.server.push.PushProtocol	sendErrorAndClose(io.netty.channel.ChannelHandlerContext,int,java.lang.String)	0	[false, false, false]		public	false	/home/nima/Developer/nullness-benchmarks/zuul/zuul-core/src/main/java/com/netflix/zuul/netty/server/push/PushProtocol.java
1478	com.netflix.zuul.netty.server.push.PushProtocol	getHandshakeCompleteEvent()	0	[]		public	true	/home/nima/Developer/nullness-benchmarks/zuul/zuul-core/src/main/java/com/netflix/zuul/netty/server/push/PushProtocol.java
1480	com.netflix.zuul.netty.server.push.PushProtocol	getPath()	0	[]		public	true	/home/nima/Developer/nullness-benchmarks/zuul/zuul-core/src/main/java/com/netflix/zuul/netty/server/push/PushProtocol.java
1482	com.netflix.zuul.netty.server.push.PushProtocol	sendPushMessage(io.netty.channel.ChannelHandlerContext,io.netty.buffer.ByteBuf)	0	[false, false]		public	true	/home/nima/Developer/nullness-benchmarks/zuul/zuul-core/src/main/java/com/netflix/zuul/netty/server/push/PushProtocol.java
1484	com.netflix.zuul.netty.server.push.PushProtocol	sendPing(io.netty.channel.ChannelHandlerContext)	0	[false]		public	true	/home/nima/Developer/nullness-benchmarks/zuul/zuul-core/src/main/java/com/netflix/zuul/netty/server/push/PushProtocol.java
1486	com.netflix.zuul.netty.server.push.PushProtocol	goAwayMessage()	0	[]		public	true	/home/nima/Developer/nullness-benchmarks/zuul/zuul-core/src/main/java/com/netflix/zuul/netty/server/push/PushProtocol.java
1488	com.netflix.zuul.netty.server.push.PushProtocol	serverClosingConnectionMessage(int,java.lang.String)	0	[false, false]		public	true	/home/nima/Developer/nullness-benchmarks/zuul/zuul-core/src/main/java/com/netflix/zuul/netty/server/push/PushProtocol.java
1496	com.netflix.zuul.netty.server.http2.DummyChannelHandler	handlerAdded(io.netty.channel.ChannelHandlerContext)	1497	[false]	java.lang.Override	public	false	/home/nima/Developer/nullness-benchmarks/zuul/zuul-core/src/main/java/com/netflix/zuul/netty/server/http2/DummyChannelHandler.java
1498	com.netflix.zuul.netty.server.http2.DummyChannelHandler	handlerRemoved(io.netty.channel.ChannelHandlerContext)	1499	[false]	java.lang.Override	public	false	/home/nima/Developer/nullness-benchmarks/zuul/zuul-core/src/main/java/com/netflix/zuul/netty/server/http2/DummyChannelHandler.java
1500	com.netflix.zuul.netty.server.http2.DummyChannelHandler	exceptionCaught(io.netty.channel.ChannelHandlerContext,java.lang.Throwable)	1501	[false, false]	java.lang.Override	public	false	/home/nima/Developer/nullness-benchmarks/zuul/zuul-core/src/main/java/com/netflix/zuul/netty/server/http2/DummyChannelHandler.java
1502	com.netflix.zuul.netty.server.http2.Http2ResetFrameHandler	channelRead(io.netty.channel.ChannelHandlerContext,java.lang.Object)	14	[false, false]	java.lang.Override	public	false	/home/nima/Developer/nullness-benchmarks/zuul/zuul-core/src/main/java/com/netflix/zuul/netty/server/http2/Http2ResetFrameHandler.java
1503	com.netflix.zuul.netty.server.http2.Http2SslChannelInitializer	Http2SslChannelInitializer(int,com.netflix.netty.common.channel.config.ChannelConfig,com.netflix.netty.common.channel.config.ChannelConfig,io.netty.channel.group.ChannelGroup)	0	[false, false, false, false]	java.lang.Deprecated	public	false	/home/nima/Developer/nullness-benchmarks/zuul/zuul-core/src/main/java/com/netflix/zuul/netty/server/http2/Http2SslChannelInitializer.java
1504	com.netflix.zuul.netty.server.http2.Http2SslChannelInitializer	Http2SslChannelInitializer(java.lang.String,com.netflix.netty.common.channel.config.ChannelConfig,com.netflix.netty.common.channel.config.ChannelConfig,io.netty.channel.group.ChannelGroup)	0	[false, false, false, false]		public	false	/home/nima/Developer/nullness-benchmarks/zuul/zuul-core/src/main/java/com/netflix/zuul/netty/server/http2/Http2SslChannelInitializer.java
1505	com.netflix.zuul.netty.server.http2.Http2SslChannelInitializer	initChannel(io.netty.channel.Channel)	597	[false]	java.lang.Override	protected	false	/home/nima/Developer/nullness-benchmarks/zuul/zuul-core/src/main/java/com/netflix/zuul/netty/server/http2/Http2SslChannelInitializer.java
1506	com.netflix.zuul.netty.server.http2.Http2SslChannelInitializer	http1Handlers(io.netty.channel.ChannelPipeline)	0	[false]		protected	false	/home/nima/Developer/nullness-benchmarks/zuul/zuul-core/src/main/java/com/netflix/zuul/netty/server/http2/Http2SslChannelInitializer.java
1507	com.netflix.zuul.netty.server.http2.Http2SslChannelInitializer	http1Codec(io.netty.channel.ChannelPipeline)	0	[false]		protected	false	/home/nima/Developer/nullness-benchmarks/zuul/zuul-core/src/main/java/com/netflix/zuul/netty/server/http2/Http2SslChannelInitializer.java
1508	com.netflix.zuul.netty.server.http2.Http2StreamHeaderCleaner	channelRead(io.netty.channel.ChannelHandlerContext,java.lang.Object)	14	[false, false]	java.lang.Override	public	false	/home/nima/Developer/nullness-benchmarks/zuul/zuul-core/src/main/java/com/netflix/zuul/netty/server/http2/Http2StreamHeaderCleaner.java
1509	com.netflix.zuul.netty.server.http2.Http2StreamInitializer	Http2StreamInitializer(io.netty.channel.Channel,java.util.function.Consumer,com.netflix.netty.common.metrics.Http2MetricsChannelHandlers,com.netflix.netty.common.Http2ConnectionCloseHandler,com.netflix.netty.common.Http2ConnectionExpiryHandler)	0	[false, false, false, false, false]		public	false	/home/nima/Developer/nullness-benchmarks/zuul/zuul-core/src/main/java/com/netflix/zuul/netty/server/http2/Http2StreamInitializer.java
1510	com.netflix.zuul.netty.server.http2.Http2StreamInitializer	handlerAdded(io.netty.channel.ChannelHandlerContext)	1511	[false]	java.lang.Override	public	false	/home/nima/Developer/nullness-benchmarks/zuul/zuul-core/src/main/java/com/netflix/zuul/netty/server/http2/Http2StreamInitializer.java
1512	com.netflix.zuul.netty.server.http2.Http2StreamInitializer	addHttp2StreamSpecificHandlers(io.netty.channel.ChannelPipeline)	0	[false]		protected	false	/home/nima/Developer/nullness-benchmarks/zuul/zuul-core/src/main/java/com/netflix/zuul/netty/server/http2/Http2StreamInitializer.java
1513	com.netflix.zuul.netty.server.http2.Http2StreamInitializer	copyAttrsFromParentChannel(io.netty.channel.Channel,io.netty.channel.Channel)	0	[false, false]		protected	false	/home/nima/Developer/nullness-benchmarks/zuul/zuul-core/src/main/java/com/netflix/zuul/netty/server/http2/Http2StreamInitializer.java
1514	com.netflix.zuul.netty.server.http2.Http2StreamInitializer	copyAttrFromParentChannel(io.netty.channel.Channel,io.netty.channel.Channel,io.netty.util.AttributeKey)	0	[false, false, false]		protected	false	/home/nima/Developer/nullness-benchmarks/zuul/zuul-core/src/main/java/com/netflix/zuul/netty/server/http2/Http2StreamInitializer.java
1515	com.netflix.zuul.netty.server.http2.Http2StreamErrorHandler	exceptionCaught(io.netty.channel.ChannelHandlerContext,java.lang.Throwable)	465	[false, false]	java.lang.Override	public	false	/home/nima/Developer/nullness-benchmarks/zuul/zuul-core/src/main/java/com/netflix/zuul/netty/server/http2/Http2StreamErrorHandler.java
1516	com.netflix.zuul.netty.server.http2.Http2Configuration	configureSSL(com.netflix.zuul.netty.ssl.SslContextFactory,java.lang.String)	0	[false, false]		public	true	/home/nima/Developer/nullness-benchmarks/zuul/zuul-core/src/main/java/com/netflix/zuul/netty/server/http2/Http2Configuration.java
1517	com.netflix.zuul.netty.server.http2.Http2Configuration	configureSSLWithH2Disabled(com.netflix.zuul.netty.ssl.SslContextFactory,java.lang.String)	0	[false, false]		public	true	/home/nima/Developer/nullness-benchmarks/zuul/zuul-core/src/main/java/com/netflix/zuul/netty/server/http2/Http2Configuration.java
1518	com.netflix.zuul.netty.server.http2.Http2ContentLengthEnforcingHandler	channelRead(io.netty.channel.ChannelHandlerContext,java.lang.Object)	14	[false, false]	java.lang.Override	public	false	/home/nima/Developer/nullness-benchmarks/zuul/zuul-core/src/main/java/com/netflix/zuul/netty/server/http2/Http2ContentLengthEnforcingHandler.java
1519	com.netflix.zuul.netty.server.http2.Http2ContentLengthEnforcingHandler	hasContentLength()	0	[]		private	false	/home/nima/Developer/nullness-benchmarks/zuul/zuul-core/src/main/java/com/netflix/zuul/netty/server/http2/Http2ContentLengthEnforcingHandler.java
1520	com.netflix.zuul.netty.server.http2.Http2ContentLengthEnforcingHandler	incrementSeenContent(int)	0	[false]		private	false	/home/nima/Developer/nullness-benchmarks/zuul/zuul-core/src/main/java/com/netflix/zuul/netty/server/http2/Http2ContentLengthEnforcingHandler.java
1521	com.netflix.zuul.netty.server.DefaultEventLoopConfig	DefaultEventLoopConfig()	0	[]		public	false	/home/nima/Developer/nullness-benchmarks/zuul/zuul-core/src/main/java/com/netflix/zuul/netty/server/DefaultEventLoopConfig.java
1522	com.netflix.zuul.netty.server.DefaultEventLoopConfig	DefaultEventLoopConfig(int,int)	0	[false, false]		public	false	/home/nima/Developer/nullness-benchmarks/zuul/zuul-core/src/main/java/com/netflix/zuul/netty/server/DefaultEventLoopConfig.java
1523	com.netflix.zuul.netty.server.DefaultEventLoopConfig	eventLoopCount()	1524	[]	java.lang.Override	public	false	/home/nima/Developer/nullness-benchmarks/zuul/zuul-core/src/main/java/com/netflix/zuul/netty/server/DefaultEventLoopConfig.java
1525	com.netflix.zuul.netty.server.DefaultEventLoopConfig	acceptorCount()	1526	[]	java.lang.Override	public	false	/home/nima/Developer/nullness-benchmarks/zuul/zuul-core/src/main/java/com/netflix/zuul/netty/server/DefaultEventLoopConfig.java
1524	com.netflix.zuul.netty.server.EventLoopConfig	eventLoopCount()	0	[]		public	false	/home/nima/Developer/nullness-benchmarks/zuul/zuul-core/src/main/java/com/netflix/zuul/netty/server/EventLoopConfig.java
1526	com.netflix.zuul.netty.server.EventLoopConfig	acceptorCount()	0	[]		public	false	/home/nima/Developer/nullness-benchmarks/zuul/zuul-core/src/main/java/com/netflix/zuul/netty/server/EventLoopConfig.java
1527	com.netflix.zuul.netty.server.DirectMemoryMonitor	DirectMemoryMonitor(com.netflix.spectator.api.Registry)	0	[false]	javax.inject.Inject	public	false	/home/nima/Developer/nullness-benchmarks/zuul/zuul-core/src/main/java/com/netflix/zuul/netty/server/DirectMemoryMonitor.java
1528	com.netflix.zuul.netty.server.DirectMemoryMonitor	getReservedMemory(java.lang.Object)	0	[false]		private	false	/home/nima/Developer/nullness-benchmarks/zuul/zuul-core/src/main/java/com/netflix/zuul/netty/server/DirectMemoryMonitor.java
1529	com.netflix.zuul.netty.server.DirectMemoryMonitor	getMaxMemory(java.lang.Object)	0	[false]		private	false	/home/nima/Developer/nullness-benchmarks/zuul/zuul-core/src/main/java/com/netflix/zuul/netty/server/DirectMemoryMonitor.java
1530	com.netflix.zuul.netty.server.push.PushAuthHandler	PushAuthHandler(java.lang.String,java.lang.String)	0	[false, false]		public	false	/home/nima/Developer/nullness-benchmarks/zuul/zuul-core/src/main/java/com/netflix/zuul/netty/server/push/PushAuthHandler.java
1531	com.netflix.zuul.netty.server.push.PushAuthHandler	sendHttpResponse(io.netty.handler.codec.http.HttpRequest,io.netty.channel.ChannelHandlerContext,io.netty.handler.codec.http.HttpResponseStatus)	0	[false, false, false]		public	false	/home/nima/Developer/nullness-benchmarks/zuul/zuul-core/src/main/java/com/netflix/zuul/netty/server/push/PushAuthHandler.java
1532	com.netflix.zuul.netty.server.push.PushAuthHandler	channelRead0(io.netty.channel.ChannelHandlerContext,io.netty.handler.codec.http.FullHttpRequest)	1533	[false, false]	java.lang.Override	protected	false	/home/nima/Developer/nullness-benchmarks/zuul/zuul-core/src/main/java/com/netflix/zuul/netty/server/push/PushAuthHandler.java
1534	com.netflix.zuul.netty.server.push.PushAuthHandler	isInvalidOrigin(io.netty.handler.codec.http.FullHttpRequest)	0	[false]		protected	false	/home/nima/Developer/nullness-benchmarks/zuul/zuul-core/src/main/java/com/netflix/zuul/netty/server/push/PushAuthHandler.java
1535	com.netflix.zuul.netty.server.push.PushAuthHandler	parseCookies(io.netty.handler.codec.http.FullHttpRequest)	0	[false]		protected	true	/home/nima/Developer/nullness-benchmarks/zuul/zuul-core/src/main/java/com/netflix/zuul/netty/server/push/PushAuthHandler.java
1536	com.netflix.zuul.netty.server.push.PushAuthHandler	isDelayedAuth(io.netty.handler.codec.http.FullHttpRequest,io.netty.channel.ChannelHandlerContext)	0	[false, false]		protected	false	/home/nima/Developer/nullness-benchmarks/zuul/zuul-core/src/main/java/com/netflix/zuul/netty/server/push/PushAuthHandler.java
1537	com.netflix.zuul.netty.server.push.PushAuthHandler	doAuth(io.netty.handler.codec.http.FullHttpRequest)	0	[false]		protected	true	/home/nima/Developer/nullness-benchmarks/zuul/zuul-core/src/main/java/com/netflix/zuul/netty/server/push/PushAuthHandler.java
1538	com.netflix.zuul.netty.server.push.PushUserAuth	isSuccess()	0	[]		public	false	/home/nima/Developer/nullness-benchmarks/zuul/zuul-core/src/main/java/com/netflix/zuul/netty/server/push/PushUserAuth.java
1539	com.netflix.zuul.netty.server.push.PushUserAuth	statusCode()	0	[]		public	false	/home/nima/Developer/nullness-benchmarks/zuul/zuul-core/src/main/java/com/netflix/zuul/netty/server/push/PushUserAuth.java
1540	com.netflix.zuul.netty.server.push.PushUserAuth	getClientIdentity()	0	[]		public	true	/home/nima/Developer/nullness-benchmarks/zuul/zuul-core/src/main/java/com/netflix/zuul/netty/server/push/PushUserAuth.java
1541	com.netflix.zuul.netty.server.push.PushMessageSenderInitializer	PushMessageSenderInitializer(com.netflix.zuul.netty.server.push.PushConnectionRegistry)	0	[false]		public	false	/home/nima/Developer/nullness-benchmarks/zuul/zuul-core/src/main/java/com/netflix/zuul/netty/server/push/PushMessageSenderInitializer.java
1542	com.netflix.zuul.netty.server.push.PushMessageSenderInitializer	initChannel(io.netty.channel.Channel)	597	[false]	java.lang.Override	protected	false	/home/nima/Developer/nullness-benchmarks/zuul/zuul-core/src/main/java/com/netflix/zuul/netty/server/push/PushMessageSenderInitializer.java
1543	com.netflix.zuul.netty.server.push.PushMessageSenderInitializer	getPushMessageSender(com.netflix.zuul.netty.server.push.PushConnectionRegistry)	0	[false]		protected	true	/home/nima/Developer/nullness-benchmarks/zuul/zuul-core/src/main/java/com/netflix/zuul/netty/server/push/PushMessageSenderInitializer.java
1544	com.netflix.zuul.netty.server.push.PushMessageSender	PushMessageSender(com.netflix.zuul.netty.server.push.PushConnectionRegistry)	0	[false]	javax.inject.Inject	public	false	/home/nima/Developer/nullness-benchmarks/zuul/zuul-core/src/main/java/com/netflix/zuul/netty/server/push/PushMessageSender.java
1545	com.netflix.zuul.netty.server.push.PushMessageSender	sendHttpResponse(io.netty.channel.ChannelHandlerContext,io.netty.handler.codec.http.FullHttpRequest,io.netty.handler.codec.http.HttpResponseStatus,com.netflix.zuul.netty.server.push.PushUserAuth)	0	[false, false, false, false]		private	false	/home/nima/Developer/nullness-benchmarks/zuul/zuul-core/src/main/java/com/netflix/zuul/netty/server/push/PushMessageSender.java
1546	com.netflix.zuul.netty.server.push.PushMessageSender	verifySecureToken(io.netty.handler.codec.http.FullHttpRequest,com.netflix.zuul.netty.server.push.PushConnection)	0	[false, false]		protected	false	/home/nima/Developer/nullness-benchmarks/zuul/zuul-core/src/main/java/com/netflix/zuul/netty/server/push/PushMessageSender.java
1547	com.netflix.zuul.netty.server.push.PushMessageSender	channelRead0(io.netty.channel.ChannelHandlerContext,io.netty.handler.codec.http.FullHttpRequest)	1533	[false, false]	java.lang.Override	protected	false	/home/nima/Developer/nullness-benchmarks/zuul/zuul-core/src/main/java/com/netflix/zuul/netty/server/push/PushMessageSender.java
1548	com.netflix.zuul.netty.server.push.PushMessageSender	logPushAttempt()	0	[]		protected	false	/home/nima/Developer/nullness-benchmarks/zuul/zuul-core/src/main/java/com/netflix/zuul/netty/server/push/PushMessageSender.java
1549	com.netflix.zuul.netty.server.push.PushMessageSender	logNoIdentity()	0	[]		protected	false	/home/nima/Developer/nullness-benchmarks/zuul/zuul-core/src/main/java/com/netflix/zuul/netty/server/push/PushMessageSender.java
1550	com.netflix.zuul.netty.server.push.PushMessageSender	logClientNotConnected()	0	[]		protected	false	/home/nima/Developer/nullness-benchmarks/zuul/zuul-core/src/main/java/com/netflix/zuul/netty/server/push/PushMessageSender.java
1551	com.netflix.zuul.netty.server.push.PushMessageSender	logPushSuccess()	0	[]		protected	false	/home/nima/Developer/nullness-benchmarks/zuul/zuul-core/src/main/java/com/netflix/zuul/netty/server/push/PushMessageSender.java
1552	com.netflix.zuul.netty.server.push.PushMessageSender	logPushError(java.lang.Throwable)	0	[false]		protected	false	/home/nima/Developer/nullness-benchmarks/zuul/zuul-core/src/main/java/com/netflix/zuul/netty/server/push/PushMessageSender.java
1553	com.netflix.zuul.netty.server.push.PushMessageSender	logRateLimited()	0	[]		protected	false	/home/nima/Developer/nullness-benchmarks/zuul/zuul-core/src/main/java/com/netflix/zuul/netty/server/push/PushMessageSender.java
1554	com.netflix.zuul.netty.server.push.PushMessageSender	logSecurityTokenVerificationFail()	0	[]		protected	false	/home/nima/Developer/nullness-benchmarks/zuul/zuul-core/src/main/java/com/netflix/zuul/netty/server/push/PushMessageSender.java
1555	com.netflix.zuul.netty.server.push.PushMessageSender	logPushEvent(io.netty.handler.codec.http.FullHttpRequest,io.netty.handler.codec.http.HttpResponseStatus,com.netflix.zuul.netty.server.push.PushUserAuth)	0	[false, false, false]		protected	false	/home/nima/Developer/nullness-benchmarks/zuul/zuul-core/src/main/java/com/netflix/zuul/netty/server/push/PushMessageSender.java
1556	com.netflix.zuul.netty.server.push.PushMessageSender	getPushUserAuth(io.netty.handler.codec.http.FullHttpRequest)	0	[false]		protected	true	/home/nima/Developer/nullness-benchmarks/zuul/zuul-core/src/main/java/com/netflix/zuul/netty/server/push/PushMessageSender.java
1557	com.netflix.zuul.netty.server.push.PushChannelInitializer	PushChannelInitializer(int,com.netflix.netty.common.channel.config.ChannelConfig,com.netflix.netty.common.channel.config.ChannelConfig,io.netty.channel.group.ChannelGroup)	0	[false, false, false, false]	java.lang.Deprecated	public	false	/home/nima/Developer/nullness-benchmarks/zuul/zuul-core/src/main/java/com/netflix/zuul/netty/server/push/PushChannelInitializer.java
1558	com.netflix.zuul.netty.server.push.PushChannelInitializer	PushChannelInitializer(java.lang.String,com.netflix.netty.common.channel.config.ChannelConfig,com.netflix.netty.common.channel.config.ChannelConfig,io.netty.channel.group.ChannelGroup)	0	[false, false, false, false]		protected	false	/home/nima/Developer/nullness-benchmarks/zuul/zuul-core/src/main/java/com/netflix/zuul/netty/server/push/PushChannelInitializer.java
1559	com.netflix.zuul.netty.server.push.PushChannelInitializer	addHttp1Handlers(io.netty.channel.ChannelPipeline)	583	[false]	java.lang.Override	protected	false	/home/nima/Developer/nullness-benchmarks/zuul/zuul-core/src/main/java/com/netflix/zuul/netty/server/push/PushChannelInitializer.java
1560	com.netflix.zuul.netty.server.push.PushChannelInitializer	addHttpRelatedHandlers(io.netty.channel.ChannelPipeline)	585	[false]	java.lang.Override	protected	false	/home/nima/Developer/nullness-benchmarks/zuul/zuul-core/src/main/java/com/netflix/zuul/netty/server/push/PushChannelInitializer.java
1561	com.netflix.zuul.netty.server.push.PushChannelInitializer	initChannel(io.netty.channel.Channel)	597	[false]	java.lang.Override	protected	false	/home/nima/Developer/nullness-benchmarks/zuul/zuul-core/src/main/java/com/netflix/zuul/netty/server/push/PushChannelInitializer.java
1562	com.netflix.zuul.netty.server.push.PushChannelInitializer	addPushHandlers(io.netty.channel.ChannelPipeline)	0	[false]		protected	false	/home/nima/Developer/nullness-benchmarks/zuul/zuul-core/src/main/java/com/netflix/zuul/netty/server/push/PushChannelInitializer.java
1563	com.netflix.zuul.netty.server.push.PushMessageFactory	sendErrorAndClose(io.netty.channel.ChannelHandlerContext,int,java.lang.String)	0	[false, false, false]		public	false	/home/nima/Developer/nullness-benchmarks/zuul/zuul-core/src/main/java/com/netflix/zuul/netty/server/push/PushMessageFactory.java
1564	com.netflix.zuul.netty.server.push.PushMessageFactory	goAwayMessage()	0	[]		protected	true	/home/nima/Developer/nullness-benchmarks/zuul/zuul-core/src/main/java/com/netflix/zuul/netty/server/push/PushMessageFactory.java
1565	com.netflix.zuul.netty.server.push.PushMessageFactory	serverClosingConnectionMessage(int,java.lang.String)	0	[false, false]		protected	true	/home/nima/Developer/nullness-benchmarks/zuul/zuul-core/src/main/java/com/netflix/zuul/netty/server/push/PushMessageFactory.java
1566	com.netflix.zuul.netty.server.push.PushClientProtocolHandler	isAuthenticated()	0	[]		protected	false	/home/nima/Developer/nullness-benchmarks/zuul/zuul-core/src/main/java/com/netflix/zuul/netty/server/push/PushClientProtocolHandler.java
1567	com.netflix.zuul.netty.server.push.PushClientProtocolHandler	userEventTriggered(io.netty.channel.ChannelHandlerContext,java.lang.Object)	42	[false, false]	java.lang.Override	public	false	/home/nima/Developer/nullness-benchmarks/zuul/zuul-core/src/main/java/com/netflix/zuul/netty/server/push/PushClientProtocolHandler.java
1568	com.netflix.zuul.netty.server.push.PushRegistrationHandler	PushRegistrationHandler(com.netflix.zuul.netty.server.push.PushConnectionRegistry,com.netflix.zuul.netty.server.push.PushProtocol)	0	[false, false]		public	false	/home/nima/Developer/nullness-benchmarks/zuul/zuul-core/src/main/java/com/netflix/zuul/netty/server/push/PushRegistrationHandler.java
1569	com.netflix.zuul.netty.server.push.PushRegistrationHandler	isAuthenticated()	0	[]		protected	false	/home/nima/Developer/nullness-benchmarks/zuul/zuul-core/src/main/java/com/netflix/zuul/netty/server/push/PushRegistrationHandler.java
1570	com.netflix.zuul.netty.server.push.PushRegistrationHandler	tearDown()	0	[]		private	false	/home/nima/Developer/nullness-benchmarks/zuul/zuul-core/src/main/java/com/netflix/zuul/netty/server/push/PushRegistrationHandler.java
1571	com.netflix.zuul.netty.server.push.PushRegistrationHandler	channelInactive(io.netty.channel.ChannelHandlerContext)	384	[false]	java.lang.Override	public	false	/home/nima/Developer/nullness-benchmarks/zuul/zuul-core/src/main/java/com/netflix/zuul/netty/server/push/PushRegistrationHandler.java
1572	com.netflix.zuul.netty.server.push.PushRegistrationHandler	exceptionCaught(io.netty.channel.ChannelHandlerContext,java.lang.Throwable)	465	[false, false]	java.lang.Override	public	false	/home/nima/Developer/nullness-benchmarks/zuul/zuul-core/src/main/java/com/netflix/zuul/netty/server/push/PushRegistrationHandler.java
1573	com.netflix.zuul.netty.server.push.PushRegistrationHandler	forceCloseConnectionFromServerSide()	0	[]		protected	false	/home/nima/Developer/nullness-benchmarks/zuul/zuul-core/src/main/java/com/netflix/zuul/netty/server/push/PushRegistrationHandler.java
1574	com.netflix.zuul.netty.server.push.PushRegistrationHandler	closeIfNotAuthenticated()	0	[]		private	false	/home/nima/Developer/nullness-benchmarks/zuul/zuul-core/src/main/java/com/netflix/zuul/netty/server/push/PushRegistrationHandler.java
1575	com.netflix.zuul.netty.server.push.PushRegistrationHandler	requestClientToCloseConnection()	0	[]		private	false	/home/nima/Developer/nullness-benchmarks/zuul/zuul-core/src/main/java/com/netflix/zuul/netty/server/push/PushRegistrationHandler.java
1576	com.netflix.zuul.netty.server.push.PushRegistrationHandler	keepAlive()	0	[]		protected	false	/home/nima/Developer/nullness-benchmarks/zuul/zuul-core/src/main/java/com/netflix/zuul/netty/server/push/PushRegistrationHandler.java
1577	com.netflix.zuul.netty.server.push.PushRegistrationHandler	ditheredReconnectDeadline()	0	[]		private	false	/home/nima/Developer/nullness-benchmarks/zuul/zuul-core/src/main/java/com/netflix/zuul/netty/server/push/PushRegistrationHandler.java
1578	com.netflix.zuul.netty.server.push.PushRegistrationHandler	userEventTriggered(io.netty.channel.ChannelHandlerContext,java.lang.Object)	42	[false, false]	java.lang.Override	public	false	/home/nima/Developer/nullness-benchmarks/zuul/zuul-core/src/main/java/com/netflix/zuul/netty/server/push/PushRegistrationHandler.java
1579	com.netflix.zuul.netty.server.push.PushRegistrationHandler	registerClient(io.netty.channel.ChannelHandlerContext,com.netflix.zuul.netty.server.push.PushUserAuth,com.netflix.zuul.netty.server.push.PushConnection,com.netflix.zuul.netty.server.push.PushConnectionRegistry)	0	[false, false, false, false]		protected	false	/home/nima/Developer/nullness-benchmarks/zuul/zuul-core/src/main/java/com/netflix/zuul/netty/server/push/PushRegistrationHandler.java
1580	com.netflix.zuul.netty.server.push.PushRegistrationHandler	getPushConnection()	0	[]	com.google.common.annotations.VisibleForTesting	package	true	/home/nima/Developer/nullness-benchmarks/zuul/zuul-core/src/main/java/com/netflix/zuul/netty/server/push/PushRegistrationHandler.java
1581	com.netflix.zuul.netty.server.push.PushRegistrationHandler	getScheduledFutures()	0	[]	com.google.common.annotations.VisibleForTesting	package	true	/home/nima/Developer/nullness-benchmarks/zuul/zuul-core/src/main/java/com/netflix/zuul/netty/server/push/PushRegistrationHandler.java
1582	com.netflix.zuul.netty.server.ssl.SslHandshakeInfoHandler	SslHandshakeInfoHandler(com.netflix.spectator.api.Registry,boolean)	0	[false, false]		public	false	/home/nima/Developer/nullness-benchmarks/zuul/zuul-core/src/main/java/com/netflix/zuul/netty/server/ssl/SslHandshakeInfoHandler.java
1583	com.netflix.zuul.netty.server.ssl.SslHandshakeInfoHandler	SslHandshakeInfoHandler()	0	[]	com.google.common.annotations.VisibleForTesting	package	false	/home/nima/Developer/nullness-benchmarks/zuul/zuul-core/src/main/java/com/netflix/zuul/netty/server/ssl/SslHandshakeInfoHandler.java
1584	com.netflix.zuul.netty.server.ssl.SslHandshakeInfoHandler	userEventTriggered(io.netty.channel.ChannelHandlerContext,java.lang.Object)	42	[false, false]	java.lang.Override	public	false	/home/nima/Developer/nullness-benchmarks/zuul/zuul-core/src/main/java/com/netflix/zuul/netty/server/ssl/SslHandshakeInfoHandler.java
1585	com.netflix.zuul.netty.server.ssl.SslHandshakeInfoHandler	whichClientAuthEnum(io.netty.handler.ssl.SslHandler)	0	[false]		private	true	/home/nima/Developer/nullness-benchmarks/zuul/zuul-core/src/main/java/com/netflix/zuul/netty/server/ssl/SslHandshakeInfoHandler.java
1586	com.netflix.zuul.netty.server.ssl.SslHandshakeInfoHandler	incrementCounters(io.netty.handler.ssl.SslHandshakeCompletionEvent,com.netflix.netty.common.ssl.SslHandshakeInfo)	0	[false, false]		private	false	/home/nima/Developer/nullness-benchmarks/zuul/zuul-core/src/main/java/com/netflix/zuul/netty/server/ssl/SslHandshakeInfoHandler.java
1587	com.netflix.zuul.netty.server.BaseServerStartup	BaseServerStartup(com.netflix.netty.common.status.ServerStatusManager,com.netflix.zuul.FilterLoader,com.netflix.zuul.context.SessionContextDecorator,com.netflix.zuul.FilterUsageNotifier,com.netflix.zuul.RequestCompleteHandler,com.netflix.spectator.api.Registry,com.netflix.zuul.netty.server.DirectMemoryMonitor,com.netflix.netty.common.metrics.EventLoopGroupMetrics,com.netflix.discovery.EurekaClient,com.netflix.appinfo.ApplicationInfoManager,com.netflix.netty.common.accesslog.AccessLogPublisher)	0	[false, false, false, false, false, false, false, false, false, false, false]	javax.inject.Inject	public	false	/home/nima/Developer/nullness-benchmarks/zuul/zuul-core/src/main/java/com/netflix/zuul/netty/server/BaseServerStartup.java
1588	com.netflix.zuul.netty.server.BaseServerStartup	server()	0	[]		public	true	/home/nima/Developer/nullness-benchmarks/zuul/zuul-core/src/main/java/com/netflix/zuul/netty/server/BaseServerStartup.java
1589	com.netflix.zuul.netty.server.BaseServerStartup	init()	0	[]	javax.inject.Inject	public	false	/home/nima/Developer/nullness-benchmarks/zuul/zuul-core/src/main/java/com/netflix/zuul/netty/server/BaseServerStartup.java
1590	com.netflix.zuul.netty.server.BaseServerStartup	choosePortsAndChannels(io.netty.channel.group.ChannelGroup)	0	[false]	java.lang.Deprecated	protected	true	/home/nima/Developer/nullness-benchmarks/zuul/zuul-core/src/main/java/com/netflix/zuul/netty/server/BaseServerStartup.java
1591	com.netflix.zuul.netty.server.BaseServerStartup	chooseAddrsAndChannels(io.netty.channel.group.ChannelGroup)	0	[false]	com.google.errorprone.annotations.ForOverride	protected	true	/home/nima/Developer/nullness-benchmarks/zuul/zuul-core/src/main/java/com/netflix/zuul/netty/server/BaseServerStartup.java
1592	com.netflix.zuul.netty.server.BaseServerStartup	defaultChannelDependencies(java.lang.String)	0	[false]		protected	true	/home/nima/Developer/nullness-benchmarks/zuul/zuul-core/src/main/java/com/netflix/zuul/netty/server/BaseServerStartup.java
1593	com.netflix.zuul.netty.server.BaseServerStartup	addChannelDependencies(com.netflix.netty.common.channel.config.ChannelConfig,java.lang.String)	0	[false, false]		protected	false	/home/nima/Developer/nullness-benchmarks/zuul/zuul-core/src/main/java/com/netflix/zuul/netty/server/BaseServerStartup.java
1594	com.netflix.zuul.netty.server.BaseServerStartup	chooseIntChannelProperty(java.lang.String,java.lang.String,int)	0	[false, false, false]		public	false	/home/nima/Developer/nullness-benchmarks/zuul/zuul-core/src/main/java/com/netflix/zuul/netty/server/BaseServerStartup.java
1595	com.netflix.zuul.netty.server.BaseServerStartup	chooseBooleanChannelProperty(java.lang.String,java.lang.String,boolean)	0	[false, false, false]		public	false	/home/nima/Developer/nullness-benchmarks/zuul/zuul-core/src/main/java/com/netflix/zuul/netty/server/BaseServerStartup.java
1596	com.netflix.zuul.netty.server.BaseServerStartup	defaultChannelConfig(java.lang.String)	0	[false]		public	true	/home/nima/Developer/nullness-benchmarks/zuul/zuul-core/src/main/java/com/netflix/zuul/netty/server/BaseServerStartup.java
1597	com.netflix.zuul.netty.server.BaseServerStartup	addHttp2DefaultConfig(com.netflix.netty.common.channel.config.ChannelConfig,java.lang.String)	0	[false, false]		public	false	/home/nima/Developer/nullness-benchmarks/zuul/zuul-core/src/main/java/com/netflix/zuul/netty/server/BaseServerStartup.java
1598	com.netflix.zuul.netty.server.BaseServerStartup	logPortConfigured(int)	0	[false]	java.lang.Deprecated	protected	false	/home/nima/Developer/nullness-benchmarks/zuul/zuul-core/src/main/java/com/netflix/zuul/netty/server/BaseServerStartup.java
1599	com.netflix.zuul.netty.server.BaseServerStartup	logPortConfigured(int,com.netflix.netty.common.ssl.ServerSslConfig)	0	[false, false]	java.lang.Deprecated	protected	false	/home/nima/Developer/nullness-benchmarks/zuul/zuul-core/src/main/java/com/netflix/zuul/netty/server/BaseServerStartup.java
1600	com.netflix.zuul.netty.server.BaseServerStartup	logPortConfigured(int,io.netty.util.AsyncMapping)	0	[false, false]	java.lang.Deprecated	protected	false	/home/nima/Developer/nullness-benchmarks/zuul/zuul-core/src/main/java/com/netflix/zuul/netty/server/BaseServerStartup.java
1601	com.netflix.zuul.netty.server.BaseServerStartup	logAddrConfigured(java.net.SocketAddress)	0	[false]		protected	false	/home/nima/Developer/nullness-benchmarks/zuul/zuul-core/src/main/java/com/netflix/zuul/netty/server/BaseServerStartup.java
1602	com.netflix.zuul.netty.server.BaseServerStartup	logAddrConfigured(java.net.SocketAddress,com.netflix.netty.common.ssl.ServerSslConfig)	0	[false, false]		protected	false	/home/nima/Developer/nullness-benchmarks/zuul/zuul-core/src/main/java/com/netflix/zuul/netty/server/BaseServerStartup.java
1603	com.netflix.zuul.netty.server.BaseServerStartup	logAddrConfigured(java.net.SocketAddress,io.netty.util.AsyncMapping)	0	[false, false]		protected	false	/home/nima/Developer/nullness-benchmarks/zuul/zuul-core/src/main/java/com/netflix/zuul/netty/server/BaseServerStartup.java
1604	com.netflix.zuul.netty.server.BaseServerStartup	logSecureAddrConfigured(java.net.SocketAddress,java.lang.Object)	0	[false, false]		protected	false	/home/nima/Developer/nullness-benchmarks/zuul/zuul-core/src/main/java/com/netflix/zuul/netty/server/BaseServerStartup.java
1605	com.netflix.zuul.netty.server.NamedSocketAddress	NamedSocketAddress(java.lang.String,java.net.SocketAddress)	0	[false, false]		public	false	/home/nima/Developer/nullness-benchmarks/zuul/zuul-core/src/main/java/com/netflix/zuul/netty/server/NamedSocketAddress.java
1606	com.netflix.zuul.netty.server.NamedSocketAddress	name()	0	[]		public	true	/home/nima/Developer/nullness-benchmarks/zuul/zuul-core/src/main/java/com/netflix/zuul/netty/server/NamedSocketAddress.java
1607	com.netflix.zuul.netty.server.NamedSocketAddress	unwrap()	0	[]		public	true	/home/nima/Developer/nullness-benchmarks/zuul/zuul-core/src/main/java/com/netflix/zuul/netty/server/NamedSocketAddress.java
1608	com.netflix.zuul.netty.server.NamedSocketAddress	withNewSocket(java.net.SocketAddress)	0	[false]	javax.annotation.CheckReturnValue	public	true	/home/nima/Developer/nullness-benchmarks/zuul/zuul-core/src/main/java/com/netflix/zuul/netty/server/NamedSocketAddress.java
1609	com.netflix.zuul.netty.server.NamedSocketAddress	toString()	29	[]	java.lang.Override	public	true	/home/nima/Developer/nullness-benchmarks/zuul/zuul-core/src/main/java/com/netflix/zuul/netty/server/NamedSocketAddress.java
1610	com.netflix.zuul.netty.server.NamedSocketAddress	equals(java.lang.Object)	37	[false]	java.lang.Override	public	false	/home/nima/Developer/nullness-benchmarks/zuul/zuul-core/src/main/java/com/netflix/zuul/netty/server/NamedSocketAddress.java
1611	com.netflix.zuul.netty.server.NamedSocketAddress	hashCode()	39	[]	java.lang.Override	public	false	/home/nima/Developer/nullness-benchmarks/zuul/zuul-core/src/main/java/com/netflix/zuul/netty/server/NamedSocketAddress.java
1612	com.netflix.zuul.netty.server.ClientConnectionsShutdown	ClientConnectionsShutdown(io.netty.channel.group.ChannelGroup,io.netty.util.concurrent.EventExecutor,com.netflix.discovery.EurekaClient)	0	[false, false, false]		public	false	/home/nima/Developer/nullness-benchmarks/zuul/zuul-core/src/main/java/com/netflix/zuul/netty/server/ClientConnectionsShutdown.java
1613	com.netflix.zuul.netty.server.ClientConnectionsShutdown	initDiscoveryListener()	0	[]		private	false	/home/nima/Developer/nullness-benchmarks/zuul/zuul-core/src/main/java/com/netflix/zuul/netty/server/ClientConnectionsShutdown.java
1614	com.netflix.zuul.netty.server.ClientConnectionsShutdown	gracefullyShutdownClientChannels()	0	[]		public	false	/home/nima/Developer/nullness-benchmarks/zuul/zuul-core/src/main/java/com/netflix/zuul/netty/server/ClientConnectionsShutdown.java
1615	com.netflix.zuul.netty.server.Server	Server(java.util.Map,com.netflix.netty.common.status.ServerStatusManager,com.netflix.zuul.netty.server.ClientConnectionsShutdown,com.netflix.netty.common.metrics.EventLoopGroupMetrics)	0	[false, false, false, false]	java.lang.Deprecated	public	false	/home/nima/Developer/nullness-benchmarks/zuul/zuul-core/src/main/java/com/netflix/zuul/netty/server/Server.java
1616	com.netflix.zuul.netty.server.Server	Server(java.util.Map,com.netflix.netty.common.status.ServerStatusManager,com.netflix.zuul.netty.server.ClientConnectionsShutdown,com.netflix.netty.common.metrics.EventLoopGroupMetrics,com.netflix.zuul.netty.server.EventLoopConfig)	0	[false, false, false, false, false]	java.lang.SuppressWarnings,java.lang.Deprecated	public	false	/home/nima/Developer/nullness-benchmarks/zuul/zuul-core/src/main/java/com/netflix/zuul/netty/server/Server.java
1617	com.netflix.zuul.netty.server.Server	Server(com.netflix.spectator.api.Registry,com.netflix.netty.common.status.ServerStatusManager,java.util.Map,com.netflix.zuul.netty.server.ClientConnectionsShutdown,com.netflix.netty.common.metrics.EventLoopGroupMetrics,com.netflix.zuul.netty.server.EventLoopConfig)	0	[false, false, false, false, false, false]		public	false	/home/nima/Developer/nullness-benchmarks/zuul/zuul-core/src/main/java/com/netflix/zuul/netty/server/Server.java
1618	com.netflix.zuul.netty.server.Server	stop()	0	[]		public	false	/home/nima/Developer/nullness-benchmarks/zuul/zuul-core/src/main/java/com/netflix/zuul/netty/server/Server.java
1619	com.netflix.zuul.netty.server.Server	start()	0	[]		public	false	/home/nima/Developer/nullness-benchmarks/zuul/zuul-core/src/main/java/com/netflix/zuul/netty/server/Server.java
1620	com.netflix.zuul.netty.server.Server	awaitTermination()	0	[]		public	false	/home/nima/Developer/nullness-benchmarks/zuul/zuul-core/src/main/java/com/netflix/zuul/netty/server/Server.java
1621	com.netflix.zuul.netty.server.Server	getListeningAddresses()	0	[]		public	true	/home/nima/Developer/nullness-benchmarks/zuul/zuul-core/src/main/java/com/netflix/zuul/netty/server/Server.java
1622	com.netflix.zuul.netty.server.Server	waitForEachEventLoop()	0	[]	com.google.common.annotations.VisibleForTesting	public	false	/home/nima/Developer/nullness-benchmarks/zuul/zuul-core/src/main/java/com/netflix/zuul/netty/server/Server.java
1623	com.netflix.zuul.netty.server.Server	gracefullyShutdownConnections()	0	[]	com.google.common.annotations.VisibleForTesting	public	false	/home/nima/Developer/nullness-benchmarks/zuul/zuul-core/src/main/java/com/netflix/zuul/netty/server/Server.java
1624	com.netflix.zuul.netty.server.Server	setupServerBootstrap(com.netflix.zuul.netty.server.NamedSocketAddress,io.netty.channel.ChannelInitializer)	0	[false, false]		private	true	/home/nima/Developer/nullness-benchmarks/zuul/zuul-core/src/main/java/com/netflix/zuul/netty/server/Server.java
1625	com.netflix.zuul.netty.server.Server	postEventLoopCreationHook(io.netty.channel.EventLoopGroup,io.netty.channel.EventLoopGroup)	0	[false, false]		public	false	/home/nima/Developer/nullness-benchmarks/zuul/zuul-core/src/main/java/com/netflix/zuul/netty/server/Server.java
1626	com.netflix.zuul.netty.server.Server$ServerGroup	ServerGroup(java.lang.String,int,int,com.netflix.netty.common.metrics.EventLoopGroupMetrics)	0	[false, false, false, false]		private	false	/home/nima/Developer/nullness-benchmarks/zuul/zuul-core/src/main/java/com/netflix/zuul/netty/server/Server.java
1627	com.netflix.zuul.netty.server.Server$ServerGroup$1	uncaughtException(java.lang.Thread,java.lang.Throwable)	1628	[false, false]		public	false	/home/nima/Developer/nullness-benchmarks/zuul/zuul-core/src/main/java/com/netflix/zuul/netty/server/Server.java
1629	com.netflix.zuul.netty.server.Server$ServerGroup	initializeTransport()	0	[]		private	false	/home/nima/Developer/nullness-benchmarks/zuul/zuul-core/src/main/java/com/netflix/zuul/netty/server/Server.java
1630	com.netflix.zuul.netty.server.Server$ServerGroup	stop()	0	[]		private	false	/home/nima/Developer/nullness-benchmarks/zuul/zuul-core/src/main/java/com/netflix/zuul/netty/server/Server.java
1631	com.netflix.zuul.netty.server.Server$NewConnHandler	channelRead(io.netty.channel.ChannelHandlerContext,java.lang.Object)	14	[false, false]	java.lang.Override	public	false	/home/nima/Developer/nullness-benchmarks/zuul/zuul-core/src/main/java/com/netflix/zuul/netty/server/Server.java
1632	com.netflix.zuul.netty.server.Server	convertPortMap(java.util.Map)	0	[false]		package	true	/home/nima/Developer/nullness-benchmarks/zuul/zuul-core/src/main/java/com/netflix/zuul/netty/server/Server.java
1633	com.netflix.zuul.netty.server.Server	epollIsAvailable()	0	[]		private	false	/home/nima/Developer/nullness-benchmarks/zuul/zuul-core/src/main/java/com/netflix/zuul/netty/server/Server.java
1634	com.netflix.zuul.netty.server.Server	ioUringIsAvailable()	0	[]		private	false	/home/nima/Developer/nullness-benchmarks/zuul/zuul-core/src/main/java/com/netflix/zuul/netty/server/Server.java
1635	com.netflix.zuul.netty.server.Server	kqueueIsAvailable()	0	[]		private	false	/home/nima/Developer/nullness-benchmarks/zuul/zuul-core/src/main/java/com/netflix/zuul/netty/server/Server.java
1636	com.netflix.zuul.netty.server.Http1MutualSslChannelInitializer	Http1MutualSslChannelInitializer(int,com.netflix.netty.common.channel.config.ChannelConfig,com.netflix.netty.common.channel.config.ChannelConfig,io.netty.channel.group.ChannelGroup)	0	[false, false, false, false]	java.lang.Deprecated	public	false	/home/nima/Developer/nullness-benchmarks/zuul/zuul-core/src/main/java/com/netflix/zuul/netty/server/Http1MutualSslChannelInitializer.java
1637	com.netflix.zuul.netty.server.Http1MutualSslChannelInitializer	Http1MutualSslChannelInitializer(java.lang.String,com.netflix.netty.common.channel.config.ChannelConfig,com.netflix.netty.common.channel.config.ChannelConfig,io.netty.channel.group.ChannelGroup)	0	[false, false, false, false]		public	false	/home/nima/Developer/nullness-benchmarks/zuul/zuul-core/src/main/java/com/netflix/zuul/netty/server/Http1MutualSslChannelInitializer.java
1638	com.netflix.zuul.netty.server.Http1MutualSslChannelInitializer	initChannel(io.netty.channel.Channel)	597	[false]	java.lang.Override	protected	false	/home/nima/Developer/nullness-benchmarks/zuul/zuul-core/src/main/java/com/netflix/zuul/netty/server/Http1MutualSslChannelInitializer.java
1639	com.netflix.zuul.netty.server.ZuulServerChannelInitializer	ZuulServerChannelInitializer(java.lang.String,com.netflix.netty.common.channel.config.ChannelConfig,com.netflix.netty.common.channel.config.ChannelConfig,io.netty.channel.group.ChannelGroup)	0	[false, false, false, false]		public	false	/home/nima/Developer/nullness-benchmarks/zuul/zuul-core/src/main/java/com/netflix/zuul/netty/server/ZuulServerChannelInitializer.java
1640	com.netflix.zuul.netty.server.ZuulServerChannelInitializer	ZuulServerChannelInitializer(int,com.netflix.netty.common.channel.config.ChannelConfig,com.netflix.netty.common.channel.config.ChannelConfig,io.netty.channel.group.ChannelGroup)	0	[false, false, false, false]	java.lang.Deprecated	public	false	/home/nima/Developer/nullness-benchmarks/zuul/zuul-core/src/main/java/com/netflix/zuul/netty/server/ZuulServerChannelInitializer.java
1641	com.netflix.zuul.netty.server.ZuulServerChannelInitializer	initChannel(io.netty.channel.Channel)	597	[false]	java.lang.Override	protected	false	/home/nima/Developer/nullness-benchmarks/zuul/zuul-core/src/main/java/com/netflix/zuul/netty/server/ZuulServerChannelInitializer.java
1642	com.netflix.zuul.netty.ratelimiting.NullChannelHandlerProvider	get()	447	[]	java.lang.Override	public	true	/home/nima/Developer/nullness-benchmarks/zuul/zuul-core/src/main/java/com/netflix/zuul/netty/ratelimiting/NullChannelHandlerProvider.java
1643	com.netflix.zuul.netty.ssl.BaseSslContextFactory	BaseSslContextFactory(com.netflix.spectator.api.Registry,com.netflix.netty.common.ssl.ServerSslConfig)	0	[false, false]		public	false	/home/nima/Developer/nullness-benchmarks/zuul/zuul-core/src/main/java/com/netflix/zuul/netty/ssl/BaseSslContextFactory.java
1644	com.netflix.zuul.netty.ssl.BaseSslContextFactory	createBuilderForServer()	426	[]	java.lang.Override	public	true	/home/nima/Developer/nullness-benchmarks/zuul/zuul-core/src/main/java/com/netflix/zuul/netty/ssl/BaseSslContextFactory.java
1645	com.netflix.zuul.netty.ssl.BaseSslContextFactory	newBuilderForServer()	0	[]	com.google.errorprone.annotations.ForOverride	protected	true	/home/nima/Developer/nullness-benchmarks/zuul/zuul-core/src/main/java/com/netflix/zuul/netty/ssl/BaseSslContextFactory.java
1646	com.netflix.zuul.netty.ssl.BaseSslContextFactory	enableSessionTickets(io.netty.handler.ssl.SslContext)	429	[false]	java.lang.Override	public	false	/home/nima/Developer/nullness-benchmarks/zuul/zuul-core/src/main/java/com/netflix/zuul/netty/ssl/BaseSslContextFactory.java
1647	com.netflix.zuul.netty.ssl.BaseSslContextFactory	configureOpenSslStatsMetrics(io.netty.handler.ssl.SslContext,java.lang.String)	430	[false, false]		public	false	/home/nima/Developer/nullness-benchmarks/zuul/zuul-core/src/main/java/com/netflix/zuul/netty/ssl/BaseSslContextFactory.java
1648	com.netflix.zuul.netty.ssl.BaseSslContextFactory	openSslStatGauge(io.netty.handler.ssl.OpenSslSessionStats,java.lang.String,java.lang.String,java.util.function.ToDoubleFunction)	0	[false, false, false, false]		private	false	/home/nima/Developer/nullness-benchmarks/zuul/zuul-core/src/main/java/com/netflix/zuul/netty/ssl/BaseSslContextFactory.java
1649	com.netflix.zuul.netty.ssl.BaseSslContextFactory	chooseSslProvider()	0	[]		public	true	/home/nima/Developer/nullness-benchmarks/zuul/zuul-core/src/main/java/com/netflix/zuul/netty/ssl/BaseSslContextFactory.java
1650	com.netflix.zuul.netty.ssl.BaseSslContextFactory	getServerSslConfig()	0	[]		public	true	/home/nima/Developer/nullness-benchmarks/zuul/zuul-core/src/main/java/com/netflix/zuul/netty/ssl/BaseSslContextFactory.java
1651	com.netflix.zuul.netty.ssl.BaseSslContextFactory	getProtocols()	427	[]	java.lang.Override	public	true	/home/nima/Developer/nullness-benchmarks/zuul/zuul-core/src/main/java/com/netflix/zuul/netty/ssl/BaseSslContextFactory.java
1652	com.netflix.zuul.netty.ssl.BaseSslContextFactory	getCiphers()	428	[]		public	true	/home/nima/Developer/nullness-benchmarks/zuul/zuul-core/src/main/java/com/netflix/zuul/netty/ssl/BaseSslContextFactory.java
1653	com.netflix.zuul.netty.ssl.BaseSslContextFactory	getCiphersFilter()	0	[]		protected	true	/home/nima/Developer/nullness-benchmarks/zuul/zuul-core/src/main/java/com/netflix/zuul/netty/ssl/BaseSslContextFactory.java
1654	com.netflix.zuul.netty.ssl.BaseSslContextFactory	getTrustedX509Certificates()	0	[]		protected	true	/home/nima/Developer/nullness-benchmarks/zuul/zuul-core/src/main/java/com/netflix/zuul/netty/ssl/BaseSslContextFactory.java
1655	com.netflix.zuul.netty.ssl.BaseSslContextFactory	getTruststorePassword(byte[])	0	[false]		protected	true	/home/nima/Developer/nullness-benchmarks/zuul/zuul-core/src/main/java/com/netflix/zuul/netty/ssl/BaseSslContextFactory.java
1656	com.netflix.zuul.netty.ssl.BaseSslContextFactory	getKeyInputStream()	0	[]		protected	true	/home/nima/Developer/nullness-benchmarks/zuul/zuul-core/src/main/java/com/netflix/zuul/netty/ssl/BaseSslContextFactory.java
1657	com.netflix.zuul.netty.ssl.ClientSslContextFactory	ClientSslContextFactory(com.netflix.spectator.api.Registry)	0	[false]		public	false	/home/nima/Developer/nullness-benchmarks/zuul/zuul-core/src/main/java/com/netflix/zuul/netty/ssl/ClientSslContextFactory.java
1658	com.netflix.zuul.netty.ssl.ClientSslContextFactory	ClientSslContextFactory(com.netflix.spectator.api.Registry,com.netflix.netty.common.ssl.ServerSslConfig)	0	[false, false]		public	false	/home/nima/Developer/nullness-benchmarks/zuul/zuul-core/src/main/java/com/netflix/zuul/netty/ssl/ClientSslContextFactory.java
1659	com.netflix.zuul.netty.ssl.ClientSslContextFactory	getClientSslContext()	0	[]		public	true	/home/nima/Developer/nullness-benchmarks/zuul/zuul-core/src/main/java/com/netflix/zuul/netty/ssl/ClientSslContextFactory.java
1660	com.netflix.zuul.netty.ssl.ClientSslContextFactory	maybeAddTls13(boolean,java.lang.String[])	0	[false, false]		package	true	/home/nima/Developer/nullness-benchmarks/zuul/zuul-core/src/main/java/com/netflix/zuul/netty/ssl/ClientSslContextFactory.java
1661	com.netflix.zuul.netty.SpectatorUtils	SpectatorUtils()	0	[]		private	false	/home/nima/Developer/nullness-benchmarks/zuul/zuul-core/src/main/java/com/netflix/zuul/netty/SpectatorUtils.java
1662	com.netflix.zuul.netty.SpectatorUtils	newCounter(java.lang.String,java.lang.String)	0	[false, false]		public	true	/home/nima/Developer/nullness-benchmarks/zuul/zuul-core/src/main/java/com/netflix/zuul/netty/SpectatorUtils.java
1663	com.netflix.zuul.netty.SpectatorUtils	newCounter(java.lang.String,java.lang.String,java.lang.String[])	0	[false, false, false]		public	true	/home/nima/Developer/nullness-benchmarks/zuul/zuul-core/src/main/java/com/netflix/zuul/netty/SpectatorUtils.java
1664	com.netflix.zuul.netty.SpectatorUtils	newTimer(java.lang.String,java.lang.String)	0	[false, false]		public	true	/home/nima/Developer/nullness-benchmarks/zuul/zuul-core/src/main/java/com/netflix/zuul/netty/SpectatorUtils.java
1665	com.netflix.zuul.netty.SpectatorUtils	newTimer(java.lang.String,java.lang.String,java.lang.String[])	0	[false, false, false]		public	true	/home/nima/Developer/nullness-benchmarks/zuul/zuul-core/src/main/java/com/netflix/zuul/netty/SpectatorUtils.java
1666	com.netflix.zuul.netty.SpectatorUtils	newGauge(java.lang.String,java.lang.String,T)	0	[false, false, false]		public	true	/home/nima/Developer/nullness-benchmarks/zuul/zuul-core/src/main/java/com/netflix/zuul/netty/SpectatorUtils.java
1667	com.netflix.zuul.netty.SpectatorUtils	newGauge(java.lang.String,java.lang.String,T,java.lang.String[])	0	[false, false, false, false]		public	true	/home/nima/Developer/nullness-benchmarks/zuul/zuul-core/src/main/java/com/netflix/zuul/netty/SpectatorUtils.java
1668	com.netflix.zuul.netty.SpectatorUtils	getTagsWithId(java.lang.String,java.lang.String[])	0	[false, false]		private	true	/home/nima/Developer/nullness-benchmarks/zuul/zuul-core/src/main/java/com/netflix/zuul/netty/SpectatorUtils.java
1669	com.netflix.zuul.netty.ChannelUtils	channelInfoForLogging(io.netty.channel.Channel)	0	[false]		public	true	/home/nima/Developer/nullness-benchmarks/zuul/zuul-core/src/main/java/com/netflix/zuul/netty/ChannelUtils.java
1670	com.netflix.zuul.netty.filter.ZuulFilterChainHandler	ZuulFilterChainHandler(com.netflix.zuul.netty.filter.ZuulFilterChainRunner,com.netflix.zuul.netty.filter.ZuulFilterChainRunner)	0	[false, false]		public	false	/home/nima/Developer/nullness-benchmarks/zuul/zuul-core/src/main/java/com/netflix/zuul/netty/filter/ZuulFilterChainHandler.java
1671	com.netflix.zuul.netty.filter.ZuulFilterChainHandler	channelRead(io.netty.channel.ChannelHandlerContext,java.lang.Object)	14	[false, false]	java.lang.Override	public	false	/home/nima/Developer/nullness-benchmarks/zuul/zuul-core/src/main/java/com/netflix/zuul/netty/filter/ZuulFilterChainHandler.java
1672	com.netflix.zuul.netty.filter.ZuulFilterChainHandler	userEventTriggered(io.netty.channel.ChannelHandlerContext,java.lang.Object)	42	[false, false]	java.lang.Override	public	false	/home/nima/Developer/nullness-benchmarks/zuul/zuul-core/src/main/java/com/netflix/zuul/netty/filter/ZuulFilterChainHandler.java
1673	com.netflix.zuul.netty.filter.ZuulFilterChainHandler	sendResponse(com.netflix.zuul.stats.status.StatusCategory,int,io.netty.channel.ChannelHandlerContext)	0	[false, false, false]		private	false	/home/nima/Developer/nullness-benchmarks/zuul/zuul-core/src/main/java/com/netflix/zuul/netty/filter/ZuulFilterChainHandler.java
1674	com.netflix.zuul.netty.filter.ZuulFilterChainHandler	getZuulRequest()	0	[]		protected	true	/home/nima/Developer/nullness-benchmarks/zuul/zuul-core/src/main/java/com/netflix/zuul/netty/filter/ZuulFilterChainHandler.java
1675	com.netflix.zuul.netty.filter.ZuulFilterChainHandler	fireEndpointFinish(boolean,io.netty.channel.ChannelHandlerContext)	0	[false, false]		protected	false	/home/nima/Developer/nullness-benchmarks/zuul/zuul-core/src/main/java/com/netflix/zuul/netty/filter/ZuulFilterChainHandler.java
1676	com.netflix.zuul.netty.filter.ZuulFilterChainHandler	finishResponseFilters(io.netty.channel.ChannelHandlerContext)	0	[false]		private	false	/home/nima/Developer/nullness-benchmarks/zuul/zuul-core/src/main/java/com/netflix/zuul/netty/filter/ZuulFilterChainHandler.java
1677	com.netflix.zuul.netty.filter.ZuulFilterChainHandler	exceptionCaught(io.netty.channel.ChannelHandlerContext,java.lang.Throwable)	465	[false, false]	java.lang.Override	public	false	/home/nima/Developer/nullness-benchmarks/zuul/zuul-core/src/main/java/com/netflix/zuul/netty/filter/ZuulFilterChainHandler.java
1678	com.netflix.zuul.netty.filter.ZuulFilterChainHandler	isClientChannelClosed(java.lang.Throwable)	0	[false]		private	false	/home/nima/Developer/nullness-benchmarks/zuul/zuul-core/src/main/java/com/netflix/zuul/netty/filter/ZuulFilterChainHandler.java
1679	com.netflix.zuul.constants.ZuulHeaders	ZuulHeaders()	0	[]		private	false	/home/nima/Developer/nullness-benchmarks/zuul/zuul-core/src/main/java/com/netflix/zuul/constants/ZuulHeaders.java
1680	com.netflix.zuul.constants.ZuulConstants	ZuulConstants()	0	[]		private	false	/home/nima/Developer/nullness-benchmarks/zuul/zuul-core/src/main/java/com/netflix/zuul/constants/ZuulConstants.java
1681	com.netflix.zuul.origins.BasicNettyOriginManager	BasicNettyOriginManager(com.netflix.spectator.api.Registry)	0	[false]	javax.inject.Inject	public	false	/home/nima/Developer/nullness-benchmarks/zuul/zuul-core/src/main/java/com/netflix/zuul/origins/BasicNettyOriginManager.java
1682	com.netflix.zuul.origins.BasicNettyOriginManager	getOrigin(com.netflix.zuul.origins.OriginName,java.lang.String,com.netflix.zuul.context.SessionContext)	856	[false, false, false]	java.lang.Override	public	true	/home/nima/Developer/nullness-benchmarks/zuul/zuul-core/src/main/java/com/netflix/zuul/origins/BasicNettyOriginManager.java
1683	com.netflix.zuul.origins.BasicNettyOriginManager	createOrigin(com.netflix.zuul.origins.OriginName,java.lang.String,com.netflix.zuul.context.SessionContext)	857	[false, false, false]	java.lang.Override	public	true	/home/nima/Developer/nullness-benchmarks/zuul/zuul-core/src/main/java/com/netflix/zuul/origins/BasicNettyOriginManager.java
1684	com.netflix.zuul.origins.BasicNettyOrigin	BasicNettyOrigin(com.netflix.zuul.origins.OriginName,com.netflix.spectator.api.Registry)	0	[false, false]		public	false	/home/nima/Developer/nullness-benchmarks/zuul/zuul-core/src/main/java/com/netflix/zuul/origins/BasicNettyOrigin.java
1685	com.netflix.zuul.origins.BasicNettyOrigin	setupClientConfig(com.netflix.zuul.origins.OriginName)	0	[false]		protected	true	/home/nima/Developer/nullness-benchmarks/zuul/zuul-core/src/main/java/com/netflix/zuul/origins/BasicNettyOrigin.java
1686	com.netflix.zuul.origins.BasicNettyOrigin	getName()	747	[]	java.lang.Override	public	true	/home/nima/Developer/nullness-benchmarks/zuul/zuul-core/src/main/java/com/netflix/zuul/origins/BasicNettyOrigin.java
1687	com.netflix.zuul.origins.BasicNettyOrigin	isAvailable()	748	[]	java.lang.Override	public	false	/home/nima/Developer/nullness-benchmarks/zuul/zuul-core/src/main/java/com/netflix/zuul/origins/BasicNettyOrigin.java
1688	com.netflix.zuul.origins.BasicNettyOrigin	isCold()	749	[]	java.lang.Override	public	false	/home/nima/Developer/nullness-benchmarks/zuul/zuul-core/src/main/java/com/netflix/zuul/origins/BasicNettyOrigin.java
1689	com.netflix.zuul.origins.BasicNettyOrigin	connectToOrigin(com.netflix.zuul.message.http.HttpRequestMessage,io.netty.channel.EventLoop,int,com.netflix.zuul.passport.CurrentPassport,java.util.concurrent.atomic.AtomicReference,java.util.concurrent.atomic.AtomicReference)	728	[false, false, false, false, false, false]	java.lang.Override	public	true	/home/nima/Developer/nullness-benchmarks/zuul/zuul-core/src/main/java/com/netflix/zuul/origins/BasicNettyOrigin.java
1690	com.netflix.zuul.origins.BasicNettyOrigin	getMaxRetriesForRequest(com.netflix.zuul.context.SessionContext)	729	[false]		public	false	/home/nima/Developer/nullness-benchmarks/zuul/zuul-core/src/main/java/com/netflix/zuul/origins/BasicNettyOrigin.java
1691	com.netflix.zuul.origins.BasicNettyOrigin	newRequestAttempt(com.netflix.zuul.discovery.DiscoveryResult,com.netflix.zuul.context.SessionContext,int)	737	[false, false, false]	java.lang.Override	public	true	/home/nima/Developer/nullness-benchmarks/zuul/zuul-core/src/main/java/com/netflix/zuul/origins/BasicNettyOrigin.java
1692	com.netflix.zuul.origins.BasicNettyOrigin	getIpAddrFromServer(com.netflix.zuul.discovery.DiscoveryResult)	738	[false]	java.lang.Override	public	true	/home/nima/Developer/nullness-benchmarks/zuul/zuul-core/src/main/java/com/netflix/zuul/origins/BasicNettyOrigin.java
1693	com.netflix.zuul.origins.BasicNettyOrigin	getClientConfig()	739	[]	java.lang.Override	public	true	/home/nima/Developer/nullness-benchmarks/zuul/zuul-core/src/main/java/com/netflix/zuul/origins/BasicNettyOrigin.java
1694	com.netflix.zuul.origins.BasicNettyOrigin	getSpectatorRegistry()	740	[]	java.lang.Override	public	true	/home/nima/Developer/nullness-benchmarks/zuul/zuul-core/src/main/java/com/netflix/zuul/origins/BasicNettyOrigin.java
1695	com.netflix.zuul.origins.BasicNettyOrigin	recordFinalError(com.netflix.zuul.message.http.HttpRequestMessage,java.lang.Throwable)	735	[false, false]	java.lang.Override	public	false	/home/nima/Developer/nullness-benchmarks/zuul/zuul-core/src/main/java/com/netflix/zuul/origins/BasicNettyOrigin.java
1696	com.netflix.zuul.origins.BasicNettyOrigin	recordFinalResponse(com.netflix.zuul.message.http.HttpResponseMessage)	736	[false]	java.lang.Override	public	false	/home/nima/Developer/nullness-benchmarks/zuul/zuul-core/src/main/java/com/netflix/zuul/origins/BasicNettyOrigin.java
1697	com.netflix.zuul.origins.BasicNettyOrigin	preRequestChecks(com.netflix.zuul.message.http.HttpRequestMessage)	744	[false]	java.lang.Override	public	false	/home/nima/Developer/nullness-benchmarks/zuul/zuul-core/src/main/java/com/netflix/zuul/origins/BasicNettyOrigin.java
1698	com.netflix.zuul.origins.BasicNettyOrigin	recordProxyRequestEnd()	746	[]	java.lang.Override	public	false	/home/nima/Developer/nullness-benchmarks/zuul/zuul-core/src/main/java/com/netflix/zuul/origins/BasicNettyOrigin.java
1699	com.netflix.zuul.origins.BasicNettyOrigin	getErrorPercentage()	741	[]	java.lang.Override	public	false	/home/nima/Developer/nullness-benchmarks/zuul/zuul-core/src/main/java/com/netflix/zuul/origins/BasicNettyOrigin.java
1700	com.netflix.zuul.origins.BasicNettyOrigin	getErrorAllPercentage()	742	[]	java.lang.Override	public	false	/home/nima/Developer/nullness-benchmarks/zuul/zuul-core/src/main/java/com/netflix/zuul/origins/BasicNettyOrigin.java
1701	com.netflix.zuul.origins.BasicNettyOrigin	onRequestExecutionStart(com.netflix.zuul.message.http.HttpRequestMessage)	730	[false]	java.lang.Override	public	false	/home/nima/Developer/nullness-benchmarks/zuul/zuul-core/src/main/java/com/netflix/zuul/origins/BasicNettyOrigin.java
1702	com.netflix.zuul.origins.BasicNettyOrigin	onRequestStartWithServer(com.netflix.zuul.message.http.HttpRequestMessage,com.netflix.zuul.discovery.DiscoveryResult,int)	731	[false, false, false]	java.lang.Override	public	false	/home/nima/Developer/nullness-benchmarks/zuul/zuul-core/src/main/java/com/netflix/zuul/origins/BasicNettyOrigin.java
1703	com.netflix.zuul.origins.BasicNettyOrigin	onRequestExceptionWithServer(com.netflix.zuul.message.http.HttpRequestMessage,com.netflix.zuul.discovery.DiscoveryResult,int,java.lang.Throwable)	732	[false, false, false, false]	java.lang.Override	public	false	/home/nima/Developer/nullness-benchmarks/zuul/zuul-core/src/main/java/com/netflix/zuul/origins/BasicNettyOrigin.java
1704	com.netflix.zuul.origins.BasicNettyOrigin	onRequestExecutionSuccess(com.netflix.zuul.message.http.HttpRequestMessage,com.netflix.zuul.message.http.HttpResponseMessage,com.netflix.zuul.discovery.DiscoveryResult,int)	733	[false, false, false, false]	java.lang.Override	public	false	/home/nima/Developer/nullness-benchmarks/zuul/zuul-core/src/main/java/com/netflix/zuul/origins/BasicNettyOrigin.java
1705	com.netflix.zuul.origins.BasicNettyOrigin	onRequestExecutionFailed(com.netflix.zuul.message.http.HttpRequestMessage,com.netflix.zuul.discovery.DiscoveryResult,int,java.lang.Throwable)	734	[false, false, false, false]	java.lang.Override	public	false	/home/nima/Developer/nullness-benchmarks/zuul/zuul-core/src/main/java/com/netflix/zuul/origins/BasicNettyOrigin.java
1706	com.netflix.zuul.origins.BasicNettyOrigin	adjustRetryPolicyIfNeeded(com.netflix.zuul.message.http.HttpRequestMessage)	743	[false]	java.lang.Override	public	false	/home/nima/Developer/nullness-benchmarks/zuul/zuul-core/src/main/java/com/netflix/zuul/origins/BasicNettyOrigin.java
1707	com.netflix.zuul.origins.BasicNettyOrigin	recordSuccessResponse()	745	[]	java.lang.Override	public	false	/home/nima/Developer/nullness-benchmarks/zuul/zuul-core/src/main/java/com/netflix/zuul/origins/BasicNettyOrigin.java
1708	com.netflix.zuul.origins.OriginThrottledException	OriginThrottledException(com.netflix.zuul.origins.OriginName,java.lang.String,com.netflix.zuul.stats.status.StatusCategory)	0	[false, false, false]		public	false	/home/nima/Developer/nullness-benchmarks/zuul/zuul-core/src/main/java/com/netflix/zuul/origins/OriginThrottledException.java
1709	com.netflix.zuul.origins.OriginThrottledException	getOriginName()	0	[]		public	true	/home/nima/Developer/nullness-benchmarks/zuul/zuul-core/src/main/java/com/netflix/zuul/origins/OriginThrottledException.java
1710	com.netflix.zuul.origins.OriginThrottledException	getStatusCategory()	0	[]		public	true	/home/nima/Developer/nullness-benchmarks/zuul/zuul-core/src/main/java/com/netflix/zuul/origins/OriginThrottledException.java
1711	com.netflix.zuul.origins.OriginConcurrencyExceededException	OriginConcurrencyExceededException(com.netflix.zuul.origins.OriginName)	0	[false]		public	false	/home/nima/Developer/nullness-benchmarks/zuul/zuul-core/src/main/java/com/netflix/zuul/origins/OriginConcurrencyExceededException.java
1712	com.netflix.zuul.DefaultFilterFactory	newInstance(java.lang.Class)	1045	[false]	java.lang.Override	public	true	/home/nima/Developer/nullness-benchmarks/zuul/zuul-core/src/main/java/com/netflix/zuul/DefaultFilterFactory.java
1713	com.netflix.zuul.logging.Http2FrameLoggingPerClientIpHandler	channelRead(io.netty.channel.ChannelHandlerContext,java.lang.Object)	14	[false, false]	java.lang.Override	public	false	/home/nima/Developer/nullness-benchmarks/zuul/zuul-core/src/main/java/com/netflix/zuul/logging/Http2FrameLoggingPerClientIpHandler.java
1714	com.netflix.zuul.plugins.Tracer	startMicroTracer(java.lang.String)	1095	[false]	java.lang.Override	public	true	/home/nima/Developer/nullness-benchmarks/zuul/zuul-core/src/main/java/com/netflix/zuul/plugins/Tracer.java
1715	com.netflix.zuul.plugins.Tracer$SpectatorTracer	SpectatorTracer(java.lang.String)	0	[false]		private	false	/home/nima/Developer/nullness-benchmarks/zuul/zuul-core/src/main/java/com/netflix/zuul/plugins/Tracer.java
1716	com.netflix.zuul.plugins.Tracer$SpectatorTracer	stopAndLog()	1099	[]	java.lang.Override	public	false	/home/nima/Developer/nullness-benchmarks/zuul/zuul-core/src/main/java/com/netflix/zuul/plugins/Tracer.java
1717	com.netflix.zuul.plugins.Tracer$SpectatorTracer	setName(java.lang.String)	1097	[false]	java.lang.Override	public	false	/home/nima/Developer/nullness-benchmarks/zuul/zuul-core/src/main/java/com/netflix/zuul/plugins/Tracer.java
1718	com.netflix.zuul.plugins.Tracer	getHostName()	0	[]		private	true	/home/nima/Developer/nullness-benchmarks/zuul/zuul-core/src/main/java/com/netflix/zuul/plugins/Tracer.java
1719	com.netflix.zuul.plugins.Tracer	getIp()	0	[]		private	true	/home/nima/Developer/nullness-benchmarks/zuul/zuul-core/src/main/java/com/netflix/zuul/plugins/Tracer.java
1720	com.netflix.zuul.plugins.Tracer	loadAddress()	0	[]		private	true	/home/nima/Developer/nullness-benchmarks/zuul/zuul-core/src/main/java/com/netflix/zuul/plugins/Tracer.java
1721	com.netflix.zuul.BasicFilterUsageNotifier	BasicFilterUsageNotifier(com.netflix.spectator.api.Registry)	0	[false]	javax.inject.Inject	package	false	/home/nima/Developer/nullness-benchmarks/zuul/zuul-core/src/main/java/com/netflix/zuul/BasicFilterUsageNotifier.java
1722	com.netflix.zuul.BasicFilterUsageNotifier	notify(com.netflix.zuul.filters.ZuulFilter,com.netflix.zuul.ExecutionStatus)	915	[false, false]	java.lang.Override	public	false	/home/nima/Developer/nullness-benchmarks/zuul/zuul-core/src/main/java/com/netflix/zuul/BasicFilterUsageNotifier.java
1723	com.netflix.zuul.passport.CurrentPassport$Unlocker	close()	1724	[]	java.lang.Override	public	false	/home/nima/Developer/nullness-benchmarks/zuul/zuul-core/src/main/java/com/netflix/zuul/passport/CurrentPassport.java
1725	com.netflix.zuul.passport.CurrentPassport$IntrospectiveReentrantLock	getOwner()	1726	[]	java.lang.Override	protected	true	/home/nima/Developer/nullness-benchmarks/zuul/zuul-core/src/main/java/com/netflix/zuul/passport/CurrentPassport.java
1727	com.netflix.zuul.passport.CurrentPassport	lock()	0	[]		private	true	/home/nima/Developer/nullness-benchmarks/zuul/zuul-core/src/main/java/com/netflix/zuul/passport/CurrentPassport.java
1728	com.netflix.zuul.passport.CurrentPassport	CurrentPassport()	0	[]		package	false	/home/nima/Developer/nullness-benchmarks/zuul/zuul-core/src/main/java/com/netflix/zuul/passport/CurrentPassport.java
1729	com.netflix.zuul.passport.CurrentPassport	CurrentPassport(com.google.common.base.Ticker)	0	[false]	com.google.common.annotations.VisibleForTesting	public	false	/home/nima/Developer/nullness-benchmarks/zuul/zuul-core/src/main/java/com/netflix/zuul/passport/CurrentPassport.java
1730	com.netflix.zuul.passport.CurrentPassport	create()	0	[]		public	true	/home/nima/Developer/nullness-benchmarks/zuul/zuul-core/src/main/java/com/netflix/zuul/passport/CurrentPassport.java
1731	com.netflix.zuul.passport.CurrentPassport	fromSessionContext(com.netflix.zuul.context.SessionContext)	0	[false]		public	true	/home/nima/Developer/nullness-benchmarks/zuul/zuul-core/src/main/java/com/netflix/zuul/passport/CurrentPassport.java
1732	com.netflix.zuul.passport.CurrentPassport	createForChannel(io.netty.channel.Channel)	0	[false]		public	true	/home/nima/Developer/nullness-benchmarks/zuul/zuul-core/src/main/java/com/netflix/zuul/passport/CurrentPassport.java
1733	com.netflix.zuul.passport.CurrentPassport	fromChannel(io.netty.channel.Channel)	0	[false]		public	true	/home/nima/Developer/nullness-benchmarks/zuul/zuul-core/src/main/java/com/netflix/zuul/passport/CurrentPassport.java
1734	com.netflix.zuul.passport.CurrentPassport	fromChannelOrNull(io.netty.channel.Channel)	0	[false]		public	true	/home/nima/Developer/nullness-benchmarks/zuul/zuul-core/src/main/java/com/netflix/zuul/passport/CurrentPassport.java
1735	com.netflix.zuul.passport.CurrentPassport	setOnChannel(io.netty.channel.Channel)	0	[false]		public	false	/home/nima/Developer/nullness-benchmarks/zuul/zuul-core/src/main/java/com/netflix/zuul/passport/CurrentPassport.java
1736	com.netflix.zuul.passport.CurrentPassport	clearFromChannel(io.netty.channel.Channel)	0	[false]		public	false	/home/nima/Developer/nullness-benchmarks/zuul/zuul-core/src/main/java/com/netflix/zuul/passport/CurrentPassport.java
1737	com.netflix.zuul.passport.CurrentPassport	getState()	0	[]		public	true	/home/nima/Developer/nullness-benchmarks/zuul/zuul-core/src/main/java/com/netflix/zuul/passport/CurrentPassport.java
1738	com.netflix.zuul.passport.CurrentPassport	getHistory()	0	[]	com.google.common.annotations.VisibleForTesting	public	true	/home/nima/Developer/nullness-benchmarks/zuul/zuul-core/src/main/java/com/netflix/zuul/passport/CurrentPassport.java
1739	com.netflix.zuul.passport.CurrentPassport	add(com.netflix.zuul.passport.PassportState)	0	[false]		public	false	/home/nima/Developer/nullness-benchmarks/zuul/zuul-core/src/main/java/com/netflix/zuul/passport/CurrentPassport.java
1740	com.netflix.zuul.passport.CurrentPassport	addIfNotAlready(com.netflix.zuul.passport.PassportState)	0	[false]		public	false	/home/nima/Developer/nullness-benchmarks/zuul/zuul-core/src/main/java/com/netflix/zuul/passport/CurrentPassport.java
1741	com.netflix.zuul.passport.CurrentPassport	calculateTimeBetweenFirstAnd(com.netflix.zuul.passport.PassportState)	0	[false]		public	false	/home/nima/Developer/nullness-benchmarks/zuul/zuul-core/src/main/java/com/netflix/zuul/passport/CurrentPassport.java
1742	com.netflix.zuul.passport.CurrentPassport	firstTime()	0	[]		public	false	/home/nima/Developer/nullness-benchmarks/zuul/zuul-core/src/main/java/com/netflix/zuul/passport/CurrentPassport.java
1743	com.netflix.zuul.passport.CurrentPassport	creationTimeSinceEpochMs()	0	[]		public	false	/home/nima/Developer/nullness-benchmarks/zuul/zuul-core/src/main/java/com/netflix/zuul/passport/CurrentPassport.java
1744	com.netflix.zuul.passport.CurrentPassport	calculateTimeBetween(com.netflix.zuul.passport.StartAndEnd)	0	[false]		public	false	/home/nima/Developer/nullness-benchmarks/zuul/zuul-core/src/main/java/com/netflix/zuul/passport/CurrentPassport.java
1745	com.netflix.zuul.passport.CurrentPassport	calculateTimeBetweenButIfNoEndThenUseNow(com.netflix.zuul.passport.StartAndEnd)	0	[false]		public	false	/home/nima/Developer/nullness-benchmarks/zuul/zuul-core/src/main/java/com/netflix/zuul/passport/CurrentPassport.java
1746	com.netflix.zuul.passport.CurrentPassport	findStartAndEndStates(com.netflix.zuul.passport.PassportState,com.netflix.zuul.passport.PassportState)	0	[false, false]		public	true	/home/nima/Developer/nullness-benchmarks/zuul/zuul-core/src/main/java/com/netflix/zuul/passport/CurrentPassport.java
1747	com.netflix.zuul.passport.CurrentPassport	findFirstStartAndLastEndStates(com.netflix.zuul.passport.PassportState,com.netflix.zuul.passport.PassportState)	0	[false, false]		public	true	/home/nima/Developer/nullness-benchmarks/zuul/zuul-core/src/main/java/com/netflix/zuul/passport/CurrentPassport.java
1748	com.netflix.zuul.passport.CurrentPassport	findLastStartAndFirstEndStates(com.netflix.zuul.passport.PassportState,com.netflix.zuul.passport.PassportState)	0	[false, false]		public	true	/home/nima/Developer/nullness-benchmarks/zuul/zuul-core/src/main/java/com/netflix/zuul/passport/CurrentPassport.java
1749	com.netflix.zuul.passport.CurrentPassport	findEachPairOf(com.netflix.zuul.passport.PassportState,com.netflix.zuul.passport.PassportState)	0	[false, false]		public	true	/home/nima/Developer/nullness-benchmarks/zuul/zuul-core/src/main/java/com/netflix/zuul/passport/CurrentPassport.java
1750	com.netflix.zuul.passport.CurrentPassport	findState(com.netflix.zuul.passport.PassportState)	0	[false]		public	true	/home/nima/Developer/nullness-benchmarks/zuul/zuul-core/src/main/java/com/netflix/zuul/passport/CurrentPassport.java
1751	com.netflix.zuul.passport.CurrentPassport	findStateBackwards(com.netflix.zuul.passport.PassportState)	0	[false]		public	true	/home/nima/Developer/nullness-benchmarks/zuul/zuul-core/src/main/java/com/netflix/zuul/passport/CurrentPassport.java
1752	com.netflix.zuul.passport.CurrentPassport	findStates(com.netflix.zuul.passport.PassportState)	0	[false]		public	true	/home/nima/Developer/nullness-benchmarks/zuul/zuul-core/src/main/java/com/netflix/zuul/passport/CurrentPassport.java
1753	com.netflix.zuul.passport.CurrentPassport	findTimes(com.netflix.zuul.passport.PassportState)	0	[false]		public	true	/home/nima/Developer/nullness-benchmarks/zuul/zuul-core/src/main/java/com/netflix/zuul/passport/CurrentPassport.java
1754	com.netflix.zuul.passport.CurrentPassport	wasProxyAttempt()	0	[]		public	false	/home/nima/Developer/nullness-benchmarks/zuul/zuul-core/src/main/java/com/netflix/zuul/passport/CurrentPassport.java
1755	com.netflix.zuul.passport.CurrentPassport	now()	0	[]		private	false	/home/nima/Developer/nullness-benchmarks/zuul/zuul-core/src/main/java/com/netflix/zuul/passport/CurrentPassport.java
1756	com.netflix.zuul.passport.CurrentPassport	toString()	29	[]	java.lang.Override	public	true	/home/nima/Developer/nullness-benchmarks/zuul/zuul-core/src/main/java/com/netflix/zuul/passport/CurrentPassport.java
1757	com.netflix.zuul.passport.CurrentPassport	parseFromToString(java.lang.String)	0	[false]	com.google.common.annotations.VisibleForTesting	public	true	/home/nima/Developer/nullness-benchmarks/zuul/zuul-core/src/main/java/com/netflix/zuul/passport/CurrentPassport.java
1758	com.netflix.zuul.passport.CurrentPassport$MockTicker	read()	1759	[]	java.lang.Override	public	false	/home/nima/Developer/nullness-benchmarks/zuul/zuul-core/src/main/java/com/netflix/zuul/passport/CurrentPassport.java
1760	com.netflix.zuul.passport.CurrentPassport$MockTicker	setNow(long)	0	[false]		public	false	/home/nima/Developer/nullness-benchmarks/zuul/zuul-core/src/main/java/com/netflix/zuul/passport/CurrentPassport.java
1761	com.netflix.zuul.passport.CountingCurrentPassport	createCounter(java.lang.String)	0	[false]		private	true	/home/nima/Developer/nullness-benchmarks/zuul/zuul-core/src/main/java/com/netflix/zuul/passport/CurrentPassport.java
1762	com.netflix.zuul.passport.CountingCurrentPassport	CountingCurrentPassport()	0	[]		public	false	/home/nima/Developer/nullness-benchmarks/zuul/zuul-core/src/main/java/com/netflix/zuul/passport/CurrentPassport.java
1763	com.netflix.zuul.passport.CountingCurrentPassport	add(com.netflix.zuul.passport.PassportState)	1739	[false]	java.lang.Override	public	false	/home/nima/Developer/nullness-benchmarks/zuul/zuul-core/src/main/java/com/netflix/zuul/passport/CurrentPassport.java
1764	com.netflix.zuul.passport.CountingCurrentPassport	incrementStateCounter(com.netflix.zuul.passport.PassportState)	0	[false]		private	false	/home/nima/Developer/nullness-benchmarks/zuul/zuul-core/src/main/java/com/netflix/zuul/passport/CurrentPassport.java
1765	com.netflix.config.PatternListStringProperty	PatternListStringProperty(java.lang.String,java.lang.String)	0	[false, false]		public	false	/home/nima/Developer/nullness-benchmarks/zuul/zuul-core/src/main/java/com/netflix/config/PatternListStringProperty.java
1766	com.netflix.config.PatternListStringProperty	derive(java.lang.String)	1767	[false]	java.lang.Override	protected	true	/home/nima/Developer/nullness-benchmarks/zuul/zuul-core/src/main/java/com/netflix/config/PatternListStringProperty.java
