id	class	method	parent	size	flags	nullable	visibility	non-primitive-return	uri
1	com.netflix.netty.common.metrics.InstrumentedResourceLeakDetector	InstrumentedResourceLeakDetector(java.lang.Class<?>,int)	0	2	[false, false]	false	public	false	file:///Users/nima/Developer/NullAwayFixer/Projects/zuul/zuul-core/src/main/java/com/netflix/netty/common/metrics/InstrumentedResourceLeakDetector.java
2	com.netflix.netty.common.metrics.InstrumentedResourceLeakDetector	InstrumentedResourceLeakDetector(java.lang.Class<?>,int,long)	0	3	[false, false, false]	false	public	false	file:///Users/nima/Developer/NullAwayFixer/Projects/zuul/zuul-core/src/main/java/com/netflix/netty/common/metrics/InstrumentedResourceLeakDetector.java
3	com.netflix.netty.common.metrics.InstrumentedResourceLeakDetector	reportTracedLeak(java.lang.String,java.lang.String)	4	2	[false, false]	false	protected	false	file:///Users/nima/Developer/NullAwayFixer/Projects/zuul/zuul-core/src/main/java/com/netflix/netty/common/metrics/InstrumentedResourceLeakDetector.java
5	com.netflix.netty.common.metrics.InstrumentedResourceLeakDetector	reportUntracedLeak(java.lang.String)	6	1	[false]	false	protected	false	file:///Users/nima/Developer/NullAwayFixer/Projects/zuul/zuul-core/src/main/java/com/netflix/netty/common/metrics/InstrumentedResourceLeakDetector.java
7	com.netflix.netty.common.metrics.InstrumentedResourceLeakDetector	resetReportedLeaks()	0	0	[]	false	private	false	file:///Users/nima/Developer/NullAwayFixer/Projects/zuul/zuul-core/src/main/java/com/netflix/netty/common/metrics/InstrumentedResourceLeakDetector.java
8	com.netflix.netty.common.throttle.MaxInboundConnectionsHandler	MaxInboundConnectionsHandler(com.netflix.spectator.api.Registry,java.lang.String,int)	0	3	[false, false, false]	false	public	false	file:///Users/nima/Developer/NullAwayFixer/Projects/zuul/zuul-core/src/main/java/com/netflix/netty/common/throttle/MaxInboundConnectionsHandler.java
9	com.netflix.netty.common.throttle.MaxInboundConnectionsHandler	channelActive(io.netty.channel.ChannelHandlerContext)	10	1	[false]	false	public	false	file:///Users/nima/Developer/NullAwayFixer/Projects/zuul/zuul-core/src/main/java/com/netflix/netty/common/throttle/MaxInboundConnectionsHandler.java
11	com.netflix.netty.common.throttle.MaxInboundConnectionsHandler	channelRead(io.netty.channel.ChannelHandlerContext,java.lang.Object)	12	2	[false, false]	false	public	false	file:///Users/nima/Developer/NullAwayFixer/Projects/zuul/zuul-core/src/main/java/com/netflix/netty/common/throttle/MaxInboundConnectionsHandler.java
13	com.netflix.netty.common.throttle.MaxInboundConnectionsHandler	channelInactive(io.netty.channel.ChannelHandlerContext)	14	1	[false]	false	public	false	file:///Users/nima/Developer/NullAwayFixer/Projects/zuul/zuul-core/src/main/java/com/netflix/netty/common/throttle/MaxInboundConnectionsHandler.java
15	com.netflix.netty.common.proxyprotocol.HAProxyMessageChannelHandler	channelRead(io.netty.channel.ChannelHandlerContext,java.lang.Object)	12	2	[false, false]	false	public	false	file:///Users/nima/Developer/NullAwayFixer/Projects/zuul/zuul-core/src/main/java/com/netflix/netty/common/proxyprotocol/HAProxyMessageChannelHandler.java
16	com.netflix.netty.common.throttle.RejectionUtils	rejectByClosingConnection(io.netty.channel.ChannelHandlerContext,com.netflix.zuul.stats.status.StatusCategory,java.lang.String,io.netty.handler.codec.http.HttpRequest,java.lang.Integer)	0	5	[false, false, false, false, true]	false	public	false	file:///Users/nima/Developer/NullAwayFixer/Projects/zuul/zuul-core/src/main/java/com/netflix/netty/common/throttle/RejectionUtils.java
17	com.netflix.netty.common.throttle.RejectionUtils	sendRejectionResponse(io.netty.channel.ChannelHandlerContext,com.netflix.zuul.stats.status.StatusCategory,java.lang.String,io.netty.handler.codec.http.HttpRequest,java.lang.Integer,io.netty.handler.codec.http.HttpResponseStatus,java.lang.String,java.util.Map<java.lang.String,java.lang.String>)	0	8	[false, false, false, false, true, false, false, false]	false	public	false	file:///Users/nima/Developer/NullAwayFixer/Projects/zuul/zuul-core/src/main/java/com/netflix/netty/common/throttle/RejectionUtils.java
18	com.netflix.netty.common.throttle.RejectionUtils	allowThenClose(io.netty.channel.ChannelHandlerContext)	0	1	[false]	false	public	false	file:///Users/nima/Developer/NullAwayFixer/Projects/zuul/zuul-core/src/main/java/com/netflix/netty/common/throttle/RejectionUtils.java
19	com.netflix.netty.common.throttle.RejectionUtils	handleRejection(io.netty.channel.ChannelHandlerContext,java.lang.Object,com.netflix.netty.common.throttle.RejectionType,com.netflix.zuul.stats.status.StatusCategory,java.lang.String,java.lang.Integer,io.netty.handler.codec.http.HttpResponseStatus,java.lang.String,java.util.Map<java.lang.String,java.lang.String>)	0	9	[false, false, false, false, false, true, false, false, false]	false	public	false	file:///Users/nima/Developer/NullAwayFixer/Projects/zuul/zuul-core/src/main/java/com/netflix/netty/common/throttle/RejectionUtils.java
20	com.netflix.netty.common.throttle.RejectionUtils	reject(io.netty.channel.ChannelHandlerContext,com.netflix.netty.common.throttle.RejectionType,com.netflix.zuul.stats.status.StatusCategory,java.lang.String,io.netty.handler.codec.http.HttpRequest,java.lang.Integer,io.netty.handler.codec.http.HttpResponseStatus,java.lang.String)	0	8	[false, false, false, false, false, true, false, false]	false	public	false	file:///Users/nima/Developer/NullAwayFixer/Projects/zuul/zuul-core/src/main/java/com/netflix/netty/common/throttle/RejectionUtils.java
21	com.netflix.netty.common.throttle.RejectionUtils	reject(io.netty.channel.ChannelHandlerContext,com.netflix.netty.common.throttle.RejectionType,com.netflix.zuul.stats.status.StatusCategory,java.lang.String,io.netty.handler.codec.http.HttpRequest,java.lang.Integer,io.netty.handler.codec.http.HttpResponseStatus,java.lang.String,java.util.Map<java.lang.String,java.lang.String>)	0	9	[false, false, false, false, false, true, false, false, false]	false	public	false	file:///Users/nima/Developer/NullAwayFixer/Projects/zuul/zuul-core/src/main/java/com/netflix/netty/common/throttle/RejectionUtils.java
22	com.netflix.netty.common.throttle.RejectionUtils	notifyHandlers(io.netty.channel.ChannelHandlerContext,com.netflix.zuul.stats.status.StatusCategory,io.netty.handler.codec.http.HttpResponseStatus,java.lang.String,io.netty.handler.codec.http.HttpRequest)	0	5	[false, false, false, false, false]	false	private	false	file:///Users/nima/Developer/NullAwayFixer/Projects/zuul/zuul-core/src/main/java/com/netflix/netty/common/throttle/RejectionUtils.java
23	com.netflix.netty.common.throttle.RejectionUtils	closeConnectionAfterReject(io.netty.channel.Channel)	0	1	[false]	false	private	false	file:///Users/nima/Developer/NullAwayFixer/Projects/zuul/zuul-core/src/main/java/com/netflix/netty/common/throttle/RejectionUtils.java
24	com.netflix.netty.common.throttle.RejectionUtils	createRejectionResponse(io.netty.handler.codec.http.HttpResponseStatus,java.lang.String,boolean,java.util.Map<java.lang.String,java.lang.String>)	0	4	[false, false, false, false]	false	private	true	file:///Users/nima/Developer/NullAwayFixer/Projects/zuul/zuul-core/src/main/java/com/netflix/netty/common/throttle/RejectionUtils.java
25	com.netflix.netty.common.throttle.RejectionUtils	RejectionUtils()	0	0	[]	false	private	false	file:///Users/nima/Developer/NullAwayFixer/Projects/zuul/zuul-core/src/main/java/com/netflix/netty/common/throttle/RejectionUtils.java
26	com.netflix.netty.common.proxyprotocol.StripUntrustedProxyHeadersHandler	StripUntrustedProxyHeadersHandler(com.netflix.netty.common.proxyprotocol.StripUntrustedProxyHeadersHandler.AllowWhen)	0	1	[false]	false	public	false	file:///Users/nima/Developer/NullAwayFixer/Projects/zuul/zuul-core/src/main/java/com/netflix/netty/common/proxyprotocol/StripUntrustedProxyHeadersHandler.java
27	com.netflix.netty.common.proxyprotocol.StripUntrustedProxyHeadersHandler	channelRead(io.netty.channel.ChannelHandlerContext,java.lang.Object)	12	2	[false, false]	false	public	false	file:///Users/nima/Developer/NullAwayFixer/Projects/zuul/zuul-core/src/main/java/com/netflix/netty/common/proxyprotocol/StripUntrustedProxyHeadersHandler.java
28	com.netflix.netty.common.proxyprotocol.StripUntrustedProxyHeadersHandler	connectionIsUsingMutualSSLWithAuthEnforced(io.netty.channel.Channel)	0	1	[false]	false	package	false	file:///Users/nima/Developer/NullAwayFixer/Projects/zuul/zuul-core/src/main/java/com/netflix/netty/common/proxyprotocol/StripUntrustedProxyHeadersHandler.java
29	com.netflix.netty.common.proxyprotocol.StripUntrustedProxyHeadersHandler	stripXFFHeaders(io.netty.handler.codec.http.HttpRequest)	0	1	[false]	false	package	false	file:///Users/nima/Developer/NullAwayFixer/Projects/zuul/zuul-core/src/main/java/com/netflix/netty/common/proxyprotocol/StripUntrustedProxyHeadersHandler.java
30	com.netflix.netty.common.proxyprotocol.StripUntrustedProxyHeadersHandler	checkBlacklist(io.netty.handler.codec.http.HttpRequest,java.util.List<java.lang.String>)	0	2	[false, false]	false	package	false	file:///Users/nima/Developer/NullAwayFixer/Projects/zuul/zuul-core/src/main/java/com/netflix/netty/common/proxyprotocol/StripUntrustedProxyHeadersHandler.java
31	com.netflix.netty.common.HttpLifecycleChannelHandler	fireStartEvent(io.netty.channel.ChannelHandlerContext,io.netty.handler.codec.http.HttpRequest)	0	2	[false, false]	false	protected	false	file:///Users/nima/Developer/NullAwayFixer/Projects/zuul/zuul-core/src/main/java/com/netflix/netty/common/HttpLifecycleChannelHandler.java
32	com.netflix.netty.common.HttpLifecycleChannelHandler	fireCompleteEventIfNotAlready(io.netty.channel.ChannelHandlerContext,com.netflix.netty.common.HttpLifecycleChannelHandler.CompleteReason)	0	2	[false, false]	false	protected	false	file:///Users/nima/Developer/NullAwayFixer/Projects/zuul/zuul-core/src/main/java/com/netflix/netty/common/HttpLifecycleChannelHandler.java
33	com.netflix.netty.common.HttpLifecycleChannelHandler	addPassportState(io.netty.channel.ChannelHandlerContext,com.netflix.zuul.passport.PassportState)	0	2	[false, false]	false	protected	false	file:///Users/nima/Developer/NullAwayFixer/Projects/zuul/zuul-core/src/main/java/com/netflix/netty/common/HttpLifecycleChannelHandler.java
34	com.netflix.netty.common.HttpLifecycleChannelHandler$StartEvent	StartEvent(io.netty.handler.codec.http.HttpRequest)	0	1	[false]	false	public	false	file:///Users/nima/Developer/NullAwayFixer/Projects/zuul/zuul-core/src/main/java/com/netflix/netty/common/HttpLifecycleChannelHandler.java
35	com.netflix.netty.common.HttpLifecycleChannelHandler$StartEvent	getRequest()	0	0	[]	false	public	true	file:///Users/nima/Developer/NullAwayFixer/Projects/zuul/zuul-core/src/main/java/com/netflix/netty/common/HttpLifecycleChannelHandler.java
36	com.netflix.netty.common.HttpLifecycleChannelHandler$CompleteEvent	CompleteEvent(com.netflix.netty.common.HttpLifecycleChannelHandler.CompleteReason,io.netty.handler.codec.http.HttpRequest,io.netty.handler.codec.http.HttpResponse)	0	3	[false, false, false]	false	public	false	file:///Users/nima/Developer/NullAwayFixer/Projects/zuul/zuul-core/src/main/java/com/netflix/netty/common/HttpLifecycleChannelHandler.java
37	com.netflix.netty.common.HttpLifecycleChannelHandler$CompleteEvent	getReason()	0	0	[]	false	public	true	file:///Users/nima/Developer/NullAwayFixer/Projects/zuul/zuul-core/src/main/java/com/netflix/netty/common/HttpLifecycleChannelHandler.java
38	com.netflix.netty.common.HttpLifecycleChannelHandler$CompleteEvent	getRequest()	0	0	[]	false	public	true	file:///Users/nima/Developer/NullAwayFixer/Projects/zuul/zuul-core/src/main/java/com/netflix/netty/common/HttpLifecycleChannelHandler.java
39	com.netflix.netty.common.HttpLifecycleChannelHandler$CompleteEvent	getResponse()	0	0	[]	false	public	true	file:///Users/nima/Developer/NullAwayFixer/Projects/zuul/zuul-core/src/main/java/com/netflix/netty/common/HttpLifecycleChannelHandler.java
40	com.netflix.netty.common.HttpRequestReadTimeoutHandler	HttpRequestReadTimeoutHandler(long,java.util.concurrent.TimeUnit,com.netflix.spectator.api.Counter)	0	3	[false, false, false]	false	protected	false	file:///Users/nima/Developer/NullAwayFixer/Projects/zuul/zuul-core/src/main/java/com/netflix/netty/common/HttpRequestReadTimeoutHandler.java
41	com.netflix.netty.common.HttpRequestReadTimeoutHandler	addLast(io.netty.channel.ChannelPipeline,long,java.util.concurrent.TimeUnit,com.netflix.spectator.api.Counter)	0	4	[false, false, false, false]	false	public	false	file:///Users/nima/Developer/NullAwayFixer/Projects/zuul/zuul-core/src/main/java/com/netflix/netty/common/HttpRequestReadTimeoutHandler.java
42	com.netflix.netty.common.HttpRequestReadTimeoutHandler	channelRead(io.netty.channel.ChannelHandlerContext,java.lang.Object)	12	2	[false, false]	false	public	false	file:///Users/nima/Developer/NullAwayFixer/Projects/zuul/zuul-core/src/main/java/com/netflix/netty/common/HttpRequestReadTimeoutHandler.java
43	com.netflix.netty.common.HttpRequestReadTimeoutHandler	userEventTriggered(io.netty.channel.ChannelHandlerContext,java.lang.Object)	44	2	[false, false]	false	public	false	file:///Users/nima/Developer/NullAwayFixer/Projects/zuul/zuul-core/src/main/java/com/netflix/netty/common/HttpRequestReadTimeoutHandler.java
45	com.netflix.netty.common.HttpRequestReadTimeoutHandler	handlerRemoved(io.netty.channel.ChannelHandlerContext)	46	1	[false]	false	public	false	file:///Users/nima/Developer/NullAwayFixer/Projects/zuul/zuul-core/src/main/java/com/netflix/netty/common/HttpRequestReadTimeoutHandler.java
47	com.netflix.netty.common.HttpRequestReadTimeoutHandler	channelInactive(io.netty.channel.ChannelHandlerContext)	14	1	[false]	false	public	false	file:///Users/nima/Developer/NullAwayFixer/Projects/zuul/zuul-core/src/main/java/com/netflix/netty/common/HttpRequestReadTimeoutHandler.java
48	com.netflix.netty.common.HttpRequestReadTimeoutHandler	removeInternalHandler(io.netty.channel.ChannelHandlerContext)	0	1	[false]	false	protected	false	file:///Users/nima/Developer/NullAwayFixer/Projects/zuul/zuul-core/src/main/java/com/netflix/netty/common/HttpRequestReadTimeoutHandler.java
49	com.netflix.netty.common.HttpRequestReadTimeoutHandler$InternalReadTimeoutHandler	InternalReadTimeoutHandler(long,java.util.concurrent.TimeUnit)	0	2	[false, false]	false	public	false	file:///Users/nima/Developer/NullAwayFixer/Projects/zuul/zuul-core/src/main/java/com/netflix/netty/common/HttpRequestReadTimeoutHandler.java
50	com.netflix.netty.common.HttpRequestReadTimeoutHandler$InternalReadTimeoutHandler	readTimedOut(io.netty.channel.ChannelHandlerContext)	51	1	[false]	false	protected	false	file:///Users/nima/Developer/NullAwayFixer/Projects/zuul/zuul-core/src/main/java/com/netflix/netty/common/HttpRequestReadTimeoutHandler.java
52	com.netflix.netty.common.AbstrHttpConnectionExpiryHandler	AbstrHttpConnectionExpiryHandler(com.netflix.netty.common.ConnectionCloseType,int,int,int)	0	4	[false, false, false, false]	false	public	false	file:///Users/nima/Developer/NullAwayFixer/Projects/zuul/zuul-core/src/main/java/com/netflix/netty/common/AbstrHttpConnectionExpiryHandler.java
53	com.netflix.netty.common.AbstrHttpConnectionExpiryHandler	write(io.netty.channel.ChannelHandlerContext,java.lang.Object,io.netty.channel.ChannelPromise)	54	3	[false, false, false]	false	public	false	file:///Users/nima/Developer/NullAwayFixer/Projects/zuul/zuul-core/src/main/java/com/netflix/netty/common/AbstrHttpConnectionExpiryHandler.java
55	com.netflix.netty.common.AbstrHttpConnectionExpiryHandler	isConnectionExpired(io.netty.channel.Channel)	0	1	[false]	false	protected	false	file:///Users/nima/Developer/NullAwayFixer/Projects/zuul/zuul-core/src/main/java/com/netflix/netty/common/AbstrHttpConnectionExpiryHandler.java
56	com.netflix.netty.common.AbstrHttpConnectionExpiryHandler	isResponseHeaders(java.lang.Object)	0	1	[false]	false	protected	false	file:///Users/nima/Developer/NullAwayFixer/Projects/zuul/zuul-core/src/main/java/com/netflix/netty/common/AbstrHttpConnectionExpiryHandler.java
57	com.netflix.netty.common.AbstrHttpConnectionExpiryHandler	maxRequests(io.netty.channel.Channel)	0	1	[false]	false	protected	false	file:///Users/nima/Developer/NullAwayFixer/Projects/zuul/zuul-core/src/main/java/com/netflix/netty/common/AbstrHttpConnectionExpiryHandler.java
58	com.netflix.netty.common.ConnectionCloseChannelAttributes	gracefulCloseDelay(io.netty.channel.Channel)	0	1	[false]	false	public	false	file:///Users/nima/Developer/NullAwayFixer/Projects/zuul/zuul-core/src/main/java/com/netflix/netty/common/ConnectionCloseChannelAttributes.java
59	com.netflix.netty.common.ConnectionCloseChannelAttributes	allowGracefulDelayed(io.netty.channel.Channel)	0	1	[false]	false	public	false	file:///Users/nima/Developer/NullAwayFixer/Projects/zuul/zuul-core/src/main/java/com/netflix/netty/common/ConnectionCloseChannelAttributes.java
60	com.netflix.netty.common.Http2ConnectionCloseHandler	Http2ConnectionCloseHandler(com.netflix.spectator.api.Registry)	0	1	[false]	false	public	false	file:///Users/nima/Developer/NullAwayFixer/Projects/zuul/zuul-core/src/main/java/com/netflix/netty/common/Http2ConnectionCloseHandler.java
61	com.netflix.netty.common.Http2ConnectionCloseHandler	incrementCounter(com.netflix.netty.common.ConnectionCloseType,int)	0	2	[false, false]	false	private	false	file:///Users/nima/Developer/NullAwayFixer/Projects/zuul/zuul-core/src/main/java/com/netflix/netty/common/Http2ConnectionCloseHandler.java
62	com.netflix.netty.common.Http2ConnectionCloseHandler	write(io.netty.channel.ChannelHandlerContext,java.lang.Object,io.netty.channel.ChannelPromise)	63	3	[false, false, false]	false	public	false	file:///Users/nima/Developer/NullAwayFixer/Projects/zuul/zuul-core/src/main/java/com/netflix/netty/common/Http2ConnectionCloseHandler.java
64	com.netflix.netty.common.Http2ConnectionCloseHandler	shouldCloseAfter(io.netty.channel.ChannelHandlerContext,io.netty.channel.Channel)	0	2	[false, false]	false	private	true	file:///Users/nima/Developer/NullAwayFixer/Projects/zuul/zuul-core/src/main/java/com/netflix/netty/common/Http2ConnectionCloseHandler.java
65	com.netflix.netty.common.Http2ConnectionCloseHandler	isEndOfRequestResponse(java.lang.Object)	0	1	[false]	false	private	false	file:///Users/nima/Developer/NullAwayFixer/Projects/zuul/zuul-core/src/main/java/com/netflix/netty/common/Http2ConnectionCloseHandler.java
66	com.netflix.netty.common.Http2ConnectionCloseHandler	closeChannel(io.netty.channel.ChannelHandlerContext,io.netty.channel.ChannelPromise)	0	2	[false, false]	false	private	false	file:///Users/nima/Developer/NullAwayFixer/Projects/zuul/zuul-core/src/main/java/com/netflix/netty/common/Http2ConnectionCloseHandler.java
67	com.netflix.netty.common.Http2ConnectionCloseHandler	gracefullyWithDelay(io.netty.util.concurrent.EventExecutor,io.netty.channel.Channel,io.netty.channel.ChannelPromise)	0	3	[false, false, false]	false	private	false	file:///Users/nima/Developer/NullAwayFixer/Projects/zuul/zuul-core/src/main/java/com/netflix/netty/common/Http2ConnectionCloseHandler.java
68	com.netflix.netty.common.Http2ConnectionCloseHandler	immediate(io.netty.channel.Channel,io.netty.channel.ChannelPromise)	0	2	[false, false]	false	private	false	file:///Users/nima/Developer/NullAwayFixer/Projects/zuul/zuul-core/src/main/java/com/netflix/netty/common/Http2ConnectionCloseHandler.java
69	com.netflix.netty.common.Http2ConnectionCloseHandler	isAlreadyClosing(io.netty.channel.Channel)	0	1	[false]	false	protected	false	file:///Users/nima/Developer/NullAwayFixer/Projects/zuul/zuul-core/src/main/java/com/netflix/netty/common/Http2ConnectionCloseHandler.java
70	com.netflix.netty.common.ByteBufUtil	touch(io.netty.util.ReferenceCounted,java.lang.String,com.netflix.zuul.message.ZuulMessage)	0	3	[false, false, false]	false	public	false	file:///Users/nima/Developer/NullAwayFixer/Projects/zuul/zuul-core/src/main/java/com/netflix/netty/common/ByteBufUtil.java
71	com.netflix.netty.common.ByteBufUtil	touch(io.netty.util.ReferenceCounted,java.lang.String)	0	2	[false, false]	false	public	false	file:///Users/nima/Developer/NullAwayFixer/Projects/zuul/zuul-core/src/main/java/com/netflix/netty/common/ByteBufUtil.java
72	com.netflix.zuul.message.ZuulMessage	getContext()	0	0	[]	false	public	true	file:///Users/nima/Developer/NullAwayFixer/Projects/zuul/zuul-core/src/main/java/com/netflix/zuul/message/ZuulMessage.java
73	com.netflix.zuul.message.ZuulMessage	getHeaders()	0	0	[]	false	public	true	file:///Users/nima/Developer/NullAwayFixer/Projects/zuul/zuul-core/src/main/java/com/netflix/zuul/message/ZuulMessage.java
74	com.netflix.zuul.message.ZuulMessage	setHeaders(com.netflix.zuul.message.Headers)	0	1	[false]	false	public	false	file:///Users/nima/Developer/NullAwayFixer/Projects/zuul/zuul-core/src/main/java/com/netflix/zuul/message/ZuulMessage.java
75	com.netflix.zuul.message.ZuulMessage	hasBody()	0	0	[]	false	public	false	file:///Users/nima/Developer/NullAwayFixer/Projects/zuul/zuul-core/src/main/java/com/netflix/zuul/message/ZuulMessage.java
76	com.netflix.zuul.message.ZuulMessage	setHasBody(boolean)	0	1	[false]	false	public	false	file:///Users/nima/Developer/NullAwayFixer/Projects/zuul/zuul-core/src/main/java/com/netflix/zuul/message/ZuulMessage.java
77	com.netflix.zuul.message.ZuulMessage	getBody()	0	0	[]	true	public	true	file:///Users/nima/Developer/NullAwayFixer/Projects/zuul/zuul-core/src/main/java/com/netflix/zuul/message/ZuulMessage.java
78	com.netflix.zuul.message.ZuulMessage	getBodyLength()	0	0	[]	false	public	false	file:///Users/nima/Developer/NullAwayFixer/Projects/zuul/zuul-core/src/main/java/com/netflix/zuul/message/ZuulMessage.java
79	com.netflix.zuul.message.ZuulMessage	setBody(byte[])	0	1	[true]	false	public	false	file:///Users/nima/Developer/NullAwayFixer/Projects/zuul/zuul-core/src/main/java/com/netflix/zuul/message/ZuulMessage.java
80	com.netflix.zuul.message.ZuulMessage	setBodyAsText(java.lang.String)	0	1	[true]	false	public	false	file:///Users/nima/Developer/NullAwayFixer/Projects/zuul/zuul-core/src/main/java/com/netflix/zuul/message/ZuulMessage.java
81	com.netflix.zuul.message.ZuulMessage	bufferBodyContents(io.netty.handler.codec.http.HttpContent)	0	1	[false]	false	public	false	file:///Users/nima/Developer/NullAwayFixer/Projects/zuul/zuul-core/src/main/java/com/netflix/zuul/message/ZuulMessage.java
82	com.netflix.zuul.message.ZuulMessage	getBodyContents()	0	0	[]	false	public	true	file:///Users/nima/Developer/NullAwayFixer/Projects/zuul/zuul-core/src/main/java/com/netflix/zuul/message/ZuulMessage.java
83	com.netflix.zuul.message.ZuulMessage	finishBufferedBodyIfIncomplete()	0	0	[]	false	public	false	file:///Users/nima/Developer/NullAwayFixer/Projects/zuul/zuul-core/src/main/java/com/netflix/zuul/message/ZuulMessage.java
84	com.netflix.zuul.message.ZuulMessage	hasCompleteBody()	0	0	[]	false	public	false	file:///Users/nima/Developer/NullAwayFixer/Projects/zuul/zuul-core/src/main/java/com/netflix/zuul/message/ZuulMessage.java
85	com.netflix.zuul.message.ZuulMessage	runBufferedBodyContentThroughFilter(com.netflix.zuul.filters.ZuulFilter<?,?>)	0	1	[false]	false	public	false	file:///Users/nima/Developer/NullAwayFixer/Projects/zuul/zuul-core/src/main/java/com/netflix/zuul/message/ZuulMessage.java
86	com.netflix.zuul.message.ZuulMessage	disposeBufferedBody()	0	0	[]	false	public	false	file:///Users/nima/Developer/NullAwayFixer/Projects/zuul/zuul-core/src/main/java/com/netflix/zuul/message/ZuulMessage.java
87	com.netflix.zuul.message.ZuulMessage	getBodyAsText()	0	0	[]	true	public	true	file:///Users/nima/Developer/NullAwayFixer/Projects/zuul/zuul-core/src/main/java/com/netflix/zuul/message/ZuulMessage.java
88	com.netflix.zuul.message.ZuulMessage	resetBodyReader()	0	0	[]	false	public	false	file:///Users/nima/Developer/NullAwayFixer/Projects/zuul/zuul-core/src/main/java/com/netflix/zuul/message/ZuulMessage.java
89	com.netflix.zuul.message.ZuulMessage	getMaxBodySize()	0	0	[]	false	public	false	file:///Users/nima/Developer/NullAwayFixer/Projects/zuul/zuul-core/src/main/java/com/netflix/zuul/message/ZuulMessage.java
90	com.netflix.zuul.message.ZuulMessage	clone()	0	0	[]	false	public	true	file:///Users/nima/Developer/NullAwayFixer/Projects/zuul/zuul-core/src/main/java/com/netflix/zuul/message/ZuulMessage.java
91	com.netflix.zuul.message.ZuulMessage	getInfoForLogging()	0	0	[]	false	public	true	file:///Users/nima/Developer/NullAwayFixer/Projects/zuul/zuul-core/src/main/java/com/netflix/zuul/message/ZuulMessage.java
92	com.netflix.zuul.context.SessionContext$Key	Key(java.lang.String)	0	1	[false]	false	private	false	file:///Users/nima/Developer/NullAwayFixer/Projects/zuul/zuul-core/src/main/java/com/netflix/zuul/context/SessionContext.java
93	com.netflix.zuul.context.SessionContext$Key	toString()	94	0	[]	false	public	true	file:///Users/nima/Developer/NullAwayFixer/Projects/zuul/zuul-core/src/main/java/com/netflix/zuul/context/SessionContext.java
95	com.netflix.zuul.context.SessionContext$Key	name()	0	0	[]	false	public	true	file:///Users/nima/Developer/NullAwayFixer/Projects/zuul/zuul-core/src/main/java/com/netflix/zuul/context/SessionContext.java
96	com.netflix.zuul.context.SessionContext$Key	equals(java.lang.Object)	97	1	[false]	false	public	false	file:///Users/nima/Developer/NullAwayFixer/Projects/zuul/zuul-core/src/main/java/com/netflix/zuul/context/SessionContext.java
98	com.netflix.zuul.context.SessionContext$Key	hashCode()	99	0	[]	false	public	false	file:///Users/nima/Developer/NullAwayFixer/Projects/zuul/zuul-core/src/main/java/com/netflix/zuul/context/SessionContext.java
100	com.netflix.zuul.context.SessionContext	SessionContext()	0	0	[]	false	public	false	file:///Users/nima/Developer/NullAwayFixer/Projects/zuul/zuul-core/src/main/java/com/netflix/zuul/context/SessionContext.java
101	com.netflix.zuul.context.SessionContext	<T>newKey(java.lang.String)	0	1	[false]	false	public	true	file:///Users/nima/Developer/NullAwayFixer/Projects/zuul/zuul-core/src/main/java/com/netflix/zuul/context/SessionContext.java
102	com.netflix.zuul.context.SessionContext	get(java.lang.Object)	103	1	[false]	false	public	true	file:///Users/nima/Developer/NullAwayFixer/Projects/zuul/zuul-core/src/main/java/com/netflix/zuul/context/SessionContext.java
104	com.netflix.zuul.context.SessionContext	<T>get(com.netflix.zuul.context.SessionContext.Key<T>)	0	1	[false]	true	public	true	file:///Users/nima/Developer/NullAwayFixer/Projects/zuul/zuul-core/src/main/java/com/netflix/zuul/context/SessionContext.java
105	com.netflix.zuul.context.SessionContext	<T>getOrDefault(com.netflix.zuul.context.SessionContext.Key<T>,T)	0	2	[false, false]	false	public	true	file:///Users/nima/Developer/NullAwayFixer/Projects/zuul/zuul-core/src/main/java/com/netflix/zuul/context/SessionContext.java
106	com.netflix.zuul.context.SessionContext	put(java.lang.String,java.lang.Object)	107	2	[false, false]	false	public	true	file:///Users/nima/Developer/NullAwayFixer/Projects/zuul/zuul-core/src/main/java/com/netflix/zuul/context/SessionContext.java
108	com.netflix.zuul.context.SessionContext	<T>put(com.netflix.zuul.context.SessionContext.Key<T>,T)	0	2	[false, false]	true	public	true	file:///Users/nima/Developer/NullAwayFixer/Projects/zuul/zuul-core/src/main/java/com/netflix/zuul/context/SessionContext.java
109	com.netflix.zuul.context.SessionContext	remove(java.lang.Object,java.lang.Object)	110	2	[false, false]	false	public	false	file:///Users/nima/Developer/NullAwayFixer/Projects/zuul/zuul-core/src/main/java/com/netflix/zuul/context/SessionContext.java
111	com.netflix.zuul.context.SessionContext	<T>remove(com.netflix.zuul.context.SessionContext.Key<T>,T)	0	2	[false, false]	false	public	false	file:///Users/nima/Developer/NullAwayFixer/Projects/zuul/zuul-core/src/main/java/com/netflix/zuul/context/SessionContext.java
112	com.netflix.zuul.context.SessionContext	remove(java.lang.Object)	113	1	[false]	false	public	true	file:///Users/nima/Developer/NullAwayFixer/Projects/zuul/zuul-core/src/main/java/com/netflix/zuul/context/SessionContext.java
114	com.netflix.zuul.context.SessionContext	<T>remove(com.netflix.zuul.context.SessionContext.Key<T>)	0	1	[false]	false	public	true	file:///Users/nima/Developer/NullAwayFixer/Projects/zuul/zuul-core/src/main/java/com/netflix/zuul/context/SessionContext.java
115	com.netflix.zuul.context.SessionContext	keys()	0	0	[]	false	public	true	file:///Users/nima/Developer/NullAwayFixer/Projects/zuul/zuul-core/src/main/java/com/netflix/zuul/context/SessionContext.java
116	com.netflix.zuul.context.SessionContext	clone()	117	0	[]	false	public	true	file:///Users/nima/Developer/NullAwayFixer/Projects/zuul/zuul-core/src/main/java/com/netflix/zuul/context/SessionContext.java
118	com.netflix.zuul.context.SessionContext	getString(java.lang.String)	0	1	[false]	false	public	true	file:///Users/nima/Developer/NullAwayFixer/Projects/zuul/zuul-core/src/main/java/com/netflix/zuul/context/SessionContext.java
119	com.netflix.zuul.context.SessionContext	getBoolean(java.lang.String)	0	1	[false]	false	public	false	file:///Users/nima/Developer/NullAwayFixer/Projects/zuul/zuul-core/src/main/java/com/netflix/zuul/context/SessionContext.java
120	com.netflix.zuul.context.SessionContext	getBoolean(java.lang.String,boolean)	0	2	[false, false]	false	public	false	file:///Users/nima/Developer/NullAwayFixer/Projects/zuul/zuul-core/src/main/java/com/netflix/zuul/context/SessionContext.java
121	com.netflix.zuul.context.SessionContext	set(java.lang.String)	0	1	[false]	false	public	false	file:///Users/nima/Developer/NullAwayFixer/Projects/zuul/zuul-core/src/main/java/com/netflix/zuul/context/SessionContext.java
122	com.netflix.zuul.context.SessionContext	set(java.lang.String,java.lang.Object)	0	2	[false, false]	false	public	false	file:///Users/nima/Developer/NullAwayFixer/Projects/zuul/zuul-core/src/main/java/com/netflix/zuul/context/SessionContext.java
123	com.netflix.zuul.context.SessionContext	getUUID()	0	0	[]	false	public	true	file:///Users/nima/Developer/NullAwayFixer/Projects/zuul/zuul-core/src/main/java/com/netflix/zuul/context/SessionContext.java
124	com.netflix.zuul.context.SessionContext	setUUID(java.lang.String)	0	1	[false]	false	public	false	file:///Users/nima/Developer/NullAwayFixer/Projects/zuul/zuul-core/src/main/java/com/netflix/zuul/context/SessionContext.java
125	com.netflix.zuul.context.SessionContext	setStaticResponse(com.netflix.zuul.message.http.HttpResponseMessage)	0	1	[false]	false	public	false	file:///Users/nima/Developer/NullAwayFixer/Projects/zuul/zuul-core/src/main/java/com/netflix/zuul/context/SessionContext.java
126	com.netflix.zuul.context.SessionContext	getStaticResponse()	0	0	[]	false	public	true	file:///Users/nima/Developer/NullAwayFixer/Projects/zuul/zuul-core/src/main/java/com/netflix/zuul/context/SessionContext.java
127	com.netflix.zuul.context.SessionContext	getError()	0	0	[]	false	public	true	file:///Users/nima/Developer/NullAwayFixer/Projects/zuul/zuul-core/src/main/java/com/netflix/zuul/context/SessionContext.java
128	com.netflix.zuul.context.SessionContext	setError(java.lang.Throwable)	0	1	[false]	false	public	false	file:///Users/nima/Developer/NullAwayFixer/Projects/zuul/zuul-core/src/main/java/com/netflix/zuul/context/SessionContext.java
129	com.netflix.zuul.context.SessionContext	getErrorEndpoint()	0	0	[]	false	public	true	file:///Users/nima/Developer/NullAwayFixer/Projects/zuul/zuul-core/src/main/java/com/netflix/zuul/context/SessionContext.java
130	com.netflix.zuul.context.SessionContext	setErrorEndpoint(java.lang.String)	0	1	[false]	false	public	false	file:///Users/nima/Developer/NullAwayFixer/Projects/zuul/zuul-core/src/main/java/com/netflix/zuul/context/SessionContext.java
131	com.netflix.zuul.context.SessionContext	setDebugRouting(boolean)	0	1	[false]	false	public	false	file:///Users/nima/Developer/NullAwayFixer/Projects/zuul/zuul-core/src/main/java/com/netflix/zuul/context/SessionContext.java
132	com.netflix.zuul.context.SessionContext	debugRouting()	0	0	[]	false	public	false	file:///Users/nima/Developer/NullAwayFixer/Projects/zuul/zuul-core/src/main/java/com/netflix/zuul/context/SessionContext.java
133	com.netflix.zuul.context.SessionContext	setDebugRequestHeadersOnly(boolean)	0	1	[false]	false	public	false	file:///Users/nima/Developer/NullAwayFixer/Projects/zuul/zuul-core/src/main/java/com/netflix/zuul/context/SessionContext.java
134	com.netflix.zuul.context.SessionContext	debugRequestHeadersOnly()	0	0	[]	false	public	false	file:///Users/nima/Developer/NullAwayFixer/Projects/zuul/zuul-core/src/main/java/com/netflix/zuul/context/SessionContext.java
135	com.netflix.zuul.context.SessionContext	setDebugRequest(boolean)	0	1	[false]	false	public	false	file:///Users/nima/Developer/NullAwayFixer/Projects/zuul/zuul-core/src/main/java/com/netflix/zuul/context/SessionContext.java
136	com.netflix.zuul.context.SessionContext	debugRequest()	0	0	[]	false	public	false	file:///Users/nima/Developer/NullAwayFixer/Projects/zuul/zuul-core/src/main/java/com/netflix/zuul/context/SessionContext.java
137	com.netflix.zuul.context.SessionContext	removeRouteHost()	0	0	[]	false	public	false	file:///Users/nima/Developer/NullAwayFixer/Projects/zuul/zuul-core/src/main/java/com/netflix/zuul/context/SessionContext.java
138	com.netflix.zuul.context.SessionContext	setRouteHost(java.net.URL)	0	1	[false]	false	public	false	file:///Users/nima/Developer/NullAwayFixer/Projects/zuul/zuul-core/src/main/java/com/netflix/zuul/context/SessionContext.java
139	com.netflix.zuul.context.SessionContext	getRouteHost()	0	0	[]	false	public	true	file:///Users/nima/Developer/NullAwayFixer/Projects/zuul/zuul-core/src/main/java/com/netflix/zuul/context/SessionContext.java
140	com.netflix.zuul.context.SessionContext	addFilterExecutionSummary(java.lang.String,java.lang.String,long)	0	3	[false, false, false]	false	public	false	file:///Users/nima/Developer/NullAwayFixer/Projects/zuul/zuul-core/src/main/java/com/netflix/zuul/context/SessionContext.java
141	com.netflix.zuul.context.SessionContext	getFilterExecutionSummary()	0	0	[]	false	public	true	file:///Users/nima/Developer/NullAwayFixer/Projects/zuul/zuul-core/src/main/java/com/netflix/zuul/context/SessionContext.java
142	com.netflix.zuul.context.SessionContext	shouldSendErrorResponse()	0	0	[]	false	public	false	file:///Users/nima/Developer/NullAwayFixer/Projects/zuul/zuul-core/src/main/java/com/netflix/zuul/context/SessionContext.java
143	com.netflix.zuul.context.SessionContext	setShouldSendErrorResponse(boolean)	0	1	[false]	false	public	false	file:///Users/nima/Developer/NullAwayFixer/Projects/zuul/zuul-core/src/main/java/com/netflix/zuul/context/SessionContext.java
144	com.netflix.zuul.context.SessionContext	errorResponseSent()	0	0	[]	false	public	false	file:///Users/nima/Developer/NullAwayFixer/Projects/zuul/zuul-core/src/main/java/com/netflix/zuul/context/SessionContext.java
145	com.netflix.zuul.context.SessionContext	setErrorResponseSent(boolean)	0	1	[false]	false	public	false	file:///Users/nima/Developer/NullAwayFixer/Projects/zuul/zuul-core/src/main/java/com/netflix/zuul/context/SessionContext.java
146	com.netflix.zuul.context.SessionContext	isInBrownoutMode()	0	0	[]	false	public	false	file:///Users/nima/Developer/NullAwayFixer/Projects/zuul/zuul-core/src/main/java/com/netflix/zuul/context/SessionContext.java
147	com.netflix.zuul.context.SessionContext	setInBrownoutMode()	0	0	[]	false	public	false	file:///Users/nima/Developer/NullAwayFixer/Projects/zuul/zuul-core/src/main/java/com/netflix/zuul/context/SessionContext.java
148	com.netflix.zuul.context.SessionContext	stopFilterProcessing()	0	0	[]	false	public	false	file:///Users/nima/Developer/NullAwayFixer/Projects/zuul/zuul-core/src/main/java/com/netflix/zuul/context/SessionContext.java
149	com.netflix.zuul.context.SessionContext	shouldStopFilterProcessing()	0	0	[]	false	public	false	file:///Users/nima/Developer/NullAwayFixer/Projects/zuul/zuul-core/src/main/java/com/netflix/zuul/context/SessionContext.java
150	com.netflix.zuul.context.SessionContext	getRouteVIP()	0	0	[]	false	public	true	file:///Users/nima/Developer/NullAwayFixer/Projects/zuul/zuul-core/src/main/java/com/netflix/zuul/context/SessionContext.java
151	com.netflix.zuul.context.SessionContext	setRouteVIP(java.lang.String)	0	1	[false]	false	public	false	file:///Users/nima/Developer/NullAwayFixer/Projects/zuul/zuul-core/src/main/java/com/netflix/zuul/context/SessionContext.java
152	com.netflix.zuul.context.SessionContext	setEndpoint(java.lang.String)	0	1	[false]	false	public	false	file:///Users/nima/Developer/NullAwayFixer/Projects/zuul/zuul-core/src/main/java/com/netflix/zuul/context/SessionContext.java
153	com.netflix.zuul.context.SessionContext	getEndpoint()	0	0	[]	false	public	true	file:///Users/nima/Developer/NullAwayFixer/Projects/zuul/zuul-core/src/main/java/com/netflix/zuul/context/SessionContext.java
154	com.netflix.zuul.context.SessionContext	setEventProperty(java.lang.String,java.lang.Object)	0	2	[false, false]	false	public	false	file:///Users/nima/Developer/NullAwayFixer/Projects/zuul/zuul-core/src/main/java/com/netflix/zuul/context/SessionContext.java
155	com.netflix.zuul.context.SessionContext	getEventProperties()	0	0	[]	false	public	true	file:///Users/nima/Developer/NullAwayFixer/Projects/zuul/zuul-core/src/main/java/com/netflix/zuul/context/SessionContext.java
156	com.netflix.zuul.context.SessionContext	getFilterErrors()	0	0	[]	false	public	true	file:///Users/nima/Developer/NullAwayFixer/Projects/zuul/zuul-core/src/main/java/com/netflix/zuul/context/SessionContext.java
157	com.netflix.zuul.context.SessionContext	setOriginReportedDuration(int)	0	1	[false]	false	public	false	file:///Users/nima/Developer/NullAwayFixer/Projects/zuul/zuul-core/src/main/java/com/netflix/zuul/context/SessionContext.java
158	com.netflix.zuul.context.SessionContext	getOriginReportedDuration()	0	0	[]	false	public	false	file:///Users/nima/Developer/NullAwayFixer/Projects/zuul/zuul-core/src/main/java/com/netflix/zuul/context/SessionContext.java
159	com.netflix.zuul.context.SessionContext	isCancelled()	0	0	[]	false	public	false	file:///Users/nima/Developer/NullAwayFixer/Projects/zuul/zuul-core/src/main/java/com/netflix/zuul/context/SessionContext.java
160	com.netflix.zuul.context.SessionContext	cancel()	0	0	[]	false	public	false	file:///Users/nima/Developer/NullAwayFixer/Projects/zuul/zuul-core/src/main/java/com/netflix/zuul/context/SessionContext.java
161	com.netflix.zuul.message.Headers	copyOf(com.netflix.zuul.message.Headers)	0	1	[false]	false	public	true	file:///Users/nima/Developer/NullAwayFixer/Projects/zuul/zuul-core/src/main/java/com/netflix/zuul/message/Headers.java
162	com.netflix.zuul.message.Headers	Headers()	0	0	[]	false	public	false	file:///Users/nima/Developer/NullAwayFixer/Projects/zuul/zuul-core/src/main/java/com/netflix/zuul/message/Headers.java
163	com.netflix.zuul.message.Headers	Headers(com.netflix.zuul.message.Headers)	0	1	[false]	false	private	false	file:///Users/nima/Developer/NullAwayFixer/Projects/zuul/zuul-core/src/main/java/com/netflix/zuul/message/Headers.java
164	com.netflix.zuul.message.Headers	getFirst(java.lang.String)	0	1	[false]	true	public	true	file:///Users/nima/Developer/NullAwayFixer/Projects/zuul/zuul-core/src/main/java/com/netflix/zuul/message/Headers.java
165	com.netflix.zuul.message.Headers	getFirst(com.netflix.zuul.message.HeaderName)	0	1	[false]	true	public	true	file:///Users/nima/Developer/NullAwayFixer/Projects/zuul/zuul-core/src/main/java/com/netflix/zuul/message/Headers.java
166	com.netflix.zuul.message.Headers	getFirstNormal(java.lang.String)	0	1	[false]	true	private	true	file:///Users/nima/Developer/NullAwayFixer/Projects/zuul/zuul-core/src/main/java/com/netflix/zuul/message/Headers.java
167	com.netflix.zuul.message.Headers	getFirst(java.lang.String,java.lang.String)	0	2	[false, false]	false	public	true	file:///Users/nima/Developer/NullAwayFixer/Projects/zuul/zuul-core/src/main/java/com/netflix/zuul/message/Headers.java
168	com.netflix.zuul.message.Headers	getFirst(com.netflix.zuul.message.HeaderName,java.lang.String)	0	2	[false, false]	false	public	true	file:///Users/nima/Developer/NullAwayFixer/Projects/zuul/zuul-core/src/main/java/com/netflix/zuul/message/Headers.java
169	com.netflix.zuul.message.Headers	getAll(java.lang.String)	0	1	[false]	false	public	true	file:///Users/nima/Developer/NullAwayFixer/Projects/zuul/zuul-core/src/main/java/com/netflix/zuul/message/Headers.java
170	com.netflix.zuul.message.Headers	getAll(com.netflix.zuul.message.HeaderName)	0	1	[false]	false	public	true	file:///Users/nima/Developer/NullAwayFixer/Projects/zuul/zuul-core/src/main/java/com/netflix/zuul/message/Headers.java
171	com.netflix.zuul.message.Headers	getAllNormal(java.lang.String)	0	1	[false]	false	private	true	file:///Users/nima/Developer/NullAwayFixer/Projects/zuul/zuul-core/src/main/java/com/netflix/zuul/message/Headers.java
172	com.netflix.zuul.message.Headers	forEachNormalised(java.util.function.BiConsumer<? super java.lang.String,? super java.lang.String>)	0	1	[false]	false	public	false	file:///Users/nima/Developer/NullAwayFixer/Projects/zuul/zuul-core/src/main/java/com/netflix/zuul/message/Headers.java
173	com.netflix.zuul.message.Headers	set(java.lang.String,java.lang.String)	0	2	[false, true]	false	public	false	file:///Users/nima/Developer/NullAwayFixer/Projects/zuul/zuul-core/src/main/java/com/netflix/zuul/message/Headers.java
174	com.netflix.zuul.message.Headers	set(com.netflix.zuul.message.HeaderName,java.lang.String)	0	2	[false, false]	false	public	false	file:///Users/nima/Developer/NullAwayFixer/Projects/zuul/zuul-core/src/main/java/com/netflix/zuul/message/Headers.java
175	com.netflix.zuul.message.Headers	setAndValidate(java.lang.String,java.lang.String)	0	2	[false, true]	false	public	false	file:///Users/nima/Developer/NullAwayFixer/Projects/zuul/zuul-core/src/main/java/com/netflix/zuul/message/Headers.java
176	com.netflix.zuul.message.Headers	setIfValid(com.netflix.zuul.message.HeaderName,java.lang.String)	0	2	[false, false]	false	public	false	file:///Users/nima/Developer/NullAwayFixer/Projects/zuul/zuul-core/src/main/java/com/netflix/zuul/message/Headers.java
177	com.netflix.zuul.message.Headers	setIfValid(java.lang.String,java.lang.String)	0	2	[false, true]	false	public	false	file:///Users/nima/Developer/NullAwayFixer/Projects/zuul/zuul-core/src/main/java/com/netflix/zuul/message/Headers.java
178	com.netflix.zuul.message.Headers	setAndValidate(com.netflix.zuul.message.HeaderName,java.lang.String)	0	2	[false, false]	false	public	false	file:///Users/nima/Developer/NullAwayFixer/Projects/zuul/zuul-core/src/main/java/com/netflix/zuul/message/Headers.java
179	com.netflix.zuul.message.Headers	setNormal(java.lang.String,java.lang.String,java.lang.String)	0	3	[false, false, true]	false	private	false	file:///Users/nima/Developer/NullAwayFixer/Projects/zuul/zuul-core/src/main/java/com/netflix/zuul/message/Headers.java
180	com.netflix.zuul.message.Headers	findNormal(java.lang.String)	0	1	[false]	false	private	false	file:///Users/nima/Developer/NullAwayFixer/Projects/zuul/zuul-core/src/main/java/com/netflix/zuul/message/Headers.java
181	com.netflix.zuul.message.Headers	clearMatchingStartingAt(int,java.lang.String,java.util.Collection<? super java.lang.String>)	0	3	[false, false, true]	false	private	false	file:///Users/nima/Developer/NullAwayFixer/Projects/zuul/zuul-core/src/main/java/com/netflix/zuul/message/Headers.java
182	com.netflix.zuul.message.Headers	setIfAbsent(java.lang.String,java.lang.String)	0	2	[false, false]	false	public	false	file:///Users/nima/Developer/NullAwayFixer/Projects/zuul/zuul-core/src/main/java/com/netflix/zuul/message/Headers.java
183	com.netflix.zuul.message.Headers	setIfAbsent(com.netflix.zuul.message.HeaderName,java.lang.String)	0	2	[false, false]	false	public	false	file:///Users/nima/Developer/NullAwayFixer/Projects/zuul/zuul-core/src/main/java/com/netflix/zuul/message/Headers.java
184	com.netflix.zuul.message.Headers	setIfAbsentNormal(java.lang.String,java.lang.String,java.lang.String)	0	3	[false, false, false]	false	private	false	file:///Users/nima/Developer/NullAwayFixer/Projects/zuul/zuul-core/src/main/java/com/netflix/zuul/message/Headers.java
185	com.netflix.zuul.message.Headers	setIfAbsentAndValid(java.lang.String,java.lang.String)	0	2	[false, false]	false	public	false	file:///Users/nima/Developer/NullAwayFixer/Projects/zuul/zuul-core/src/main/java/com/netflix/zuul/message/Headers.java
186	com.netflix.zuul.message.Headers	setIfAbsentAndValid(com.netflix.zuul.message.HeaderName,java.lang.String)	0	2	[false, false]	false	public	false	file:///Users/nima/Developer/NullAwayFixer/Projects/zuul/zuul-core/src/main/java/com/netflix/zuul/message/Headers.java
187	com.netflix.zuul.message.Headers	add(java.lang.String,java.lang.String)	0	2	[false, false]	false	public	false	file:///Users/nima/Developer/NullAwayFixer/Projects/zuul/zuul-core/src/main/java/com/netflix/zuul/message/Headers.java
188	com.netflix.zuul.message.Headers	add(com.netflix.zuul.message.HeaderName,java.lang.String)	0	2	[false, false]	false	public	false	file:///Users/nima/Developer/NullAwayFixer/Projects/zuul/zuul-core/src/main/java/com/netflix/zuul/message/Headers.java
189	com.netflix.zuul.message.Headers	addAndValidate(java.lang.String,java.lang.String)	0	2	[false, false]	false	public	false	file:///Users/nima/Developer/NullAwayFixer/Projects/zuul/zuul-core/src/main/java/com/netflix/zuul/message/Headers.java
190	com.netflix.zuul.message.Headers	addAndValidate(com.netflix.zuul.message.HeaderName,java.lang.String)	0	2	[false, false]	false	public	false	file:///Users/nima/Developer/NullAwayFixer/Projects/zuul/zuul-core/src/main/java/com/netflix/zuul/message/Headers.java
191	com.netflix.zuul.message.Headers	addIfValid(java.lang.String,java.lang.String)	0	2	[false, false]	false	public	false	file:///Users/nima/Developer/NullAwayFixer/Projects/zuul/zuul-core/src/main/java/com/netflix/zuul/message/Headers.java
192	com.netflix.zuul.message.Headers	addIfValid(com.netflix.zuul.message.HeaderName,java.lang.String)	0	2	[false, false]	false	public	false	file:///Users/nima/Developer/NullAwayFixer/Projects/zuul/zuul-core/src/main/java/com/netflix/zuul/message/Headers.java
193	com.netflix.zuul.message.Headers	putAll(com.netflix.zuul.message.Headers)	0	1	[false]	false	public	false	file:///Users/nima/Developer/NullAwayFixer/Projects/zuul/zuul-core/src/main/java/com/netflix/zuul/message/Headers.java
194	com.netflix.zuul.message.Headers	remove(java.lang.String)	0	1	[false]	false	public	true	file:///Users/nima/Developer/NullAwayFixer/Projects/zuul/zuul-core/src/main/java/com/netflix/zuul/message/Headers.java
195	com.netflix.zuul.message.Headers	remove(com.netflix.zuul.message.HeaderName)	0	1	[false]	false	public	true	file:///Users/nima/Developer/NullAwayFixer/Projects/zuul/zuul-core/src/main/java/com/netflix/zuul/message/Headers.java
196	com.netflix.zuul.message.Headers	removeNormal(java.lang.String)	0	1	[false]	false	private	true	file:///Users/nima/Developer/NullAwayFixer/Projects/zuul/zuul-core/src/main/java/com/netflix/zuul/message/Headers.java
197	com.netflix.zuul.message.Headers	removeIf(java.util.function.Predicate<? super java.util.Map.Entry<com.netflix.zuul.message.HeaderName,java.lang.String>>)	0	1	[false]	false	public	false	file:///Users/nima/Developer/NullAwayFixer/Projects/zuul/zuul-core/src/main/java/com/netflix/zuul/message/Headers.java
198	com.netflix.zuul.message.Headers	entries()	0	0	[]	false	public	true	file:///Users/nima/Developer/NullAwayFixer/Projects/zuul/zuul-core/src/main/java/com/netflix/zuul/message/Headers.java
199	com.netflix.zuul.message.Headers	keySet()	0	0	[]	false	public	true	file:///Users/nima/Developer/NullAwayFixer/Projects/zuul/zuul-core/src/main/java/com/netflix/zuul/message/Headers.java
200	com.netflix.zuul.message.Headers	contains(java.lang.String)	0	1	[false]	false	public	false	file:///Users/nima/Developer/NullAwayFixer/Projects/zuul/zuul-core/src/main/java/com/netflix/zuul/message/Headers.java
201	com.netflix.zuul.message.Headers	contains(com.netflix.zuul.message.HeaderName)	0	1	[false]	false	public	false	file:///Users/nima/Developer/NullAwayFixer/Projects/zuul/zuul-core/src/main/java/com/netflix/zuul/message/Headers.java
202	com.netflix.zuul.message.Headers	contains(java.lang.String,java.lang.String)	0	2	[false, false]	false	public	false	file:///Users/nima/Developer/NullAwayFixer/Projects/zuul/zuul-core/src/main/java/com/netflix/zuul/message/Headers.java
203	com.netflix.zuul.message.Headers	contains(com.netflix.zuul.message.HeaderName,java.lang.String)	0	2	[false, false]	false	public	false	file:///Users/nima/Developer/NullAwayFixer/Projects/zuul/zuul-core/src/main/java/com/netflix/zuul/message/Headers.java
204	com.netflix.zuul.message.Headers	containsNormal(java.lang.String,java.lang.String)	0	2	[false, false]	false	private	false	file:///Users/nima/Developer/NullAwayFixer/Projects/zuul/zuul-core/src/main/java/com/netflix/zuul/message/Headers.java
205	com.netflix.zuul.message.Headers	size()	0	0	[]	false	public	false	file:///Users/nima/Developer/NullAwayFixer/Projects/zuul/zuul-core/src/main/java/com/netflix/zuul/message/Headers.java
206	com.netflix.zuul.message.Headers	hashCode()	99	0	[]	false	public	false	file:///Users/nima/Developer/NullAwayFixer/Projects/zuul/zuul-core/src/main/java/com/netflix/zuul/message/Headers.java
207	com.netflix.zuul.message.Headers	equals(java.lang.Object)	97	1	[false]	false	public	false	file:///Users/nima/Developer/NullAwayFixer/Projects/zuul/zuul-core/src/main/java/com/netflix/zuul/message/Headers.java
208	com.netflix.zuul.message.Headers	asMap()	0	0	[]	false	private	true	file:///Users/nima/Developer/NullAwayFixer/Projects/zuul/zuul-core/src/main/java/com/netflix/zuul/message/Headers.java
209	com.netflix.zuul.message.Headers	toString()	94	0	[]	false	public	true	file:///Users/nima/Developer/NullAwayFixer/Projects/zuul/zuul-core/src/main/java/com/netflix/zuul/message/Headers.java
210	com.netflix.zuul.message.Headers	originalName(int)	0	1	[false]	false	private	true	file:///Users/nima/Developer/NullAwayFixer/Projects/zuul/zuul-core/src/main/java/com/netflix/zuul/message/Headers.java
211	com.netflix.zuul.message.Headers	originalName(int,java.lang.String)	0	2	[false, false]	false	private	false	file:///Users/nima/Developer/NullAwayFixer/Projects/zuul/zuul-core/src/main/java/com/netflix/zuul/message/Headers.java
212	com.netflix.zuul.message.Headers	name(int)	0	1	[false]	false	private	true	file:///Users/nima/Developer/NullAwayFixer/Projects/zuul/zuul-core/src/main/java/com/netflix/zuul/message/Headers.java
213	com.netflix.zuul.message.Headers	name(int,java.lang.String)	0	2	[false, false]	false	private	false	file:///Users/nima/Developer/NullAwayFixer/Projects/zuul/zuul-core/src/main/java/com/netflix/zuul/message/Headers.java
214	com.netflix.zuul.message.Headers	value(int)	0	1	[false]	false	private	true	file:///Users/nima/Developer/NullAwayFixer/Projects/zuul/zuul-core/src/main/java/com/netflix/zuul/message/Headers.java
215	com.netflix.zuul.message.Headers	value(int,java.lang.String)	0	2	[false, false]	false	private	false	file:///Users/nima/Developer/NullAwayFixer/Projects/zuul/zuul-core/src/main/java/com/netflix/zuul/message/Headers.java
216	com.netflix.zuul.message.Headers	addNormal(java.lang.String,java.lang.String,java.lang.String)	0	3	[false, false, false]	false	private	false	file:///Users/nima/Developer/NullAwayFixer/Projects/zuul/zuul-core/src/main/java/com/netflix/zuul/message/Headers.java
217	com.netflix.zuul.message.Headers	truncate(int)	0	1	[false]	false	private	false	file:///Users/nima/Developer/NullAwayFixer/Projects/zuul/zuul-core/src/main/java/com/netflix/zuul/message/Headers.java
218	com.netflix.zuul.message.Headers	isValid(java.lang.String)	0	1	[true]	false	private	false	file:///Users/nima/Developer/NullAwayFixer/Projects/zuul/zuul-core/src/main/java/com/netflix/zuul/message/Headers.java
219	com.netflix.zuul.message.Headers	validateField(java.lang.String)	0	1	[true]	false	private	true	file:///Users/nima/Developer/NullAwayFixer/Projects/zuul/zuul-core/src/main/java/com/netflix/zuul/message/Headers.java
220	com.netflix.zuul.message.Headers	findInvalid(java.lang.String)	0	1	[false]	false	private	false	file:///Users/nima/Developer/NullAwayFixer/Projects/zuul/zuul-core/src/main/java/com/netflix/zuul/message/Headers.java
221	com.netflix.zuul.filters.ZuulFilter	isDisabled()	0	0	[]	false	public	false	file:///Users/nima/Developer/NullAwayFixer/Projects/zuul/zuul-core/src/main/java/com/netflix/zuul/filters/ZuulFilter.java
222	com.netflix.zuul.filters.ZuulFilter	filterName()	0	0	[]	false	public	true	file:///Users/nima/Developer/NullAwayFixer/Projects/zuul/zuul-core/src/main/java/com/netflix/zuul/filters/ZuulFilter.java
223	com.netflix.zuul.filters.ZuulFilter	filterOrder()	0	0	[]	false	public	false	file:///Users/nima/Developer/NullAwayFixer/Projects/zuul/zuul-core/src/main/java/com/netflix/zuul/filters/ZuulFilter.java
224	com.netflix.zuul.filters.ZuulFilter	filterType()	0	0	[]	false	public	true	file:///Users/nima/Developer/NullAwayFixer/Projects/zuul/zuul-core/src/main/java/com/netflix/zuul/filters/ZuulFilter.java
225	com.netflix.zuul.filters.ZuulFilter	category()	0	0	[]	false	public	true	file:///Users/nima/Developer/NullAwayFixer/Projects/zuul/zuul-core/src/main/java/com/netflix/zuul/filters/ZuulFilter.java
226	com.netflix.zuul.filters.ZuulFilter	overrideStopFilterProcessing()	0	0	[]	false	public	false	file:///Users/nima/Developer/NullAwayFixer/Projects/zuul/zuul-core/src/main/java/com/netflix/zuul/filters/ZuulFilter.java
227	com.netflix.zuul.filters.ZuulFilter	incrementConcurrency()	0	0	[]	false	public	false	file:///Users/nima/Developer/NullAwayFixer/Projects/zuul/zuul-core/src/main/java/com/netflix/zuul/filters/ZuulFilter.java
228	com.netflix.zuul.filters.ZuulFilter	applyAsync(I)	0	1	[false]	false	public	true	file:///Users/nima/Developer/NullAwayFixer/Projects/zuul/zuul-core/src/main/java/com/netflix/zuul/filters/ZuulFilter.java
229	com.netflix.zuul.filters.ZuulFilter	decrementConcurrency()	0	0	[]	false	public	false	file:///Users/nima/Developer/NullAwayFixer/Projects/zuul/zuul-core/src/main/java/com/netflix/zuul/filters/ZuulFilter.java
230	com.netflix.zuul.filters.ZuulFilter	getSyncType()	0	0	[]	false	public	true	file:///Users/nima/Developer/NullAwayFixer/Projects/zuul/zuul-core/src/main/java/com/netflix/zuul/filters/ZuulFilter.java
231	com.netflix.zuul.filters.ZuulFilter	getDefaultOutput(I)	0	1	[false]	false	public	true	file:///Users/nima/Developer/NullAwayFixer/Projects/zuul/zuul-core/src/main/java/com/netflix/zuul/filters/ZuulFilter.java
232	com.netflix.zuul.filters.ZuulFilter	needsBodyBuffered(I)	0	1	[false]	false	public	false	file:///Users/nima/Developer/NullAwayFixer/Projects/zuul/zuul-core/src/main/java/com/netflix/zuul/filters/ZuulFilter.java
233	com.netflix.zuul.filters.ZuulFilter	processContentChunk(com.netflix.zuul.message.ZuulMessage,io.netty.handler.codec.http.HttpContent)	0	2	[false, false]	false	public	true	file:///Users/nima/Developer/NullAwayFixer/Projects/zuul/zuul-core/src/main/java/com/netflix/zuul/filters/ZuulFilter.java
234	com.netflix.zuul.filters.ShouldFilter	shouldFilter(T)	0	1	[false]	false	public	false	file:///Users/nima/Developer/NullAwayFixer/Projects/zuul/zuul-core/src/main/java/com/netflix/zuul/filters/ShouldFilter.java
235	com.netflix.zuul.exception.ZuulFilterConcurrencyExceededException	ZuulFilterConcurrencyExceededException(com.netflix.zuul.filters.ZuulFilter,int)	0	2	[false, false]	false	public	false	file:///Users/nima/Developer/NullAwayFixer/Projects/zuul/zuul-core/src/main/java/com/netflix/zuul/exception/ZuulFilterConcurrencyExceededException.java
236	com.netflix.zuul.exception.ZuulException	ZuulException(java.lang.String,java.lang.Throwable,java.lang.String)	0	3	[false, false, false]	false	public	false	file:///Users/nima/Developer/NullAwayFixer/Projects/zuul/zuul-core/src/main/java/com/netflix/zuul/exception/ZuulException.java
237	com.netflix.zuul.exception.ZuulException	ZuulException(java.lang.String,java.lang.String)	0	2	[false, false]	false	public	false	file:///Users/nima/Developer/NullAwayFixer/Projects/zuul/zuul-core/src/main/java/com/netflix/zuul/exception/ZuulException.java
238	com.netflix.zuul.exception.ZuulException	ZuulException(java.lang.String,java.lang.String,boolean)	0	3	[false, false, false]	false	public	false	file:///Users/nima/Developer/NullAwayFixer/Projects/zuul/zuul-core/src/main/java/com/netflix/zuul/exception/ZuulException.java
239	com.netflix.zuul.exception.ZuulException	ZuulException(java.lang.Throwable,java.lang.String,boolean)	0	3	[false, false, false]	false	public	false	file:///Users/nima/Developer/NullAwayFixer/Projects/zuul/zuul-core/src/main/java/com/netflix/zuul/exception/ZuulException.java
240	com.netflix.zuul.exception.ZuulException	ZuulException(java.lang.Throwable)	0	1	[false]	false	public	false	file:///Users/nima/Developer/NullAwayFixer/Projects/zuul/zuul-core/src/main/java/com/netflix/zuul/exception/ZuulException.java
241	com.netflix.zuul.exception.ZuulException	ZuulException(java.lang.String)	0	1	[false]	false	public	false	file:///Users/nima/Developer/NullAwayFixer/Projects/zuul/zuul-core/src/main/java/com/netflix/zuul/exception/ZuulException.java
242	com.netflix.zuul.exception.ZuulException	ZuulException(java.lang.String,boolean)	0	2	[false, false]	false	public	false	file:///Users/nima/Developer/NullAwayFixer/Projects/zuul/zuul-core/src/main/java/com/netflix/zuul/exception/ZuulException.java
243	com.netflix.zuul.exception.ZuulException	getStatusCode()	0	0	[]	false	public	false	file:///Users/nima/Developer/NullAwayFixer/Projects/zuul/zuul-core/src/main/java/com/netflix/zuul/exception/ZuulException.java
244	com.netflix.zuul.exception.ZuulException	setStatusCode(int)	0	1	[false]	false	public	false	file:///Users/nima/Developer/NullAwayFixer/Projects/zuul/zuul-core/src/main/java/com/netflix/zuul/exception/ZuulException.java
245	com.netflix.zuul.exception.ZuulException	dontLogAsError()	0	0	[]	false	public	false	file:///Users/nima/Developer/NullAwayFixer/Projects/zuul/zuul-core/src/main/java/com/netflix/zuul/exception/ZuulException.java
246	com.netflix.zuul.exception.ZuulException	shouldLogAsError()	0	0	[]	false	public	false	file:///Users/nima/Developer/NullAwayFixer/Projects/zuul/zuul-core/src/main/java/com/netflix/zuul/exception/ZuulException.java
247	com.netflix.zuul.exception.ZuulException	getErrorCause()	0	0	[]	false	public	true	file:///Users/nima/Developer/NullAwayFixer/Projects/zuul/zuul-core/src/main/java/com/netflix/zuul/exception/ZuulException.java
248	com.netflix.zuul.message.http.HttpResponseMessage	setStatus(int)	0	1	[false]	false	public	false	file:///Users/nima/Developer/NullAwayFixer/Projects/zuul/zuul-core/src/main/java/com/netflix/zuul/message/http/HttpResponseMessage.java
249	com.netflix.zuul.message.http.HttpResponseMessage	getMaxBodySize()	89	0	[]	false	public	false	file:///Users/nima/Developer/NullAwayFixer/Projects/zuul/zuul-core/src/main/java/com/netflix/zuul/message/http/HttpResponseMessage.java
250	com.netflix.zuul.message.http.HttpResponseMessage	addSetCookie(io.netty.handler.codec.http.Cookie)	0	1	[false]	false	public	false	file:///Users/nima/Developer/NullAwayFixer/Projects/zuul/zuul-core/src/main/java/com/netflix/zuul/message/http/HttpResponseMessage.java
251	com.netflix.zuul.message.http.HttpResponseMessage	setSetCookie(io.netty.handler.codec.http.Cookie)	0	1	[false]	false	public	false	file:///Users/nima/Developer/NullAwayFixer/Projects/zuul/zuul-core/src/main/java/com/netflix/zuul/message/http/HttpResponseMessage.java
252	com.netflix.zuul.message.http.HttpResponseMessage	removeExistingSetCookie(java.lang.String)	0	1	[false]	false	public	false	file:///Users/nima/Developer/NullAwayFixer/Projects/zuul/zuul-core/src/main/java/com/netflix/zuul/message/http/HttpResponseMessage.java
253	com.netflix.zuul.message.http.HttpResponseMessage	getOutboundRequest()	0	0	[]	false	public	true	file:///Users/nima/Developer/NullAwayFixer/Projects/zuul/zuul-core/src/main/java/com/netflix/zuul/message/http/HttpResponseMessage.java
254	com.netflix.zuul.message.http.HttpResponseMessage	getInboundResponse()	0	0	[]	false	public	true	file:///Users/nima/Developer/NullAwayFixer/Projects/zuul/zuul-core/src/main/java/com/netflix/zuul/message/http/HttpResponseMessage.java
255	com.netflix.zuul.message.http.HttpResponseMessage	storeInboundResponse()	0	0	[]	false	public	false	file:///Users/nima/Developer/NullAwayFixer/Projects/zuul/zuul-core/src/main/java/com/netflix/zuul/message/http/HttpResponseMessage.java
256	com.netflix.zuul.message.http.HttpResponseInfo	getStatus()	0	0	[]	false	public	false	file:///Users/nima/Developer/NullAwayFixer/Projects/zuul/zuul-core/src/main/java/com/netflix/zuul/message/http/HttpResponseInfo.java
257	com.netflix.zuul.message.http.HttpResponseInfo	getInboundRequest()	0	0	[]	false	public	true	file:///Users/nima/Developer/NullAwayFixer/Projects/zuul/zuul-core/src/main/java/com/netflix/zuul/message/http/HttpResponseInfo.java
258	com.netflix.zuul.message.http.HttpResponseInfo	clone()	90	0	[]	false	public	true	file:///Users/nima/Developer/NullAwayFixer/Projects/zuul/zuul-core/src/main/java/com/netflix/zuul/message/http/HttpResponseInfo.java
259	com.netflix.zuul.message.http.HttpResponseInfo	getInfoForLogging()	91	0	[]	false	public	true	file:///Users/nima/Developer/NullAwayFixer/Projects/zuul/zuul-core/src/main/java/com/netflix/zuul/message/http/HttpResponseInfo.java
260	com.netflix.zuul.message.http.HttpResponseInfo	parseSetCookieHeader(java.lang.String)	0	1	[false]	false	public	true	file:///Users/nima/Developer/NullAwayFixer/Projects/zuul/zuul-core/src/main/java/com/netflix/zuul/message/http/HttpResponseInfo.java
261	com.netflix.zuul.message.http.HttpResponseInfo	hasSetCookieWithName(java.lang.String)	0	1	[false]	false	public	false	file:///Users/nima/Developer/NullAwayFixer/Projects/zuul/zuul-core/src/main/java/com/netflix/zuul/message/http/HttpResponseInfo.java
262	com.netflix.zuul.message.http.HttpRequestMessage	setProtocol(java.lang.String)	0	1	[false]	false	public	false	file:///Users/nima/Developer/NullAwayFixer/Projects/zuul/zuul-core/src/main/java/com/netflix/zuul/message/http/HttpRequestMessage.java
263	com.netflix.zuul.message.http.HttpRequestMessage	setMethod(java.lang.String)	0	1	[false]	false	public	false	file:///Users/nima/Developer/NullAwayFixer/Projects/zuul/zuul-core/src/main/java/com/netflix/zuul/message/http/HttpRequestMessage.java
264	com.netflix.zuul.message.http.HttpRequestMessage	setPath(java.lang.String)	0	1	[false]	false	public	false	file:///Users/nima/Developer/NullAwayFixer/Projects/zuul/zuul-core/src/main/java/com/netflix/zuul/message/http/HttpRequestMessage.java
265	com.netflix.zuul.message.http.HttpRequestMessage	setScheme(java.lang.String)	0	1	[false]	false	public	false	file:///Users/nima/Developer/NullAwayFixer/Projects/zuul/zuul-core/src/main/java/com/netflix/zuul/message/http/HttpRequestMessage.java
266	com.netflix.zuul.message.http.HttpRequestMessage	setServerName(java.lang.String)	0	1	[false]	false	public	false	file:///Users/nima/Developer/NullAwayFixer/Projects/zuul/zuul-core/src/main/java/com/netflix/zuul/message/http/HttpRequestMessage.java
267	com.netflix.zuul.message.http.HttpRequestMessage	clone()	90	0	[]	false	public	true	file:///Users/nima/Developer/NullAwayFixer/Projects/zuul/zuul-core/src/main/java/com/netflix/zuul/message/http/HttpRequestMessage.java
268	com.netflix.zuul.message.http.HttpRequestMessage	storeInboundRequest()	0	0	[]	false	public	false	file:///Users/nima/Developer/NullAwayFixer/Projects/zuul/zuul-core/src/main/java/com/netflix/zuul/message/http/HttpRequestMessage.java
269	com.netflix.zuul.message.http.HttpRequestMessage	getInboundRequest()	0	0	[]	false	public	true	file:///Users/nima/Developer/NullAwayFixer/Projects/zuul/zuul-core/src/main/java/com/netflix/zuul/message/http/HttpRequestMessage.java
270	com.netflix.zuul.message.http.HttpRequestMessage	setQueryParams(com.netflix.zuul.message.http.HttpQueryParams)	0	1	[false]	false	public	false	file:///Users/nima/Developer/NullAwayFixer/Projects/zuul/zuul-core/src/main/java/com/netflix/zuul/message/http/HttpRequestMessage.java
271	com.netflix.zuul.message.http.HttpRequestInfo	getProtocol()	0	0	[]	false	public	true	file:///Users/nima/Developer/NullAwayFixer/Projects/zuul/zuul-core/src/main/java/com/netflix/zuul/message/http/HttpRequestInfo.java
272	com.netflix.zuul.message.http.HttpRequestInfo	getMethod()	0	0	[]	false	public	true	file:///Users/nima/Developer/NullAwayFixer/Projects/zuul/zuul-core/src/main/java/com/netflix/zuul/message/http/HttpRequestInfo.java
273	com.netflix.zuul.message.http.HttpRequestInfo	getPath()	0	0	[]	false	public	true	file:///Users/nima/Developer/NullAwayFixer/Projects/zuul/zuul-core/src/main/java/com/netflix/zuul/message/http/HttpRequestInfo.java
274	com.netflix.zuul.message.http.HttpRequestInfo	getQueryParams()	0	0	[]	false	public	true	file:///Users/nima/Developer/NullAwayFixer/Projects/zuul/zuul-core/src/main/java/com/netflix/zuul/message/http/HttpRequestInfo.java
275	com.netflix.zuul.message.http.HttpRequestInfo	getPathAndQuery()	0	0	[]	false	public	true	file:///Users/nima/Developer/NullAwayFixer/Projects/zuul/zuul-core/src/main/java/com/netflix/zuul/message/http/HttpRequestInfo.java
276	com.netflix.zuul.message.http.HttpRequestInfo	getHeaders()	73	0	[]	false	public	true	file:///Users/nima/Developer/NullAwayFixer/Projects/zuul/zuul-core/src/main/java/com/netflix/zuul/message/http/HttpRequestInfo.java
277	com.netflix.zuul.message.http.HttpRequestInfo	getClientIp()	0	0	[]	false	public	true	file:///Users/nima/Developer/NullAwayFixer/Projects/zuul/zuul-core/src/main/java/com/netflix/zuul/message/http/HttpRequestInfo.java
278	com.netflix.zuul.message.http.HttpRequestInfo	getScheme()	0	0	[]	false	public	true	file:///Users/nima/Developer/NullAwayFixer/Projects/zuul/zuul-core/src/main/java/com/netflix/zuul/message/http/HttpRequestInfo.java
279	com.netflix.zuul.message.http.HttpRequestInfo	getPort()	0	0	[]	false	public	false	file:///Users/nima/Developer/NullAwayFixer/Projects/zuul/zuul-core/src/main/java/com/netflix/zuul/message/http/HttpRequestInfo.java
280	com.netflix.zuul.message.http.HttpRequestInfo	getServerName()	0	0	[]	false	public	true	file:///Users/nima/Developer/NullAwayFixer/Projects/zuul/zuul-core/src/main/java/com/netflix/zuul/message/http/HttpRequestInfo.java
281	com.netflix.zuul.message.http.HttpRequestInfo	getMaxBodySize()	89	0	[]	false	public	false	file:///Users/nima/Developer/NullAwayFixer/Projects/zuul/zuul-core/src/main/java/com/netflix/zuul/message/http/HttpRequestInfo.java
282	com.netflix.zuul.message.http.HttpRequestInfo	getInfoForLogging()	91	0	[]	false	public	true	file:///Users/nima/Developer/NullAwayFixer/Projects/zuul/zuul-core/src/main/java/com/netflix/zuul/message/http/HttpRequestInfo.java
283	com.netflix.zuul.message.http.HttpRequestInfo	getOriginalHost()	0	0	[]	false	public	true	file:///Users/nima/Developer/NullAwayFixer/Projects/zuul/zuul-core/src/main/java/com/netflix/zuul/message/http/HttpRequestInfo.java
284	com.netflix.zuul.message.http.HttpRequestInfo	getOriginalScheme()	0	0	[]	false	public	true	file:///Users/nima/Developer/NullAwayFixer/Projects/zuul/zuul-core/src/main/java/com/netflix/zuul/message/http/HttpRequestInfo.java
285	com.netflix.zuul.message.http.HttpRequestInfo	getOriginalProtocol()	0	0	[]	false	public	true	file:///Users/nima/Developer/NullAwayFixer/Projects/zuul/zuul-core/src/main/java/com/netflix/zuul/message/http/HttpRequestInfo.java
286	com.netflix.zuul.message.http.HttpRequestInfo	getOriginalPort()	0	0	[]	false	public	false	file:///Users/nima/Developer/NullAwayFixer/Projects/zuul/zuul-core/src/main/java/com/netflix/zuul/message/http/HttpRequestInfo.java
287	com.netflix.zuul.message.http.HttpRequestInfo	getClientDestinationPort()	0	0	[]	false	public	true	file:///Users/nima/Developer/NullAwayFixer/Projects/zuul/zuul-core/src/main/java/com/netflix/zuul/message/http/HttpRequestInfo.java
288	com.netflix.zuul.message.http.HttpRequestInfo	reconstructURI()	0	0	[]	false	public	true	file:///Users/nima/Developer/NullAwayFixer/Projects/zuul/zuul-core/src/main/java/com/netflix/zuul/message/http/HttpRequestInfo.java
289	com.netflix.zuul.message.http.HttpRequestInfo	parseCookies()	0	0	[]	false	public	true	file:///Users/nima/Developer/NullAwayFixer/Projects/zuul/zuul-core/src/main/java/com/netflix/zuul/message/http/HttpRequestInfo.java
290	com.netflix.zuul.message.http.HttpRequestInfo	reParseCookies()	0	0	[]	false	public	true	file:///Users/nima/Developer/NullAwayFixer/Projects/zuul/zuul-core/src/main/java/com/netflix/zuul/message/http/HttpRequestInfo.java
291	com.netflix.zuul.message.http.HttpQueryParams	HttpQueryParams()	0	0	[]	false	public	false	file:///Users/nima/Developer/NullAwayFixer/Projects/zuul/zuul-core/src/main/java/com/netflix/zuul/message/http/HttpQueryParams.java
292	com.netflix.zuul.message.http.HttpQueryParams	HttpQueryParams(com.google.common.collect.ListMultimap<java.lang.String,java.lang.String>)	0	1	[false]	false	private	false	file:///Users/nima/Developer/NullAwayFixer/Projects/zuul/zuul-core/src/main/java/com/netflix/zuul/message/http/HttpQueryParams.java
293	com.netflix.zuul.message.http.HttpQueryParams	parse(java.lang.String)	0	1	[false]	false	public	true	file:///Users/nima/Developer/NullAwayFixer/Projects/zuul/zuul-core/src/main/java/com/netflix/zuul/message/http/HttpQueryParams.java
294	com.netflix.zuul.message.http.HttpQueryParams	getFirst(java.lang.String)	0	1	[false]	false	public	true	file:///Users/nima/Developer/NullAwayFixer/Projects/zuul/zuul-core/src/main/java/com/netflix/zuul/message/http/HttpQueryParams.java
295	com.netflix.zuul.message.http.HttpQueryParams	get(java.lang.String)	0	1	[false]	false	public	true	file:///Users/nima/Developer/NullAwayFixer/Projects/zuul/zuul-core/src/main/java/com/netflix/zuul/message/http/HttpQueryParams.java
296	com.netflix.zuul.message.http.HttpQueryParams	contains(java.lang.String)	0	1	[false]	false	public	false	file:///Users/nima/Developer/NullAwayFixer/Projects/zuul/zuul-core/src/main/java/com/netflix/zuul/message/http/HttpQueryParams.java
297	com.netflix.zuul.message.http.HttpQueryParams	containsIgnoreCase(java.lang.String)	0	1	[false]	false	public	false	file:///Users/nima/Developer/NullAwayFixer/Projects/zuul/zuul-core/src/main/java/com/netflix/zuul/message/http/HttpQueryParams.java
298	com.netflix.zuul.message.http.HttpQueryParams	contains(java.lang.String,java.lang.String)	0	2	[false, false]	false	public	false	file:///Users/nima/Developer/NullAwayFixer/Projects/zuul/zuul-core/src/main/java/com/netflix/zuul/message/http/HttpQueryParams.java
299	com.netflix.zuul.message.http.HttpQueryParams	set(java.lang.String,java.lang.String)	0	2	[false, false]	false	public	false	file:///Users/nima/Developer/NullAwayFixer/Projects/zuul/zuul-core/src/main/java/com/netflix/zuul/message/http/HttpQueryParams.java
300	com.netflix.zuul.message.http.HttpQueryParams	add(java.lang.String,java.lang.String)	0	2	[false, false]	false	public	false	file:///Users/nima/Developer/NullAwayFixer/Projects/zuul/zuul-core/src/main/java/com/netflix/zuul/message/http/HttpQueryParams.java
301	com.netflix.zuul.message.http.HttpQueryParams	removeAll(java.lang.String)	0	1	[false]	false	public	false	file:///Users/nima/Developer/NullAwayFixer/Projects/zuul/zuul-core/src/main/java/com/netflix/zuul/message/http/HttpQueryParams.java
302	com.netflix.zuul.message.http.HttpQueryParams	clear()	0	0	[]	false	public	false	file:///Users/nima/Developer/NullAwayFixer/Projects/zuul/zuul-core/src/main/java/com/netflix/zuul/message/http/HttpQueryParams.java
303	com.netflix.zuul.message.http.HttpQueryParams	entries()	0	0	[]	false	public	true	file:///Users/nima/Developer/NullAwayFixer/Projects/zuul/zuul-core/src/main/java/com/netflix/zuul/message/http/HttpQueryParams.java
304	com.netflix.zuul.message.http.HttpQueryParams	keySet()	0	0	[]	false	public	true	file:///Users/nima/Developer/NullAwayFixer/Projects/zuul/zuul-core/src/main/java/com/netflix/zuul/message/http/HttpQueryParams.java
305	com.netflix.zuul.message.http.HttpQueryParams	toEncodedString()	0	0	[]	false	public	true	file:///Users/nima/Developer/NullAwayFixer/Projects/zuul/zuul-core/src/main/java/com/netflix/zuul/message/http/HttpQueryParams.java
306	com.netflix.zuul.message.http.HttpQueryParams	toString()	94	0	[]	false	public	true	file:///Users/nima/Developer/NullAwayFixer/Projects/zuul/zuul-core/src/main/java/com/netflix/zuul/message/http/HttpQueryParams.java
307	com.netflix.zuul.message.http.HttpQueryParams	clone()	308	0	[]	false	protected	true	file:///Users/nima/Developer/NullAwayFixer/Projects/zuul/zuul-core/src/main/java/com/netflix/zuul/message/http/HttpQueryParams.java
309	com.netflix.zuul.message.http.HttpQueryParams	immutableCopy()	0	0	[]	false	public	true	file:///Users/nima/Developer/NullAwayFixer/Projects/zuul/zuul-core/src/main/java/com/netflix/zuul/message/http/HttpQueryParams.java
310	com.netflix.zuul.message.http.HttpQueryParams	isImmutable()	0	0	[]	false	public	false	file:///Users/nima/Developer/NullAwayFixer/Projects/zuul/zuul-core/src/main/java/com/netflix/zuul/message/http/HttpQueryParams.java
311	com.netflix.zuul.message.http.HttpQueryParams	isTrailingEquals(java.lang.String)	0	1	[false]	false	public	false	file:///Users/nima/Developer/NullAwayFixer/Projects/zuul/zuul-core/src/main/java/com/netflix/zuul/message/http/HttpQueryParams.java
312	com.netflix.zuul.message.http.HttpQueryParams	setTrailingEquals(java.lang.String,boolean)	0	2	[false, false]	false	public	false	file:///Users/nima/Developer/NullAwayFixer/Projects/zuul/zuul-core/src/main/java/com/netflix/zuul/message/http/HttpQueryParams.java
313	com.netflix.zuul.message.http.HttpQueryParams	hashCode()	99	0	[]	false	public	false	file:///Users/nima/Developer/NullAwayFixer/Projects/zuul/zuul-core/src/main/java/com/netflix/zuul/message/http/HttpQueryParams.java
314	com.netflix.zuul.message.http.HttpQueryParams	equals(java.lang.Object)	97	1	[false]	false	public	false	file:///Users/nima/Developer/NullAwayFixer/Projects/zuul/zuul-core/src/main/java/com/netflix/zuul/message/http/HttpQueryParams.java
315	com.netflix.zuul.message.http.Cookies	add(io.netty.handler.codec.http.Cookie)	0	1	[false]	false	public	false	file:///Users/nima/Developer/NullAwayFixer/Projects/zuul/zuul-core/src/main/java/com/netflix/zuul/message/http/Cookies.java
316	com.netflix.zuul.message.http.Cookies	getAll()	0	0	[]	false	public	true	file:///Users/nima/Developer/NullAwayFixer/Projects/zuul/zuul-core/src/main/java/com/netflix/zuul/message/http/Cookies.java
317	com.netflix.zuul.message.http.Cookies	get(java.lang.String)	0	1	[false]	false	public	true	file:///Users/nima/Developer/NullAwayFixer/Projects/zuul/zuul-core/src/main/java/com/netflix/zuul/message/http/Cookies.java
318	com.netflix.zuul.message.http.Cookies	getFirst(java.lang.String)	0	1	[false]	false	public	true	file:///Users/nima/Developer/NullAwayFixer/Projects/zuul/zuul-core/src/main/java/com/netflix/zuul/message/http/Cookies.java
319	com.netflix.zuul.message.http.Cookies	getFirstValue(java.lang.String)	0	1	[false]	false	public	true	file:///Users/nima/Developer/NullAwayFixer/Projects/zuul/zuul-core/src/main/java/com/netflix/zuul/message/http/Cookies.java
320	com.netflix.zuul.FilterFileManager	FilterFileManager(com.netflix.zuul.FilterFileManager.FilterFileManagerConfig,com.netflix.zuul.FilterLoader)	0	2	[false, false]	false	public	false	file:///Users/nima/Developer/NullAwayFixer/Projects/zuul/zuul-core/src/main/java/com/netflix/zuul/FilterFileManager.java
321	com.netflix.zuul.FilterFileManager	init()	0	0	[]	false	public	false	file:///Users/nima/Developer/NullAwayFixer/Projects/zuul/zuul-core/src/main/java/com/netflix/zuul/FilterFileManager.java
322	com.netflix.zuul.FilterFileManager	shutdown()	0	0	[]	false	public	false	file:///Users/nima/Developer/NullAwayFixer/Projects/zuul/zuul-core/src/main/java/com/netflix/zuul/FilterFileManager.java
323	com.netflix.zuul.FilterFileManager	stopPoller()	0	0	[]	false	package	false	file:///Users/nima/Developer/NullAwayFixer/Projects/zuul/zuul-core/src/main/java/com/netflix/zuul/FilterFileManager.java
324	com.netflix.zuul.FilterFileManager	startPoller()	0	0	[]	false	package	false	file:///Users/nima/Developer/NullAwayFixer/Projects/zuul/zuul-core/src/main/java/com/netflix/zuul/FilterFileManager.java
325	com.netflix.zuul.FilterFileManager$1	run()	326	0	[]	false	public	false	file:///Users/nima/Developer/NullAwayFixer/Projects/zuul/zuul-core/src/main/java/com/netflix/zuul/FilterFileManager.java
327	com.netflix.zuul.FilterFileManager	getDirectory(java.lang.String)	0	1	[false]	false	public	true	file:///Users/nima/Developer/NullAwayFixer/Projects/zuul/zuul-core/src/main/java/com/netflix/zuul/FilterFileManager.java
328	com.netflix.zuul.FilterFileManager	getFiles()	0	0	[]	false	package	true	file:///Users/nima/Developer/NullAwayFixer/Projects/zuul/zuul-core/src/main/java/com/netflix/zuul/FilterFileManager.java
329	com.netflix.zuul.FilterFileManager	processGroovyFiles(java.util.List<java.io.File>)	0	1	[false]	false	package	false	file:///Users/nima/Developer/NullAwayFixer/Projects/zuul/zuul-core/src/main/java/com/netflix/zuul/FilterFileManager.java
330	com.netflix.zuul.FilterFileManager	manageFiles()	0	0	[]	false	package	false	file:///Users/nima/Developer/NullAwayFixer/Projects/zuul/zuul-core/src/main/java/com/netflix/zuul/FilterFileManager.java
331	com.netflix.zuul.FilterFileManager$FilterFileManagerConfig	FilterFileManagerConfig(java.lang.String[],java.lang.String[],int,java.io.FilenameFilter)	0	4	[false, false, false, false]	false	public	false	file:///Users/nima/Developer/NullAwayFixer/Projects/zuul/zuul-core/src/main/java/com/netflix/zuul/FilterFileManager.java
332	com.netflix.zuul.FilterFileManager$FilterFileManagerConfig	getDirectories()	0	0	[]	false	public	true	file:///Users/nima/Developer/NullAwayFixer/Projects/zuul/zuul-core/src/main/java/com/netflix/zuul/FilterFileManager.java
333	com.netflix.zuul.FilterFileManager$FilterFileManagerConfig	getClassNames()	0	0	[]	false	public	true	file:///Users/nima/Developer/NullAwayFixer/Projects/zuul/zuul-core/src/main/java/com/netflix/zuul/FilterFileManager.java
334	com.netflix.zuul.FilterFileManager$FilterFileManagerConfig	getPollingIntervalSeconds()	0	0	[]	false	public	false	file:///Users/nima/Developer/NullAwayFixer/Projects/zuul/zuul-core/src/main/java/com/netflix/zuul/FilterFileManager.java
335	com.netflix.zuul.FilterFileManager$FilterFileManagerConfig	getFilenameFilter()	0	0	[]	false	public	true	file:///Users/nima/Developer/NullAwayFixer/Projects/zuul/zuul-core/src/main/java/com/netflix/zuul/FilterFileManager.java
336	com.netflix.zuul.FilterLoader	putFilter(java.io.File)	0	1	[false]	false	public	false	file:///Users/nima/Developer/NullAwayFixer/Projects/zuul/zuul-core/src/main/java/com/netflix/zuul/FilterLoader.java
337	com.netflix.zuul.FilterLoader	putFiltersForClasses(java.lang.String[])	0	1	[false]	false	public	true	file:///Users/nima/Developer/NullAwayFixer/Projects/zuul/zuul-core/src/main/java/com/netflix/zuul/FilterLoader.java
338	com.netflix.zuul.FilterLoader	putFilterForClassName(java.lang.String)	0	1	[false]	false	public	true	file:///Users/nima/Developer/NullAwayFixer/Projects/zuul/zuul-core/src/main/java/com/netflix/zuul/FilterLoader.java
339	com.netflix.zuul.FilterLoader	getFiltersByType(com.netflix.zuul.filters.FilterType)	0	1	[false]	false	public	true	file:///Users/nima/Developer/NullAwayFixer/Projects/zuul/zuul-core/src/main/java/com/netflix/zuul/FilterLoader.java
340	com.netflix.zuul.FilterLoader	getFilterByNameAndType(java.lang.String,com.netflix.zuul.filters.FilterType)	0	2	[false, false]	false	public	true	file:///Users/nima/Developer/NullAwayFixer/Projects/zuul/zuul-core/src/main/java/com/netflix/zuul/FilterLoader.java
341	com.netflix.zuul.filters.BaseSyncFilter	applyAsync(I)	228	1	[false]	false	public	true	file:///Users/nima/Developer/NullAwayFixer/Projects/zuul/zuul-core/src/main/java/com/netflix/zuul/filters/BaseSyncFilter.java
342	com.netflix.zuul.filters.BaseSyncFilter	getSyncType()	343	0	[]	false	public	true	file:///Users/nima/Developer/NullAwayFixer/Projects/zuul/zuul-core/src/main/java/com/netflix/zuul/filters/BaseSyncFilter.java
344	com.netflix.zuul.filters.BaseFilter	BaseFilter()	0	0	[]	false	protected	false	file:///Users/nima/Developer/NullAwayFixer/Projects/zuul/zuul-core/src/main/java/com/netflix/zuul/filters/BaseFilter.java
345	com.netflix.zuul.filters.BaseFilter	filterName()	222	0	[]	false	public	true	file:///Users/nima/Developer/NullAwayFixer/Projects/zuul/zuul-core/src/main/java/com/netflix/zuul/filters/BaseFilter.java
346	com.netflix.zuul.filters.BaseFilter	overrideStopFilterProcessing()	226	0	[]	false	public	false	file:///Users/nima/Developer/NullAwayFixer/Projects/zuul/zuul-core/src/main/java/com/netflix/zuul/filters/BaseFilter.java
347	com.netflix.zuul.filters.BaseFilter	disablePropertyName()	0	0	[]	false	public	true	file:///Users/nima/Developer/NullAwayFixer/Projects/zuul/zuul-core/src/main/java/com/netflix/zuul/filters/BaseFilter.java
348	com.netflix.zuul.filters.BaseFilter	maxConcurrencyPropertyName()	0	0	[]	false	public	true	file:///Users/nima/Developer/NullAwayFixer/Projects/zuul/zuul-core/src/main/java/com/netflix/zuul/filters/BaseFilter.java
349	com.netflix.zuul.filters.BaseFilter	isDisabled()	221	0	[]	false	public	false	file:///Users/nima/Developer/NullAwayFixer/Projects/zuul/zuul-core/src/main/java/com/netflix/zuul/filters/BaseFilter.java
350	com.netflix.zuul.filters.BaseFilter	getDefaultOutput(I)	231	1	[false]	false	public	true	file:///Users/nima/Developer/NullAwayFixer/Projects/zuul/zuul-core/src/main/java/com/netflix/zuul/filters/BaseFilter.java
343	com.netflix.zuul.filters.BaseFilter	getSyncType()	230	0	[]	false	public	true	file:///Users/nima/Developer/NullAwayFixer/Projects/zuul/zuul-core/src/main/java/com/netflix/zuul/filters/BaseFilter.java
351	com.netflix.zuul.filters.BaseFilter	toString()	94	0	[]	false	public	true	file:///Users/nima/Developer/NullAwayFixer/Projects/zuul/zuul-core/src/main/java/com/netflix/zuul/filters/BaseFilter.java
352	com.netflix.zuul.filters.BaseFilter	needsBodyBuffered(I)	232	1	[false]	false	public	false	file:///Users/nima/Developer/NullAwayFixer/Projects/zuul/zuul-core/src/main/java/com/netflix/zuul/filters/BaseFilter.java
353	com.netflix.zuul.filters.BaseFilter	processContentChunk(com.netflix.zuul.message.ZuulMessage,io.netty.handler.codec.http.HttpContent)	233	2	[false, false]	false	public	true	file:///Users/nima/Developer/NullAwayFixer/Projects/zuul/zuul-core/src/main/java/com/netflix/zuul/filters/BaseFilter.java
354	com.netflix.zuul.filters.BaseFilter	incrementConcurrency()	227	0	[]	false	public	false	file:///Users/nima/Developer/NullAwayFixer/Projects/zuul/zuul-core/src/main/java/com/netflix/zuul/filters/BaseFilter.java
355	com.netflix.zuul.filters.BaseFilter	decrementConcurrency()	229	0	[]	false	public	false	file:///Users/nima/Developer/NullAwayFixer/Projects/zuul/zuul-core/src/main/java/com/netflix/zuul/filters/BaseFilter.java
356	com.netflix.zuul.filters.SyncZuulFilter	apply(I)	0	1	[false]	false	public	true	file:///Users/nima/Developer/NullAwayFixer/Projects/zuul/zuul-core/src/main/java/com/netflix/zuul/filters/SyncZuulFilter.java
357	com.netflix.zuul.filters.passport.OutboundPassportStampingFilter	OutboundPassportStampingFilter(com.netflix.zuul.passport.PassportState)	0	1	[false]	false	public	false	file:///Users/nima/Developer/NullAwayFixer/Projects/zuul/zuul-core/src/main/java/com/netflix/zuul/filters/passport/OutboundPassportStampingFilter.java
358	com.netflix.zuul.filters.passport.OutboundPassportStampingFilter	filterType()	359	0	[]	false	public	true	file:///Users/nima/Developer/NullAwayFixer/Projects/zuul/zuul-core/src/main/java/com/netflix/zuul/filters/passport/OutboundPassportStampingFilter.java
360	com.netflix.zuul.filters.passport.PassportStampingFilter	PassportStampingFilter(com.netflix.zuul.passport.PassportState)	0	1	[false]	false	public	false	file:///Users/nima/Developer/NullAwayFixer/Projects/zuul/zuul-core/src/main/java/com/netflix/zuul/filters/passport/PassportStampingFilter.java
361	com.netflix.zuul.filters.passport.PassportStampingFilter	filterName()	222	0	[]	false	public	true	file:///Users/nima/Developer/NullAwayFixer/Projects/zuul/zuul-core/src/main/java/com/netflix/zuul/filters/passport/PassportStampingFilter.java
362	com.netflix.zuul.filters.passport.PassportStampingFilter	getDefaultOutput(T)	231	1	[false]	false	public	true	file:///Users/nima/Developer/NullAwayFixer/Projects/zuul/zuul-core/src/main/java/com/netflix/zuul/filters/passport/PassportStampingFilter.java
363	com.netflix.zuul.filters.passport.PassportStampingFilter	apply(T)	356	1	[false]	false	public	true	file:///Users/nima/Developer/NullAwayFixer/Projects/zuul/zuul-core/src/main/java/com/netflix/zuul/filters/passport/PassportStampingFilter.java
364	com.netflix.zuul.filters.SyncZuulFilterAdapter	isDisabled()	221	0	[]	false	public	false	file:///Users/nima/Developer/NullAwayFixer/Projects/zuul/zuul-core/src/main/java/com/netflix/zuul/filters/SyncZuulFilterAdapter.java
365	com.netflix.zuul.filters.SyncZuulFilterAdapter	shouldFilter(I)	234	1	[false]	false	public	false	file:///Users/nima/Developer/NullAwayFixer/Projects/zuul/zuul-core/src/main/java/com/netflix/zuul/filters/SyncZuulFilterAdapter.java
366	com.netflix.zuul.filters.SyncZuulFilterAdapter	filterOrder()	223	0	[]	false	public	false	file:///Users/nima/Developer/NullAwayFixer/Projects/zuul/zuul-core/src/main/java/com/netflix/zuul/filters/SyncZuulFilterAdapter.java
359	com.netflix.zuul.filters.SyncZuulFilterAdapter	filterType()	224	0	[]	false	public	true	file:///Users/nima/Developer/NullAwayFixer/Projects/zuul/zuul-core/src/main/java/com/netflix/zuul/filters/SyncZuulFilterAdapter.java
367	com.netflix.zuul.filters.SyncZuulFilterAdapter	overrideStopFilterProcessing()	226	0	[]	false	public	false	file:///Users/nima/Developer/NullAwayFixer/Projects/zuul/zuul-core/src/main/java/com/netflix/zuul/filters/SyncZuulFilterAdapter.java
368	com.netflix.zuul.filters.SyncZuulFilterAdapter	applyAsync(I)	228	1	[false]	false	public	true	file:///Users/nima/Developer/NullAwayFixer/Projects/zuul/zuul-core/src/main/java/com/netflix/zuul/filters/SyncZuulFilterAdapter.java
369	com.netflix.zuul.filters.SyncZuulFilterAdapter	getSyncType()	230	0	[]	false	public	true	file:///Users/nima/Developer/NullAwayFixer/Projects/zuul/zuul-core/src/main/java/com/netflix/zuul/filters/SyncZuulFilterAdapter.java
370	com.netflix.zuul.filters.SyncZuulFilterAdapter	needsBodyBuffered(I)	232	1	[false]	false	public	false	file:///Users/nima/Developer/NullAwayFixer/Projects/zuul/zuul-core/src/main/java/com/netflix/zuul/filters/SyncZuulFilterAdapter.java
371	com.netflix.zuul.filters.SyncZuulFilterAdapter	processContentChunk(com.netflix.zuul.message.ZuulMessage,io.netty.handler.codec.http.HttpContent)	233	2	[false, false]	false	public	true	file:///Users/nima/Developer/NullAwayFixer/Projects/zuul/zuul-core/src/main/java/com/netflix/zuul/filters/SyncZuulFilterAdapter.java
372	com.netflix.zuul.filters.SyncZuulFilterAdapter	incrementConcurrency()	227	0	[]	false	public	false	file:///Users/nima/Developer/NullAwayFixer/Projects/zuul/zuul-core/src/main/java/com/netflix/zuul/filters/SyncZuulFilterAdapter.java
373	com.netflix.zuul.filters.SyncZuulFilterAdapter	decrementConcurrency()	229	0	[]	false	public	false	file:///Users/nima/Developer/NullAwayFixer/Projects/zuul/zuul-core/src/main/java/com/netflix/zuul/filters/SyncZuulFilterAdapter.java
374	com.netflix.zuul.Filter	order()	0	0	[]	false	public	false	file:///Users/nima/Developer/NullAwayFixer/Projects/zuul/zuul-core/src/main/java/com/netflix/zuul/Filter.java
375	com.netflix.zuul.Filter	type()	0	0	[]	false	public	true	file:///Users/nima/Developer/NullAwayFixer/Projects/zuul/zuul-core/src/main/java/com/netflix/zuul/Filter.java
376	com.netflix.zuul.Filter	category()	0	0	[]	false	public	true	file:///Users/nima/Developer/NullAwayFixer/Projects/zuul/zuul-core/src/main/java/com/netflix/zuul/Filter.java
377	com.netflix.zuul.Filter	sync()	0	0	[]	false	public	true	file:///Users/nima/Developer/NullAwayFixer/Projects/zuul/zuul-core/src/main/java/com/netflix/zuul/Filter.java
378	com.netflix.zuul.Filter$FilterPackageName	value()	0	0	[]	false	public	true	file:///Users/nima/Developer/NullAwayFixer/Projects/zuul/zuul-core/src/main/java/com/netflix/zuul/Filter.java
379	com.netflix.zuul.Filter$ApplyAfter	value()	0	0	[]	false	public	true	file:///Users/nima/Developer/NullAwayFixer/Projects/zuul/zuul-core/src/main/java/com/netflix/zuul/Filter.java
380	com.netflix.zuul.Filter$ApplyBefore	value()	0	0	[]	false	public	true	file:///Users/nima/Developer/NullAwayFixer/Projects/zuul/zuul-core/src/main/java/com/netflix/zuul/Filter.java
381	com.netflix.zuul.filters.passport.InboundPassportStampingFilter	InboundPassportStampingFilter(com.netflix.zuul.passport.PassportState)	0	1	[false]	false	public	false	file:///Users/nima/Developer/NullAwayFixer/Projects/zuul/zuul-core/src/main/java/com/netflix/zuul/filters/passport/InboundPassportStampingFilter.java
382	com.netflix.zuul.filters.passport.InboundPassportStampingFilter	filterType()	359	0	[]	false	public	true	file:///Users/nima/Developer/NullAwayFixer/Projects/zuul/zuul-core/src/main/java/com/netflix/zuul/filters/passport/InboundPassportStampingFilter.java
383	com.netflix.zuul.filters.common.SurgicalDebugFilter	patternMatches(com.netflix.zuul.message.http.HttpRequestMessage)	0	1	[false]	false	protected	false	file:///Users/nima/Developer/NullAwayFixer/Projects/zuul/zuul-core/src/main/java/com/netflix/zuul/filters/common/SurgicalDebugFilter.java
384	com.netflix.zuul.filters.common.SurgicalDebugFilter	filterOrder()	223	0	[]	false	public	false	file:///Users/nima/Developer/NullAwayFixer/Projects/zuul/zuul-core/src/main/java/com/netflix/zuul/filters/common/SurgicalDebugFilter.java
385	com.netflix.zuul.filters.common.SurgicalDebugFilter	shouldFilter(com.netflix.zuul.message.http.HttpRequestMessage)	234	1	[false]	false	public	false	file:///Users/nima/Developer/NullAwayFixer/Projects/zuul/zuul-core/src/main/java/com/netflix/zuul/filters/common/SurgicalDebugFilter.java
386	com.netflix.zuul.filters.common.SurgicalDebugFilter	apply(com.netflix.zuul.message.http.HttpRequestMessage)	356	1	[false]	false	public	true	file:///Users/nima/Developer/NullAwayFixer/Projects/zuul/zuul-core/src/main/java/com/netflix/zuul/filters/common/SurgicalDebugFilter.java
387	com.netflix.zuul.filters.http.HttpInboundSyncFilter	filterType()	224	0	[]	false	public	true	file:///Users/nima/Developer/NullAwayFixer/Projects/zuul/zuul-core/src/main/java/com/netflix/zuul/filters/http/HttpInboundSyncFilter.java
388	com.netflix.zuul.filters.common.GZipResponseFilter	shouldFilter(com.netflix.zuul.message.http.HttpResponseMessage)	234	1	[false]	false	public	false	file:///Users/nima/Developer/NullAwayFixer/Projects/zuul/zuul-core/src/main/java/com/netflix/zuul/filters/common/GZipResponseFilter.java
389	com.netflix.zuul.filters.common.GZipResponseFilter	getGzipper()	0	0	[]	false	protected	true	file:///Users/nima/Developer/NullAwayFixer/Projects/zuul/zuul-core/src/main/java/com/netflix/zuul/filters/common/GZipResponseFilter.java
390	com.netflix.zuul.filters.common.GZipResponseFilter	isRightSizeForGzip(com.netflix.zuul.message.http.HttpResponseMessage)	0	1	[false]	false	package	false	file:///Users/nima/Developer/NullAwayFixer/Projects/zuul/zuul-core/src/main/java/com/netflix/zuul/filters/common/GZipResponseFilter.java
391	com.netflix.zuul.filters.common.GZipResponseFilter	apply(com.netflix.zuul.message.http.HttpResponseMessage)	356	1	[false]	false	public	true	file:///Users/nima/Developer/NullAwayFixer/Projects/zuul/zuul-core/src/main/java/com/netflix/zuul/filters/common/GZipResponseFilter.java
392	com.netflix.zuul.filters.common.GZipResponseFilter	isGzippableContentType(com.netflix.zuul.message.http.HttpResponseMessage)	0	1	[false]	false	private	false	file:///Users/nima/Developer/NullAwayFixer/Projects/zuul/zuul-core/src/main/java/com/netflix/zuul/filters/common/GZipResponseFilter.java
393	com.netflix.zuul.filters.common.GZipResponseFilter	processContentChunk(com.netflix.zuul.message.ZuulMessage,io.netty.handler.codec.http.HttpContent)	353	2	[false, false]	false	public	true	file:///Users/nima/Developer/NullAwayFixer/Projects/zuul/zuul-core/src/main/java/com/netflix/zuul/filters/common/GZipResponseFilter.java
394	com.netflix.zuul.filters.http.HttpOutboundSyncFilter	filterType()	224	0	[]	false	public	true	file:///Users/nima/Developer/NullAwayFixer/Projects/zuul/zuul-core/src/main/java/com/netflix/zuul/filters/http/HttpOutboundSyncFilter.java
395	com.netflix.zuul.util.Gzipper	Gzipper()	0	0	[]	false	public	false	file:///Users/nima/Developer/NullAwayFixer/Projects/zuul/zuul-core/src/main/java/com/netflix/zuul/util/Gzipper.java
396	com.netflix.zuul.util.Gzipper	write(io.netty.buffer.ByteBuf)	0	1	[false]	false	private	false	file:///Users/nima/Developer/NullAwayFixer/Projects/zuul/zuul-core/src/main/java/com/netflix/zuul/util/Gzipper.java
397	com.netflix.zuul.util.Gzipper	write(io.netty.handler.codec.http.HttpContent)	0	1	[false]	false	public	false	file:///Users/nima/Developer/NullAwayFixer/Projects/zuul/zuul-core/src/main/java/com/netflix/zuul/util/Gzipper.java
398	com.netflix.zuul.util.Gzipper	finish()	0	0	[]	false	public	false	file:///Users/nima/Developer/NullAwayFixer/Projects/zuul/zuul-core/src/main/java/com/netflix/zuul/util/Gzipper.java
399	com.netflix.zuul.util.Gzipper	getByteBuf()	0	0	[]	false	public	true	file:///Users/nima/Developer/NullAwayFixer/Projects/zuul/zuul-core/src/main/java/com/netflix/zuul/util/Gzipper.java
400	com.netflix.zuul.filters.FilterRegistry	get(java.lang.String)	0	1	[false]	true	public	true	file:///Users/nima/Developer/NullAwayFixer/Projects/zuul/zuul-core/src/main/java/com/netflix/zuul/filters/FilterRegistry.java
401	com.netflix.zuul.filters.FilterRegistry	size()	0	0	[]	false	public	false	file:///Users/nima/Developer/NullAwayFixer/Projects/zuul/zuul-core/src/main/java/com/netflix/zuul/filters/FilterRegistry.java
402	com.netflix.zuul.filters.FilterRegistry	getAllFilters()	0	0	[]	false	public	true	file:///Users/nima/Developer/NullAwayFixer/Projects/zuul/zuul-core/src/main/java/com/netflix/zuul/filters/FilterRegistry.java
403	com.netflix.zuul.filters.FilterRegistry	isMutable()	0	0	[]	false	public	false	file:///Users/nima/Developer/NullAwayFixer/Projects/zuul/zuul-core/src/main/java/com/netflix/zuul/filters/FilterRegistry.java
404	com.netflix.zuul.filters.FilterRegistry	remove(java.lang.String)	0	1	[false]	true	public	true	file:///Users/nima/Developer/NullAwayFixer/Projects/zuul/zuul-core/src/main/java/com/netflix/zuul/filters/FilterRegistry.java
405	com.netflix.zuul.filters.FilterRegistry	put(java.lang.String,com.netflix.zuul.filters.ZuulFilter<?,?>)	0	2	[false, false]	false	public	false	file:///Users/nima/Developer/NullAwayFixer/Projects/zuul/zuul-core/src/main/java/com/netflix/zuul/filters/FilterRegistry.java
406	com.netflix.zuul.filters.MutableFilterRegistry	remove(java.lang.String)	404	1	[false]	true	public	true	file:///Users/nima/Developer/NullAwayFixer/Projects/zuul/zuul-core/src/main/java/com/netflix/zuul/filters/MutableFilterRegistry.java
407	com.netflix.zuul.filters.MutableFilterRegistry	get(java.lang.String)	400	1	[false]	true	public	true	file:///Users/nima/Developer/NullAwayFixer/Projects/zuul/zuul-core/src/main/java/com/netflix/zuul/filters/MutableFilterRegistry.java
408	com.netflix.zuul.filters.MutableFilterRegistry	put(java.lang.String,com.netflix.zuul.filters.ZuulFilter<?,?>)	405	2	[false, false]	false	public	false	file:///Users/nima/Developer/NullAwayFixer/Projects/zuul/zuul-core/src/main/java/com/netflix/zuul/filters/MutableFilterRegistry.java
409	com.netflix.zuul.filters.MutableFilterRegistry	size()	401	0	[]	false	public	false	file:///Users/nima/Developer/NullAwayFixer/Projects/zuul/zuul-core/src/main/java/com/netflix/zuul/filters/MutableFilterRegistry.java
410	com.netflix.zuul.filters.MutableFilterRegistry	getAllFilters()	402	0	[]	false	public	true	file:///Users/nima/Developer/NullAwayFixer/Projects/zuul/zuul-core/src/main/java/com/netflix/zuul/filters/MutableFilterRegistry.java
411	com.netflix.zuul.filters.MutableFilterRegistry	isMutable()	403	0	[]	false	public	false	file:///Users/nima/Developer/NullAwayFixer/Projects/zuul/zuul-core/src/main/java/com/netflix/zuul/filters/MutableFilterRegistry.java
412	com.netflix.zuul.filters.http.HttpOutboundFilter	filterType()	224	0	[]	false	public	true	file:///Users/nima/Developer/NullAwayFixer/Projects/zuul/zuul-core/src/main/java/com/netflix/zuul/filters/http/HttpOutboundFilter.java
413	com.netflix.zuul.filters.http.HttpOutboundFilter	getDefaultOutput(com.netflix.zuul.message.http.HttpResponseMessage)	350	1	[false]	false	public	true	file:///Users/nima/Developer/NullAwayFixer/Projects/zuul/zuul-core/src/main/java/com/netflix/zuul/filters/http/HttpOutboundFilter.java
414	com.netflix.zuul.filters.http.HttpSyncEndpoint	getDefaultOutput(com.netflix.zuul.message.http.HttpRequestMessage)	350	1	[false]	false	public	true	file:///Users/nima/Developer/NullAwayFixer/Projects/zuul/zuul-core/src/main/java/com/netflix/zuul/filters/http/HttpSyncEndpoint.java
415	com.netflix.zuul.filters.http.HttpSyncEndpoint	applyAsync(com.netflix.zuul.message.http.HttpRequestMessage)	228	1	[false]	false	public	true	file:///Users/nima/Developer/NullAwayFixer/Projects/zuul/zuul-core/src/main/java/com/netflix/zuul/filters/http/HttpSyncEndpoint.java
416	com.netflix.zuul.filters.http.HttpSyncEndpoint	processContentChunk(com.netflix.zuul.message.ZuulMessage,io.netty.handler.codec.http.HttpContent)	353	2	[false, false]	false	public	true	file:///Users/nima/Developer/NullAwayFixer/Projects/zuul/zuul-core/src/main/java/com/netflix/zuul/filters/http/HttpSyncEndpoint.java
417	com.netflix.zuul.filters.http.HttpSyncEndpoint	incrementConcurrency()	354	0	[]	false	public	false	file:///Users/nima/Developer/NullAwayFixer/Projects/zuul/zuul-core/src/main/java/com/netflix/zuul/filters/http/HttpSyncEndpoint.java
418	com.netflix.zuul.filters.http.HttpSyncEndpoint	decrementConcurrency()	355	0	[]	false	public	false	file:///Users/nima/Developer/NullAwayFixer/Projects/zuul/zuul-core/src/main/java/com/netflix/zuul/filters/http/HttpSyncEndpoint.java
419	com.netflix.zuul.filters.http.HttpSyncEndpoint$ResponseState	ResponseState(com.netflix.zuul.message.ZuulMessage,rx.Subscriber)	0	2	[false, false]	false	public	false	file:///Users/nima/Developer/NullAwayFixer/Projects/zuul/zuul-core/src/main/java/com/netflix/zuul/filters/http/HttpSyncEndpoint.java
420	com.netflix.zuul.filters.Endpoint	filterOrder()	223	0	[]	false	public	false	file:///Users/nima/Developer/NullAwayFixer/Projects/zuul/zuul-core/src/main/java/com/netflix/zuul/filters/Endpoint.java
421	com.netflix.zuul.filters.Endpoint	filterType()	224	0	[]	false	public	true	file:///Users/nima/Developer/NullAwayFixer/Projects/zuul/zuul-core/src/main/java/com/netflix/zuul/filters/Endpoint.java
422	com.netflix.zuul.filters.Endpoint	shouldFilter(I)	234	1	[false]	false	public	false	file:///Users/nima/Developer/NullAwayFixer/Projects/zuul/zuul-core/src/main/java/com/netflix/zuul/filters/Endpoint.java
423	com.netflix.zuul.filters.http.HttpInboundFilter	filterType()	224	0	[]	false	public	true	file:///Users/nima/Developer/NullAwayFixer/Projects/zuul/zuul-core/src/main/java/com/netflix/zuul/filters/http/HttpInboundFilter.java
424	com.netflix.zuul.netty.server.BaseZuulChannelInitializer	BaseZuulChannelInitializer(java.lang.String,com.netflix.netty.common.channel.config.ChannelConfig,com.netflix.netty.common.channel.config.ChannelConfig,io.netty.channel.group.ChannelGroup)	0	4	[false, false, false, false]	false	protected	false	file:///Users/nima/Developer/NullAwayFixer/Projects/zuul/zuul-core/src/main/java/com/netflix/zuul/netty/server/BaseZuulChannelInitializer.java
425	com.netflix.zuul.netty.server.BaseZuulChannelInitializer	BaseZuulChannelInitializer(int,com.netflix.netty.common.channel.config.ChannelConfig,com.netflix.netty.common.channel.config.ChannelConfig,io.netty.channel.group.ChannelGroup)	0	4	[false, false, false, false]	false	protected	false	file:///Users/nima/Developer/NullAwayFixer/Projects/zuul/zuul-core/src/main/java/com/netflix/zuul/netty/server/BaseZuulChannelInitializer.java
426	com.netflix.zuul.netty.server.BaseZuulChannelInitializer	BaseZuulChannelInitializer(int,java.lang.String,com.netflix.netty.common.channel.config.ChannelConfig,com.netflix.netty.common.channel.config.ChannelConfig,io.netty.channel.group.ChannelGroup)	0	5	[false, false, false, false, false]	false	private	false	file:///Users/nima/Developer/NullAwayFixer/Projects/zuul/zuul-core/src/main/java/com/netflix/zuul/netty/server/BaseZuulChannelInitializer.java
427	com.netflix.zuul.netty.server.BaseZuulChannelInitializer	storeChannel(io.netty.channel.Channel)	0	1	[false]	false	protected	false	file:///Users/nima/Developer/NullAwayFixer/Projects/zuul/zuul-core/src/main/java/com/netflix/zuul/netty/server/BaseZuulChannelInitializer.java
428	com.netflix.zuul.netty.server.BaseZuulChannelInitializer	addPassportHandler(io.netty.channel.ChannelPipeline)	0	1	[false]	false	protected	false	file:///Users/nima/Developer/NullAwayFixer/Projects/zuul/zuul-core/src/main/java/com/netflix/zuul/netty/server/BaseZuulChannelInitializer.java
429	com.netflix.zuul.netty.server.BaseZuulChannelInitializer	addTcpRelatedHandlers(io.netty.channel.ChannelPipeline)	0	1	[false]	false	protected	false	file:///Users/nima/Developer/NullAwayFixer/Projects/zuul/zuul-core/src/main/java/com/netflix/zuul/netty/server/BaseZuulChannelInitializer.java
430	com.netflix.zuul.netty.server.BaseZuulChannelInitializer	addHttp1Handlers(io.netty.channel.ChannelPipeline)	0	1	[false]	false	protected	false	file:///Users/nima/Developer/NullAwayFixer/Projects/zuul/zuul-core/src/main/java/com/netflix/zuul/netty/server/BaseZuulChannelInitializer.java
431	com.netflix.zuul.netty.server.BaseZuulChannelInitializer	createHttpServerCodec()	0	0	[]	false	protected	true	file:///Users/nima/Developer/NullAwayFixer/Projects/zuul/zuul-core/src/main/java/com/netflix/zuul/netty/server/BaseZuulChannelInitializer.java
432	com.netflix.zuul.netty.server.BaseZuulChannelInitializer	addHttpRelatedHandlers(io.netty.channel.ChannelPipeline)	0	1	[false]	false	protected	false	file:///Users/nima/Developer/NullAwayFixer/Projects/zuul/zuul-core/src/main/java/com/netflix/zuul/netty/server/BaseZuulChannelInitializer.java
433	com.netflix.zuul.netty.server.BaseZuulChannelInitializer	addTimeoutHandlers(io.netty.channel.ChannelPipeline)	0	1	[false]	false	protected	false	file:///Users/nima/Developer/NullAwayFixer/Projects/zuul/zuul-core/src/main/java/com/netflix/zuul/netty/server/BaseZuulChannelInitializer.java
434	com.netflix.zuul.netty.server.BaseZuulChannelInitializer	addSslInfoHandlers(io.netty.channel.ChannelPipeline,boolean)	0	2	[false, false]	false	protected	false	file:///Users/nima/Developer/NullAwayFixer/Projects/zuul/zuul-core/src/main/java/com/netflix/zuul/netty/server/BaseZuulChannelInitializer.java
435	com.netflix.zuul.netty.server.BaseZuulChannelInitializer	addSslClientCertChecks(io.netty.channel.ChannelPipeline)	0	1	[false]	false	protected	false	file:///Users/nima/Developer/NullAwayFixer/Projects/zuul/zuul-core/src/main/java/com/netflix/zuul/netty/server/BaseZuulChannelInitializer.java
436	com.netflix.zuul.netty.server.BaseZuulChannelInitializer	addZuulHandlers(io.netty.channel.ChannelPipeline)	0	1	[false]	false	protected	false	file:///Users/nima/Developer/NullAwayFixer/Projects/zuul/zuul-core/src/main/java/com/netflix/zuul/netty/server/BaseZuulChannelInitializer.java
437	com.netflix.zuul.netty.server.BaseZuulChannelInitializer	addZuulFilterChainHandler(io.netty.channel.ChannelPipeline)	0	1	[false]	false	protected	false	file:///Users/nima/Developer/NullAwayFixer/Projects/zuul/zuul-core/src/main/java/com/netflix/zuul/netty/server/BaseZuulChannelInitializer.java
438	com.netflix.zuul.netty.server.BaseZuulChannelInitializer	getEndpointRunner(com.netflix.zuul.netty.filter.ZuulFilterChainRunner<com.netflix.zuul.message.http.HttpResponseMessage>,com.netflix.zuul.FilterUsageNotifier,com.netflix.zuul.FilterLoader)	0	3	[false, false, false]	false	protected	true	file:///Users/nima/Developer/NullAwayFixer/Projects/zuul/zuul-core/src/main/java/com/netflix/zuul/netty/server/BaseZuulChannelInitializer.java
439	com.netflix.zuul.netty.server.BaseZuulChannelInitializer	<T>getFilterChainRunner(com.netflix.zuul.filters.ZuulFilter<T,T>[],com.netflix.zuul.FilterUsageNotifier)	0	2	[false, false]	false	protected	true	file:///Users/nima/Developer/NullAwayFixer/Projects/zuul/zuul-core/src/main/java/com/netflix/zuul/netty/server/BaseZuulChannelInitializer.java
440	com.netflix.zuul.netty.server.BaseZuulChannelInitializer	<T,R>getFilterChainRunner(com.netflix.zuul.filters.ZuulFilter<T,T>[],com.netflix.zuul.FilterUsageNotifier,com.netflix.zuul.netty.filter.FilterRunner<T,R>)	0	3	[false, false, false]	false	protected	true	file:///Users/nima/Developer/NullAwayFixer/Projects/zuul/zuul-core/src/main/java/com/netflix/zuul/netty/server/BaseZuulChannelInitializer.java
441	com.netflix.zuul.netty.server.BaseZuulChannelInitializer	<T>getFilters(com.netflix.zuul.filters.ZuulFilter<T,T>,com.netflix.zuul.filters.ZuulFilter<T,T>)	0	2	[false, false]	false	public	true	file:///Users/nima/Developer/NullAwayFixer/Projects/zuul/zuul-core/src/main/java/com/netflix/zuul/netty/server/BaseZuulChannelInitializer.java
442	com.netflix.zuul.netty.connectionpool.DefaultOriginChannelInitializer	DefaultOriginChannelInitializer(com.netflix.zuul.netty.connectionpool.ConnectionPoolConfig,com.netflix.spectator.api.Registry)	0	2	[false, false]	false	public	false	file:///Users/nima/Developer/NullAwayFixer/Projects/zuul/zuul-core/src/main/java/com/netflix/zuul/netty/connectionpool/DefaultOriginChannelInitializer.java
443	com.netflix.zuul.netty.connectionpool.DefaultOriginChannelInitializer	initChannel(io.netty.channel.Channel)	444	1	[false]	false	protected	false	file:///Users/nima/Developer/NullAwayFixer/Projects/zuul/zuul-core/src/main/java/com/netflix/zuul/netty/connectionpool/DefaultOriginChannelInitializer.java
445	com.netflix.zuul.netty.connectionpool.DefaultOriginChannelInitializer	getClientSslContext(com.netflix.spectator.api.Registry)	0	1	[false]	false	protected	true	file:///Users/nima/Developer/NullAwayFixer/Projects/zuul/zuul-core/src/main/java/com/netflix/zuul/netty/connectionpool/DefaultOriginChannelInitializer.java
446	com.netflix.zuul.netty.connectionpool.DefaultOriginChannelInitializer	addMethodBindingHandler(io.netty.channel.ChannelPipeline)	0	1	[false]	false	protected	false	file:///Users/nima/Developer/NullAwayFixer/Projects/zuul/zuul-core/src/main/java/com/netflix/zuul/netty/connectionpool/DefaultOriginChannelInitializer.java
447	com.netflix.zuul.netty.connectionpool.DefaultOriginChannelInitializer	getHttpMetricsHandler()	448	0	[]	false	public	true	file:///Users/nima/Developer/NullAwayFixer/Projects/zuul/zuul-core/src/main/java/com/netflix/zuul/netty/connectionpool/DefaultOriginChannelInitializer.java
449	com.netflix.zuul.netty.server.http2.Http2OrHttpHandler	Http2OrHttpHandler(io.netty.channel.ChannelHandler,com.netflix.netty.common.channel.config.ChannelConfig,java.util.function.Consumer<io.netty.channel.ChannelPipeline>)	0	3	[false, false, false]	false	public	false	file:///Users/nima/Developer/NullAwayFixer/Projects/zuul/zuul-core/src/main/java/com/netflix/zuul/netty/server/http2/Http2OrHttpHandler.java
450	com.netflix.zuul.netty.server.http2.Http2OrHttpHandler	configurePipeline(io.netty.channel.ChannelHandlerContext,java.lang.String)	451	2	[false, false]	false	protected	false	file:///Users/nima/Developer/NullAwayFixer/Projects/zuul/zuul-core/src/main/java/com/netflix/zuul/netty/server/http2/Http2OrHttpHandler.java
452	com.netflix.zuul.netty.server.http2.Http2OrHttpHandler	configureHttp2(io.netty.channel.ChannelPipeline)	0	1	[false]	false	private	false	file:///Users/nima/Developer/NullAwayFixer/Projects/zuul/zuul-core/src/main/java/com/netflix/zuul/netty/server/http2/Http2OrHttpHandler.java
453	com.netflix.zuul.netty.server.http2.Http2OrHttpHandler	configureHttp1(io.netty.channel.ChannelPipeline)	0	1	[false]	false	private	false	file:///Users/nima/Developer/NullAwayFixer/Projects/zuul/zuul-core/src/main/java/com/netflix/zuul/netty/server/http2/Http2OrHttpHandler.java
454	com.netflix.zuul.netty.server.ClientRequestReceiver	ClientRequestReceiver(com.netflix.zuul.context.SessionContextDecorator)	0	1	[false]	false	public	false	file:///Users/nima/Developer/NullAwayFixer/Projects/zuul/zuul-core/src/main/java/com/netflix/zuul/netty/server/ClientRequestReceiver.java
455	com.netflix.zuul.netty.server.ClientRequestReceiver	getRequestFromChannel(io.netty.channel.Channel)	0	1	[false]	false	public	true	file:///Users/nima/Developer/NullAwayFixer/Projects/zuul/zuul-core/src/main/java/com/netflix/zuul/netty/server/ClientRequestReceiver.java
456	com.netflix.zuul.netty.server.ClientRequestReceiver	getResponseFromChannel(io.netty.channel.Channel)	0	1	[false]	false	public	true	file:///Users/nima/Developer/NullAwayFixer/Projects/zuul/zuul-core/src/main/java/com/netflix/zuul/netty/server/ClientRequestReceiver.java
457	com.netflix.zuul.netty.server.ClientRequestReceiver	isLastContentReceivedForChannel(io.netty.channel.Channel)	0	1	[false]	false	public	false	file:///Users/nima/Developer/NullAwayFixer/Projects/zuul/zuul-core/src/main/java/com/netflix/zuul/netty/server/ClientRequestReceiver.java
458	com.netflix.zuul.netty.server.ClientRequestReceiver	channelRead(io.netty.channel.ChannelHandlerContext,java.lang.Object)	12	2	[false, false]	false	public	false	file:///Users/nima/Developer/NullAwayFixer/Projects/zuul/zuul-core/src/main/java/com/netflix/zuul/netty/server/ClientRequestReceiver.java
459	com.netflix.zuul.netty.server.ClientRequestReceiver	channelReadInternal(io.netty.channel.ChannelHandlerContext,java.lang.Object)	0	2	[false, false]	false	private	false	file:///Users/nima/Developer/NullAwayFixer/Projects/zuul/zuul-core/src/main/java/com/netflix/zuul/netty/server/ClientRequestReceiver.java
460	com.netflix.zuul.netty.server.ClientRequestReceiver	userEventTriggered(io.netty.channel.ChannelHandlerContext,java.lang.Object)	44	2	[false, false]	false	public	false	file:///Users/nima/Developer/NullAwayFixer/Projects/zuul/zuul-core/src/main/java/com/netflix/zuul/netty/server/ClientRequestReceiver.java
461	com.netflix.zuul.netty.server.ClientRequestReceiver	dumpDebugInfo(java.util.List<java.lang.String>)	0	1	[false]	false	private	false	file:///Users/nima/Developer/NullAwayFixer/Projects/zuul/zuul-core/src/main/java/com/netflix/zuul/netty/server/ClientRequestReceiver.java
462	com.netflix.zuul.netty.server.ClientRequestReceiver	handleExpect100Continue(io.netty.channel.ChannelHandlerContext,io.netty.handler.codec.http.HttpRequest)	0	2	[false, false]	false	private	false	file:///Users/nima/Developer/NullAwayFixer/Projects/zuul/zuul-core/src/main/java/com/netflix/zuul/netty/server/ClientRequestReceiver.java
463	com.netflix.zuul.netty.server.ClientRequestReceiver	buildZuulHttpRequest(io.netty.handler.codec.http.HttpRequest,io.netty.channel.ChannelHandlerContext)	0	2	[false, false]	false	private	true	file:///Users/nima/Developer/NullAwayFixer/Projects/zuul/zuul-core/src/main/java/com/netflix/zuul/netty/server/ClientRequestReceiver.java
464	com.netflix.zuul.netty.server.ClientRequestReceiver	parsePath(java.lang.String)	0	1	[false]	false	private	true	file:///Users/nima/Developer/NullAwayFixer/Projects/zuul/zuul-core/src/main/java/com/netflix/zuul/netty/server/ClientRequestReceiver.java
465	com.netflix.zuul.netty.server.ClientRequestReceiver	copyHeaders(io.netty.handler.codec.http.HttpRequest)	0	1	[false]	false	private	true	file:///Users/nima/Developer/NullAwayFixer/Projects/zuul/zuul-core/src/main/java/com/netflix/zuul/netty/server/ClientRequestReceiver.java
466	com.netflix.zuul.netty.server.ClientRequestReceiver	copyQueryParams(io.netty.handler.codec.http.HttpRequest)	0	1	[false]	false	public	true	file:///Users/nima/Developer/NullAwayFixer/Projects/zuul/zuul-core/src/main/java/com/netflix/zuul/netty/server/ClientRequestReceiver.java
467	com.netflix.zuul.netty.server.ClientRequestReceiver	write(io.netty.channel.ChannelHandlerContext,java.lang.Object,io.netty.channel.ChannelPromise)	63	3	[false, false, false]	false	public	false	file:///Users/nima/Developer/NullAwayFixer/Projects/zuul/zuul-core/src/main/java/com/netflix/zuul/netty/server/ClientRequestReceiver.java
468	com.netflix.zuul.netty.server.ClientRequestReceiver	fireWriteError(java.lang.String,java.lang.Throwable,io.netty.channel.ChannelHandlerContext)	0	3	[false, false, false]	false	private	false	file:///Users/nima/Developer/NullAwayFixer/Projects/zuul/zuul-core/src/main/java/com/netflix/zuul/netty/server/ClientRequestReceiver.java
469	com.netflix.zuul.filters.endpoint.ProxyEndpoint	ProxyEndpoint(com.netflix.zuul.message.http.HttpRequestMessage,io.netty.channel.ChannelHandlerContext,com.netflix.zuul.netty.filter.FilterRunner<com.netflix.zuul.message.http.HttpResponseMessage,?>,com.netflix.zuul.netty.server.MethodBinding<?>)	0	4	[false, false, false, false]	false	public	false	file:///Users/nima/Developer/NullAwayFixer/Projects/zuul/zuul-core/src/main/java/com/netflix/zuul/filters/endpoint/ProxyEndpoint.java
470	com.netflix.zuul.filters.endpoint.ProxyEndpoint	ProxyEndpoint(com.netflix.zuul.message.http.HttpRequestMessage,io.netty.channel.ChannelHandlerContext,com.netflix.zuul.netty.filter.FilterRunner<com.netflix.zuul.message.http.HttpResponseMessage,?>,com.netflix.zuul.netty.server.MethodBinding<?>,com.netflix.zuul.netty.NettyRequestAttemptFactory)	0	5	[false, false, false, false, false]	false	public	false	file:///Users/nima/Developer/NullAwayFixer/Projects/zuul/zuul-core/src/main/java/com/netflix/zuul/filters/endpoint/ProxyEndpoint.java
471	com.netflix.zuul.filters.endpoint.ProxyEndpoint	getAttemptNum()	0	0	[]	false	public	false	file:///Users/nima/Developer/NullAwayFixer/Projects/zuul/zuul-core/src/main/java/com/netflix/zuul/filters/endpoint/ProxyEndpoint.java
472	com.netflix.zuul.filters.endpoint.ProxyEndpoint	getRequestAttempts()	0	0	[]	false	public	true	file:///Users/nima/Developer/NullAwayFixer/Projects/zuul/zuul-core/src/main/java/com/netflix/zuul/filters/endpoint/ProxyEndpoint.java
473	com.netflix.zuul.filters.endpoint.ProxyEndpoint	getCurrentRequestAttempt()	0	0	[]	false	protected	true	file:///Users/nima/Developer/NullAwayFixer/Projects/zuul/zuul-core/src/main/java/com/netflix/zuul/filters/endpoint/ProxyEndpoint.java
474	com.netflix.zuul.filters.endpoint.ProxyEndpoint	getPassport()	0	0	[]	false	public	true	file:///Users/nima/Developer/NullAwayFixer/Projects/zuul/zuul-core/src/main/java/com/netflix/zuul/filters/endpoint/ProxyEndpoint.java
475	com.netflix.zuul.filters.endpoint.ProxyEndpoint	getOrigin()	0	0	[]	false	public	true	file:///Users/nima/Developer/NullAwayFixer/Projects/zuul/zuul-core/src/main/java/com/netflix/zuul/filters/endpoint/ProxyEndpoint.java
476	com.netflix.zuul.filters.endpoint.ProxyEndpoint	getZuulRequest()	0	0	[]	false	public	true	file:///Users/nima/Developer/NullAwayFixer/Projects/zuul/zuul-core/src/main/java/com/netflix/zuul/filters/endpoint/ProxyEndpoint.java
477	com.netflix.zuul.filters.endpoint.ProxyEndpoint	unlinkFromOrigin()	0	0	[]	false	private	true	file:///Users/nima/Developer/NullAwayFixer/Projects/zuul/zuul-core/src/main/java/com/netflix/zuul/filters/endpoint/ProxyEndpoint.java
478	com.netflix.zuul.filters.endpoint.ProxyEndpoint	finish(boolean)	0	1	[false]	false	public	false	file:///Users/nima/Developer/NullAwayFixer/Projects/zuul/zuul-core/src/main/java/com/netflix/zuul/filters/endpoint/ProxyEndpoint.java
479	com.netflix.zuul.filters.endpoint.ProxyEndpoint	filterName()	222	0	[]	false	public	true	file:///Users/nima/Developer/NullAwayFixer/Projects/zuul/zuul-core/src/main/java/com/netflix/zuul/filters/endpoint/ProxyEndpoint.java
480	com.netflix.zuul.filters.endpoint.ProxyEndpoint	apply(com.netflix.zuul.message.http.HttpRequestMessage)	356	1	[false]	false	public	true	file:///Users/nima/Developer/NullAwayFixer/Projects/zuul/zuul-core/src/main/java/com/netflix/zuul/filters/endpoint/ProxyEndpoint.java
481	com.netflix.zuul.filters.endpoint.ProxyEndpoint	processContentChunk(com.netflix.zuul.message.ZuulMessage,io.netty.handler.codec.http.HttpContent)	371	2	[false, false]	false	public	true	file:///Users/nima/Developer/NullAwayFixer/Projects/zuul/zuul-core/src/main/java/com/netflix/zuul/filters/endpoint/ProxyEndpoint.java
482	com.netflix.zuul.filters.endpoint.ProxyEndpoint	getDefaultOutput(com.netflix.zuul.message.http.HttpRequestMessage)	231	1	[false]	false	public	true	file:///Users/nima/Developer/NullAwayFixer/Projects/zuul/zuul-core/src/main/java/com/netflix/zuul/filters/endpoint/ProxyEndpoint.java
483	com.netflix.zuul.filters.endpoint.ProxyEndpoint	invokeNext(com.netflix.zuul.message.http.HttpResponseMessage)	0	1	[false]	false	public	false	file:///Users/nima/Developer/NullAwayFixer/Projects/zuul/zuul-core/src/main/java/com/netflix/zuul/filters/endpoint/ProxyEndpoint.java
484	com.netflix.zuul.filters.endpoint.ProxyEndpoint	filterResponse(com.netflix.zuul.message.http.HttpResponseMessage)	0	1	[false]	false	private	false	file:///Users/nima/Developer/NullAwayFixer/Projects/zuul/zuul-core/src/main/java/com/netflix/zuul/filters/endpoint/ProxyEndpoint.java
485	com.netflix.zuul.filters.endpoint.ProxyEndpoint	invokeNext(io.netty.handler.codec.http.HttpContent)	0	1	[false]	false	public	false	file:///Users/nima/Developer/NullAwayFixer/Projects/zuul/zuul-core/src/main/java/com/netflix/zuul/filters/endpoint/ProxyEndpoint.java
486	com.netflix.zuul.filters.endpoint.ProxyEndpoint	filterResponseChunk(io.netty.handler.codec.http.HttpContent)	0	1	[false]	false	private	false	file:///Users/nima/Developer/NullAwayFixer/Projects/zuul/zuul-core/src/main/java/com/netflix/zuul/filters/endpoint/ProxyEndpoint.java
487	com.netflix.zuul.filters.endpoint.ProxyEndpoint	storeAndLogOriginRequestInfo()	0	0	[]	false	private	false	file:///Users/nima/Developer/NullAwayFixer/Projects/zuul/zuul-core/src/main/java/com/netflix/zuul/filters/endpoint/ProxyEndpoint.java
488	com.netflix.zuul.filters.endpoint.ProxyEndpoint	updateOriginRpsTrackers(com.netflix.zuul.origins.NettyOrigin,int)	0	2	[false, false]	false	protected	false	file:///Users/nima/Developer/NullAwayFixer/Projects/zuul/zuul-core/src/main/java/com/netflix/zuul/filters/endpoint/ProxyEndpoint.java
489	com.netflix.zuul.filters.endpoint.ProxyEndpoint	proxyRequestToOrigin()	0	0	[]	false	private	false	file:///Users/nima/Developer/NullAwayFixer/Projects/zuul/zuul-core/src/main/java/com/netflix/zuul/filters/endpoint/ProxyEndpoint.java
490	com.netflix.zuul.filters.endpoint.ProxyEndpoint	createRequestStat()	0	0	[]	false	protected	true	file:///Users/nima/Developer/NullAwayFixer/Projects/zuul/zuul-core/src/main/java/com/netflix/zuul/filters/endpoint/ProxyEndpoint.java
491	com.netflix.zuul.filters.endpoint.ProxyEndpoint	operationComplete(io.netty.util.concurrent.Future<com.netflix.zuul.netty.connectionpool.PooledConnection>)	492	1	[false]	false	public	false	file:///Users/nima/Developer/NullAwayFixer/Projects/zuul/zuul-core/src/main/java/com/netflix/zuul/filters/endpoint/ProxyEndpoint.java
493	com.netflix.zuul.filters.endpoint.ProxyEndpoint	onOriginConnectSucceeded(com.netflix.zuul.netty.connectionpool.PooledConnection,java.time.Duration)	0	2	[false, false]	false	private	false	file:///Users/nima/Developer/NullAwayFixer/Projects/zuul/zuul-core/src/main/java/com/netflix/zuul/filters/endpoint/ProxyEndpoint.java
494	com.netflix.zuul.filters.endpoint.ProxyEndpoint	onOriginConnectFailed(java.lang.Throwable)	0	1	[false]	false	private	false	file:///Users/nima/Developer/NullAwayFixer/Projects/zuul/zuul-core/src/main/java/com/netflix/zuul/filters/endpoint/ProxyEndpoint.java
495	com.netflix.zuul.filters.endpoint.ProxyEndpoint	writeClientRequestToOrigin(com.netflix.zuul.netty.connectionpool.PooledConnection,java.time.Duration)	0	2	[false, false]	false	private	false	file:///Users/nima/Developer/NullAwayFixer/Projects/zuul/zuul-core/src/main/java/com/netflix/zuul/filters/endpoint/ProxyEndpoint.java
496	com.netflix.zuul.filters.endpoint.ProxyEndpoint	getOriginResponseReceiver()	0	0	[]	false	protected	true	file:///Users/nima/Developer/NullAwayFixer/Projects/zuul/zuul-core/src/main/java/com/netflix/zuul/filters/endpoint/ProxyEndpoint.java
497	com.netflix.zuul.filters.endpoint.ProxyEndpoint	preWriteToOrigin(com.netflix.zuul.discovery.DiscoveryResult,com.netflix.zuul.message.http.HttpRequestMessage)	0	2	[false, false]	false	protected	false	file:///Users/nima/Developer/NullAwayFixer/Projects/zuul/zuul-core/src/main/java/com/netflix/zuul/filters/endpoint/ProxyEndpoint.java
498	com.netflix.zuul.filters.endpoint.ProxyEndpoint	writeBufferedBodyContent(com.netflix.zuul.message.http.HttpRequestMessage,io.netty.channel.Channel)	0	2	[false, false]	false	private	false	file:///Users/nima/Developer/NullAwayFixer/Projects/zuul/zuul-core/src/main/java/com/netflix/zuul/filters/endpoint/ProxyEndpoint.java
499	com.netflix.zuul.filters.endpoint.ProxyEndpoint	isRemoteZuulRetriesBelowRetryLimit(int)	0	1	[false]	false	protected	false	file:///Users/nima/Developer/NullAwayFixer/Projects/zuul/zuul-core/src/main/java/com/netflix/zuul/filters/endpoint/ProxyEndpoint.java
500	com.netflix.zuul.filters.endpoint.ProxyEndpoint	isBelowRetryLimit()	0	0	[]	false	protected	false	file:///Users/nima/Developer/NullAwayFixer/Projects/zuul/zuul-core/src/main/java/com/netflix/zuul/filters/endpoint/ProxyEndpoint.java
501	com.netflix.zuul.filters.endpoint.ProxyEndpoint	errorFromOrigin(java.lang.Throwable)	0	1	[false]	false	public	false	file:///Users/nima/Developer/NullAwayFixer/Projects/zuul/zuul-core/src/main/java/com/netflix/zuul/filters/endpoint/ProxyEndpoint.java
502	com.netflix.zuul.filters.endpoint.ProxyEndpoint	processErrorFromOrigin(java.lang.Throwable,io.netty.channel.Channel)	0	2	[false, false]	false	private	false	file:///Users/nima/Developer/NullAwayFixer/Projects/zuul/zuul-core/src/main/java/com/netflix/zuul/filters/endpoint/ProxyEndpoint.java
503	com.netflix.zuul.filters.endpoint.ProxyEndpoint	postErrorProcessing(java.lang.Throwable,com.netflix.zuul.context.SessionContext,com.netflix.zuul.exception.ErrorType,com.netflix.zuul.discovery.DiscoveryResult,int)	0	5	[false, false, false, false, false]	false	protected	false	file:///Users/nima/Developer/NullAwayFixer/Projects/zuul/zuul-core/src/main/java/com/netflix/zuul/filters/endpoint/ProxyEndpoint.java
504	com.netflix.zuul.filters.endpoint.ProxyEndpoint	handleError(java.lang.Throwable)	0	1	[false]	false	private	false	file:///Users/nima/Developer/NullAwayFixer/Projects/zuul/zuul-core/src/main/java/com/netflix/zuul/filters/endpoint/ProxyEndpoint.java
505	com.netflix.zuul.filters.endpoint.ProxyEndpoint	handleNoOriginSelected()	0	0	[]	false	private	false	file:///Users/nima/Developer/NullAwayFixer/Projects/zuul/zuul-core/src/main/java/com/netflix/zuul/filters/endpoint/ProxyEndpoint.java
506	com.netflix.zuul.filters.endpoint.ProxyEndpoint	isRetryable(com.netflix.zuul.exception.ErrorType)	0	1	[false]	false	protected	false	file:///Users/nima/Developer/NullAwayFixer/Projects/zuul/zuul-core/src/main/java/com/netflix/zuul/filters/endpoint/ProxyEndpoint.java
507	com.netflix.zuul.filters.endpoint.ProxyEndpoint	isRequestReplayable()	0	0	[]	false	protected	false	file:///Users/nima/Developer/NullAwayFixer/Projects/zuul/zuul-core/src/main/java/com/netflix/zuul/filters/endpoint/ProxyEndpoint.java
508	com.netflix.zuul.filters.endpoint.ProxyEndpoint	responseFromOrigin(io.netty.handler.codec.http.HttpResponse)	0	1	[false]	false	public	false	file:///Users/nima/Developer/NullAwayFixer/Projects/zuul/zuul-core/src/main/java/com/netflix/zuul/filters/endpoint/ProxyEndpoint.java
509	com.netflix.zuul.filters.endpoint.ProxyEndpoint	processResponseFromOrigin(io.netty.handler.codec.http.HttpResponse)	0	1	[false]	false	private	false	file:///Users/nima/Developer/NullAwayFixer/Projects/zuul/zuul-core/src/main/java/com/netflix/zuul/filters/endpoint/ProxyEndpoint.java
510	com.netflix.zuul.filters.endpoint.ProxyEndpoint	handleOriginSuccessResponse(io.netty.handler.codec.http.HttpResponse,com.netflix.zuul.discovery.DiscoveryResult)	0	2	[false, false]	false	protected	false	file:///Users/nima/Developer/NullAwayFixer/Projects/zuul/zuul-core/src/main/java/com/netflix/zuul/filters/endpoint/ProxyEndpoint.java
511	com.netflix.zuul.filters.endpoint.ProxyEndpoint	buildZuulHttpResponse(io.netty.handler.codec.http.HttpResponse,com.netflix.zuul.stats.status.StatusCategory,java.lang.Throwable)	0	3	[false, false, false]	false	private	true	file:///Users/nima/Developer/NullAwayFixer/Projects/zuul/zuul-core/src/main/java/com/netflix/zuul/filters/endpoint/ProxyEndpoint.java
512	com.netflix.zuul.filters.endpoint.ProxyEndpoint	transformResponse(com.netflix.zuul.message.http.HttpResponseMessage)	0	1	[false]	false	private	true	file:///Users/nima/Developer/NullAwayFixer/Projects/zuul/zuul-core/src/main/java/com/netflix/zuul/filters/endpoint/ProxyEndpoint.java
513	com.netflix.zuul.filters.endpoint.ProxyEndpoint	handleOriginNonSuccessResponse(io.netty.handler.codec.http.HttpResponse,com.netflix.zuul.discovery.DiscoveryResult)	0	2	[false, false]	false	protected	false	file:///Users/nima/Developer/NullAwayFixer/Projects/zuul/zuul-core/src/main/java/com/netflix/zuul/filters/endpoint/ProxyEndpoint.java
514	com.netflix.zuul.filters.endpoint.ProxyEndpoint	isRetryable5xxResponse(com.netflix.zuul.message.http.HttpRequestMessage,io.netty.handler.codec.http.HttpResponse)	0	2	[false, false]	false	public	false	file:///Users/nima/Developer/NullAwayFixer/Projects/zuul/zuul-core/src/main/java/com/netflix/zuul/filters/endpoint/ProxyEndpoint.java
515	com.netflix.zuul.filters.endpoint.ProxyEndpoint	originIndicatesRetryableInternalServerError(io.netty.handler.codec.http.HttpResponse)	0	1	[false]	false	protected	false	file:///Users/nima/Developer/NullAwayFixer/Projects/zuul/zuul-core/src/main/java/com/netflix/zuul/filters/endpoint/ProxyEndpoint.java
516	com.netflix.zuul.filters.endpoint.ProxyEndpoint	transformRequest(com.netflix.zuul.message.http.HttpRequestMessage)	0	1	[false]	false	protected	true	file:///Users/nima/Developer/NullAwayFixer/Projects/zuul/zuul-core/src/main/java/com/netflix/zuul/filters/endpoint/ProxyEndpoint.java
517	com.netflix.zuul.filters.endpoint.ProxyEndpoint	addCustomRequestHeaders(com.netflix.zuul.message.Headers)	0	1	[false]	false	protected	false	file:///Users/nima/Developer/NullAwayFixer/Projects/zuul/zuul-core/src/main/java/com/netflix/zuul/filters/endpoint/ProxyEndpoint.java
518	com.netflix.zuul.filters.endpoint.ProxyEndpoint	massageRequestURI(com.netflix.zuul.message.http.HttpRequestMessage)	0	1	[false]	false	private	true	file:///Users/nima/Developer/NullAwayFixer/Projects/zuul/zuul-core/src/main/java/com/netflix/zuul/filters/endpoint/ProxyEndpoint.java
519	com.netflix.zuul.filters.endpoint.ProxyEndpoint	getOrigin(com.netflix.zuul.message.http.HttpRequestMessage)	0	1	[false]	true	protected	true	file:///Users/nima/Developer/NullAwayFixer/Projects/zuul/zuul-core/src/main/java/com/netflix/zuul/filters/endpoint/ProxyEndpoint.java
520	com.netflix.zuul.filters.endpoint.ProxyEndpoint	injectCustomOriginName(com.netflix.zuul.message.http.HttpRequestMessage)	0	1	[false]	true	protected	true	file:///Users/nima/Developer/NullAwayFixer/Projects/zuul/zuul-core/src/main/java/com/netflix/zuul/filters/endpoint/ProxyEndpoint.java
521	com.netflix.zuul.filters.endpoint.ProxyEndpoint	getOrCreateOrigin(com.netflix.zuul.origins.OriginManager<com.netflix.zuul.origins.NettyOrigin>,com.netflix.zuul.origins.OriginName,java.lang.String,com.netflix.zuul.context.SessionContext)	0	4	[false, false, false, false]	false	private	true	file:///Users/nima/Developer/NullAwayFixer/Projects/zuul/zuul-core/src/main/java/com/netflix/zuul/filters/endpoint/ProxyEndpoint.java
522	com.netflix.zuul.filters.endpoint.ProxyEndpoint	verifyOrigin(com.netflix.zuul.context.SessionContext,com.netflix.zuul.message.http.HttpRequestMessage,java.lang.String,com.netflix.zuul.origins.Origin)	0	4	[false, false, false, false]	false	private	false	file:///Users/nima/Developer/NullAwayFixer/Projects/zuul/zuul-core/src/main/java/com/netflix/zuul/filters/endpoint/ProxyEndpoint.java
523	com.netflix.zuul.filters.endpoint.ProxyEndpoint	originNotFound(com.netflix.zuul.context.SessionContext,java.lang.String)	0	2	[false, false]	false	protected	false	file:///Users/nima/Developer/NullAwayFixer/Projects/zuul/zuul-core/src/main/java/com/netflix/zuul/filters/endpoint/ProxyEndpoint.java
524	com.netflix.zuul.filters.endpoint.ProxyEndpoint	getTimeoutManager(com.netflix.zuul.origins.NettyOrigin)	0	1	[false]	false	protected	true	file:///Users/nima/Developer/NullAwayFixer/Projects/zuul/zuul-core/src/main/java/com/netflix/zuul/filters/endpoint/ProxyEndpoint.java
525	com.netflix.zuul.netty.connectionpool.PooledConnection	PooledConnection(io.netty.channel.Channel,com.netflix.zuul.discovery.DiscoveryResult,com.netflix.zuul.netty.connectionpool.ClientChannelManager,com.netflix.spectator.api.Counter,com.netflix.spectator.api.Counter)	0	5	[false, false, false, false, false]	false	public	false	file:///Users/nima/Developer/NullAwayFixer/Projects/zuul/zuul-core/src/main/java/com/netflix/zuul/netty/connectionpool/PooledConnection.java
526	com.netflix.zuul.netty.connectionpool.PooledConnection	setInUse()	0	0	[]	false	public	false	file:///Users/nima/Developer/NullAwayFixer/Projects/zuul/zuul-core/src/main/java/com/netflix/zuul/netty/connectionpool/PooledConnection.java
527	com.netflix.zuul.netty.connectionpool.PooledConnection	setConnectionState(com.netflix.zuul.netty.connectionpool.PooledConnection.ConnectionState)	0	1	[false]	false	public	false	file:///Users/nima/Developer/NullAwayFixer/Projects/zuul/zuul-core/src/main/java/com/netflix/zuul/netty/connectionpool/PooledConnection.java
528	com.netflix.zuul.netty.connectionpool.PooledConnection	getFromChannel(io.netty.channel.Channel)	0	1	[false]	false	public	true	file:///Users/nima/Developer/NullAwayFixer/Projects/zuul/zuul-core/src/main/java/com/netflix/zuul/netty/connectionpool/PooledConnection.java
529	com.netflix.zuul.netty.connectionpool.PooledConnection	getConfig()	0	0	[]	false	public	true	file:///Users/nima/Developer/NullAwayFixer/Projects/zuul/zuul-core/src/main/java/com/netflix/zuul/netty/connectionpool/PooledConnection.java
530	com.netflix.zuul.netty.connectionpool.PooledConnection	getServer()	0	0	[]	false	public	true	file:///Users/nima/Developer/NullAwayFixer/Projects/zuul/zuul-core/src/main/java/com/netflix/zuul/netty/connectionpool/PooledConnection.java
531	com.netflix.zuul.netty.connectionpool.PooledConnection	getChannel()	0	0	[]	false	public	true	file:///Users/nima/Developer/NullAwayFixer/Projects/zuul/zuul-core/src/main/java/com/netflix/zuul/netty/connectionpool/PooledConnection.java
532	com.netflix.zuul.netty.connectionpool.PooledConnection	getUsageCount()	0	0	[]	false	public	false	file:///Users/nima/Developer/NullAwayFixer/Projects/zuul/zuul-core/src/main/java/com/netflix/zuul/netty/connectionpool/PooledConnection.java
533	com.netflix.zuul.netty.connectionpool.PooledConnection	incrementUsageCount()	0	0	[]	false	public	false	file:///Users/nima/Developer/NullAwayFixer/Projects/zuul/zuul-core/src/main/java/com/netflix/zuul/netty/connectionpool/PooledConnection.java
534	com.netflix.zuul.netty.connectionpool.PooledConnection	getCreationTS()	0	0	[]	false	public	false	file:///Users/nima/Developer/NullAwayFixer/Projects/zuul/zuul-core/src/main/java/com/netflix/zuul/netty/connectionpool/PooledConnection.java
535	com.netflix.zuul.netty.connectionpool.PooledConnection	getAgeInMillis()	0	0	[]	false	public	false	file:///Users/nima/Developer/NullAwayFixer/Projects/zuul/zuul-core/src/main/java/com/netflix/zuul/netty/connectionpool/PooledConnection.java
536	com.netflix.zuul.netty.connectionpool.PooledConnection	startRequestTimer()	0	0	[]	false	public	false	file:///Users/nima/Developer/NullAwayFixer/Projects/zuul/zuul-core/src/main/java/com/netflix/zuul/netty/connectionpool/PooledConnection.java
537	com.netflix.zuul.netty.connectionpool.PooledConnection	stopRequestTimer()	0	0	[]	false	public	false	file:///Users/nima/Developer/NullAwayFixer/Projects/zuul/zuul-core/src/main/java/com/netflix/zuul/netty/connectionpool/PooledConnection.java
538	com.netflix.zuul.netty.connectionpool.PooledConnection	isActive()	0	0	[]	false	public	false	file:///Users/nima/Developer/NullAwayFixer/Projects/zuul/zuul-core/src/main/java/com/netflix/zuul/netty/connectionpool/PooledConnection.java
539	com.netflix.zuul.netty.connectionpool.PooledConnection	isInPool()	0	0	[]	false	public	false	file:///Users/nima/Developer/NullAwayFixer/Projects/zuul/zuul-core/src/main/java/com/netflix/zuul/netty/connectionpool/PooledConnection.java
540	com.netflix.zuul.netty.connectionpool.PooledConnection	setInPool(boolean)	0	1	[false]	false	public	false	file:///Users/nima/Developer/NullAwayFixer/Projects/zuul/zuul-core/src/main/java/com/netflix/zuul/netty/connectionpool/PooledConnection.java
541	com.netflix.zuul.netty.connectionpool.PooledConnection	isShouldClose()	0	0	[]	false	public	false	file:///Users/nima/Developer/NullAwayFixer/Projects/zuul/zuul-core/src/main/java/com/netflix/zuul/netty/connectionpool/PooledConnection.java
542	com.netflix.zuul.netty.connectionpool.PooledConnection	flagShouldClose()	0	0	[]	false	public	false	file:///Users/nima/Developer/NullAwayFixer/Projects/zuul/zuul-core/src/main/java/com/netflix/zuul/netty/connectionpool/PooledConnection.java
543	com.netflix.zuul.netty.connectionpool.PooledConnection	close()	0	0	[]	false	public	true	file:///Users/nima/Developer/NullAwayFixer/Projects/zuul/zuul-core/src/main/java/com/netflix/zuul/netty/connectionpool/PooledConnection.java
544	com.netflix.zuul.netty.connectionpool.PooledConnection	updateServerStats()	0	0	[]	false	public	false	file:///Users/nima/Developer/NullAwayFixer/Projects/zuul/zuul-core/src/main/java/com/netflix/zuul/netty/connectionpool/PooledConnection.java
545	com.netflix.zuul.netty.connectionpool.PooledConnection	closeAndRemoveFromPool()	0	0	[]	false	public	true	file:///Users/nima/Developer/NullAwayFixer/Projects/zuul/zuul-core/src/main/java/com/netflix/zuul/netty/connectionpool/PooledConnection.java
546	com.netflix.zuul.netty.connectionpool.PooledConnection	release()	0	0	[]	false	public	false	file:///Users/nima/Developer/NullAwayFixer/Projects/zuul/zuul-core/src/main/java/com/netflix/zuul/netty/connectionpool/PooledConnection.java
547	com.netflix.zuul.netty.connectionpool.PooledConnection	removeReadTimeoutHandler()	0	0	[]	false	public	false	file:///Users/nima/Developer/NullAwayFixer/Projects/zuul/zuul-core/src/main/java/com/netflix/zuul/netty/connectionpool/PooledConnection.java
548	com.netflix.zuul.netty.connectionpool.PooledConnection	removeHandlerFromPipeline(java.lang.String,io.netty.channel.ChannelPipeline)	0	2	[false, false]	false	private	false	file:///Users/nima/Developer/NullAwayFixer/Projects/zuul/zuul-core/src/main/java/com/netflix/zuul/netty/connectionpool/PooledConnection.java
549	com.netflix.zuul.netty.connectionpool.PooledConnection	startReadTimeoutHandler(java.time.Duration)	0	1	[false]	false	public	false	file:///Users/nima/Developer/NullAwayFixer/Projects/zuul/zuul-core/src/main/java/com/netflix/zuul/netty/connectionpool/PooledConnection.java
550	com.netflix.zuul.netty.connectionpool.PooledConnection	toString()	94	0	[]	false	public	true	file:///Users/nima/Developer/NullAwayFixer/Projects/zuul/zuul-core/src/main/java/com/netflix/zuul/netty/connectionpool/PooledConnection.java
551	com.netflix.zuul.netty.filter.FilterRunner	filter(I)	0	1	[false]	false	public	false	file:///Users/nima/Developer/NullAwayFixer/Projects/zuul/zuul-core/src/main/java/com/netflix/zuul/netty/filter/FilterRunner.java
552	com.netflix.zuul.netty.filter.FilterRunner	filter(I,io.netty.handler.codec.http.HttpContent)	0	2	[false, false]	false	public	false	file:///Users/nima/Developer/NullAwayFixer/Projects/zuul/zuul-core/src/main/java/com/netflix/zuul/netty/filter/FilterRunner.java
553	com.netflix.zuul.origins.NettyOrigin	connectToOrigin(com.netflix.zuul.message.http.HttpRequestMessage,io.netty.channel.EventLoop,int,com.netflix.zuul.passport.CurrentPassport,java.util.concurrent.atomic.AtomicReference<com.netflix.zuul.discovery.DiscoveryResult>,java.util.concurrent.atomic.AtomicReference<? super java.net.InetAddress>)	0	6	[false, false, false, false, false, false]	false	public	true	file:///Users/nima/Developer/NullAwayFixer/Projects/zuul/zuul-core/src/main/java/com/netflix/zuul/origins/NettyOrigin.java
554	com.netflix.zuul.origins.NettyOrigin	getMaxRetriesForRequest(com.netflix.zuul.context.SessionContext)	0	1	[false]	false	public	false	file:///Users/nima/Developer/NullAwayFixer/Projects/zuul/zuul-core/src/main/java/com/netflix/zuul/origins/NettyOrigin.java
555	com.netflix.zuul.origins.NettyOrigin	onRequestExecutionStart(com.netflix.zuul.message.http.HttpRequestMessage)	0	1	[false]	false	public	false	file:///Users/nima/Developer/NullAwayFixer/Projects/zuul/zuul-core/src/main/java/com/netflix/zuul/origins/NettyOrigin.java
556	com.netflix.zuul.origins.NettyOrigin	onRequestStartWithServer(com.netflix.zuul.message.http.HttpRequestMessage,com.netflix.zuul.discovery.DiscoveryResult,int)	0	3	[false, false, false]	false	public	false	file:///Users/nima/Developer/NullAwayFixer/Projects/zuul/zuul-core/src/main/java/com/netflix/zuul/origins/NettyOrigin.java
557	com.netflix.zuul.origins.NettyOrigin	onRequestExceptionWithServer(com.netflix.zuul.message.http.HttpRequestMessage,com.netflix.zuul.discovery.DiscoveryResult,int,java.lang.Throwable)	0	4	[false, false, false, false]	false	public	false	file:///Users/nima/Developer/NullAwayFixer/Projects/zuul/zuul-core/src/main/java/com/netflix/zuul/origins/NettyOrigin.java
558	com.netflix.zuul.origins.NettyOrigin	onRequestExecutionSuccess(com.netflix.zuul.message.http.HttpRequestMessage,com.netflix.zuul.message.http.HttpResponseMessage,com.netflix.zuul.discovery.DiscoveryResult,int)	0	4	[false, false, false, false]	false	public	false	file:///Users/nima/Developer/NullAwayFixer/Projects/zuul/zuul-core/src/main/java/com/netflix/zuul/origins/NettyOrigin.java
559	com.netflix.zuul.origins.NettyOrigin	onRequestExecutionFailed(com.netflix.zuul.message.http.HttpRequestMessage,com.netflix.zuul.discovery.DiscoveryResult,int,java.lang.Throwable)	0	4	[false, false, false, false]	false	public	false	file:///Users/nima/Developer/NullAwayFixer/Projects/zuul/zuul-core/src/main/java/com/netflix/zuul/origins/NettyOrigin.java
560	com.netflix.zuul.origins.NettyOrigin	recordFinalError(com.netflix.zuul.message.http.HttpRequestMessage,java.lang.Throwable)	0	2	[false, false]	false	public	false	file:///Users/nima/Developer/NullAwayFixer/Projects/zuul/zuul-core/src/main/java/com/netflix/zuul/origins/NettyOrigin.java
561	com.netflix.zuul.origins.NettyOrigin	recordFinalResponse(com.netflix.zuul.message.http.HttpResponseMessage)	0	1	[false]	false	public	false	file:///Users/nima/Developer/NullAwayFixer/Projects/zuul/zuul-core/src/main/java/com/netflix/zuul/origins/NettyOrigin.java
562	com.netflix.zuul.origins.NettyOrigin	newRequestAttempt(com.netflix.zuul.discovery.DiscoveryResult,com.netflix.zuul.context.SessionContext,int)	0	3	[false, false, false]	false	public	true	file:///Users/nima/Developer/NullAwayFixer/Projects/zuul/zuul-core/src/main/java/com/netflix/zuul/origins/NettyOrigin.java
563	com.netflix.zuul.origins.NettyOrigin	getIpAddrFromServer(com.netflix.zuul.discovery.DiscoveryResult)	0	1	[false]	false	public	true	file:///Users/nima/Developer/NullAwayFixer/Projects/zuul/zuul-core/src/main/java/com/netflix/zuul/origins/NettyOrigin.java
564	com.netflix.zuul.origins.NettyOrigin	getClientConfig()	0	0	[]	false	public	true	file:///Users/nima/Developer/NullAwayFixer/Projects/zuul/zuul-core/src/main/java/com/netflix/zuul/origins/NettyOrigin.java
565	com.netflix.zuul.origins.NettyOrigin	getSpectatorRegistry()	0	0	[]	false	public	true	file:///Users/nima/Developer/NullAwayFixer/Projects/zuul/zuul-core/src/main/java/com/netflix/zuul/origins/NettyOrigin.java
566	com.netflix.zuul.origins.InstrumentedOrigin	getErrorPercentage()	0	0	[]	false	public	false	file:///Users/nima/Developer/NullAwayFixer/Projects/zuul/zuul-core/src/main/java/com/netflix/zuul/origins/InstrumentedOrigin.java
567	com.netflix.zuul.origins.InstrumentedOrigin	getErrorAllPercentage()	0	0	[]	false	public	false	file:///Users/nima/Developer/NullAwayFixer/Projects/zuul/zuul-core/src/main/java/com/netflix/zuul/origins/InstrumentedOrigin.java
568	com.netflix.zuul.origins.InstrumentedOrigin	adjustRetryPolicyIfNeeded(com.netflix.zuul.message.http.HttpRequestMessage)	0	1	[false]	false	public	false	file:///Users/nima/Developer/NullAwayFixer/Projects/zuul/zuul-core/src/main/java/com/netflix/zuul/origins/InstrumentedOrigin.java
569	com.netflix.zuul.origins.InstrumentedOrigin	preRequestChecks(com.netflix.zuul.message.http.HttpRequestMessage)	0	1	[false]	false	public	false	file:///Users/nima/Developer/NullAwayFixer/Projects/zuul/zuul-core/src/main/java/com/netflix/zuul/origins/InstrumentedOrigin.java
570	com.netflix.zuul.origins.InstrumentedOrigin	recordSuccessResponse()	0	0	[]	false	public	false	file:///Users/nima/Developer/NullAwayFixer/Projects/zuul/zuul-core/src/main/java/com/netflix/zuul/origins/InstrumentedOrigin.java
571	com.netflix.zuul.origins.InstrumentedOrigin	recordProxyRequestEnd()	0	0	[]	false	public	false	file:///Users/nima/Developer/NullAwayFixer/Projects/zuul/zuul-core/src/main/java/com/netflix/zuul/origins/InstrumentedOrigin.java
572	com.netflix.zuul.niws.RequestAttempts	RequestAttempts()	0	0	[]	false	public	false	file:///Users/nima/Developer/NullAwayFixer/Projects/zuul/zuul-core/src/main/java/com/netflix/zuul/niws/RequestAttempts.java
573	com.netflix.zuul.niws.RequestAttempts	getFinalAttempt()	0	0	[]	true	public	true	file:///Users/nima/Developer/NullAwayFixer/Projects/zuul/zuul-core/src/main/java/com/netflix/zuul/niws/RequestAttempts.java
574	com.netflix.zuul.niws.RequestAttempts	getFromSessionContext(com.netflix.zuul.context.SessionContext)	0	1	[false]	false	public	true	file:///Users/nima/Developer/NullAwayFixer/Projects/zuul/zuul-core/src/main/java/com/netflix/zuul/niws/RequestAttempts.java
575	com.netflix.zuul.niws.RequestAttempts	parse(java.lang.String)	0	1	[false]	false	public	true	file:///Users/nima/Developer/NullAwayFixer/Projects/zuul/zuul-core/src/main/java/com/netflix/zuul/niws/RequestAttempts.java
576	com.netflix.zuul.niws.RequestAttempts	toJSON()	0	0	[]	false	public	true	file:///Users/nima/Developer/NullAwayFixer/Projects/zuul/zuul-core/src/main/java/com/netflix/zuul/niws/RequestAttempts.java
577	com.netflix.zuul.niws.RequestAttempts	toString()	578	0	[]	false	public	true	file:///Users/nima/Developer/NullAwayFixer/Projects/zuul/zuul-core/src/main/java/com/netflix/zuul/niws/RequestAttempts.java
579	com.netflix.zuul.niws.RequestAttempt	RequestAttempt(int,com.netflix.appinfo.InstanceInfo,java.lang.String,java.lang.String,int,java.lang.String,java.lang.String,int,int,int)	0	10	[false, false, false, false, false, false, false, false, false, false]	false	public	false	file:///Users/nima/Developer/NullAwayFixer/Projects/zuul/zuul-core/src/main/java/com/netflix/zuul/niws/RequestAttempt.java
580	com.netflix.zuul.niws.RequestAttempt	RequestAttempt(com.netflix.zuul.discovery.DiscoveryResult,com.netflix.client.config.IClientConfig,int,int)	0	4	[false, false, false, false]	false	public	false	file:///Users/nima/Developer/NullAwayFixer/Projects/zuul/zuul-core/src/main/java/com/netflix/zuul/niws/RequestAttempt.java
581	com.netflix.zuul.niws.RequestAttempt	RequestAttempt()	0	0	[]	false	private	false	file:///Users/nima/Developer/NullAwayFixer/Projects/zuul/zuul-core/src/main/java/com/netflix/zuul/niws/RequestAttempt.java
582	com.netflix.zuul.niws.RequestAttempt	complete(int,long,java.lang.Throwable)	0	3	[false, false, false]	false	public	false	file:///Users/nima/Developer/NullAwayFixer/Projects/zuul/zuul-core/src/main/java/com/netflix/zuul/niws/RequestAttempt.java
583	com.netflix.zuul.niws.RequestAttempt	getAttempt()	0	0	[]	false	public	false	file:///Users/nima/Developer/NullAwayFixer/Projects/zuul/zuul-core/src/main/java/com/netflix/zuul/niws/RequestAttempt.java
584	com.netflix.zuul.niws.RequestAttempt	getVip()	0	0	[]	false	public	true	file:///Users/nima/Developer/NullAwayFixer/Projects/zuul/zuul-core/src/main/java/com/netflix/zuul/niws/RequestAttempt.java
585	com.netflix.zuul.niws.RequestAttempt	getStatus()	0	0	[]	false	public	false	file:///Users/nima/Developer/NullAwayFixer/Projects/zuul/zuul-core/src/main/java/com/netflix/zuul/niws/RequestAttempt.java
586	com.netflix.zuul.niws.RequestAttempt	getDuration()	0	0	[]	false	public	false	file:///Users/nima/Developer/NullAwayFixer/Projects/zuul/zuul-core/src/main/java/com/netflix/zuul/niws/RequestAttempt.java
587	com.netflix.zuul.niws.RequestAttempt	getError()	0	0	[]	false	public	true	file:///Users/nima/Developer/NullAwayFixer/Projects/zuul/zuul-core/src/main/java/com/netflix/zuul/niws/RequestAttempt.java
588	com.netflix.zuul.niws.RequestAttempt	getApp()	0	0	[]	false	public	true	file:///Users/nima/Developer/NullAwayFixer/Projects/zuul/zuul-core/src/main/java/com/netflix/zuul/niws/RequestAttempt.java
589	com.netflix.zuul.niws.RequestAttempt	getAsg()	0	0	[]	false	public	true	file:///Users/nima/Developer/NullAwayFixer/Projects/zuul/zuul-core/src/main/java/com/netflix/zuul/niws/RequestAttempt.java
590	com.netflix.zuul.niws.RequestAttempt	getInstanceId()	0	0	[]	false	public	true	file:///Users/nima/Developer/NullAwayFixer/Projects/zuul/zuul-core/src/main/java/com/netflix/zuul/niws/RequestAttempt.java
591	com.netflix.zuul.niws.RequestAttempt	getHost()	0	0	[]	false	public	true	file:///Users/nima/Developer/NullAwayFixer/Projects/zuul/zuul-core/src/main/java/com/netflix/zuul/niws/RequestAttempt.java
592	com.netflix.zuul.niws.RequestAttempt	getPort()	0	0	[]	false	public	false	file:///Users/nima/Developer/NullAwayFixer/Projects/zuul/zuul-core/src/main/java/com/netflix/zuul/niws/RequestAttempt.java
593	com.netflix.zuul.niws.RequestAttempt	getRegion()	0	0	[]	false	public	true	file:///Users/nima/Developer/NullAwayFixer/Projects/zuul/zuul-core/src/main/java/com/netflix/zuul/niws/RequestAttempt.java
594	com.netflix.zuul.niws.RequestAttempt	getAvailabilityZone()	0	0	[]	false	public	true	file:///Users/nima/Developer/NullAwayFixer/Projects/zuul/zuul-core/src/main/java/com/netflix/zuul/niws/RequestAttempt.java
595	com.netflix.zuul.niws.RequestAttempt	getExceptionType()	0	0	[]	false	public	true	file:///Users/nima/Developer/NullAwayFixer/Projects/zuul/zuul-core/src/main/java/com/netflix/zuul/niws/RequestAttempt.java
596	com.netflix.zuul.niws.RequestAttempt	getReadTimeout()	0	0	[]	false	public	false	file:///Users/nima/Developer/NullAwayFixer/Projects/zuul/zuul-core/src/main/java/com/netflix/zuul/niws/RequestAttempt.java
597	com.netflix.zuul.niws.RequestAttempt	getConnectTimeout()	0	0	[]	false	public	false	file:///Users/nima/Developer/NullAwayFixer/Projects/zuul/zuul-core/src/main/java/com/netflix/zuul/niws/RequestAttempt.java
598	com.netflix.zuul.niws.RequestAttempt	getMaxRetries()	0	0	[]	false	public	false	file:///Users/nima/Developer/NullAwayFixer/Projects/zuul/zuul-core/src/main/java/com/netflix/zuul/niws/RequestAttempt.java
599	com.netflix.zuul.niws.RequestAttempt	setStatus(int)	0	1	[false]	false	public	false	file:///Users/nima/Developer/NullAwayFixer/Projects/zuul/zuul-core/src/main/java/com/netflix/zuul/niws/RequestAttempt.java
600	com.netflix.zuul.niws.RequestAttempt	setError(java.lang.String)	0	1	[false]	false	public	false	file:///Users/nima/Developer/NullAwayFixer/Projects/zuul/zuul-core/src/main/java/com/netflix/zuul/niws/RequestAttempt.java
601	com.netflix.zuul.niws.RequestAttempt	setExceptionType(java.lang.String)	0	1	[false]	false	public	false	file:///Users/nima/Developer/NullAwayFixer/Projects/zuul/zuul-core/src/main/java/com/netflix/zuul/niws/RequestAttempt.java
602	com.netflix.zuul.niws.RequestAttempt	setApp(java.lang.String)	0	1	[false]	false	public	false	file:///Users/nima/Developer/NullAwayFixer/Projects/zuul/zuul-core/src/main/java/com/netflix/zuul/niws/RequestAttempt.java
603	com.netflix.zuul.niws.RequestAttempt	setAsg(java.lang.String)	0	1	[false]	false	public	false	file:///Users/nima/Developer/NullAwayFixer/Projects/zuul/zuul-core/src/main/java/com/netflix/zuul/niws/RequestAttempt.java
604	com.netflix.zuul.niws.RequestAttempt	setInstanceId(java.lang.String)	0	1	[false]	false	public	false	file:///Users/nima/Developer/NullAwayFixer/Projects/zuul/zuul-core/src/main/java/com/netflix/zuul/niws/RequestAttempt.java
605	com.netflix.zuul.niws.RequestAttempt	setHost(java.lang.String)	0	1	[false]	false	public	false	file:///Users/nima/Developer/NullAwayFixer/Projects/zuul/zuul-core/src/main/java/com/netflix/zuul/niws/RequestAttempt.java
606	com.netflix.zuul.niws.RequestAttempt	setPort(int)	0	1	[false]	false	public	false	file:///Users/nima/Developer/NullAwayFixer/Projects/zuul/zuul-core/src/main/java/com/netflix/zuul/niws/RequestAttempt.java
607	com.netflix.zuul.niws.RequestAttempt	setVip(java.lang.String)	0	1	[false]	false	public	false	file:///Users/nima/Developer/NullAwayFixer/Projects/zuul/zuul-core/src/main/java/com/netflix/zuul/niws/RequestAttempt.java
608	com.netflix.zuul.niws.RequestAttempt	setRegion(java.lang.String)	0	1	[false]	false	public	false	file:///Users/nima/Developer/NullAwayFixer/Projects/zuul/zuul-core/src/main/java/com/netflix/zuul/niws/RequestAttempt.java
609	com.netflix.zuul.niws.RequestAttempt	setAvailabilityZone(java.lang.String)	0	1	[false]	false	public	false	file:///Users/nima/Developer/NullAwayFixer/Projects/zuul/zuul-core/src/main/java/com/netflix/zuul/niws/RequestAttempt.java
610	com.netflix.zuul.niws.RequestAttempt	setReadTimeout(long)	0	1	[false]	false	public	false	file:///Users/nima/Developer/NullAwayFixer/Projects/zuul/zuul-core/src/main/java/com/netflix/zuul/niws/RequestAttempt.java
611	com.netflix.zuul.niws.RequestAttempt	setConnectTimeout(int)	0	1	[false]	false	public	false	file:///Users/nima/Developer/NullAwayFixer/Projects/zuul/zuul-core/src/main/java/com/netflix/zuul/niws/RequestAttempt.java
612	com.netflix.zuul.niws.RequestAttempt	setException(java.lang.Throwable)	0	1	[false]	false	public	false	file:///Users/nima/Developer/NullAwayFixer/Projects/zuul/zuul-core/src/main/java/com/netflix/zuul/niws/RequestAttempt.java
613	com.netflix.zuul.niws.RequestAttempt	setMaxRetries(int)	0	1	[false]	false	public	false	file:///Users/nima/Developer/NullAwayFixer/Projects/zuul/zuul-core/src/main/java/com/netflix/zuul/niws/RequestAttempt.java
614	com.netflix.zuul.niws.RequestAttempt	toString()	94	0	[]	false	public	true	file:///Users/nima/Developer/NullAwayFixer/Projects/zuul/zuul-core/src/main/java/com/netflix/zuul/niws/RequestAttempt.java
615	com.netflix.zuul.niws.RequestAttempt	toJsonNode()	0	0	[]	false	public	true	file:///Users/nima/Developer/NullAwayFixer/Projects/zuul/zuul-core/src/main/java/com/netflix/zuul/niws/RequestAttempt.java
616	com.netflix.zuul.niws.RequestAttempt	putNullableAttribute(com.fasterxml.jackson.databind.node.ObjectNode,java.lang.String,java.lang.String)	0	3	[false, false, false]	false	private	true	file:///Users/nima/Developer/NullAwayFixer/Projects/zuul/zuul-core/src/main/java/com/netflix/zuul/niws/RequestAttempt.java
617	com.netflix.zuul.netty.NettyRequestAttemptFactory	mapNettyToOutboundErrorType(java.lang.Throwable)	0	1	[false]	false	public	true	file:///Users/nima/Developer/NullAwayFixer/Projects/zuul/zuul-core/src/main/java/com/netflix/zuul/netty/NettyRequestAttemptFactory.java
618	com.netflix.zuul.netty.NettyRequestAttemptFactory	mapNettyToOutboundException(java.lang.Throwable,com.netflix.zuul.context.SessionContext)	0	2	[false, false]	false	public	true	file:///Users/nima/Developer/NullAwayFixer/Projects/zuul/zuul-core/src/main/java/com/netflix/zuul/netty/NettyRequestAttemptFactory.java
619	com.netflix.zuul.netty.timeouts.OriginTimeoutManager	OriginTimeoutManager(com.netflix.zuul.origins.NettyOrigin)	0	1	[false]	false	public	false	file:///Users/nima/Developer/NullAwayFixer/Projects/zuul/zuul-core/src/main/java/com/netflix/zuul/netty/timeouts/OriginTimeoutManager.java
620	com.netflix.zuul.netty.timeouts.OriginTimeoutManager	computeReadTimeout(com.netflix.zuul.message.http.HttpRequestMessage,int)	0	2	[false, false]	false	public	true	file:///Users/nima/Developer/NullAwayFixer/Projects/zuul/zuul-core/src/main/java/com/netflix/zuul/netty/timeouts/OriginTimeoutManager.java
621	com.netflix.zuul.netty.timeouts.OriginTimeoutManager	getRequestClientConfig(com.netflix.zuul.message.http.HttpRequestMessage)	0	1	[false]	false	protected	true	file:///Users/nima/Developer/NullAwayFixer/Projects/zuul/zuul-core/src/main/java/com/netflix/zuul/netty/timeouts/OriginTimeoutManager.java
622	com.netflix.zuul.netty.timeouts.OriginTimeoutManager	getRequestReadTimeout(com.netflix.client.config.IClientConfig)	0	1	[false]	true	private	true	file:///Users/nima/Developer/NullAwayFixer/Projects/zuul/zuul-core/src/main/java/com/netflix/zuul/netty/timeouts/OriginTimeoutManager.java
623	com.netflix.zuul.netty.timeouts.OriginTimeoutManager	getOriginReadTimeout()	0	0	[]	true	private	true	file:///Users/nima/Developer/NullAwayFixer/Projects/zuul/zuul-core/src/main/java/com/netflix/zuul/netty/timeouts/OriginTimeoutManager.java
624	com.netflix.zuul.netty.server.OriginResponseReceiver	OriginResponseReceiver(com.netflix.zuul.filters.endpoint.ProxyEndpoint)	0	1	[false]	false	public	false	file:///Users/nima/Developer/NullAwayFixer/Projects/zuul/zuul-core/src/main/java/com/netflix/zuul/netty/server/OriginResponseReceiver.java
625	com.netflix.zuul.netty.server.OriginResponseReceiver	unlinkFromClientRequest()	0	0	[]	false	public	false	file:///Users/nima/Developer/NullAwayFixer/Projects/zuul/zuul-core/src/main/java/com/netflix/zuul/netty/server/OriginResponseReceiver.java
626	com.netflix.zuul.netty.server.OriginResponseReceiver	channelRead(io.netty.channel.ChannelHandlerContext,java.lang.Object)	12	2	[false, false]	false	public	false	file:///Users/nima/Developer/NullAwayFixer/Projects/zuul/zuul-core/src/main/java/com/netflix/zuul/netty/server/OriginResponseReceiver.java
627	com.netflix.zuul.netty.server.OriginResponseReceiver	channelReadInternal(io.netty.channel.ChannelHandlerContext,java.lang.Object)	0	2	[false, false]	false	private	false	file:///Users/nima/Developer/NullAwayFixer/Projects/zuul/zuul-core/src/main/java/com/netflix/zuul/netty/server/OriginResponseReceiver.java
628	com.netflix.zuul.netty.server.OriginResponseReceiver	userEventTriggered(io.netty.channel.ChannelHandlerContext,java.lang.Object)	44	2	[false, false]	false	public	false	file:///Users/nima/Developer/NullAwayFixer/Projects/zuul/zuul-core/src/main/java/com/netflix/zuul/netty/server/OriginResponseReceiver.java
629	com.netflix.zuul.netty.server.OriginResponseReceiver	postCompleteHook(io.netty.channel.ChannelHandlerContext,java.lang.Object)	0	2	[false, false]	false	protected	false	file:///Users/nima/Developer/NullAwayFixer/Projects/zuul/zuul-core/src/main/java/com/netflix/zuul/netty/server/OriginResponseReceiver.java
630	com.netflix.zuul.netty.server.OriginResponseReceiver	buildOriginHttpRequest(com.netflix.zuul.message.http.HttpRequestMessage)	0	1	[false]	false	private	true	file:///Users/nima/Developer/NullAwayFixer/Projects/zuul/zuul-core/src/main/java/com/netflix/zuul/netty/server/OriginResponseReceiver.java
631	com.netflix.zuul.netty.server.OriginResponseReceiver	customRequestProcessing(com.netflix.zuul.message.http.HttpRequestMessage)	0	1	[false]	false	protected	false	file:///Users/nima/Developer/NullAwayFixer/Projects/zuul/zuul-core/src/main/java/com/netflix/zuul/netty/server/OriginResponseReceiver.java
632	com.netflix.zuul.netty.server.OriginResponseReceiver	pathAndQueryString(com.netflix.zuul.message.http.HttpRequestMessage)	0	1	[false]	false	private	true	file:///Users/nima/Developer/NullAwayFixer/Projects/zuul/zuul-core/src/main/java/com/netflix/zuul/netty/server/OriginResponseReceiver.java
633	com.netflix.zuul.netty.server.OriginResponseReceiver	write(io.netty.channel.ChannelHandlerContext,java.lang.Object,io.netty.channel.ChannelPromise)	63	3	[false, false, false]	false	public	false	file:///Users/nima/Developer/NullAwayFixer/Projects/zuul/zuul-core/src/main/java/com/netflix/zuul/netty/server/OriginResponseReceiver.java
634	com.netflix.zuul.netty.server.OriginResponseReceiver	writeInternal(io.netty.channel.ChannelHandlerContext,java.lang.Object,io.netty.channel.ChannelPromise)	0	3	[false, false, false]	false	private	false	file:///Users/nima/Developer/NullAwayFixer/Projects/zuul/zuul-core/src/main/java/com/netflix/zuul/netty/server/OriginResponseReceiver.java
635	com.netflix.zuul.netty.server.OriginResponseReceiver	preWriteHook(io.netty.channel.ChannelHandlerContext,com.netflix.zuul.message.http.HttpRequestMessage)	0	2	[false, false]	false	protected	false	file:///Users/nima/Developer/NullAwayFixer/Projects/zuul/zuul-core/src/main/java/com/netflix/zuul/netty/server/OriginResponseReceiver.java
636	com.netflix.zuul.netty.server.OriginResponseReceiver	fireWriteError(java.lang.String,java.lang.Throwable,io.netty.channel.ChannelHandlerContext)	0	3	[false, false, false]	false	private	false	file:///Users/nima/Developer/NullAwayFixer/Projects/zuul/zuul-core/src/main/java/com/netflix/zuul/netty/server/OriginResponseReceiver.java
637	com.netflix.zuul.netty.server.OriginResponseReceiver	exceptionCaught(io.netty.channel.ChannelHandlerContext,java.lang.Throwable)	638	2	[false, false]	false	public	false	file:///Users/nima/Developer/NullAwayFixer/Projects/zuul/zuul-core/src/main/java/com/netflix/zuul/netty/server/OriginResponseReceiver.java
639	com.netflix.zuul.netty.server.OriginResponseReceiver	channelInactive(io.netty.channel.ChannelHandlerContext)	14	1	[false]	false	public	false	file:///Users/nima/Developer/NullAwayFixer/Projects/zuul/zuul-core/src/main/java/com/netflix/zuul/netty/server/OriginResponseReceiver.java
640	com.netflix.zuul.netty.connectionpool.RequestStat	putInSessionContext(com.netflix.zuul.netty.connectionpool.RequestStat,com.netflix.zuul.context.SessionContext)	0	2	[false, false]	false	public	true	file:///Users/nima/Developer/NullAwayFixer/Projects/zuul/zuul-core/src/main/java/com/netflix/zuul/netty/connectionpool/RequestStat.java
641	com.netflix.zuul.netty.connectionpool.RequestStat	getFromSessionContext(com.netflix.zuul.context.SessionContext)	0	1	[false]	false	public	true	file:///Users/nima/Developer/NullAwayFixer/Projects/zuul/zuul-core/src/main/java/com/netflix/zuul/netty/connectionpool/RequestStat.java
642	com.netflix.zuul.netty.connectionpool.RequestStat	server(com.netflix.zuul.discovery.DiscoveryResult)	0	1	[false]	false	public	true	file:///Users/nima/Developer/NullAwayFixer/Projects/zuul/zuul-core/src/main/java/com/netflix/zuul/netty/connectionpool/RequestStat.java
643	com.netflix.zuul.netty.connectionpool.RequestStat	isFinished()	0	0	[]	false	public	false	file:///Users/nima/Developer/NullAwayFixer/Projects/zuul/zuul-core/src/main/java/com/netflix/zuul/netty/connectionpool/RequestStat.java
644	com.netflix.zuul.netty.connectionpool.RequestStat	duration()	0	0	[]	false	public	false	file:///Users/nima/Developer/NullAwayFixer/Projects/zuul/zuul-core/src/main/java/com/netflix/zuul/netty/connectionpool/RequestStat.java
645	com.netflix.zuul.netty.connectionpool.RequestStat	serviceUnavailable()	0	0	[]	false	public	false	file:///Users/nima/Developer/NullAwayFixer/Projects/zuul/zuul-core/src/main/java/com/netflix/zuul/netty/connectionpool/RequestStat.java
646	com.netflix.zuul.netty.connectionpool.RequestStat	generalError()	0	0	[]	false	public	false	file:///Users/nima/Developer/NullAwayFixer/Projects/zuul/zuul-core/src/main/java/com/netflix/zuul/netty/connectionpool/RequestStat.java
647	com.netflix.zuul.netty.connectionpool.RequestStat	failAndSetErrorCode(com.netflix.zuul.exception.ErrorType)	0	1	[false]	false	public	false	file:///Users/nima/Developer/NullAwayFixer/Projects/zuul/zuul-core/src/main/java/com/netflix/zuul/netty/connectionpool/RequestStat.java
648	com.netflix.zuul.netty.connectionpool.RequestStat	updateWithHttpStatusCode(int)	0	1	[false]	false	public	false	file:///Users/nima/Developer/NullAwayFixer/Projects/zuul/zuul-core/src/main/java/com/netflix/zuul/netty/connectionpool/RequestStat.java
649	com.netflix.zuul.netty.connectionpool.RequestStat	finalAttempt(boolean)	0	1	[false]	false	public	false	file:///Users/nima/Developer/NullAwayFixer/Projects/zuul/zuul-core/src/main/java/com/netflix/zuul/netty/connectionpool/RequestStat.java
650	com.netflix.zuul.netty.connectionpool.RequestStat	finishIfNotAlready()	0	0	[]	false	public	false	file:///Users/nima/Developer/NullAwayFixer/Projects/zuul/zuul-core/src/main/java/com/netflix/zuul/netty/connectionpool/RequestStat.java
651	com.netflix.zuul.origins.OriginManager	getOrigin(com.netflix.zuul.origins.OriginName,java.lang.String,com.netflix.zuul.context.SessionContext)	0	3	[false, false, false]	false	public	true	file:///Users/nima/Developer/NullAwayFixer/Projects/zuul/zuul-core/src/main/java/com/netflix/zuul/origins/OriginManager.java
652	com.netflix.zuul.origins.OriginManager	createOrigin(com.netflix.zuul.origins.OriginName,java.lang.String,com.netflix.zuul.context.SessionContext)	0	3	[false, false, false]	false	public	true	file:///Users/nima/Developer/NullAwayFixer/Projects/zuul/zuul-core/src/main/java/com/netflix/zuul/origins/OriginManager.java
653	com.netflix.zuul.exception.OutboundException	OutboundException(com.netflix.zuul.exception.ErrorType,com.netflix.zuul.niws.RequestAttempts)	0	2	[false, false]	false	public	false	file:///Users/nima/Developer/NullAwayFixer/Projects/zuul/zuul-core/src/main/java/com/netflix/zuul/exception/OutboundException.java
654	com.netflix.zuul.exception.OutboundException	OutboundException(com.netflix.zuul.exception.ErrorType,com.netflix.zuul.niws.RequestAttempts,java.lang.Throwable)	0	3	[false, false, false]	false	public	false	file:///Users/nima/Developer/NullAwayFixer/Projects/zuul/zuul-core/src/main/java/com/netflix/zuul/exception/OutboundException.java
655	com.netflix.zuul.exception.OutboundException	getFinalRequestAttempt()	0	0	[]	false	public	true	file:///Users/nima/Developer/NullAwayFixer/Projects/zuul/zuul-core/src/main/java/com/netflix/zuul/exception/OutboundException.java
656	com.netflix.zuul.exception.OutboundException	getOutboundErrorType()	0	0	[]	false	public	true	file:///Users/nima/Developer/NullAwayFixer/Projects/zuul/zuul-core/src/main/java/com/netflix/zuul/exception/OutboundException.java
657	com.netflix.zuul.netty.connectionpool.ClientChannelManager	init()	0	0	[]	false	public	false	file:///Users/nima/Developer/NullAwayFixer/Projects/zuul/zuul-core/src/main/java/com/netflix/zuul/netty/connectionpool/ClientChannelManager.java
658	com.netflix.zuul.netty.connectionpool.ClientChannelManager	isAvailable()	0	0	[]	false	public	false	file:///Users/nima/Developer/NullAwayFixer/Projects/zuul/zuul-core/src/main/java/com/netflix/zuul/netty/connectionpool/ClientChannelManager.java
659	com.netflix.zuul.netty.connectionpool.ClientChannelManager	getInflightRequestsCount()	0	0	[]	false	public	false	file:///Users/nima/Developer/NullAwayFixer/Projects/zuul/zuul-core/src/main/java/com/netflix/zuul/netty/connectionpool/ClientChannelManager.java
660	com.netflix.zuul.netty.connectionpool.ClientChannelManager	shutdown()	0	0	[]	false	public	false	file:///Users/nima/Developer/NullAwayFixer/Projects/zuul/zuul-core/src/main/java/com/netflix/zuul/netty/connectionpool/ClientChannelManager.java
661	com.netflix.zuul.netty.connectionpool.ClientChannelManager	release(com.netflix.zuul.netty.connectionpool.PooledConnection)	0	1	[false]	false	public	false	file:///Users/nima/Developer/NullAwayFixer/Projects/zuul/zuul-core/src/main/java/com/netflix/zuul/netty/connectionpool/ClientChannelManager.java
662	com.netflix.zuul.netty.connectionpool.ClientChannelManager	acquire(io.netty.channel.EventLoop)	0	1	[false]	false	public	true	file:///Users/nima/Developer/NullAwayFixer/Projects/zuul/zuul-core/src/main/java/com/netflix/zuul/netty/connectionpool/ClientChannelManager.java
663	com.netflix.zuul.netty.connectionpool.ClientChannelManager	acquire(io.netty.channel.EventLoop,java.lang.Object,com.netflix.zuul.passport.CurrentPassport,java.util.concurrent.atomic.AtomicReference<com.netflix.zuul.discovery.DiscoveryResult>,java.util.concurrent.atomic.AtomicReference<? super java.net.InetAddress>)	0	5	[false, false, false, false, false]	false	public	true	file:///Users/nima/Developer/NullAwayFixer/Projects/zuul/zuul-core/src/main/java/com/netflix/zuul/netty/connectionpool/ClientChannelManager.java
664	com.netflix.zuul.netty.connectionpool.ClientChannelManager	isCold()	0	0	[]	false	public	false	file:///Users/nima/Developer/NullAwayFixer/Projects/zuul/zuul-core/src/main/java/com/netflix/zuul/netty/connectionpool/ClientChannelManager.java
665	com.netflix.zuul.netty.connectionpool.ClientChannelManager	remove(com.netflix.zuul.netty.connectionpool.PooledConnection)	0	1	[false]	false	public	false	file:///Users/nima/Developer/NullAwayFixer/Projects/zuul/zuul-core/src/main/java/com/netflix/zuul/netty/connectionpool/ClientChannelManager.java
666	com.netflix.zuul.netty.connectionpool.ClientChannelManager	getConnsInPool()	0	0	[]	false	public	false	file:///Users/nima/Developer/NullAwayFixer/Projects/zuul/zuul-core/src/main/java/com/netflix/zuul/netty/connectionpool/ClientChannelManager.java
667	com.netflix.zuul.netty.connectionpool.ClientChannelManager	getConnsInUse()	0	0	[]	false	public	false	file:///Users/nima/Developer/NullAwayFixer/Projects/zuul/zuul-core/src/main/java/com/netflix/zuul/netty/connectionpool/ClientChannelManager.java
668	com.netflix.zuul.netty.connectionpool.ClientChannelManager	getConfig()	0	0	[]	false	public	true	file:///Users/nima/Developer/NullAwayFixer/Projects/zuul/zuul-core/src/main/java/com/netflix/zuul/netty/connectionpool/ClientChannelManager.java
669	com.netflix.zuul.netty.connectionpool.ConnectionPoolHandler	ConnectionPoolHandler(com.netflix.zuul.origins.OriginName)	0	1	[false]	false	public	false	file:///Users/nima/Developer/NullAwayFixer/Projects/zuul/zuul-core/src/main/java/com/netflix/zuul/netty/connectionpool/ConnectionPoolHandler.java
670	com.netflix.zuul.netty.connectionpool.ConnectionPoolHandler	userEventTriggered(io.netty.channel.ChannelHandlerContext,java.lang.Object)	44	2	[false, false]	false	public	false	file:///Users/nima/Developer/NullAwayFixer/Projects/zuul/zuul-core/src/main/java/com/netflix/zuul/netty/connectionpool/ConnectionPoolHandler.java
671	com.netflix.zuul.netty.connectionpool.ConnectionPoolHandler	exceptionCaught(io.netty.channel.ChannelHandlerContext,java.lang.Throwable)	638	2	[false, false]	false	public	false	file:///Users/nima/Developer/NullAwayFixer/Projects/zuul/zuul-core/src/main/java/com/netflix/zuul/netty/connectionpool/ConnectionPoolHandler.java
672	com.netflix.zuul.netty.connectionpool.ConnectionPoolHandler	channelInactive(io.netty.channel.ChannelHandlerContext)	14	1	[false]	false	public	false	file:///Users/nima/Developer/NullAwayFixer/Projects/zuul/zuul-core/src/main/java/com/netflix/zuul/netty/connectionpool/ConnectionPoolHandler.java
673	com.netflix.zuul.netty.connectionpool.ConnectionPoolHandler	closeConnection(io.netty.channel.ChannelHandlerContext,java.lang.String)	0	2	[false, false]	false	private	false	file:///Users/nima/Developer/NullAwayFixer/Projects/zuul/zuul-core/src/main/java/com/netflix/zuul/netty/connectionpool/ConnectionPoolHandler.java
674	com.netflix.zuul.netty.connectionpool.ConnectionPoolHandler	flagCloseAndReleaseConnection(com.netflix.zuul.netty.connectionpool.PooledConnection)	0	1	[false]	false	private	false	file:///Users/nima/Developer/NullAwayFixer/Projects/zuul/zuul-core/src/main/java/com/netflix/zuul/netty/connectionpool/ConnectionPoolHandler.java
675	com.netflix.zuul.netty.connectionpool.ConnectionPoolHandler	getConnectionHeader(com.netflix.netty.common.HttpLifecycleChannelHandler.CompleteEvent)	0	1	[false]	false	private	true	file:///Users/nima/Developer/NullAwayFixer/Projects/zuul/zuul-core/src/main/java/com/netflix/zuul/netty/connectionpool/ConnectionPoolHandler.java
676	com.netflix.zuul.netty.insights.PassportLoggingHandler	PassportLoggingHandler(com.netflix.spectator.api.Registry)	0	1	[false]	false	public	false	file:///Users/nima/Developer/NullAwayFixer/Projects/zuul/zuul-core/src/main/java/com/netflix/zuul/netty/insights/PassportLoggingHandler.java
677	com.netflix.zuul.netty.insights.PassportLoggingHandler	userEventTriggered(io.netty.channel.ChannelHandlerContext,java.lang.Object)	44	2	[false, false]	false	public	false	file:///Users/nima/Developer/NullAwayFixer/Projects/zuul/zuul-core/src/main/java/com/netflix/zuul/netty/insights/PassportLoggingHandler.java
678	com.netflix.zuul.netty.insights.PassportLoggingHandler	logPassport(io.netty.channel.Channel)	0	1	[false]	false	private	false	file:///Users/nima/Developer/NullAwayFixer/Projects/zuul/zuul-core/src/main/java/com/netflix/zuul/netty/insights/PassportLoggingHandler.java
679	com.netflix.zuul.netty.insights.PassportLoggingHandler	isHealthcheckRequest(com.netflix.zuul.message.http.HttpRequestMessage)	0	1	[false]	false	protected	false	file:///Users/nima/Developer/NullAwayFixer/Projects/zuul/zuul-core/src/main/java/com/netflix/zuul/netty/insights/PassportLoggingHandler.java
680	com.netflix.zuul.netty.insights.PassportLoggingHandler	getRequestId(io.netty.channel.Channel,com.netflix.zuul.context.SessionContext)	0	2	[false, false]	false	protected	true	file:///Users/nima/Developer/NullAwayFixer/Projects/zuul/zuul-core/src/main/java/com/netflix/zuul/netty/insights/PassportLoggingHandler.java
681	com.netflix.zuul.context.SessionContextDecorator	decorate(com.netflix.zuul.context.SessionContext)	0	1	[false]	false	public	true	file:///Users/nima/Developer/NullAwayFixer/Projects/zuul/zuul-core/src/main/java/com/netflix/zuul/context/SessionContextDecorator.java
682	com.netflix.zuul.RequestCompleteHandler	handle(com.netflix.zuul.message.http.HttpRequestInfo,com.netflix.zuul.message.http.HttpResponseMessage)	0	2	[false, false]	false	public	false	file:///Users/nima/Developer/NullAwayFixer/Projects/zuul/zuul-core/src/main/java/com/netflix/zuul/RequestCompleteHandler.java
683	com.netflix.zuul.FilterUsageNotifier	notify(com.netflix.zuul.filters.ZuulFilter<?,?>,com.netflix.zuul.ExecutionStatus)	0	2	[false, false]	false	public	false	file:///Users/nima/Developer/NullAwayFixer/Projects/zuul/zuul-core/src/main/java/com/netflix/zuul/FilterUsageNotifier.java
684	com.netflix.zuul.netty.filter.ZuulFilterChainRunner	ZuulFilterChainRunner(com.netflix.zuul.filters.ZuulFilter<T,T>[],com.netflix.zuul.FilterUsageNotifier,com.netflix.zuul.netty.filter.FilterRunner<T,?>,com.netflix.spectator.api.Registry)	0	4	[false, false, false, false]	false	public	false	file:///Users/nima/Developer/NullAwayFixer/Projects/zuul/zuul-core/src/main/java/com/netflix/zuul/netty/filter/ZuulFilterChainRunner.java
685	com.netflix.zuul.netty.filter.ZuulFilterChainRunner	ZuulFilterChainRunner(com.netflix.zuul.filters.ZuulFilter<T,T>[],com.netflix.zuul.FilterUsageNotifier,com.netflix.spectator.api.Registry)	0	3	[false, false, false]	false	public	false	file:///Users/nima/Developer/NullAwayFixer/Projects/zuul/zuul-core/src/main/java/com/netflix/zuul/netty/filter/ZuulFilterChainRunner.java
686	com.netflix.zuul.netty.filter.ZuulFilterChainRunner	filter(T)	551	1	[false]	false	public	false	file:///Users/nima/Developer/NullAwayFixer/Projects/zuul/zuul-core/src/main/java/com/netflix/zuul/netty/filter/ZuulFilterChainRunner.java
687	com.netflix.zuul.netty.filter.ZuulFilterChainRunner	resume(T)	688	1	[false]	false	protected	false	file:///Users/nima/Developer/NullAwayFixer/Projects/zuul/zuul-core/src/main/java/com/netflix/zuul/netty/filter/ZuulFilterChainRunner.java
689	com.netflix.zuul.netty.filter.ZuulFilterChainRunner	runFilters(T,java.util.concurrent.atomic.AtomicInteger)	0	2	[false, false]	false	private	false	file:///Users/nima/Developer/NullAwayFixer/Projects/zuul/zuul-core/src/main/java/com/netflix/zuul/netty/filter/ZuulFilterChainRunner.java
690	com.netflix.zuul.netty.filter.ZuulFilterChainRunner	filter(T,io.netty.handler.codec.http.HttpContent)	552	2	[false, false]	false	public	false	file:///Users/nima/Developer/NullAwayFixer/Projects/zuul/zuul-core/src/main/java/com/netflix/zuul/netty/filter/ZuulFilterChainRunner.java
691	com.netflix.zuul.netty.filter.BaseZuulFilterRunner	BaseZuulFilterRunner(com.netflix.zuul.filters.FilterType,com.netflix.zuul.FilterUsageNotifier,com.netflix.zuul.netty.filter.FilterRunner<O,?>,com.netflix.spectator.api.Registry)	0	4	[false, false, false, false]	false	protected	false	file:///Users/nima/Developer/NullAwayFixer/Projects/zuul/zuul-core/src/main/java/com/netflix/zuul/netty/filter/BaseZuulFilterRunner.java
692	com.netflix.zuul.netty.filter.BaseZuulFilterRunner	getChannelHandlerContext(com.netflix.zuul.message.ZuulMessage)	0	1	[false]	false	public	true	file:///Users/nima/Developer/NullAwayFixer/Projects/zuul/zuul-core/src/main/java/com/netflix/zuul/netty/filter/BaseZuulFilterRunner.java
693	com.netflix.zuul.netty.filter.BaseZuulFilterRunner	getNextStage()	0	0	[]	false	public	true	file:///Users/nima/Developer/NullAwayFixer/Projects/zuul/zuul-core/src/main/java/com/netflix/zuul/netty/filter/BaseZuulFilterRunner.java
694	com.netflix.zuul.netty.filter.BaseZuulFilterRunner	initRunningFilterIndex(I)	0	1	[false]	false	protected	true	file:///Users/nima/Developer/NullAwayFixer/Projects/zuul/zuul-core/src/main/java/com/netflix/zuul/netty/filter/BaseZuulFilterRunner.java
695	com.netflix.zuul.netty.filter.BaseZuulFilterRunner	getRunningFilterIndex(I)	0	1	[false]	false	protected	true	file:///Users/nima/Developer/NullAwayFixer/Projects/zuul/zuul-core/src/main/java/com/netflix/zuul/netty/filter/BaseZuulFilterRunner.java
696	com.netflix.zuul.netty.filter.BaseZuulFilterRunner	isFilterAwaitingBody(com.netflix.zuul.context.SessionContext)	0	1	[false]	false	protected	false	file:///Users/nima/Developer/NullAwayFixer/Projects/zuul/zuul-core/src/main/java/com/netflix/zuul/netty/filter/BaseZuulFilterRunner.java
697	com.netflix.zuul.netty.filter.BaseZuulFilterRunner	setFilterAwaitingBody(I,boolean)	0	2	[false, false]	false	protected	false	file:///Users/nima/Developer/NullAwayFixer/Projects/zuul/zuul-core/src/main/java/com/netflix/zuul/netty/filter/BaseZuulFilterRunner.java
698	com.netflix.zuul.netty.filter.BaseZuulFilterRunner	invokeNextStage(O,io.netty.handler.codec.http.HttpContent)	0	2	[false, false]	false	protected	false	file:///Users/nima/Developer/NullAwayFixer/Projects/zuul/zuul-core/src/main/java/com/netflix/zuul/netty/filter/BaseZuulFilterRunner.java
699	com.netflix.zuul.netty.filter.BaseZuulFilterRunner	invokeNextStage(O)	0	1	[false]	false	protected	false	file:///Users/nima/Developer/NullAwayFixer/Projects/zuul/zuul-core/src/main/java/com/netflix/zuul/netty/filter/BaseZuulFilterRunner.java
700	com.netflix.zuul.netty.filter.BaseZuulFilterRunner	addPerfMarkTags(com.netflix.zuul.message.ZuulMessage)	0	1	[false]	false	protected	false	file:///Users/nima/Developer/NullAwayFixer/Projects/zuul/zuul-core/src/main/java/com/netflix/zuul/netty/filter/BaseZuulFilterRunner.java
701	com.netflix.zuul.netty.filter.BaseZuulFilterRunner	filter(com.netflix.zuul.filters.ZuulFilter<I,O>,I)	0	2	[false, false]	false	protected	true	file:///Users/nima/Developer/NullAwayFixer/Projects/zuul/zuul-core/src/main/java/com/netflix/zuul/netty/filter/BaseZuulFilterRunner.java
702	com.netflix.zuul.netty.filter.BaseZuulFilterRunner	shouldSkipFilter(I,com.netflix.zuul.filters.ZuulFilter<I,O>)	0	2	[false, false]	false	protected	false	file:///Users/nima/Developer/NullAwayFixer/Projects/zuul/zuul-core/src/main/java/com/netflix/zuul/netty/filter/BaseZuulFilterRunner.java
703	com.netflix.zuul.netty.filter.BaseZuulFilterRunner	isMessageBodyReadyForFilter(com.netflix.zuul.filters.ZuulFilter,I)	0	2	[false, false]	false	private	false	file:///Users/nima/Developer/NullAwayFixer/Projects/zuul/zuul-core/src/main/java/com/netflix/zuul/netty/filter/BaseZuulFilterRunner.java
704	com.netflix.zuul.netty.filter.BaseZuulFilterRunner	handleFilterException(I,com.netflix.zuul.filters.ZuulFilter<I,O>,java.lang.Throwable)	0	3	[false, false, false]	false	protected	true	file:///Users/nima/Developer/NullAwayFixer/Projects/zuul/zuul-core/src/main/java/com/netflix/zuul/netty/filter/BaseZuulFilterRunner.java
705	com.netflix.zuul.netty.filter.BaseZuulFilterRunner	recordFilterError(I,com.netflix.zuul.filters.ZuulFilter<I,O>,java.lang.Throwable)	0	3	[false, false, false]	false	protected	false	file:///Users/nima/Developer/NullAwayFixer/Projects/zuul/zuul-core/src/main/java/com/netflix/zuul/netty/filter/BaseZuulFilterRunner.java
706	com.netflix.zuul.netty.filter.BaseZuulFilterRunner	recordFilterCompletion(com.netflix.zuul.ExecutionStatus,com.netflix.zuul.filters.ZuulFilter<I,O>,long,com.netflix.zuul.message.ZuulMessage,com.netflix.zuul.message.ZuulMessage)	0	5	[false, false, false, false, false]	false	protected	false	file:///Users/nima/Developer/NullAwayFixer/Projects/zuul/zuul-core/src/main/java/com/netflix/zuul/netty/filter/BaseZuulFilterRunner.java
707	com.netflix.zuul.netty.filter.BaseZuulFilterRunner	handleException(com.netflix.zuul.message.ZuulMessage,java.lang.String,java.lang.Exception)	0	3	[false, false, false]	false	protected	false	file:///Users/nima/Developer/NullAwayFixer/Projects/zuul/zuul-core/src/main/java/com/netflix/zuul/netty/filter/BaseZuulFilterRunner.java
688	com.netflix.zuul.netty.filter.BaseZuulFilterRunner	resume(O)	0	1	[false]	false	protected	false	file:///Users/nima/Developer/NullAwayFixer/Projects/zuul/zuul-core/src/main/java/com/netflix/zuul/netty/filter/BaseZuulFilterRunner.java
708	com.netflix.zuul.netty.filter.BaseZuulFilterRunner	methodBinding(com.netflix.zuul.message.ZuulMessage)	0	1	[false]	false	protected	true	file:///Users/nima/Developer/NullAwayFixer/Projects/zuul/zuul-core/src/main/java/com/netflix/zuul/netty/filter/BaseZuulFilterRunner.java
709	com.netflix.zuul.netty.filter.BaseZuulFilterRunner	resumeInBindingContext(O,java.lang.String)	0	2	[false, false]	false	protected	false	file:///Users/nima/Developer/NullAwayFixer/Projects/zuul/zuul-core/src/main/java/com/netflix/zuul/netty/filter/BaseZuulFilterRunner.java
710	com.netflix.zuul.netty.filter.BaseZuulFilterRunner$FilterChainResumer	FilterChainResumer(I,com.netflix.zuul.filters.ZuulFilter<I,O>,com.netflix.zuul.message.ZuulMessage,long)	0	4	[false, false, false, false]	false	public	false	file:///Users/nima/Developer/NullAwayFixer/Projects/zuul/zuul-core/src/main/java/com/netflix/zuul/netty/filter/BaseZuulFilterRunner.java
711	com.netflix.zuul.netty.filter.BaseZuulFilterRunner$FilterChainResumer	decrementConcurrency()	0	0	[]	false	package	false	file:///Users/nima/Developer/NullAwayFixer/Projects/zuul/zuul-core/src/main/java/com/netflix/zuul/netty/filter/BaseZuulFilterRunner.java
712	com.netflix.zuul.netty.filter.BaseZuulFilterRunner$FilterChainResumer	onNext(O)	713	1	[false]	false	public	false	file:///Users/nima/Developer/NullAwayFixer/Projects/zuul/zuul-core/src/main/java/com/netflix/zuul/netty/filter/BaseZuulFilterRunner.java
714	com.netflix.zuul.netty.filter.BaseZuulFilterRunner$FilterChainResumer	onError(java.lang.Throwable)	715	1	[false]	false	public	false	file:///Users/nima/Developer/NullAwayFixer/Projects/zuul/zuul-core/src/main/java/com/netflix/zuul/netty/filter/BaseZuulFilterRunner.java
716	com.netflix.zuul.netty.filter.BaseZuulFilterRunner$FilterChainResumer	onCompleted()	717	0	[]	false	public	false	file:///Users/nima/Developer/NullAwayFixer/Projects/zuul/zuul-core/src/main/java/com/netflix/zuul/netty/filter/BaseZuulFilterRunner.java
718	com.netflix.zuul.netty.filter.BaseZuulFilterRunner$FilterChainResumer	onNextStarted(io.perfmark.Link)	0	1	[false]	false	private	true	file:///Users/nima/Developer/NullAwayFixer/Projects/zuul/zuul-core/src/main/java/com/netflix/zuul/netty/filter/BaseZuulFilterRunner.java
719	com.netflix.zuul.netty.filter.BaseZuulFilterRunner$FilterChainResumer	onErrorStarted(io.perfmark.Link)	0	1	[false]	false	private	true	file:///Users/nima/Developer/NullAwayFixer/Projects/zuul/zuul-core/src/main/java/com/netflix/zuul/netty/filter/BaseZuulFilterRunner.java
720	com.netflix.zuul.netty.filter.BaseZuulFilterRunner$FilterChainResumer	onCompletedStarted(io.perfmark.Link)	0	1	[false]	false	private	true	file:///Users/nima/Developer/NullAwayFixer/Projects/zuul/zuul-core/src/main/java/com/netflix/zuul/netty/filter/BaseZuulFilterRunner.java
721	com.netflix.zuul.netty.filter.ZuulEndPointRunner	ZuulEndPointRunner(com.netflix.zuul.FilterUsageNotifier,com.netflix.zuul.FilterLoader,com.netflix.zuul.netty.filter.FilterRunner<com.netflix.zuul.message.http.HttpResponseMessage,com.netflix.zuul.message.http.HttpResponseMessage>,com.netflix.spectator.api.Registry)	0	4	[false, false, false, false]	false	public	false	file:///Users/nima/Developer/NullAwayFixer/Projects/zuul/zuul-core/src/main/java/com/netflix/zuul/netty/filter/ZuulEndPointRunner.java
722	com.netflix.zuul.netty.filter.ZuulEndPointRunner	getEndpoint(com.netflix.zuul.message.http.HttpRequestMessage)	0	1	[true]	true	public	true	file:///Users/nima/Developer/NullAwayFixer/Projects/zuul/zuul-core/src/main/java/com/netflix/zuul/netty/filter/ZuulEndPointRunner.java
723	com.netflix.zuul.netty.filter.ZuulEndPointRunner	setEndpoint(com.netflix.zuul.message.http.HttpRequestMessage,com.netflix.zuul.filters.ZuulFilter<com.netflix.zuul.message.http.HttpRequestMessage,com.netflix.zuul.message.http.HttpResponseMessage>)	0	2	[false, false]	false	public	false	file:///Users/nima/Developer/NullAwayFixer/Projects/zuul/zuul-core/src/main/java/com/netflix/zuul/netty/filter/ZuulEndPointRunner.java
724	com.netflix.zuul.netty.filter.ZuulEndPointRunner	filter(com.netflix.zuul.message.http.HttpRequestMessage)	551	1	[false]	false	public	false	file:///Users/nima/Developer/NullAwayFixer/Projects/zuul/zuul-core/src/main/java/com/netflix/zuul/netty/filter/ZuulEndPointRunner.java
725	com.netflix.zuul.netty.filter.ZuulEndPointRunner	resume(com.netflix.zuul.message.http.HttpResponseMessage)	688	1	[false]	false	protected	false	file:///Users/nima/Developer/NullAwayFixer/Projects/zuul/zuul-core/src/main/java/com/netflix/zuul/netty/filter/ZuulEndPointRunner.java
726	com.netflix.zuul.netty.filter.ZuulEndPointRunner	filter(com.netflix.zuul.message.http.HttpRequestMessage,io.netty.handler.codec.http.HttpContent)	552	2	[false, false]	false	public	false	file:///Users/nima/Developer/NullAwayFixer/Projects/zuul/zuul-core/src/main/java/com/netflix/zuul/netty/filter/ZuulEndPointRunner.java
727	com.netflix.zuul.netty.filter.ZuulEndPointRunner	getEndPointName(com.netflix.zuul.context.SessionContext)	0	1	[false]	false	protected	true	file:///Users/nima/Developer/NullAwayFixer/Projects/zuul/zuul-core/src/main/java/com/netflix/zuul/netty/filter/ZuulEndPointRunner.java
728	com.netflix.zuul.netty.filter.ZuulEndPointRunner	getEndpoint(java.lang.String,com.netflix.zuul.message.http.HttpRequestMessage)	0	2	[false, false]	false	protected	true	file:///Users/nima/Developer/NullAwayFixer/Projects/zuul/zuul-core/src/main/java/com/netflix/zuul/netty/filter/ZuulEndPointRunner.java
729	com.netflix.zuul.netty.filter.ZuulEndPointRunner	newProxyEndpoint(com.netflix.zuul.message.http.HttpRequestMessage)	0	1	[false]	false	protected	true	file:///Users/nima/Developer/NullAwayFixer/Projects/zuul/zuul-core/src/main/java/com/netflix/zuul/netty/filter/ZuulEndPointRunner.java
730	com.netflix.zuul.netty.filter.ZuulEndPointRunner	<I,O>getEndpointFilter(java.lang.String)	0	1	[false]	false	protected	true	file:///Users/nima/Developer/NullAwayFixer/Projects/zuul/zuul-core/src/main/java/com/netflix/zuul/netty/filter/ZuulEndPointRunner.java
731	com.netflix.zuul.netty.filter.ZuulEndPointRunner$1	apply(com.netflix.zuul.message.http.HttpRequestMessage)	356	1	[false]	false	public	true	file:///Users/nima/Developer/NullAwayFixer/Projects/zuul/zuul-core/src/main/java/com/netflix/zuul/netty/filter/ZuulEndPointRunner.java
732	com.netflix.zuul.netty.filter.ZuulEndPointRunner$1	filterName()	222	0	[]	false	public	true	file:///Users/nima/Developer/NullAwayFixer/Projects/zuul/zuul-core/src/main/java/com/netflix/zuul/netty/filter/ZuulEndPointRunner.java
733	com.netflix.zuul.netty.filter.ZuulEndPointRunner$1	getDefaultOutput(com.netflix.zuul.message.http.HttpRequestMessage)	231	1	[false]	false	public	true	file:///Users/nima/Developer/NullAwayFixer/Projects/zuul/zuul-core/src/main/java/com/netflix/zuul/netty/filter/ZuulEndPointRunner.java
734	com.netflix.zuul.filters.endpoint.MissingEndpointHandlingFilter	MissingEndpointHandlingFilter(java.lang.String)	0	1	[false]	false	public	false	file:///Users/nima/Developer/NullAwayFixer/Projects/zuul/zuul-core/src/main/java/com/netflix/zuul/filters/endpoint/MissingEndpointHandlingFilter.java
735	com.netflix.zuul.filters.endpoint.MissingEndpointHandlingFilter	apply(com.netflix.zuul.message.http.HttpRequestMessage)	356	1	[false]	false	public	true	file:///Users/nima/Developer/NullAwayFixer/Projects/zuul/zuul-core/src/main/java/com/netflix/zuul/filters/endpoint/MissingEndpointHandlingFilter.java
736	com.netflix.zuul.filters.endpoint.MissingEndpointHandlingFilter	filterName()	222	0	[]	false	public	true	file:///Users/nima/Developer/NullAwayFixer/Projects/zuul/zuul-core/src/main/java/com/netflix/zuul/filters/endpoint/MissingEndpointHandlingFilter.java
737	com.netflix.zuul.filters.endpoint.MissingEndpointHandlingFilter	getDefaultOutput(com.netflix.zuul.message.http.HttpRequestMessage)	231	1	[false]	false	public	true	file:///Users/nima/Developer/NullAwayFixer/Projects/zuul/zuul-core/src/main/java/com/netflix/zuul/filters/endpoint/MissingEndpointHandlingFilter.java
738	com.netflix.zuul.context.ZuulSessionContextDecorator	ZuulSessionContextDecorator(com.netflix.zuul.origins.OriginManager)	0	1	[false]	false	public	false	file:///Users/nima/Developer/NullAwayFixer/Projects/zuul/zuul-core/src/main/java/com/netflix/zuul/context/ZuulSessionContextDecorator.java
739	com.netflix.zuul.context.ZuulSessionContextDecorator	decorate(com.netflix.zuul.context.SessionContext)	681	1	[false]	false	public	true	file:///Users/nima/Developer/NullAwayFixer/Projects/zuul/zuul-core/src/main/java/com/netflix/zuul/context/ZuulSessionContextDecorator.java
740	com.netflix.zuul.context.SessionCleaner	cleanup(com.netflix.zuul.context.SessionContext)	0	1	[false]	false	public	true	file:///Users/nima/Developer/NullAwayFixer/Projects/zuul/zuul-core/src/main/java/com/netflix/zuul/context/SessionCleaner.java
741	com.netflix.zuul.context.Debug	setDebugRequest(com.netflix.zuul.context.SessionContext,boolean)	0	2	[false, false]	false	public	false	file:///Users/nima/Developer/NullAwayFixer/Projects/zuul/zuul-core/src/main/java/com/netflix/zuul/context/Debug.java
742	com.netflix.zuul.context.Debug	setDebugRequestHeadersOnly(com.netflix.zuul.context.SessionContext,boolean)	0	2	[false, false]	false	public	false	file:///Users/nima/Developer/NullAwayFixer/Projects/zuul/zuul-core/src/main/java/com/netflix/zuul/context/Debug.java
743	com.netflix.zuul.context.Debug	debugRequestHeadersOnly(com.netflix.zuul.context.SessionContext)	0	1	[false]	false	public	false	file:///Users/nima/Developer/NullAwayFixer/Projects/zuul/zuul-core/src/main/java/com/netflix/zuul/context/Debug.java
744	com.netflix.zuul.context.Debug	setDebugRouting(com.netflix.zuul.context.SessionContext,boolean)	0	2	[false, false]	false	public	false	file:///Users/nima/Developer/NullAwayFixer/Projects/zuul/zuul-core/src/main/java/com/netflix/zuul/context/Debug.java
745	com.netflix.zuul.context.Debug	debugRequest(com.netflix.zuul.context.SessionContext)	0	1	[false]	false	public	false	file:///Users/nima/Developer/NullAwayFixer/Projects/zuul/zuul-core/src/main/java/com/netflix/zuul/context/Debug.java
746	com.netflix.zuul.context.Debug	debugRouting(com.netflix.zuul.context.SessionContext)	0	1	[false]	false	public	false	file:///Users/nima/Developer/NullAwayFixer/Projects/zuul/zuul-core/src/main/java/com/netflix/zuul/context/Debug.java
747	com.netflix.zuul.context.Debug	addRoutingDebug(com.netflix.zuul.context.SessionContext,java.lang.String)	0	2	[false, false]	false	public	false	file:///Users/nima/Developer/NullAwayFixer/Projects/zuul/zuul-core/src/main/java/com/netflix/zuul/context/Debug.java
748	com.netflix.zuul.context.Debug	addRequestDebugForMessage(com.netflix.zuul.context.SessionContext,com.netflix.zuul.message.ZuulMessage,java.lang.String)	0	3	[false, false, false]	false	public	false	file:///Users/nima/Developer/NullAwayFixer/Projects/zuul/zuul-core/src/main/java/com/netflix/zuul/context/Debug.java
749	com.netflix.zuul.context.Debug	getRoutingDebug(com.netflix.zuul.context.SessionContext)	0	1	[false]	false	public	true	file:///Users/nima/Developer/NullAwayFixer/Projects/zuul/zuul-core/src/main/java/com/netflix/zuul/context/Debug.java
750	com.netflix.zuul.context.Debug	addRequestDebug(com.netflix.zuul.context.SessionContext,java.lang.String)	0	2	[false, false]	false	public	false	file:///Users/nima/Developer/NullAwayFixer/Projects/zuul/zuul-core/src/main/java/com/netflix/zuul/context/Debug.java
751	com.netflix.zuul.context.Debug	getRequestDebug(com.netflix.zuul.context.SessionContext)	0	1	[false]	false	public	true	file:///Users/nima/Developer/NullAwayFixer/Projects/zuul/zuul-core/src/main/java/com/netflix/zuul/context/Debug.java
752	com.netflix.zuul.context.Debug	compareContextState(java.lang.String,com.netflix.zuul.context.SessionContext,com.netflix.zuul.context.SessionContext)	0	3	[false, false, false]	false	public	false	file:///Users/nima/Developer/NullAwayFixer/Projects/zuul/zuul-core/src/main/java/com/netflix/zuul/context/Debug.java
753	com.netflix.zuul.context.Debug	writeDebugRequest(com.netflix.zuul.context.SessionContext,com.netflix.zuul.message.http.HttpRequestInfo,boolean)	0	3	[false, false, false]	false	public	true	file:///Users/nima/Developer/NullAwayFixer/Projects/zuul/zuul-core/src/main/java/com/netflix/zuul/context/Debug.java
754	com.netflix.zuul.context.Debug	writeDebugResponse(com.netflix.zuul.context.SessionContext,com.netflix.zuul.message.http.HttpResponseInfo,boolean)	0	3	[false, false, false]	false	public	true	file:///Users/nima/Developer/NullAwayFixer/Projects/zuul/zuul-core/src/main/java/com/netflix/zuul/context/Debug.java
755	com.netflix.zuul.context.Debug	writeDebugMessage(com.netflix.zuul.context.SessionContext,com.netflix.zuul.message.ZuulMessage,java.lang.String,java.lang.String)	0	4	[false, false, false, false]	false	public	true	file:///Users/nima/Developer/NullAwayFixer/Projects/zuul/zuul-core/src/main/java/com/netflix/zuul/context/Debug.java
756	com.netflix.zuul.context.SessionContextFactory	create(com.netflix.zuul.context.SessionContext,T,V)	0	3	[false, false, false]	false	public	true	file:///Users/nima/Developer/NullAwayFixer/Projects/zuul/zuul-core/src/main/java/com/netflix/zuul/context/SessionContextFactory.java
757	com.netflix.zuul.context.SessionContextFactory	write(com.netflix.zuul.message.ZuulMessage,V)	0	2	[false, false]	false	public	true	file:///Users/nima/Developer/NullAwayFixer/Projects/zuul/zuul-core/src/main/java/com/netflix/zuul/context/SessionContextFactory.java
758	com.netflix.zuul.FilterFactory	newInstance(java.lang.Class<?>)	0	1	[false]	false	public	true	file:///Users/nima/Developer/NullAwayFixer/Projects/zuul/zuul-core/src/main/java/com/netflix/zuul/FilterFactory.java
759	com.netflix.zuul.BasicFilterUsageNotifier	BasicFilterUsageNotifier(com.netflix.spectator.api.Registry)	0	1	[false]	false	package	false	file:///Users/nima/Developer/NullAwayFixer/Projects/zuul/zuul-core/src/main/java/com/netflix/zuul/BasicFilterUsageNotifier.java
760	com.netflix.zuul.BasicFilterUsageNotifier	notify(com.netflix.zuul.filters.ZuulFilter<?,?>,com.netflix.zuul.ExecutionStatus)	683	2	[false, false]	false	public	false	file:///Users/nima/Developer/NullAwayFixer/Projects/zuul/zuul-core/src/main/java/com/netflix/zuul/BasicFilterUsageNotifier.java
761	com.netflix.zuul.util.HttpUtils	getClientIP(com.netflix.zuul.message.http.HttpRequestInfo)	0	1	[false]	false	public	true	file:///Users/nima/Developer/NullAwayFixer/Projects/zuul/zuul-core/src/main/java/com/netflix/zuul/util/HttpUtils.java
762	com.netflix.zuul.util.HttpUtils	extractClientIpFromXForwardedFor(java.lang.String)	0	1	[false]	false	public	true	file:///Users/nima/Developer/NullAwayFixer/Projects/zuul/zuul-core/src/main/java/com/netflix/zuul/util/HttpUtils.java
763	com.netflix.zuul.util.HttpUtils	isCompressed(java.lang.String)	0	1	[false]	false	package	false	file:///Users/nima/Developer/NullAwayFixer/Projects/zuul/zuul-core/src/main/java/com/netflix/zuul/util/HttpUtils.java
764	com.netflix.zuul.util.HttpUtils	isCompressed(com.netflix.zuul.message.Headers)	0	1	[false]	false	public	false	file:///Users/nima/Developer/NullAwayFixer/Projects/zuul/zuul-core/src/main/java/com/netflix/zuul/util/HttpUtils.java
765	com.netflix.zuul.util.HttpUtils	acceptsGzip(com.netflix.zuul.message.Headers)	0	1	[false]	false	public	false	file:///Users/nima/Developer/NullAwayFixer/Projects/zuul/zuul-core/src/main/java/com/netflix/zuul/util/HttpUtils.java
766	com.netflix.zuul.util.HttpUtils	stripMaliciousHeaderChars(java.lang.String)	0	1	[true]	false	public	true	file:///Users/nima/Developer/NullAwayFixer/Projects/zuul/zuul-core/src/main/java/com/netflix/zuul/util/HttpUtils.java
767	com.netflix.zuul.util.HttpUtils	hasNonZeroContentLengthHeader(com.netflix.zuul.message.ZuulMessage)	0	1	[false]	false	public	false	file:///Users/nima/Developer/NullAwayFixer/Projects/zuul/zuul-core/src/main/java/com/netflix/zuul/util/HttpUtils.java
768	com.netflix.zuul.util.HttpUtils	getContentLengthIfPresent(com.netflix.zuul.message.ZuulMessage)	0	1	[false]	false	public	true	file:///Users/nima/Developer/NullAwayFixer/Projects/zuul/zuul-core/src/main/java/com/netflix/zuul/util/HttpUtils.java
769	com.netflix.zuul.util.HttpUtils	getBodySizeIfKnown(com.netflix.zuul.message.ZuulMessage)	0	1	[false]	false	public	true	file:///Users/nima/Developer/NullAwayFixer/Projects/zuul/zuul-core/src/main/java/com/netflix/zuul/util/HttpUtils.java
770	com.netflix.zuul.util.HttpUtils	hasChunkedTransferEncodingHeader(com.netflix.zuul.message.ZuulMessage)	0	1	[false]	false	public	false	file:///Users/nima/Developer/NullAwayFixer/Projects/zuul/zuul-core/src/main/java/com/netflix/zuul/util/HttpUtils.java
771	com.netflix.zuul.util.HttpUtils	getMainChannel(io.netty.channel.ChannelHandlerContext)	0	1	[false]	false	public	true	file:///Users/nima/Developer/NullAwayFixer/Projects/zuul/zuul-core/src/main/java/com/netflix/zuul/util/HttpUtils.java
772	com.netflix.zuul.util.HttpUtils	getMainChannel(io.netty.channel.Channel)	0	1	[false]	false	public	true	file:///Users/nima/Developer/NullAwayFixer/Projects/zuul/zuul-core/src/main/java/com/netflix/zuul/util/HttpUtils.java
773	com.netflix.zuul.util.ProxyUtils	isValidRequestHeader(com.netflix.zuul.message.HeaderName)	0	1	[false]	false	public	false	file:///Users/nima/Developer/NullAwayFixer/Projects/zuul/zuul-core/src/main/java/com/netflix/zuul/util/ProxyUtils.java
774	com.netflix.zuul.util.ProxyUtils	isValidResponseHeader(com.netflix.zuul.message.HeaderName)	0	1	[false]	false	public	false	file:///Users/nima/Developer/NullAwayFixer/Projects/zuul/zuul-core/src/main/java/com/netflix/zuul/util/ProxyUtils.java
775	com.netflix.zuul.util.ProxyUtils	addXForwardedHeaders(com.netflix.zuul.message.http.HttpRequestMessage)	0	1	[false]	false	public	false	file:///Users/nima/Developer/NullAwayFixer/Projects/zuul/zuul-core/src/main/java/com/netflix/zuul/util/ProxyUtils.java
776	com.netflix.zuul.util.ProxyUtils	addXForwardedHeader(com.netflix.zuul.message.Headers,com.netflix.zuul.message.HeaderName,java.lang.String)	0	3	[false, false, false]	false	public	false	file:///Users/nima/Developer/NullAwayFixer/Projects/zuul/zuul-core/src/main/java/com/netflix/zuul/util/ProxyUtils.java
777	com.netflix.zuul.plugins.Tracer	startMicroTracer(java.lang.String)	778	1	[false]	false	public	true	file:///Users/nima/Developer/NullAwayFixer/Projects/zuul/zuul-core/src/main/java/com/netflix/zuul/plugins/Tracer.java
779	com.netflix.zuul.plugins.Tracer$SpectatorTracer	SpectatorTracer(java.lang.String)	0	1	[false]	false	private	false	file:///Users/nima/Developer/NullAwayFixer/Projects/zuul/zuul-core/src/main/java/com/netflix/zuul/plugins/Tracer.java
780	com.netflix.zuul.plugins.Tracer$SpectatorTracer	stopAndLog()	781	0	[]	false	public	false	file:///Users/nima/Developer/NullAwayFixer/Projects/zuul/zuul-core/src/main/java/com/netflix/zuul/plugins/Tracer.java
782	com.netflix.zuul.plugins.Tracer$SpectatorTracer	setName(java.lang.String)	783	1	[false]	false	public	false	file:///Users/nima/Developer/NullAwayFixer/Projects/zuul/zuul-core/src/main/java/com/netflix/zuul/plugins/Tracer.java
784	com.netflix.zuul.plugins.Tracer	getHostName()	0	0	[]	false	private	true	file:///Users/nima/Developer/NullAwayFixer/Projects/zuul/zuul-core/src/main/java/com/netflix/zuul/plugins/Tracer.java
785	com.netflix.zuul.plugins.Tracer	getIp()	0	0	[]	false	private	true	file:///Users/nima/Developer/NullAwayFixer/Projects/zuul/zuul-core/src/main/java/com/netflix/zuul/plugins/Tracer.java
786	com.netflix.zuul.plugins.Tracer	loadAddress()	0	0	[]	false	private	true	file:///Users/nima/Developer/NullAwayFixer/Projects/zuul/zuul-core/src/main/java/com/netflix/zuul/plugins/Tracer.java
787	com.netflix.zuul.monitoring.TracerFactory	initialize(com.netflix.zuul.monitoring.TracerFactory)	0	1	[false]	false	public	false	file:///Users/nima/Developer/NullAwayFixer/Projects/zuul/zuul-core/src/main/java/com/netflix/zuul/monitoring/TracerFactory.java
788	com.netflix.zuul.monitoring.TracerFactory	instance()	0	0	[]	false	public	true	file:///Users/nima/Developer/NullAwayFixer/Projects/zuul/zuul-core/src/main/java/com/netflix/zuul/monitoring/TracerFactory.java
778	com.netflix.zuul.monitoring.TracerFactory	startMicroTracer(java.lang.String)	0	1	[false]	false	public	true	file:///Users/nima/Developer/NullAwayFixer/Projects/zuul/zuul-core/src/main/java/com/netflix/zuul/monitoring/TracerFactory.java
789	com.netflix.zuul.message.util.HttpRequestBuilder	HttpRequestBuilder(com.netflix.zuul.context.SessionContext)	0	1	[false]	false	public	false	file:///Users/nima/Developer/NullAwayFixer/Projects/zuul/zuul-core/src/main/java/com/netflix/zuul/message/util/HttpRequestBuilder.java
790	com.netflix.zuul.message.util.HttpRequestBuilder	withDefaults()	0	0	[]	false	public	true	file:///Users/nima/Developer/NullAwayFixer/Projects/zuul/zuul-core/src/main/java/com/netflix/zuul/message/util/HttpRequestBuilder.java
791	com.netflix.zuul.message.util.HttpRequestBuilder	withHost(java.lang.String)	0	1	[false]	false	public	true	file:///Users/nima/Developer/NullAwayFixer/Projects/zuul/zuul-core/src/main/java/com/netflix/zuul/message/util/HttpRequestBuilder.java
792	com.netflix.zuul.message.util.HttpRequestBuilder	withHeaders(com.netflix.zuul.message.Headers)	0	1	[false]	false	public	true	file:///Users/nima/Developer/NullAwayFixer/Projects/zuul/zuul-core/src/main/java/com/netflix/zuul/message/util/HttpRequestBuilder.java
793	com.netflix.zuul.message.util.HttpRequestBuilder	withQueryParams(com.netflix.zuul.message.http.HttpQueryParams)	0	1	[false]	false	public	true	file:///Users/nima/Developer/NullAwayFixer/Projects/zuul/zuul-core/src/main/java/com/netflix/zuul/message/util/HttpRequestBuilder.java
794	com.netflix.zuul.message.util.HttpRequestBuilder	withMethod(io.netty.handler.codec.http.HttpMethod)	0	1	[false]	false	public	true	file:///Users/nima/Developer/NullAwayFixer/Projects/zuul/zuul-core/src/main/java/com/netflix/zuul/message/util/HttpRequestBuilder.java
795	com.netflix.zuul.message.util.HttpRequestBuilder	withUri(java.lang.String)	0	1	[false]	false	public	true	file:///Users/nima/Developer/NullAwayFixer/Projects/zuul/zuul-core/src/main/java/com/netflix/zuul/message/util/HttpRequestBuilder.java
796	com.netflix.zuul.message.util.HttpRequestBuilder	build()	0	0	[]	false	public	true	file:///Users/nima/Developer/NullAwayFixer/Projects/zuul/zuul-core/src/main/java/com/netflix/zuul/message/util/HttpRequestBuilder.java
797	com.netflix.zuul.message.http.HttpResponseMessageImpl	HttpResponseMessageImpl(com.netflix.zuul.context.SessionContext,com.netflix.zuul.message.http.HttpRequestMessage,int)	0	3	[false, false, false]	false	public	false	file:///Users/nima/Developer/NullAwayFixer/Projects/zuul/zuul-core/src/main/java/com/netflix/zuul/message/http/HttpResponseMessageImpl.java
798	com.netflix.zuul.message.http.HttpResponseMessageImpl	HttpResponseMessageImpl(com.netflix.zuul.context.SessionContext,com.netflix.zuul.message.Headers,com.netflix.zuul.message.http.HttpRequestMessage,int)	0	4	[false, false, false, false]	false	public	false	file:///Users/nima/Developer/NullAwayFixer/Projects/zuul/zuul-core/src/main/java/com/netflix/zuul/message/http/HttpResponseMessageImpl.java
799	com.netflix.zuul.message.http.HttpResponseMessageImpl	defaultErrorResponse(com.netflix.zuul.message.http.HttpRequestMessage)	0	1	[false]	false	public	true	file:///Users/nima/Developer/NullAwayFixer/Projects/zuul/zuul-core/src/main/java/com/netflix/zuul/message/http/HttpResponseMessageImpl.java
800	com.netflix.zuul.message.http.HttpResponseMessageImpl	getHeaders()	73	0	[]	false	public	true	file:///Users/nima/Developer/NullAwayFixer/Projects/zuul/zuul-core/src/main/java/com/netflix/zuul/message/http/HttpResponseMessageImpl.java
801	com.netflix.zuul.message.http.HttpResponseMessageImpl	getContext()	72	0	[]	false	public	true	file:///Users/nima/Developer/NullAwayFixer/Projects/zuul/zuul-core/src/main/java/com/netflix/zuul/message/http/HttpResponseMessageImpl.java
802	com.netflix.zuul.message.http.HttpResponseMessageImpl	setHeaders(com.netflix.zuul.message.Headers)	74	1	[false]	false	public	false	file:///Users/nima/Developer/NullAwayFixer/Projects/zuul/zuul-core/src/main/java/com/netflix/zuul/message/http/HttpResponseMessageImpl.java
803	com.netflix.zuul.message.http.HttpResponseMessageImpl	setHasBody(boolean)	76	1	[false]	false	public	false	file:///Users/nima/Developer/NullAwayFixer/Projects/zuul/zuul-core/src/main/java/com/netflix/zuul/message/http/HttpResponseMessageImpl.java
804	com.netflix.zuul.message.http.HttpResponseMessageImpl	hasBody()	75	0	[]	false	public	false	file:///Users/nima/Developer/NullAwayFixer/Projects/zuul/zuul-core/src/main/java/com/netflix/zuul/message/http/HttpResponseMessageImpl.java
805	com.netflix.zuul.message.http.HttpResponseMessageImpl	bufferBodyContents(io.netty.handler.codec.http.HttpContent)	81	1	[false]	false	public	false	file:///Users/nima/Developer/NullAwayFixer/Projects/zuul/zuul-core/src/main/java/com/netflix/zuul/message/http/HttpResponseMessageImpl.java
806	com.netflix.zuul.message.http.HttpResponseMessageImpl	setBodyAsText(java.lang.String)	80	1	[false]	false	public	false	file:///Users/nima/Developer/NullAwayFixer/Projects/zuul/zuul-core/src/main/java/com/netflix/zuul/message/http/HttpResponseMessageImpl.java
807	com.netflix.zuul.message.http.HttpResponseMessageImpl	setBody(byte[])	79	1	[false]	false	public	false	file:///Users/nima/Developer/NullAwayFixer/Projects/zuul/zuul-core/src/main/java/com/netflix/zuul/message/http/HttpResponseMessageImpl.java
808	com.netflix.zuul.message.http.HttpResponseMessageImpl	getBodyAsText()	87	0	[]	false	public	true	file:///Users/nima/Developer/NullAwayFixer/Projects/zuul/zuul-core/src/main/java/com/netflix/zuul/message/http/HttpResponseMessageImpl.java
809	com.netflix.zuul.message.http.HttpResponseMessageImpl	getBody()	77	0	[]	false	public	true	file:///Users/nima/Developer/NullAwayFixer/Projects/zuul/zuul-core/src/main/java/com/netflix/zuul/message/http/HttpResponseMessageImpl.java
810	com.netflix.zuul.message.http.HttpResponseMessageImpl	getBodyLength()	78	0	[]	false	public	false	file:///Users/nima/Developer/NullAwayFixer/Projects/zuul/zuul-core/src/main/java/com/netflix/zuul/message/http/HttpResponseMessageImpl.java
811	com.netflix.zuul.message.http.HttpResponseMessageImpl	hasCompleteBody()	84	0	[]	false	public	false	file:///Users/nima/Developer/NullAwayFixer/Projects/zuul/zuul-core/src/main/java/com/netflix/zuul/message/http/HttpResponseMessageImpl.java
812	com.netflix.zuul.message.http.HttpResponseMessageImpl	finishBufferedBodyIfIncomplete()	83	0	[]	false	public	false	file:///Users/nima/Developer/NullAwayFixer/Projects/zuul/zuul-core/src/main/java/com/netflix/zuul/message/http/HttpResponseMessageImpl.java
813	com.netflix.zuul.message.http.HttpResponseMessageImpl	getBodyContents()	82	0	[]	false	public	true	file:///Users/nima/Developer/NullAwayFixer/Projects/zuul/zuul-core/src/main/java/com/netflix/zuul/message/http/HttpResponseMessageImpl.java
814	com.netflix.zuul.message.http.HttpResponseMessageImpl	resetBodyReader()	88	0	[]	false	public	false	file:///Users/nima/Developer/NullAwayFixer/Projects/zuul/zuul-core/src/main/java/com/netflix/zuul/message/http/HttpResponseMessageImpl.java
815	com.netflix.zuul.message.http.HttpResponseMessageImpl	runBufferedBodyContentThroughFilter(com.netflix.zuul.filters.ZuulFilter)	85	1	[false]	false	public	false	file:///Users/nima/Developer/NullAwayFixer/Projects/zuul/zuul-core/src/main/java/com/netflix/zuul/message/http/HttpResponseMessageImpl.java
816	com.netflix.zuul.message.http.HttpResponseMessageImpl	disposeBufferedBody()	86	0	[]	false	public	false	file:///Users/nima/Developer/NullAwayFixer/Projects/zuul/zuul-core/src/main/java/com/netflix/zuul/message/http/HttpResponseMessageImpl.java
817	com.netflix.zuul.message.http.HttpResponseMessageImpl	getInboundRequest()	257	0	[]	false	public	true	file:///Users/nima/Developer/NullAwayFixer/Projects/zuul/zuul-core/src/main/java/com/netflix/zuul/message/http/HttpResponseMessageImpl.java
818	com.netflix.zuul.message.http.HttpResponseMessageImpl	getOutboundRequest()	253	0	[]	false	public	true	file:///Users/nima/Developer/NullAwayFixer/Projects/zuul/zuul-core/src/main/java/com/netflix/zuul/message/http/HttpResponseMessageImpl.java
819	com.netflix.zuul.message.http.HttpResponseMessageImpl	getStatus()	256	0	[]	false	public	false	file:///Users/nima/Developer/NullAwayFixer/Projects/zuul/zuul-core/src/main/java/com/netflix/zuul/message/http/HttpResponseMessageImpl.java
820	com.netflix.zuul.message.http.HttpResponseMessageImpl	setStatus(int)	248	1	[false]	false	public	false	file:///Users/nima/Developer/NullAwayFixer/Projects/zuul/zuul-core/src/main/java/com/netflix/zuul/message/http/HttpResponseMessageImpl.java
821	com.netflix.zuul.message.http.HttpResponseMessageImpl	getMaxBodySize()	249	0	[]	false	public	false	file:///Users/nima/Developer/NullAwayFixer/Projects/zuul/zuul-core/src/main/java/com/netflix/zuul/message/http/HttpResponseMessageImpl.java
822	com.netflix.zuul.message.http.HttpResponseMessageImpl	parseSetCookieHeader(java.lang.String)	260	1	[false]	false	public	true	file:///Users/nima/Developer/NullAwayFixer/Projects/zuul/zuul-core/src/main/java/com/netflix/zuul/message/http/HttpResponseMessageImpl.java
823	com.netflix.zuul.message.http.HttpResponseMessageImpl	hasSetCookieWithName(java.lang.String)	261	1	[false]	false	public	false	file:///Users/nima/Developer/NullAwayFixer/Projects/zuul/zuul-core/src/main/java/com/netflix/zuul/message/http/HttpResponseMessageImpl.java
824	com.netflix.zuul.message.http.HttpResponseMessageImpl	removeExistingSetCookie(java.lang.String)	252	1	[false]	false	public	false	file:///Users/nima/Developer/NullAwayFixer/Projects/zuul/zuul-core/src/main/java/com/netflix/zuul/message/http/HttpResponseMessageImpl.java
825	com.netflix.zuul.message.http.HttpResponseMessageImpl	addSetCookie(io.netty.handler.codec.http.Cookie)	250	1	[false]	false	public	false	file:///Users/nima/Developer/NullAwayFixer/Projects/zuul/zuul-core/src/main/java/com/netflix/zuul/message/http/HttpResponseMessageImpl.java
826	com.netflix.zuul.message.http.HttpResponseMessageImpl	setSetCookie(io.netty.handler.codec.http.Cookie)	251	1	[false]	false	public	false	file:///Users/nima/Developer/NullAwayFixer/Projects/zuul/zuul-core/src/main/java/com/netflix/zuul/message/http/HttpResponseMessageImpl.java
827	com.netflix.zuul.message.http.HttpResponseMessageImpl	clone()	258	0	[]	false	public	true	file:///Users/nima/Developer/NullAwayFixer/Projects/zuul/zuul-core/src/main/java/com/netflix/zuul/message/http/HttpResponseMessageImpl.java
828	com.netflix.zuul.message.http.HttpResponseMessageImpl	copyResponseInfo()	0	0	[]	false	protected	true	file:///Users/nima/Developer/NullAwayFixer/Projects/zuul/zuul-core/src/main/java/com/netflix/zuul/message/http/HttpResponseMessageImpl.java
829	com.netflix.zuul.message.http.HttpResponseMessageImpl	toString()	94	0	[]	false	public	true	file:///Users/nima/Developer/NullAwayFixer/Projects/zuul/zuul-core/src/main/java/com/netflix/zuul/message/http/HttpResponseMessageImpl.java
830	com.netflix.zuul.message.http.HttpResponseMessageImpl	storeInboundResponse()	255	0	[]	false	public	false	file:///Users/nima/Developer/NullAwayFixer/Projects/zuul/zuul-core/src/main/java/com/netflix/zuul/message/http/HttpResponseMessageImpl.java
831	com.netflix.zuul.message.http.HttpResponseMessageImpl	getInboundResponse()	254	0	[]	false	public	true	file:///Users/nima/Developer/NullAwayFixer/Projects/zuul/zuul-core/src/main/java/com/netflix/zuul/message/http/HttpResponseMessageImpl.java
832	com.netflix.zuul.message.http.HttpResponseMessageImpl	getInfoForLogging()	259	0	[]	false	public	true	file:///Users/nima/Developer/NullAwayFixer/Projects/zuul/zuul-core/src/main/java/com/netflix/zuul/message/http/HttpResponseMessageImpl.java
833	com.netflix.zuul.message.http.HttpRequestMessageImpl$1	toString()	94	0	[]	false	public	true	file:///Users/nima/Developer/NullAwayFixer/Projects/zuul/zuul-core/src/main/java/com/netflix/zuul/message/http/HttpRequestMessageImpl.java
834	com.netflix.zuul.message.http.HttpRequestMessageImpl	HttpRequestMessageImpl(com.netflix.zuul.context.SessionContext,java.lang.String,java.lang.String,java.lang.String,com.netflix.zuul.message.http.HttpQueryParams,com.netflix.zuul.message.Headers,java.lang.String,java.lang.String,int,java.lang.String)	0	10	[false, false, false, false, false, false, false, false, false, false]	false	public	false	file:///Users/nima/Developer/NullAwayFixer/Projects/zuul/zuul-core/src/main/java/com/netflix/zuul/message/http/HttpRequestMessageImpl.java
835	com.netflix.zuul.message.http.HttpRequestMessageImpl	HttpRequestMessageImpl(com.netflix.zuul.context.SessionContext,java.lang.String,java.lang.String,java.lang.String,com.netflix.zuul.message.http.HttpQueryParams,com.netflix.zuul.message.Headers,java.lang.String,java.lang.String,int,java.lang.String,java.net.SocketAddress,boolean)	0	12	[false, false, false, false, false, false, false, false, false, false, false, false]	false	public	false	file:///Users/nima/Developer/NullAwayFixer/Projects/zuul/zuul-core/src/main/java/com/netflix/zuul/message/http/HttpRequestMessageImpl.java
836	com.netflix.zuul.message.http.HttpRequestMessageImpl	immutableCheck()	0	0	[]	false	private	false	file:///Users/nima/Developer/NullAwayFixer/Projects/zuul/zuul-core/src/main/java/com/netflix/zuul/message/http/HttpRequestMessageImpl.java
837	com.netflix.zuul.message.http.HttpRequestMessageImpl	getContext()	72	0	[]	false	public	true	file:///Users/nima/Developer/NullAwayFixer/Projects/zuul/zuul-core/src/main/java/com/netflix/zuul/message/http/HttpRequestMessageImpl.java
838	com.netflix.zuul.message.http.HttpRequestMessageImpl	getHeaders()	276	0	[]	false	public	true	file:///Users/nima/Developer/NullAwayFixer/Projects/zuul/zuul-core/src/main/java/com/netflix/zuul/message/http/HttpRequestMessageImpl.java
839	com.netflix.zuul.message.http.HttpRequestMessageImpl	setHeaders(com.netflix.zuul.message.Headers)	74	1	[false]	false	public	false	file:///Users/nima/Developer/NullAwayFixer/Projects/zuul/zuul-core/src/main/java/com/netflix/zuul/message/http/HttpRequestMessageImpl.java
840	com.netflix.zuul.message.http.HttpRequestMessageImpl	setHasBody(boolean)	76	1	[false]	false	public	false	file:///Users/nima/Developer/NullAwayFixer/Projects/zuul/zuul-core/src/main/java/com/netflix/zuul/message/http/HttpRequestMessageImpl.java
841	com.netflix.zuul.message.http.HttpRequestMessageImpl	hasBody()	75	0	[]	false	public	false	file:///Users/nima/Developer/NullAwayFixer/Projects/zuul/zuul-core/src/main/java/com/netflix/zuul/message/http/HttpRequestMessageImpl.java
842	com.netflix.zuul.message.http.HttpRequestMessageImpl	bufferBodyContents(io.netty.handler.codec.http.HttpContent)	81	1	[false]	false	public	false	file:///Users/nima/Developer/NullAwayFixer/Projects/zuul/zuul-core/src/main/java/com/netflix/zuul/message/http/HttpRequestMessageImpl.java
843	com.netflix.zuul.message.http.HttpRequestMessageImpl	setBodyAsText(java.lang.String)	80	1	[false]	false	public	false	file:///Users/nima/Developer/NullAwayFixer/Projects/zuul/zuul-core/src/main/java/com/netflix/zuul/message/http/HttpRequestMessageImpl.java
844	com.netflix.zuul.message.http.HttpRequestMessageImpl	setBody(byte[])	79	1	[false]	false	public	false	file:///Users/nima/Developer/NullAwayFixer/Projects/zuul/zuul-core/src/main/java/com/netflix/zuul/message/http/HttpRequestMessageImpl.java
845	com.netflix.zuul.message.http.HttpRequestMessageImpl	finishBufferedBodyIfIncomplete()	83	0	[]	false	public	false	file:///Users/nima/Developer/NullAwayFixer/Projects/zuul/zuul-core/src/main/java/com/netflix/zuul/message/http/HttpRequestMessageImpl.java
846	com.netflix.zuul.message.http.HttpRequestMessageImpl	getBodyContents()	82	0	[]	false	public	true	file:///Users/nima/Developer/NullAwayFixer/Projects/zuul/zuul-core/src/main/java/com/netflix/zuul/message/http/HttpRequestMessageImpl.java
847	com.netflix.zuul.message.http.HttpRequestMessageImpl	runBufferedBodyContentThroughFilter(com.netflix.zuul.filters.ZuulFilter)	85	1	[false]	false	public	false	file:///Users/nima/Developer/NullAwayFixer/Projects/zuul/zuul-core/src/main/java/com/netflix/zuul/message/http/HttpRequestMessageImpl.java
848	com.netflix.zuul.message.http.HttpRequestMessageImpl	getBodyAsText()	87	0	[]	false	public	true	file:///Users/nima/Developer/NullAwayFixer/Projects/zuul/zuul-core/src/main/java/com/netflix/zuul/message/http/HttpRequestMessageImpl.java
849	com.netflix.zuul.message.http.HttpRequestMessageImpl	getBody()	77	0	[]	false	public	true	file:///Users/nima/Developer/NullAwayFixer/Projects/zuul/zuul-core/src/main/java/com/netflix/zuul/message/http/HttpRequestMessageImpl.java
850	com.netflix.zuul.message.http.HttpRequestMessageImpl	getBodyLength()	78	0	[]	false	public	false	file:///Users/nima/Developer/NullAwayFixer/Projects/zuul/zuul-core/src/main/java/com/netflix/zuul/message/http/HttpRequestMessageImpl.java
851	com.netflix.zuul.message.http.HttpRequestMessageImpl	resetBodyReader()	88	0	[]	false	public	false	file:///Users/nima/Developer/NullAwayFixer/Projects/zuul/zuul-core/src/main/java/com/netflix/zuul/message/http/HttpRequestMessageImpl.java
852	com.netflix.zuul.message.http.HttpRequestMessageImpl	hasCompleteBody()	84	0	[]	false	public	false	file:///Users/nima/Developer/NullAwayFixer/Projects/zuul/zuul-core/src/main/java/com/netflix/zuul/message/http/HttpRequestMessageImpl.java
853	com.netflix.zuul.message.http.HttpRequestMessageImpl	disposeBufferedBody()	86	0	[]	false	public	false	file:///Users/nima/Developer/NullAwayFixer/Projects/zuul/zuul-core/src/main/java/com/netflix/zuul/message/http/HttpRequestMessageImpl.java
854	com.netflix.zuul.message.http.HttpRequestMessageImpl	getProtocol()	271	0	[]	false	public	true	file:///Users/nima/Developer/NullAwayFixer/Projects/zuul/zuul-core/src/main/java/com/netflix/zuul/message/http/HttpRequestMessageImpl.java
855	com.netflix.zuul.message.http.HttpRequestMessageImpl	setProtocol(java.lang.String)	262	1	[false]	false	public	false	file:///Users/nima/Developer/NullAwayFixer/Projects/zuul/zuul-core/src/main/java/com/netflix/zuul/message/http/HttpRequestMessageImpl.java
856	com.netflix.zuul.message.http.HttpRequestMessageImpl	getMethod()	272	0	[]	false	public	true	file:///Users/nima/Developer/NullAwayFixer/Projects/zuul/zuul-core/src/main/java/com/netflix/zuul/message/http/HttpRequestMessageImpl.java
857	com.netflix.zuul.message.http.HttpRequestMessageImpl	setMethod(java.lang.String)	263	1	[false]	false	public	false	file:///Users/nima/Developer/NullAwayFixer/Projects/zuul/zuul-core/src/main/java/com/netflix/zuul/message/http/HttpRequestMessageImpl.java
858	com.netflix.zuul.message.http.HttpRequestMessageImpl	getPath()	273	0	[]	false	public	true	file:///Users/nima/Developer/NullAwayFixer/Projects/zuul/zuul-core/src/main/java/com/netflix/zuul/message/http/HttpRequestMessageImpl.java
859	com.netflix.zuul.message.http.HttpRequestMessageImpl	setPath(java.lang.String)	264	1	[false]	false	public	false	file:///Users/nima/Developer/NullAwayFixer/Projects/zuul/zuul-core/src/main/java/com/netflix/zuul/message/http/HttpRequestMessageImpl.java
860	com.netflix.zuul.message.http.HttpRequestMessageImpl	getQueryParams()	274	0	[]	false	public	true	file:///Users/nima/Developer/NullAwayFixer/Projects/zuul/zuul-core/src/main/java/com/netflix/zuul/message/http/HttpRequestMessageImpl.java
861	com.netflix.zuul.message.http.HttpRequestMessageImpl	getPathAndQuery()	275	0	[]	false	public	true	file:///Users/nima/Developer/NullAwayFixer/Projects/zuul/zuul-core/src/main/java/com/netflix/zuul/message/http/HttpRequestMessageImpl.java
862	com.netflix.zuul.message.http.HttpRequestMessageImpl	generatePathAndQuery()	0	0	[]	false	protected	true	file:///Users/nima/Developer/NullAwayFixer/Projects/zuul/zuul-core/src/main/java/com/netflix/zuul/message/http/HttpRequestMessageImpl.java
863	com.netflix.zuul.message.http.HttpRequestMessageImpl	getClientIp()	277	0	[]	false	public	true	file:///Users/nima/Developer/NullAwayFixer/Projects/zuul/zuul-core/src/main/java/com/netflix/zuul/message/http/HttpRequestMessageImpl.java
864	com.netflix.zuul.message.http.HttpRequestMessageImpl	setClientIp(java.lang.String)	0	1	[false]	false	package	false	file:///Users/nima/Developer/NullAwayFixer/Projects/zuul/zuul-core/src/main/java/com/netflix/zuul/message/http/HttpRequestMessageImpl.java
865	com.netflix.zuul.message.http.HttpRequestMessageImpl	getScheme()	278	0	[]	false	public	true	file:///Users/nima/Developer/NullAwayFixer/Projects/zuul/zuul-core/src/main/java/com/netflix/zuul/message/http/HttpRequestMessageImpl.java
866	com.netflix.zuul.message.http.HttpRequestMessageImpl	setScheme(java.lang.String)	265	1	[false]	false	public	false	file:///Users/nima/Developer/NullAwayFixer/Projects/zuul/zuul-core/src/main/java/com/netflix/zuul/message/http/HttpRequestMessageImpl.java
867	com.netflix.zuul.message.http.HttpRequestMessageImpl	getPort()	279	0	[]	false	public	false	file:///Users/nima/Developer/NullAwayFixer/Projects/zuul/zuul-core/src/main/java/com/netflix/zuul/message/http/HttpRequestMessageImpl.java
868	com.netflix.zuul.message.http.HttpRequestMessageImpl	setPort(int)	0	1	[false]	false	package	false	file:///Users/nima/Developer/NullAwayFixer/Projects/zuul/zuul-core/src/main/java/com/netflix/zuul/message/http/HttpRequestMessageImpl.java
869	com.netflix.zuul.message.http.HttpRequestMessageImpl	getServerName()	280	0	[]	false	public	true	file:///Users/nima/Developer/NullAwayFixer/Projects/zuul/zuul-core/src/main/java/com/netflix/zuul/message/http/HttpRequestMessageImpl.java
870	com.netflix.zuul.message.http.HttpRequestMessageImpl	setServerName(java.lang.String)	266	1	[false]	false	public	false	file:///Users/nima/Developer/NullAwayFixer/Projects/zuul/zuul-core/src/main/java/com/netflix/zuul/message/http/HttpRequestMessageImpl.java
871	com.netflix.zuul.message.http.HttpRequestMessageImpl	parseCookies()	289	0	[]	false	public	true	file:///Users/nima/Developer/NullAwayFixer/Projects/zuul/zuul-core/src/main/java/com/netflix/zuul/message/http/HttpRequestMessageImpl.java
872	com.netflix.zuul.message.http.HttpRequestMessageImpl	reParseCookies()	290	0	[]	false	public	true	file:///Users/nima/Developer/NullAwayFixer/Projects/zuul/zuul-core/src/main/java/com/netflix/zuul/message/http/HttpRequestMessageImpl.java
873	com.netflix.zuul.message.http.HttpRequestMessageImpl	cleanCookieHeader(java.lang.String)	0	1	[false]	false	package	true	file:///Users/nima/Developer/NullAwayFixer/Projects/zuul/zuul-core/src/main/java/com/netflix/zuul/message/http/HttpRequestMessageImpl.java
874	com.netflix.zuul.message.http.HttpRequestMessageImpl	getMaxBodySize()	281	0	[]	false	public	false	file:///Users/nima/Developer/NullAwayFixer/Projects/zuul/zuul-core/src/main/java/com/netflix/zuul/message/http/HttpRequestMessageImpl.java
875	com.netflix.zuul.message.http.HttpRequestMessageImpl	clone()	267	0	[]	false	public	true	file:///Users/nima/Developer/NullAwayFixer/Projects/zuul/zuul-core/src/main/java/com/netflix/zuul/message/http/HttpRequestMessageImpl.java
876	com.netflix.zuul.message.http.HttpRequestMessageImpl	copyRequestInfo()	0	0	[]	false	protected	true	file:///Users/nima/Developer/NullAwayFixer/Projects/zuul/zuul-core/src/main/java/com/netflix/zuul/message/http/HttpRequestMessageImpl.java
877	com.netflix.zuul.message.http.HttpRequestMessageImpl	storeInboundRequest()	268	0	[]	false	public	false	file:///Users/nima/Developer/NullAwayFixer/Projects/zuul/zuul-core/src/main/java/com/netflix/zuul/message/http/HttpRequestMessageImpl.java
878	com.netflix.zuul.message.http.HttpRequestMessageImpl	getInboundRequest()	269	0	[]	false	public	true	file:///Users/nima/Developer/NullAwayFixer/Projects/zuul/zuul-core/src/main/java/com/netflix/zuul/message/http/HttpRequestMessageImpl.java
879	com.netflix.zuul.message.http.HttpRequestMessageImpl	setQueryParams(com.netflix.zuul.message.http.HttpQueryParams)	270	1	[false]	false	public	false	file:///Users/nima/Developer/NullAwayFixer/Projects/zuul/zuul-core/src/main/java/com/netflix/zuul/message/http/HttpRequestMessageImpl.java
880	com.netflix.zuul.message.http.HttpRequestMessageImpl	getInfoForLogging()	282	0	[]	false	public	true	file:///Users/nima/Developer/NullAwayFixer/Projects/zuul/zuul-core/src/main/java/com/netflix/zuul/message/http/HttpRequestMessageImpl.java
881	com.netflix.zuul.message.http.HttpRequestMessageImpl	generateInfoForLogging()	0	0	[]	false	protected	true	file:///Users/nima/Developer/NullAwayFixer/Projects/zuul/zuul-core/src/main/java/com/netflix/zuul/message/http/HttpRequestMessageImpl.java
882	com.netflix.zuul.message.http.HttpRequestMessageImpl	getOriginalHost()	283	0	[]	false	public	true	file:///Users/nima/Developer/NullAwayFixer/Projects/zuul/zuul-core/src/main/java/com/netflix/zuul/message/http/HttpRequestMessageImpl.java
883	com.netflix.zuul.message.http.HttpRequestMessageImpl	getOriginalHost(com.netflix.zuul.message.Headers,java.lang.String)	0	2	[false, false]	false	package	true	file:///Users/nima/Developer/NullAwayFixer/Projects/zuul/zuul-core/src/main/java/com/netflix/zuul/message/http/HttpRequestMessageImpl.java
884	com.netflix.zuul.message.http.HttpRequestMessageImpl	getOriginalScheme()	284	0	[]	false	public	true	file:///Users/nima/Developer/NullAwayFixer/Projects/zuul/zuul-core/src/main/java/com/netflix/zuul/message/http/HttpRequestMessageImpl.java
885	com.netflix.zuul.message.http.HttpRequestMessageImpl	getOriginalProtocol()	285	0	[]	false	public	true	file:///Users/nima/Developer/NullAwayFixer/Projects/zuul/zuul-core/src/main/java/com/netflix/zuul/message/http/HttpRequestMessageImpl.java
886	com.netflix.zuul.message.http.HttpRequestMessageImpl	getOriginalPort()	286	0	[]	false	public	false	file:///Users/nima/Developer/NullAwayFixer/Projects/zuul/zuul-core/src/main/java/com/netflix/zuul/message/http/HttpRequestMessageImpl.java
887	com.netflix.zuul.message.http.HttpRequestMessageImpl	getOriginalPort(com.netflix.zuul.context.SessionContext,com.netflix.zuul.message.Headers,int)	0	3	[false, false, false]	false	package	false	file:///Users/nima/Developer/NullAwayFixer/Projects/zuul/zuul-core/src/main/java/com/netflix/zuul/message/http/HttpRequestMessageImpl.java
888	com.netflix.zuul.message.http.HttpRequestMessageImpl	getClientDestinationPort()	287	0	[]	false	public	true	file:///Users/nima/Developer/NullAwayFixer/Projects/zuul/zuul-core/src/main/java/com/netflix/zuul/message/http/HttpRequestMessageImpl.java
889	com.netflix.zuul.message.http.HttpRequestMessageImpl	parseHostHeader(com.netflix.zuul.message.Headers)	0	1	[false]	false	private	true	file:///Users/nima/Developer/NullAwayFixer/Projects/zuul/zuul-core/src/main/java/com/netflix/zuul/message/http/HttpRequestMessageImpl.java
890	com.netflix.zuul.message.http.HttpRequestMessageImpl	reconstructURI()	288	0	[]	false	public	true	file:///Users/nima/Developer/NullAwayFixer/Projects/zuul/zuul-core/src/main/java/com/netflix/zuul/message/http/HttpRequestMessageImpl.java
891	com.netflix.zuul.message.http.HttpRequestMessageImpl	_reconstructURI()	0	0	[]	false	protected	true	file:///Users/nima/Developer/NullAwayFixer/Projects/zuul/zuul-core/src/main/java/com/netflix/zuul/message/http/HttpRequestMessageImpl.java
892	com.netflix.zuul.message.http.HttpRequestMessageImpl	toString()	94	0	[]	false	public	true	file:///Users/nima/Developer/NullAwayFixer/Projects/zuul/zuul-core/src/main/java/com/netflix/zuul/message/http/HttpRequestMessageImpl.java
893	com.netflix.zuul.message.ZuulMessageImpl	ZuulMessageImpl(com.netflix.zuul.context.SessionContext)	0	1	[false]	false	public	false	file:///Users/nima/Developer/NullAwayFixer/Projects/zuul/zuul-core/src/main/java/com/netflix/zuul/message/ZuulMessageImpl.java
894	com.netflix.zuul.message.ZuulMessageImpl	ZuulMessageImpl(com.netflix.zuul.context.SessionContext,com.netflix.zuul.message.Headers)	0	2	[false, false]	false	public	false	file:///Users/nima/Developer/NullAwayFixer/Projects/zuul/zuul-core/src/main/java/com/netflix/zuul/message/ZuulMessageImpl.java
895	com.netflix.zuul.message.ZuulMessageImpl	getContext()	72	0	[]	false	public	true	file:///Users/nima/Developer/NullAwayFixer/Projects/zuul/zuul-core/src/main/java/com/netflix/zuul/message/ZuulMessageImpl.java
896	com.netflix.zuul.message.ZuulMessageImpl	getHeaders()	73	0	[]	false	public	true	file:///Users/nima/Developer/NullAwayFixer/Projects/zuul/zuul-core/src/main/java/com/netflix/zuul/message/ZuulMessageImpl.java
897	com.netflix.zuul.message.ZuulMessageImpl	setHeaders(com.netflix.zuul.message.Headers)	74	1	[false]	false	public	false	file:///Users/nima/Developer/NullAwayFixer/Projects/zuul/zuul-core/src/main/java/com/netflix/zuul/message/ZuulMessageImpl.java
898	com.netflix.zuul.message.ZuulMessageImpl	getMaxBodySize()	89	0	[]	false	public	false	file:///Users/nima/Developer/NullAwayFixer/Projects/zuul/zuul-core/src/main/java/com/netflix/zuul/message/ZuulMessageImpl.java
899	com.netflix.zuul.message.ZuulMessageImpl	setHasBody(boolean)	76	1	[false]	false	public	false	file:///Users/nima/Developer/NullAwayFixer/Projects/zuul/zuul-core/src/main/java/com/netflix/zuul/message/ZuulMessageImpl.java
900	com.netflix.zuul.message.ZuulMessageImpl	hasBody()	75	0	[]	false	public	false	file:///Users/nima/Developer/NullAwayFixer/Projects/zuul/zuul-core/src/main/java/com/netflix/zuul/message/ZuulMessageImpl.java
901	com.netflix.zuul.message.ZuulMessageImpl	hasCompleteBody()	84	0	[]	false	public	false	file:///Users/nima/Developer/NullAwayFixer/Projects/zuul/zuul-core/src/main/java/com/netflix/zuul/message/ZuulMessageImpl.java
902	com.netflix.zuul.message.ZuulMessageImpl	bufferBodyContents(io.netty.handler.codec.http.HttpContent)	81	1	[false]	false	public	false	file:///Users/nima/Developer/NullAwayFixer/Projects/zuul/zuul-core/src/main/java/com/netflix/zuul/message/ZuulMessageImpl.java
903	com.netflix.zuul.message.ZuulMessageImpl	setContentLength(int)	0	1	[false]	false	private	false	file:///Users/nima/Developer/NullAwayFixer/Projects/zuul/zuul-core/src/main/java/com/netflix/zuul/message/ZuulMessageImpl.java
904	com.netflix.zuul.message.ZuulMessageImpl	setBodyAsText(java.lang.String)	80	1	[false]	false	public	false	file:///Users/nima/Developer/NullAwayFixer/Projects/zuul/zuul-core/src/main/java/com/netflix/zuul/message/ZuulMessageImpl.java
905	com.netflix.zuul.message.ZuulMessageImpl	setBody(byte[])	79	1	[false]	false	public	false	file:///Users/nima/Developer/NullAwayFixer/Projects/zuul/zuul-core/src/main/java/com/netflix/zuul/message/ZuulMessageImpl.java
906	com.netflix.zuul.message.ZuulMessageImpl	getBodyAsText()	87	0	[]	false	public	true	file:///Users/nima/Developer/NullAwayFixer/Projects/zuul/zuul-core/src/main/java/com/netflix/zuul/message/ZuulMessageImpl.java
907	com.netflix.zuul.message.ZuulMessageImpl	getBody()	77	0	[]	false	public	true	file:///Users/nima/Developer/NullAwayFixer/Projects/zuul/zuul-core/src/main/java/com/netflix/zuul/message/ZuulMessageImpl.java
908	com.netflix.zuul.message.ZuulMessageImpl	getBodyLength()	78	0	[]	false	public	false	file:///Users/nima/Developer/NullAwayFixer/Projects/zuul/zuul-core/src/main/java/com/netflix/zuul/message/ZuulMessageImpl.java
909	com.netflix.zuul.message.ZuulMessageImpl	getBodyContents()	82	0	[]	false	public	true	file:///Users/nima/Developer/NullAwayFixer/Projects/zuul/zuul-core/src/main/java/com/netflix/zuul/message/ZuulMessageImpl.java
910	com.netflix.zuul.message.ZuulMessageImpl	resetBodyReader()	88	0	[]	false	public	false	file:///Users/nima/Developer/NullAwayFixer/Projects/zuul/zuul-core/src/main/java/com/netflix/zuul/message/ZuulMessageImpl.java
911	com.netflix.zuul.message.ZuulMessageImpl	finishBufferedBodyIfIncomplete()	83	0	[]	false	public	false	file:///Users/nima/Developer/NullAwayFixer/Projects/zuul/zuul-core/src/main/java/com/netflix/zuul/message/ZuulMessageImpl.java
912	com.netflix.zuul.message.ZuulMessageImpl	disposeBufferedBody()	86	0	[]	false	public	false	file:///Users/nima/Developer/NullAwayFixer/Projects/zuul/zuul-core/src/main/java/com/netflix/zuul/message/ZuulMessageImpl.java
913	com.netflix.zuul.message.ZuulMessageImpl	runBufferedBodyContentThroughFilter(com.netflix.zuul.filters.ZuulFilter<?,?>)	85	1	[false]	false	public	false	file:///Users/nima/Developer/NullAwayFixer/Projects/zuul/zuul-core/src/main/java/com/netflix/zuul/message/ZuulMessageImpl.java
914	com.netflix.zuul.message.ZuulMessageImpl	clone()	90	0	[]	false	public	true	file:///Users/nima/Developer/NullAwayFixer/Projects/zuul/zuul-core/src/main/java/com/netflix/zuul/message/ZuulMessageImpl.java
915	com.netflix.zuul.message.ZuulMessageImpl	getInfoForLogging()	91	0	[]	false	public	true	file:///Users/nima/Developer/NullAwayFixer/Projects/zuul/zuul-core/src/main/java/com/netflix/zuul/message/ZuulMessageImpl.java
916	com.netflix.zuul.StaticFilterLoader	StaticFilterLoader(com.netflix.zuul.FilterFactory,java.util.Set<? extends java.lang.Class<? extends com.netflix.zuul.filters.ZuulFilter<?,?>>>)	0	2	[false, false]	false	public	false	file:///Users/nima/Developer/NullAwayFixer/Projects/zuul/zuul-core/src/main/java/com/netflix/zuul/StaticFilterLoader.java
917	com.netflix.zuul.StaticFilterLoader	loadFilterTypesFromResources(java.lang.ClassLoader)	0	1	[false]	false	public	true	file:///Users/nima/Developer/NullAwayFixer/Projects/zuul/zuul-core/src/main/java/com/netflix/zuul/StaticFilterLoader.java
918	com.netflix.zuul.StaticFilterLoader	putFilter(java.io.File)	336	1	[false]	false	public	false	file:///Users/nima/Developer/NullAwayFixer/Projects/zuul/zuul-core/src/main/java/com/netflix/zuul/StaticFilterLoader.java
919	com.netflix.zuul.StaticFilterLoader	putFiltersForClasses(java.lang.String[])	337	1	[false]	false	public	true	file:///Users/nima/Developer/NullAwayFixer/Projects/zuul/zuul-core/src/main/java/com/netflix/zuul/StaticFilterLoader.java
920	com.netflix.zuul.StaticFilterLoader	putFilterForClassName(java.lang.String)	338	1	[false]	false	public	true	file:///Users/nima/Developer/NullAwayFixer/Projects/zuul/zuul-core/src/main/java/com/netflix/zuul/StaticFilterLoader.java
921	com.netflix.zuul.StaticFilterLoader	getFiltersByType(com.netflix.zuul.filters.FilterType)	339	1	[false]	false	public	true	file:///Users/nima/Developer/NullAwayFixer/Projects/zuul/zuul-core/src/main/java/com/netflix/zuul/StaticFilterLoader.java
922	com.netflix.zuul.StaticFilterLoader	getFilterByNameAndType(java.lang.String,com.netflix.zuul.filters.FilterType)	340	2	[false, false]	true	public	true	file:///Users/nima/Developer/NullAwayFixer/Projects/zuul/zuul-core/src/main/java/com/netflix/zuul/StaticFilterLoader.java
923	com.netflix.zuul.netty.insights.PassportStateListener	PassportStateListener(com.netflix.zuul.passport.CurrentPassport,com.netflix.zuul.passport.PassportState)	0	2	[false, false]	false	public	false	file:///Users/nima/Developer/NullAwayFixer/Projects/zuul/zuul-core/src/main/java/com/netflix/zuul/netty/insights/PassportStateListener.java
924	com.netflix.zuul.netty.insights.PassportStateListener	PassportStateListener(com.netflix.zuul.passport.CurrentPassport,com.netflix.zuul.passport.PassportState,com.netflix.zuul.passport.PassportState)	0	3	[false, false, false]	false	public	false	file:///Users/nima/Developer/NullAwayFixer/Projects/zuul/zuul-core/src/main/java/com/netflix/zuul/netty/insights/PassportStateListener.java
925	com.netflix.zuul.netty.insights.PassportStateListener	operationComplete(io.netty.util.concurrent.Future)	492	1	[false]	false	public	false	file:///Users/nima/Developer/NullAwayFixer/Projects/zuul/zuul-core/src/main/java/com/netflix/zuul/netty/insights/PassportStateListener.java
926	com.netflix.zuul.netty.insights.PassportStateOriginHandler	passport(io.netty.channel.ChannelHandlerContext)	0	1	[false]	false	private	true	file:///Users/nima/Developer/NullAwayFixer/Projects/zuul/zuul-core/src/main/java/com/netflix/zuul/netty/insights/PassportStateOriginHandler.java
927	com.netflix.zuul.netty.insights.PassportStateOriginHandler$InboundHandler	channelActive(io.netty.channel.ChannelHandlerContext)	10	1	[false]	false	public	false	file:///Users/nima/Developer/NullAwayFixer/Projects/zuul/zuul-core/src/main/java/com/netflix/zuul/netty/insights/PassportStateOriginHandler.java
928	com.netflix.zuul.netty.insights.PassportStateOriginHandler$InboundHandler	channelInactive(io.netty.channel.ChannelHandlerContext)	14	1	[false]	false	public	false	file:///Users/nima/Developer/NullAwayFixer/Projects/zuul/zuul-core/src/main/java/com/netflix/zuul/netty/insights/PassportStateOriginHandler.java
929	com.netflix.zuul.netty.insights.PassportStateOriginHandler$InboundHandler	exceptionCaught(io.netty.channel.ChannelHandlerContext,java.lang.Throwable)	638	2	[false, false]	false	public	false	file:///Users/nima/Developer/NullAwayFixer/Projects/zuul/zuul-core/src/main/java/com/netflix/zuul/netty/insights/PassportStateOriginHandler.java
930	com.netflix.zuul.netty.insights.PassportStateOriginHandler$OutboundHandler	disconnect(io.netty.channel.ChannelHandlerContext,io.netty.channel.ChannelPromise)	931	2	[false, false]	false	public	false	file:///Users/nima/Developer/NullAwayFixer/Projects/zuul/zuul-core/src/main/java/com/netflix/zuul/netty/insights/PassportStateOriginHandler.java
932	com.netflix.zuul.netty.insights.PassportStateOriginHandler$OutboundHandler	close(io.netty.channel.ChannelHandlerContext,io.netty.channel.ChannelPromise)	933	2	[false, false]	false	public	false	file:///Users/nima/Developer/NullAwayFixer/Projects/zuul/zuul-core/src/main/java/com/netflix/zuul/netty/insights/PassportStateOriginHandler.java
934	com.netflix.zuul.netty.insights.PassportStateOriginHandler$OutboundHandler	exceptionCaught(io.netty.channel.ChannelHandlerContext,java.lang.Throwable)	935	2	[false, false]	false	public	false	file:///Users/nima/Developer/NullAwayFixer/Projects/zuul/zuul-core/src/main/java/com/netflix/zuul/netty/insights/PassportStateOriginHandler.java
936	com.netflix.zuul.netty.insights.PassportStateOriginHandler$OutboundHandler	connect(io.netty.channel.ChannelHandlerContext,java.net.SocketAddress,java.net.SocketAddress,io.netty.channel.ChannelPromise)	937	4	[false, false, false, false]	false	public	false	file:///Users/nima/Developer/NullAwayFixer/Projects/zuul/zuul-core/src/main/java/com/netflix/zuul/netty/insights/PassportStateOriginHandler.java
938	com.netflix.zuul.netty.insights.PassportStateHttpClientHandler	passport(io.netty.channel.ChannelHandlerContext)	0	1	[false]	false	private	true	file:///Users/nima/Developer/NullAwayFixer/Projects/zuul/zuul-core/src/main/java/com/netflix/zuul/netty/insights/PassportStateHttpClientHandler.java
939	com.netflix.zuul.netty.insights.PassportStateHttpClientHandler$InboundHandler	channelRead(io.netty.channel.ChannelHandlerContext,java.lang.Object)	12	2	[false, false]	false	public	false	file:///Users/nima/Developer/NullAwayFixer/Projects/zuul/zuul-core/src/main/java/com/netflix/zuul/netty/insights/PassportStateHttpClientHandler.java
940	com.netflix.zuul.netty.insights.PassportStateHttpClientHandler$OutboundHandler	write(io.netty.channel.ChannelHandlerContext,java.lang.Object,io.netty.channel.ChannelPromise)	54	3	[false, false, false]	false	public	false	file:///Users/nima/Developer/NullAwayFixer/Projects/zuul/zuul-core/src/main/java/com/netflix/zuul/netty/insights/PassportStateHttpClientHandler.java
941	com.netflix.zuul.netty.insights.PassportStateHttpServerHandler	passport(io.netty.channel.ChannelHandlerContext)	0	1	[false]	false	private	true	file:///Users/nima/Developer/NullAwayFixer/Projects/zuul/zuul-core/src/main/java/com/netflix/zuul/netty/insights/PassportStateHttpServerHandler.java
942	com.netflix.zuul.netty.insights.PassportStateHttpServerHandler$InboundHandler	channelRead(io.netty.channel.ChannelHandlerContext,java.lang.Object)	12	2	[false, false]	false	public	false	file:///Users/nima/Developer/NullAwayFixer/Projects/zuul/zuul-core/src/main/java/com/netflix/zuul/netty/insights/PassportStateHttpServerHandler.java
943	com.netflix.zuul.netty.insights.PassportStateHttpServerHandler$InboundHandler	userEventTriggered(io.netty.channel.ChannelHandlerContext,java.lang.Object)	44	2	[false, false]	false	public	false	file:///Users/nima/Developer/NullAwayFixer/Projects/zuul/zuul-core/src/main/java/com/netflix/zuul/netty/insights/PassportStateHttpServerHandler.java
944	com.netflix.zuul.netty.insights.PassportStateHttpServerHandler$OutboundHandler	write(io.netty.channel.ChannelHandlerContext,java.lang.Object,io.netty.channel.ChannelPromise)	54	3	[false, false, false]	false	public	false	file:///Users/nima/Developer/NullAwayFixer/Projects/zuul/zuul-core/src/main/java/com/netflix/zuul/netty/insights/PassportStateHttpServerHandler.java
945	com.netflix.zuul.netty.insights.ServerStateHandler	passport(io.netty.channel.ChannelHandlerContext)	0	1	[false]	false	private	true	file:///Users/nima/Developer/NullAwayFixer/Projects/zuul/zuul-core/src/main/java/com/netflix/zuul/netty/insights/ServerStateHandler.java
946	com.netflix.zuul.netty.insights.ServerStateHandler$InboundHandler	InboundHandler(com.netflix.spectator.api.Registry,java.lang.String)	0	2	[false, false]	false	public	false	file:///Users/nima/Developer/NullAwayFixer/Projects/zuul/zuul-core/src/main/java/com/netflix/zuul/netty/insights/ServerStateHandler.java
947	com.netflix.zuul.netty.insights.ServerStateHandler$InboundHandler	channelActive(io.netty.channel.ChannelHandlerContext)	10	1	[false]	false	public	false	file:///Users/nima/Developer/NullAwayFixer/Projects/zuul/zuul-core/src/main/java/com/netflix/zuul/netty/insights/ServerStateHandler.java
948	com.netflix.zuul.netty.insights.ServerStateHandler$InboundHandler	channelInactive(io.netty.channel.ChannelHandlerContext)	14	1	[false]	false	public	false	file:///Users/nima/Developer/NullAwayFixer/Projects/zuul/zuul-core/src/main/java/com/netflix/zuul/netty/insights/ServerStateHandler.java
949	com.netflix.zuul.netty.insights.ServerStateHandler$InboundHandler	exceptionCaught(io.netty.channel.ChannelHandlerContext,java.lang.Throwable)	638	2	[false, false]	false	public	false	file:///Users/nima/Developer/NullAwayFixer/Projects/zuul/zuul-core/src/main/java/com/netflix/zuul/netty/insights/ServerStateHandler.java
950	com.netflix.zuul.netty.insights.ServerStateHandler$InboundHandler	userEventTriggered(io.netty.channel.ChannelHandlerContext,java.lang.Object)	44	2	[false, false]	false	public	false	file:///Users/nima/Developer/NullAwayFixer/Projects/zuul/zuul-core/src/main/java/com/netflix/zuul/netty/insights/ServerStateHandler.java
951	com.netflix.zuul.netty.insights.ServerStateHandler$OutboundHandler	OutboundHandler(com.netflix.spectator.api.Registry)	0	1	[false]	false	public	false	file:///Users/nima/Developer/NullAwayFixer/Projects/zuul/zuul-core/src/main/java/com/netflix/zuul/netty/insights/ServerStateHandler.java
952	com.netflix.zuul.netty.insights.ServerStateHandler$OutboundHandler	close(io.netty.channel.ChannelHandlerContext,io.netty.channel.ChannelPromise)	933	2	[false, false]	false	public	false	file:///Users/nima/Developer/NullAwayFixer/Projects/zuul/zuul-core/src/main/java/com/netflix/zuul/netty/insights/ServerStateHandler.java
953	com.netflix.zuul.netty.insights.ServerStateHandler$OutboundHandler	disconnect(io.netty.channel.ChannelHandlerContext,io.netty.channel.ChannelPromise)	931	2	[false, false]	false	public	false	file:///Users/nima/Developer/NullAwayFixer/Projects/zuul/zuul-core/src/main/java/com/netflix/zuul/netty/insights/ServerStateHandler.java
954	com.netflix.zuul.netty.insights.ServerStateHandler$OutboundHandler	exceptionCaught(io.netty.channel.ChannelHandlerContext,java.lang.Throwable)	935	2	[false, false]	false	public	false	file:///Users/nima/Developer/NullAwayFixer/Projects/zuul/zuul-core/src/main/java/com/netflix/zuul/netty/insights/ServerStateHandler.java
955	com.netflix.zuul.netty.server.ssl.SslHandshakeInfoHandler	SslHandshakeInfoHandler(com.netflix.spectator.api.Registry,boolean)	0	2	[false, false]	false	public	false	file:///Users/nima/Developer/NullAwayFixer/Projects/zuul/zuul-core/src/main/java/com/netflix/zuul/netty/server/ssl/SslHandshakeInfoHandler.java
956	com.netflix.zuul.netty.server.ssl.SslHandshakeInfoHandler	SslHandshakeInfoHandler()	0	0	[]	false	package	false	file:///Users/nima/Developer/NullAwayFixer/Projects/zuul/zuul-core/src/main/java/com/netflix/zuul/netty/server/ssl/SslHandshakeInfoHandler.java
957	com.netflix.zuul.netty.server.ssl.SslHandshakeInfoHandler	userEventTriggered(io.netty.channel.ChannelHandlerContext,java.lang.Object)	44	2	[false, false]	false	public	false	file:///Users/nima/Developer/NullAwayFixer/Projects/zuul/zuul-core/src/main/java/com/netflix/zuul/netty/server/ssl/SslHandshakeInfoHandler.java
958	com.netflix.zuul.netty.server.ssl.SslHandshakeInfoHandler	whichClientAuthEnum(io.netty.handler.ssl.SslHandler)	0	1	[false]	false	private	true	file:///Users/nima/Developer/NullAwayFixer/Projects/zuul/zuul-core/src/main/java/com/netflix/zuul/netty/server/ssl/SslHandshakeInfoHandler.java
959	com.netflix.zuul.netty.server.ssl.SslHandshakeInfoHandler	incrementCounters(io.netty.handler.ssl.SslHandshakeCompletionEvent,com.netflix.netty.common.ssl.SslHandshakeInfo)	0	2	[false, false]	false	private	false	file:///Users/nima/Developer/NullAwayFixer/Projects/zuul/zuul-core/src/main/java/com/netflix/zuul/netty/server/ssl/SslHandshakeInfoHandler.java
960	com.netflix.zuul.netty.server.Http1MutualSslChannelInitializer	Http1MutualSslChannelInitializer(int,com.netflix.netty.common.channel.config.ChannelConfig,com.netflix.netty.common.channel.config.ChannelConfig,io.netty.channel.group.ChannelGroup)	0	4	[false, false, false, false]	false	public	false	file:///Users/nima/Developer/NullAwayFixer/Projects/zuul/zuul-core/src/main/java/com/netflix/zuul/netty/server/Http1MutualSslChannelInitializer.java
961	com.netflix.zuul.netty.server.Http1MutualSslChannelInitializer	Http1MutualSslChannelInitializer(java.lang.String,com.netflix.netty.common.channel.config.ChannelConfig,com.netflix.netty.common.channel.config.ChannelConfig,io.netty.channel.group.ChannelGroup)	0	4	[false, false, false, false]	false	public	false	file:///Users/nima/Developer/NullAwayFixer/Projects/zuul/zuul-core/src/main/java/com/netflix/zuul/netty/server/Http1MutualSslChannelInitializer.java
962	com.netflix.zuul.netty.server.Http1MutualSslChannelInitializer	initChannel(io.netty.channel.Channel)	444	1	[false]	false	protected	false	file:///Users/nima/Developer/NullAwayFixer/Projects/zuul/zuul-core/src/main/java/com/netflix/zuul/netty/server/Http1MutualSslChannelInitializer.java
963	com.netflix.zuul.netty.server.push.PushConnectionRegistry	PushConnectionRegistry()	0	0	[]	false	package	false	file:///Users/nima/Developer/NullAwayFixer/Projects/zuul/zuul-core/src/main/java/com/netflix/zuul/netty/server/push/PushConnectionRegistry.java
964	com.netflix.zuul.netty.server.push.PushConnectionRegistry	get(java.lang.String)	0	1	[false]	true	public	true	file:///Users/nima/Developer/NullAwayFixer/Projects/zuul/zuul-core/src/main/java/com/netflix/zuul/netty/server/push/PushConnectionRegistry.java
965	com.netflix.zuul.netty.server.push.PushConnectionRegistry	mintNewSecureToken()	0	0	[]	false	public	true	file:///Users/nima/Developer/NullAwayFixer/Projects/zuul/zuul-core/src/main/java/com/netflix/zuul/netty/server/push/PushConnectionRegistry.java
966	com.netflix.zuul.netty.server.push.PushConnectionRegistry	put(java.lang.String,com.netflix.zuul.netty.server.push.PushConnection)	0	2	[false, false]	false	public	false	file:///Users/nima/Developer/NullAwayFixer/Projects/zuul/zuul-core/src/main/java/com/netflix/zuul/netty/server/push/PushConnectionRegistry.java
967	com.netflix.zuul.netty.server.push.PushConnectionRegistry	remove(java.lang.String)	0	1	[false]	false	public	true	file:///Users/nima/Developer/NullAwayFixer/Projects/zuul/zuul-core/src/main/java/com/netflix/zuul/netty/server/push/PushConnectionRegistry.java
968	com.netflix.zuul.netty.server.push.PushConnectionRegistry	size()	0	0	[]	false	public	false	file:///Users/nima/Developer/NullAwayFixer/Projects/zuul/zuul-core/src/main/java/com/netflix/zuul/netty/server/push/PushConnectionRegistry.java
969	com.netflix.zuul.netty.server.push.PushConnection	PushConnection(com.netflix.zuul.netty.server.push.PushProtocol,io.netty.channel.ChannelHandlerContext)	0	2	[false, false]	false	public	false	file:///Users/nima/Developer/NullAwayFixer/Projects/zuul/zuul-core/src/main/java/com/netflix/zuul/netty/server/push/PushConnection.java
970	com.netflix.zuul.netty.server.push.PushConnection	getSecureToken()	0	0	[]	false	public	true	file:///Users/nima/Developer/NullAwayFixer/Projects/zuul/zuul-core/src/main/java/com/netflix/zuul/netty/server/push/PushConnection.java
971	com.netflix.zuul.netty.server.push.PushConnection	setSecureToken(java.lang.String)	0	1	[false]	false	public	false	file:///Users/nima/Developer/NullAwayFixer/Projects/zuul/zuul-core/src/main/java/com/netflix/zuul/netty/server/push/PushConnection.java
972	com.netflix.zuul.netty.server.push.PushConnection	isRateLimited()	0	0	[]	false	public	false	file:///Users/nima/Developer/NullAwayFixer/Projects/zuul/zuul-core/src/main/java/com/netflix/zuul/netty/server/push/PushConnection.java
973	com.netflix.zuul.netty.server.push.PushConnection	sendPushMessage(io.netty.buffer.ByteBuf)	0	1	[false]	false	public	true	file:///Users/nima/Developer/NullAwayFixer/Projects/zuul/zuul-core/src/main/java/com/netflix/zuul/netty/server/push/PushConnection.java
974	com.netflix.zuul.netty.server.push.PushConnection	sendPushMessage(java.lang.String)	0	1	[false]	false	public	true	file:///Users/nima/Developer/NullAwayFixer/Projects/zuul/zuul-core/src/main/java/com/netflix/zuul/netty/server/push/PushConnection.java
975	com.netflix.zuul.netty.server.push.PushConnection	sendPing()	0	0	[]	false	public	true	file:///Users/nima/Developer/NullAwayFixer/Projects/zuul/zuul-core/src/main/java/com/netflix/zuul/netty/server/push/PushConnection.java
976	com.netflix.zuul.netty.server.push.PushProtocol$1	getHandshakeCompleteEvent()	977	0	[]	false	public	true	file:///Users/nima/Developer/NullAwayFixer/Projects/zuul/zuul-core/src/main/java/com/netflix/zuul/netty/server/push/PushProtocol.java
978	com.netflix.zuul.netty.server.push.PushProtocol$1	getPath()	979	0	[]	false	public	true	file:///Users/nima/Developer/NullAwayFixer/Projects/zuul/zuul-core/src/main/java/com/netflix/zuul/netty/server/push/PushProtocol.java
980	com.netflix.zuul.netty.server.push.PushProtocol$1	sendPushMessage(io.netty.channel.ChannelHandlerContext,io.netty.buffer.ByteBuf)	981	2	[false, false]	false	public	true	file:///Users/nima/Developer/NullAwayFixer/Projects/zuul/zuul-core/src/main/java/com/netflix/zuul/netty/server/push/PushProtocol.java
982	com.netflix.zuul.netty.server.push.PushProtocol$1	sendPing(io.netty.channel.ChannelHandlerContext)	983	1	[false]	false	public	true	file:///Users/nima/Developer/NullAwayFixer/Projects/zuul/zuul-core/src/main/java/com/netflix/zuul/netty/server/push/PushProtocol.java
984	com.netflix.zuul.netty.server.push.PushProtocol$1	goAwayMessage()	985	0	[]	false	public	true	file:///Users/nima/Developer/NullAwayFixer/Projects/zuul/zuul-core/src/main/java/com/netflix/zuul/netty/server/push/PushProtocol.java
986	com.netflix.zuul.netty.server.push.PushProtocol$1	serverClosingConnectionMessage(int,java.lang.String)	987	2	[false, false]	false	public	true	file:///Users/nima/Developer/NullAwayFixer/Projects/zuul/zuul-core/src/main/java/com/netflix/zuul/netty/server/push/PushProtocol.java
988	com.netflix.zuul.netty.server.push.PushProtocol$2	getHandshakeCompleteEvent()	977	0	[]	false	public	true	file:///Users/nima/Developer/NullAwayFixer/Projects/zuul/zuul-core/src/main/java/com/netflix/zuul/netty/server/push/PushProtocol.java
989	com.netflix.zuul.netty.server.push.PushProtocol$2	getPath()	979	0	[]	false	public	true	file:///Users/nima/Developer/NullAwayFixer/Projects/zuul/zuul-core/src/main/java/com/netflix/zuul/netty/server/push/PushProtocol.java
990	com.netflix.zuul.netty.server.push.PushProtocol$2	sendPushMessage(io.netty.channel.ChannelHandlerContext,io.netty.buffer.ByteBuf)	981	2	[false, false]	false	public	true	file:///Users/nima/Developer/NullAwayFixer/Projects/zuul/zuul-core/src/main/java/com/netflix/zuul/netty/server/push/PushProtocol.java
991	com.netflix.zuul.netty.server.push.PushProtocol$2	sendPing(io.netty.channel.ChannelHandlerContext)	983	1	[false]	false	public	true	file:///Users/nima/Developer/NullAwayFixer/Projects/zuul/zuul-core/src/main/java/com/netflix/zuul/netty/server/push/PushProtocol.java
992	com.netflix.zuul.netty.server.push.PushProtocol$2	goAwayMessage()	985	0	[]	false	public	true	file:///Users/nima/Developer/NullAwayFixer/Projects/zuul/zuul-core/src/main/java/com/netflix/zuul/netty/server/push/PushProtocol.java
993	com.netflix.zuul.netty.server.push.PushProtocol$2	serverClosingConnectionMessage(int,java.lang.String)	987	2	[false, false]	false	public	true	file:///Users/nima/Developer/NullAwayFixer/Projects/zuul/zuul-core/src/main/java/com/netflix/zuul/netty/server/push/PushProtocol.java
994	com.netflix.zuul.netty.server.push.PushProtocol	sendErrorAndClose(io.netty.channel.ChannelHandlerContext,int,java.lang.String)	0	3	[false, false, false]	false	public	false	file:///Users/nima/Developer/NullAwayFixer/Projects/zuul/zuul-core/src/main/java/com/netflix/zuul/netty/server/push/PushProtocol.java
977	com.netflix.zuul.netty.server.push.PushProtocol	getHandshakeCompleteEvent()	0	0	[]	false	public	true	file:///Users/nima/Developer/NullAwayFixer/Projects/zuul/zuul-core/src/main/java/com/netflix/zuul/netty/server/push/PushProtocol.java
979	com.netflix.zuul.netty.server.push.PushProtocol	getPath()	0	0	[]	false	public	true	file:///Users/nima/Developer/NullAwayFixer/Projects/zuul/zuul-core/src/main/java/com/netflix/zuul/netty/server/push/PushProtocol.java
981	com.netflix.zuul.netty.server.push.PushProtocol	sendPushMessage(io.netty.channel.ChannelHandlerContext,io.netty.buffer.ByteBuf)	0	2	[false, false]	false	public	true	file:///Users/nima/Developer/NullAwayFixer/Projects/zuul/zuul-core/src/main/java/com/netflix/zuul/netty/server/push/PushProtocol.java
983	com.netflix.zuul.netty.server.push.PushProtocol	sendPing(io.netty.channel.ChannelHandlerContext)	0	1	[false]	false	public	true	file:///Users/nima/Developer/NullAwayFixer/Projects/zuul/zuul-core/src/main/java/com/netflix/zuul/netty/server/push/PushProtocol.java
985	com.netflix.zuul.netty.server.push.PushProtocol	goAwayMessage()	0	0	[]	false	public	true	file:///Users/nima/Developer/NullAwayFixer/Projects/zuul/zuul-core/src/main/java/com/netflix/zuul/netty/server/push/PushProtocol.java
987	com.netflix.zuul.netty.server.push.PushProtocol	serverClosingConnectionMessage(int,java.lang.String)	0	2	[false, false]	false	public	true	file:///Users/nima/Developer/NullAwayFixer/Projects/zuul/zuul-core/src/main/java/com/netflix/zuul/netty/server/push/PushProtocol.java
995	com.netflix.zuul.netty.server.http2.Http2SslChannelInitializer	Http2SslChannelInitializer(int,com.netflix.netty.common.channel.config.ChannelConfig,com.netflix.netty.common.channel.config.ChannelConfig,io.netty.channel.group.ChannelGroup)	0	4	[false, false, false, false]	false	public	false	file:///Users/nima/Developer/NullAwayFixer/Projects/zuul/zuul-core/src/main/java/com/netflix/zuul/netty/server/http2/Http2SslChannelInitializer.java
996	com.netflix.zuul.netty.server.http2.Http2SslChannelInitializer	Http2SslChannelInitializer(java.lang.String,com.netflix.netty.common.channel.config.ChannelConfig,com.netflix.netty.common.channel.config.ChannelConfig,io.netty.channel.group.ChannelGroup)	0	4	[false, false, false, false]	false	public	false	file:///Users/nima/Developer/NullAwayFixer/Projects/zuul/zuul-core/src/main/java/com/netflix/zuul/netty/server/http2/Http2SslChannelInitializer.java
997	com.netflix.zuul.netty.server.http2.Http2SslChannelInitializer	initChannel(io.netty.channel.Channel)	444	1	[false]	false	protected	false	file:///Users/nima/Developer/NullAwayFixer/Projects/zuul/zuul-core/src/main/java/com/netflix/zuul/netty/server/http2/Http2SslChannelInitializer.java
998	com.netflix.zuul.netty.server.http2.Http2SslChannelInitializer	http1Handlers(io.netty.channel.ChannelPipeline)	0	1	[false]	false	protected	false	file:///Users/nima/Developer/NullAwayFixer/Projects/zuul/zuul-core/src/main/java/com/netflix/zuul/netty/server/http2/Http2SslChannelInitializer.java
999	com.netflix.zuul.netty.server.http2.Http2SslChannelInitializer	http1Codec(io.netty.channel.ChannelPipeline)	0	1	[false]	false	protected	false	file:///Users/nima/Developer/NullAwayFixer/Projects/zuul/zuul-core/src/main/java/com/netflix/zuul/netty/server/http2/Http2SslChannelInitializer.java
1000	com.netflix.zuul.netty.server.http2.Http2StreamInitializer	Http2StreamInitializer(io.netty.channel.Channel,java.util.function.Consumer<io.netty.channel.ChannelPipeline>,com.netflix.netty.common.metrics.Http2MetricsChannelHandlers,com.netflix.netty.common.Http2ConnectionCloseHandler,com.netflix.netty.common.Http2ConnectionExpiryHandler)	0	5	[false, false, false, false, false]	false	public	false	file:///Users/nima/Developer/NullAwayFixer/Projects/zuul/zuul-core/src/main/java/com/netflix/zuul/netty/server/http2/Http2StreamInitializer.java
1001	com.netflix.zuul.netty.server.http2.Http2StreamInitializer	handlerAdded(io.netty.channel.ChannelHandlerContext)	1002	1	[false]	false	public	false	file:///Users/nima/Developer/NullAwayFixer/Projects/zuul/zuul-core/src/main/java/com/netflix/zuul/netty/server/http2/Http2StreamInitializer.java
1003	com.netflix.zuul.netty.server.http2.Http2StreamInitializer	addHttp2StreamSpecificHandlers(io.netty.channel.ChannelPipeline)	0	1	[false]	false	protected	false	file:///Users/nima/Developer/NullAwayFixer/Projects/zuul/zuul-core/src/main/java/com/netflix/zuul/netty/server/http2/Http2StreamInitializer.java
1004	com.netflix.zuul.netty.server.http2.Http2StreamInitializer	copyAttrsFromParentChannel(io.netty.channel.Channel,io.netty.channel.Channel)	0	2	[false, false]	false	protected	false	file:///Users/nima/Developer/NullAwayFixer/Projects/zuul/zuul-core/src/main/java/com/netflix/zuul/netty/server/http2/Http2StreamInitializer.java
1005	com.netflix.zuul.netty.server.http2.Http2StreamInitializer	copyAttrFromParentChannel(io.netty.channel.Channel,io.netty.channel.Channel,io.netty.util.AttributeKey)	0	3	[false, false, false]	false	protected	false	file:///Users/nima/Developer/NullAwayFixer/Projects/zuul/zuul-core/src/main/java/com/netflix/zuul/netty/server/http2/Http2StreamInitializer.java
1006	com.netflix.zuul.netty.server.push.PushAuthHandler	PushAuthHandler(java.lang.String,java.lang.String)	0	2	[false, false]	false	public	false	file:///Users/nima/Developer/NullAwayFixer/Projects/zuul/zuul-core/src/main/java/com/netflix/zuul/netty/server/push/PushAuthHandler.java
1007	com.netflix.zuul.netty.server.push.PushAuthHandler	sendHttpResponse(io.netty.handler.codec.http.HttpRequest,io.netty.channel.ChannelHandlerContext,io.netty.handler.codec.http.HttpResponseStatus)	0	3	[false, false, false]	false	public	false	file:///Users/nima/Developer/NullAwayFixer/Projects/zuul/zuul-core/src/main/java/com/netflix/zuul/netty/server/push/PushAuthHandler.java
1008	com.netflix.zuul.netty.server.push.PushAuthHandler	channelRead0(io.netty.channel.ChannelHandlerContext,io.netty.handler.codec.http.FullHttpRequest)	1009	2	[false, false]	false	protected	false	file:///Users/nima/Developer/NullAwayFixer/Projects/zuul/zuul-core/src/main/java/com/netflix/zuul/netty/server/push/PushAuthHandler.java
1010	com.netflix.zuul.netty.server.push.PushAuthHandler	isInvalidOrigin(io.netty.handler.codec.http.FullHttpRequest)	0	1	[false]	false	protected	false	file:///Users/nima/Developer/NullAwayFixer/Projects/zuul/zuul-core/src/main/java/com/netflix/zuul/netty/server/push/PushAuthHandler.java
1011	com.netflix.zuul.netty.server.push.PushAuthHandler	parseCookies(io.netty.handler.codec.http.FullHttpRequest)	0	1	[false]	false	protected	true	file:///Users/nima/Developer/NullAwayFixer/Projects/zuul/zuul-core/src/main/java/com/netflix/zuul/netty/server/push/PushAuthHandler.java
1012	com.netflix.zuul.netty.server.push.PushAuthHandler	isDelayedAuth(io.netty.handler.codec.http.FullHttpRequest,io.netty.channel.ChannelHandlerContext)	0	2	[false, false]	false	protected	false	file:///Users/nima/Developer/NullAwayFixer/Projects/zuul/zuul-core/src/main/java/com/netflix/zuul/netty/server/push/PushAuthHandler.java
1013	com.netflix.zuul.netty.server.push.PushAuthHandler	doAuth(io.netty.handler.codec.http.FullHttpRequest)	0	1	[false]	false	protected	true	file:///Users/nima/Developer/NullAwayFixer/Projects/zuul/zuul-core/src/main/java/com/netflix/zuul/netty/server/push/PushAuthHandler.java
1014	com.netflix.zuul.netty.server.push.PushClientProtocolHandler	isAuthenticated()	0	0	[]	false	protected	false	file:///Users/nima/Developer/NullAwayFixer/Projects/zuul/zuul-core/src/main/java/com/netflix/zuul/netty/server/push/PushClientProtocolHandler.java
1015	com.netflix.zuul.netty.server.push.PushClientProtocolHandler	userEventTriggered(io.netty.channel.ChannelHandlerContext,java.lang.Object)	44	2	[false, false]	false	public	false	file:///Users/nima/Developer/NullAwayFixer/Projects/zuul/zuul-core/src/main/java/com/netflix/zuul/netty/server/push/PushClientProtocolHandler.java
1016	com.netflix.zuul.netty.server.push.PushMessageSender	PushMessageSender(com.netflix.zuul.netty.server.push.PushConnectionRegistry)	0	1	[false]	false	public	false	file:///Users/nima/Developer/NullAwayFixer/Projects/zuul/zuul-core/src/main/java/com/netflix/zuul/netty/server/push/PushMessageSender.java
1017	com.netflix.zuul.netty.server.push.PushMessageSender	sendHttpResponse(io.netty.channel.ChannelHandlerContext,io.netty.handler.codec.http.FullHttpRequest,io.netty.handler.codec.http.HttpResponseStatus,com.netflix.zuul.netty.server.push.PushUserAuth)	0	4	[false, false, false, false]	false	private	false	file:///Users/nima/Developer/NullAwayFixer/Projects/zuul/zuul-core/src/main/java/com/netflix/zuul/netty/server/push/PushMessageSender.java
1018	com.netflix.zuul.netty.server.push.PushMessageSender	verifySecureToken(io.netty.handler.codec.http.FullHttpRequest,com.netflix.zuul.netty.server.push.PushConnection)	0	2	[false, false]	false	protected	false	file:///Users/nima/Developer/NullAwayFixer/Projects/zuul/zuul-core/src/main/java/com/netflix/zuul/netty/server/push/PushMessageSender.java
1019	com.netflix.zuul.netty.server.push.PushMessageSender	channelRead0(io.netty.channel.ChannelHandlerContext,io.netty.handler.codec.http.FullHttpRequest)	1009	2	[false, false]	false	protected	false	file:///Users/nima/Developer/NullAwayFixer/Projects/zuul/zuul-core/src/main/java/com/netflix/zuul/netty/server/push/PushMessageSender.java
1020	com.netflix.zuul.netty.server.push.PushMessageSender	logPushAttempt()	0	0	[]	false	protected	false	file:///Users/nima/Developer/NullAwayFixer/Projects/zuul/zuul-core/src/main/java/com/netflix/zuul/netty/server/push/PushMessageSender.java
1021	com.netflix.zuul.netty.server.push.PushMessageSender	logNoIdentity()	0	0	[]	false	protected	false	file:///Users/nima/Developer/NullAwayFixer/Projects/zuul/zuul-core/src/main/java/com/netflix/zuul/netty/server/push/PushMessageSender.java
1022	com.netflix.zuul.netty.server.push.PushMessageSender	logClientNotConnected()	0	0	[]	false	protected	false	file:///Users/nima/Developer/NullAwayFixer/Projects/zuul/zuul-core/src/main/java/com/netflix/zuul/netty/server/push/PushMessageSender.java
1023	com.netflix.zuul.netty.server.push.PushMessageSender	logPushSuccess()	0	0	[]	false	protected	false	file:///Users/nima/Developer/NullAwayFixer/Projects/zuul/zuul-core/src/main/java/com/netflix/zuul/netty/server/push/PushMessageSender.java
1024	com.netflix.zuul.netty.server.push.PushMessageSender	logPushError(java.lang.Throwable)	0	1	[false]	false	protected	false	file:///Users/nima/Developer/NullAwayFixer/Projects/zuul/zuul-core/src/main/java/com/netflix/zuul/netty/server/push/PushMessageSender.java
1025	com.netflix.zuul.netty.server.push.PushMessageSender	logRateLimited()	0	0	[]	false	protected	false	file:///Users/nima/Developer/NullAwayFixer/Projects/zuul/zuul-core/src/main/java/com/netflix/zuul/netty/server/push/PushMessageSender.java
1026	com.netflix.zuul.netty.server.push.PushMessageSender	logSecurityTokenVerificationFail()	0	0	[]	false	protected	false	file:///Users/nima/Developer/NullAwayFixer/Projects/zuul/zuul-core/src/main/java/com/netflix/zuul/netty/server/push/PushMessageSender.java
1027	com.netflix.zuul.netty.server.push.PushMessageSender	logPushEvent(io.netty.handler.codec.http.FullHttpRequest,io.netty.handler.codec.http.HttpResponseStatus,com.netflix.zuul.netty.server.push.PushUserAuth)	0	3	[false, false, false]	false	protected	false	file:///Users/nima/Developer/NullAwayFixer/Projects/zuul/zuul-core/src/main/java/com/netflix/zuul/netty/server/push/PushMessageSender.java
1028	com.netflix.zuul.netty.server.push.PushMessageSender	getPushUserAuth(io.netty.handler.codec.http.FullHttpRequest)	0	1	[false]	false	protected	true	file:///Users/nima/Developer/NullAwayFixer/Projects/zuul/zuul-core/src/main/java/com/netflix/zuul/netty/server/push/PushMessageSender.java
1029	com.netflix.zuul.netty.server.push.PushChannelInitializer	PushChannelInitializer(int,com.netflix.netty.common.channel.config.ChannelConfig,com.netflix.netty.common.channel.config.ChannelConfig,io.netty.channel.group.ChannelGroup)	0	4	[false, false, false, false]	false	public	false	file:///Users/nima/Developer/NullAwayFixer/Projects/zuul/zuul-core/src/main/java/com/netflix/zuul/netty/server/push/PushChannelInitializer.java
1030	com.netflix.zuul.netty.server.push.PushChannelInitializer	PushChannelInitializer(java.lang.String,com.netflix.netty.common.channel.config.ChannelConfig,com.netflix.netty.common.channel.config.ChannelConfig,io.netty.channel.group.ChannelGroup)	0	4	[false, false, false, false]	false	protected	false	file:///Users/nima/Developer/NullAwayFixer/Projects/zuul/zuul-core/src/main/java/com/netflix/zuul/netty/server/push/PushChannelInitializer.java
1031	com.netflix.zuul.netty.server.push.PushChannelInitializer	addHttp1Handlers(io.netty.channel.ChannelPipeline)	430	1	[false]	false	protected	false	file:///Users/nima/Developer/NullAwayFixer/Projects/zuul/zuul-core/src/main/java/com/netflix/zuul/netty/server/push/PushChannelInitializer.java
1032	com.netflix.zuul.netty.server.push.PushChannelInitializer	addHttpRelatedHandlers(io.netty.channel.ChannelPipeline)	432	1	[false]	false	protected	false	file:///Users/nima/Developer/NullAwayFixer/Projects/zuul/zuul-core/src/main/java/com/netflix/zuul/netty/server/push/PushChannelInitializer.java
1033	com.netflix.zuul.netty.server.push.PushChannelInitializer	initChannel(io.netty.channel.Channel)	444	1	[false]	false	protected	false	file:///Users/nima/Developer/NullAwayFixer/Projects/zuul/zuul-core/src/main/java/com/netflix/zuul/netty/server/push/PushChannelInitializer.java
1034	com.netflix.zuul.netty.server.push.PushChannelInitializer	addPushHandlers(io.netty.channel.ChannelPipeline)	0	1	[false]	false	protected	false	file:///Users/nima/Developer/NullAwayFixer/Projects/zuul/zuul-core/src/main/java/com/netflix/zuul/netty/server/push/PushChannelInitializer.java
1035	com.netflix.zuul.netty.server.push.PushMessageSenderInitializer	PushMessageSenderInitializer(com.netflix.zuul.netty.server.push.PushConnectionRegistry)	0	1	[false]	false	public	false	file:///Users/nima/Developer/NullAwayFixer/Projects/zuul/zuul-core/src/main/java/com/netflix/zuul/netty/server/push/PushMessageSenderInitializer.java
1036	com.netflix.zuul.netty.server.push.PushMessageSenderInitializer	initChannel(io.netty.channel.Channel)	444	1	[false]	false	protected	false	file:///Users/nima/Developer/NullAwayFixer/Projects/zuul/zuul-core/src/main/java/com/netflix/zuul/netty/server/push/PushMessageSenderInitializer.java
1037	com.netflix.zuul.netty.server.push.PushMessageSenderInitializer	getPushMessageSender(com.netflix.zuul.netty.server.push.PushConnectionRegistry)	0	1	[false]	false	protected	true	file:///Users/nima/Developer/NullAwayFixer/Projects/zuul/zuul-core/src/main/java/com/netflix/zuul/netty/server/push/PushMessageSenderInitializer.java
1038	com.netflix.zuul.netty.server.push.PushRegistrationHandler	PushRegistrationHandler(com.netflix.zuul.netty.server.push.PushConnectionRegistry,com.netflix.zuul.netty.server.push.PushProtocol)	0	2	[false, false]	false	public	false	file:///Users/nima/Developer/NullAwayFixer/Projects/zuul/zuul-core/src/main/java/com/netflix/zuul/netty/server/push/PushRegistrationHandler.java
1039	com.netflix.zuul.netty.server.push.PushRegistrationHandler	isAuthenticated()	0	0	[]	false	protected	false	file:///Users/nima/Developer/NullAwayFixer/Projects/zuul/zuul-core/src/main/java/com/netflix/zuul/netty/server/push/PushRegistrationHandler.java
1040	com.netflix.zuul.netty.server.push.PushRegistrationHandler	tearDown()	0	0	[]	false	private	false	file:///Users/nima/Developer/NullAwayFixer/Projects/zuul/zuul-core/src/main/java/com/netflix/zuul/netty/server/push/PushRegistrationHandler.java
1041	com.netflix.zuul.netty.server.push.PushRegistrationHandler	channelInactive(io.netty.channel.ChannelHandlerContext)	14	1	[false]	false	public	false	file:///Users/nima/Developer/NullAwayFixer/Projects/zuul/zuul-core/src/main/java/com/netflix/zuul/netty/server/push/PushRegistrationHandler.java
1042	com.netflix.zuul.netty.server.push.PushRegistrationHandler	exceptionCaught(io.netty.channel.ChannelHandlerContext,java.lang.Throwable)	638	2	[false, false]	false	public	false	file:///Users/nima/Developer/NullAwayFixer/Projects/zuul/zuul-core/src/main/java/com/netflix/zuul/netty/server/push/PushRegistrationHandler.java
1043	com.netflix.zuul.netty.server.push.PushRegistrationHandler	forceCloseConnectionFromServerSide()	0	0	[]	false	protected	false	file:///Users/nima/Developer/NullAwayFixer/Projects/zuul/zuul-core/src/main/java/com/netflix/zuul/netty/server/push/PushRegistrationHandler.java
1044	com.netflix.zuul.netty.server.push.PushRegistrationHandler	closeIfNotAuthenticated()	0	0	[]	false	private	false	file:///Users/nima/Developer/NullAwayFixer/Projects/zuul/zuul-core/src/main/java/com/netflix/zuul/netty/server/push/PushRegistrationHandler.java
1045	com.netflix.zuul.netty.server.push.PushRegistrationHandler	requestClientToCloseConnection()	0	0	[]	false	private	false	file:///Users/nima/Developer/NullAwayFixer/Projects/zuul/zuul-core/src/main/java/com/netflix/zuul/netty/server/push/PushRegistrationHandler.java
1046	com.netflix.zuul.netty.server.push.PushRegistrationHandler	keepAlive()	0	0	[]	false	protected	false	file:///Users/nima/Developer/NullAwayFixer/Projects/zuul/zuul-core/src/main/java/com/netflix/zuul/netty/server/push/PushRegistrationHandler.java
1047	com.netflix.zuul.netty.server.push.PushRegistrationHandler	ditheredReconnectDeadline()	0	0	[]	false	private	false	file:///Users/nima/Developer/NullAwayFixer/Projects/zuul/zuul-core/src/main/java/com/netflix/zuul/netty/server/push/PushRegistrationHandler.java
1048	com.netflix.zuul.netty.server.push.PushRegistrationHandler	userEventTriggered(io.netty.channel.ChannelHandlerContext,java.lang.Object)	44	2	[false, false]	false	public	false	file:///Users/nima/Developer/NullAwayFixer/Projects/zuul/zuul-core/src/main/java/com/netflix/zuul/netty/server/push/PushRegistrationHandler.java
1049	com.netflix.zuul.netty.server.push.PushRegistrationHandler	registerClient(io.netty.channel.ChannelHandlerContext,com.netflix.zuul.netty.server.push.PushUserAuth,com.netflix.zuul.netty.server.push.PushConnection,com.netflix.zuul.netty.server.push.PushConnectionRegistry)	0	4	[false, false, false, false]	false	protected	false	file:///Users/nima/Developer/NullAwayFixer/Projects/zuul/zuul-core/src/main/java/com/netflix/zuul/netty/server/push/PushRegistrationHandler.java
1050	com.netflix.zuul.netty.server.push.PushRegistrationHandler	getPushConnection()	0	0	[]	false	package	true	file:///Users/nima/Developer/NullAwayFixer/Projects/zuul/zuul-core/src/main/java/com/netflix/zuul/netty/server/push/PushRegistrationHandler.java
1051	com.netflix.zuul.netty.server.push.PushRegistrationHandler	getScheduledFutures()	0	0	[]	false	package	true	file:///Users/nima/Developer/NullAwayFixer/Projects/zuul/zuul-core/src/main/java/com/netflix/zuul/netty/server/push/PushRegistrationHandler.java
1052	com.netflix.zuul.netty.server.ClientResponseWriter	ClientResponseWriter(com.netflix.zuul.RequestCompleteHandler)	0	1	[false]	false	public	false	file:///Users/nima/Developer/NullAwayFixer/Projects/zuul/zuul-core/src/main/java/com/netflix/zuul/netty/server/ClientResponseWriter.java
1053	com.netflix.zuul.netty.server.ClientResponseWriter	ClientResponseWriter(com.netflix.zuul.RequestCompleteHandler,com.netflix.spectator.api.Registry)	0	2	[false, false]	false	public	false	file:///Users/nima/Developer/NullAwayFixer/Projects/zuul/zuul-core/src/main/java/com/netflix/zuul/netty/server/ClientResponseWriter.java
1054	com.netflix.zuul.netty.server.ClientResponseWriter	channelRead(io.netty.channel.ChannelHandlerContext,java.lang.Object)	12	2	[false, false]	false	public	false	file:///Users/nima/Developer/NullAwayFixer/Projects/zuul/zuul-core/src/main/java/com/netflix/zuul/netty/server/ClientResponseWriter.java
1055	com.netflix.zuul.netty.server.ClientResponseWriter	skipProcessing(com.netflix.zuul.message.http.HttpResponseMessage)	0	1	[false]	false	protected	false	file:///Users/nima/Developer/NullAwayFixer/Projects/zuul/zuul-core/src/main/java/com/netflix/zuul/netty/server/ClientResponseWriter.java
1056	com.netflix.zuul.netty.server.ClientResponseWriter	writeBufferedBodyContent(com.netflix.zuul.message.http.HttpResponseMessage,io.netty.channel.Channel)	0	2	[false, false]	false	private	false	file:///Users/nima/Developer/NullAwayFixer/Projects/zuul/zuul-core/src/main/java/com/netflix/zuul/netty/server/ClientResponseWriter.java
1057	com.netflix.zuul.netty.server.ClientResponseWriter	buildHttpResponse(com.netflix.zuul.message.http.HttpResponseMessage)	0	1	[false]	false	private	true	file:///Users/nima/Developer/NullAwayFixer/Projects/zuul/zuul-core/src/main/java/com/netflix/zuul/netty/server/ClientResponseWriter.java
1058	com.netflix.zuul.netty.server.ClientResponseWriter	userEventTriggered(io.netty.channel.ChannelHandlerContext,java.lang.Object)	44	2	[false, false]	false	public	false	file:///Users/nima/Developer/NullAwayFixer/Projects/zuul/zuul-core/src/main/java/com/netflix/zuul/netty/server/ClientResponseWriter.java
1059	com.netflix.zuul.netty.server.ClientResponseWriter	handleComplete(io.netty.channel.Channel)	0	1	[false]	false	private	false	file:///Users/nima/Developer/NullAwayFixer/Projects/zuul/zuul-core/src/main/java/com/netflix/zuul/netty/server/ClientResponseWriter.java
1060	com.netflix.zuul.netty.server.ClientResponseWriter	completeMetrics(io.netty.channel.Channel,com.netflix.zuul.message.http.HttpResponseMessage)	0	2	[false, false]	false	protected	false	file:///Users/nima/Developer/NullAwayFixer/Projects/zuul/zuul-core/src/main/java/com/netflix/zuul/netty/server/ClientResponseWriter.java
1061	com.netflix.zuul.netty.server.ClientResponseWriter	exceptionCaught(io.netty.channel.ChannelHandlerContext,java.lang.Throwable)	638	2	[false, false]	false	public	false	file:///Users/nima/Developer/NullAwayFixer/Projects/zuul/zuul-core/src/main/java/com/netflix/zuul/netty/server/ClientResponseWriter.java
1062	com.netflix.zuul.netty.server.ClientResponseWriter	channelInactive(io.netty.channel.ChannelHandlerContext)	14	1	[false]	false	public	false	file:///Users/nima/Developer/NullAwayFixer/Projects/zuul/zuul-core/src/main/java/com/netflix/zuul/netty/server/ClientResponseWriter.java
1063	com.netflix.zuul.netty.server.ZuulServerChannelInitializer	ZuulServerChannelInitializer(java.lang.String,com.netflix.netty.common.channel.config.ChannelConfig,com.netflix.netty.common.channel.config.ChannelConfig,io.netty.channel.group.ChannelGroup)	0	4	[false, false, false, false]	false	public	false	file:///Users/nima/Developer/NullAwayFixer/Projects/zuul/zuul-core/src/main/java/com/netflix/zuul/netty/server/ZuulServerChannelInitializer.java
1064	com.netflix.zuul.netty.server.ZuulServerChannelInitializer	ZuulServerChannelInitializer(int,com.netflix.netty.common.channel.config.ChannelConfig,com.netflix.netty.common.channel.config.ChannelConfig,io.netty.channel.group.ChannelGroup)	0	4	[false, false, false, false]	false	public	false	file:///Users/nima/Developer/NullAwayFixer/Projects/zuul/zuul-core/src/main/java/com/netflix/zuul/netty/server/ZuulServerChannelInitializer.java
1065	com.netflix.zuul.netty.server.ZuulServerChannelInitializer	initChannel(io.netty.channel.Channel)	444	1	[false]	false	protected	false	file:///Users/nima/Developer/NullAwayFixer/Projects/zuul/zuul-core/src/main/java/com/netflix/zuul/netty/server/ZuulServerChannelInitializer.java
1066	com.netflix.zuul.netty.server.Server	Server(java.util.Map<java.lang.Integer,io.netty.channel.ChannelInitializer>,com.netflix.netty.common.status.ServerStatusManager,com.netflix.zuul.netty.server.ClientConnectionsShutdown,com.netflix.netty.common.metrics.EventLoopGroupMetrics)	0	4	[false, false, false, false]	false	public	false	file:///Users/nima/Developer/NullAwayFixer/Projects/zuul/zuul-core/src/main/java/com/netflix/zuul/netty/server/Server.java
1067	com.netflix.zuul.netty.server.Server	Server(java.util.Map<java.lang.Integer,io.netty.channel.ChannelInitializer>,com.netflix.netty.common.status.ServerStatusManager,com.netflix.zuul.netty.server.ClientConnectionsShutdown,com.netflix.netty.common.metrics.EventLoopGroupMetrics,com.netflix.zuul.netty.server.EventLoopConfig)	0	5	[false, false, false, false, false]	false	public	false	file:///Users/nima/Developer/NullAwayFixer/Projects/zuul/zuul-core/src/main/java/com/netflix/zuul/netty/server/Server.java
1068	com.netflix.zuul.netty.server.Server	Server(com.netflix.spectator.api.Registry,com.netflix.netty.common.status.ServerStatusManager,java.util.Map<com.netflix.zuul.netty.server.NamedSocketAddress,? extends io.netty.channel.ChannelInitializer<?>>,com.netflix.zuul.netty.server.ClientConnectionsShutdown,com.netflix.netty.common.metrics.EventLoopGroupMetrics,com.netflix.zuul.netty.server.EventLoopConfig)	0	6	[false, false, false, false, false, false]	false	public	false	file:///Users/nima/Developer/NullAwayFixer/Projects/zuul/zuul-core/src/main/java/com/netflix/zuul/netty/server/Server.java
1069	com.netflix.zuul.netty.server.Server	stop()	0	0	[]	false	public	false	file:///Users/nima/Developer/NullAwayFixer/Projects/zuul/zuul-core/src/main/java/com/netflix/zuul/netty/server/Server.java
1070	com.netflix.zuul.netty.server.Server	start()	0	0	[]	false	public	false	file:///Users/nima/Developer/NullAwayFixer/Projects/zuul/zuul-core/src/main/java/com/netflix/zuul/netty/server/Server.java
1071	com.netflix.zuul.netty.server.Server	awaitTermination()	0	0	[]	false	public	false	file:///Users/nima/Developer/NullAwayFixer/Projects/zuul/zuul-core/src/main/java/com/netflix/zuul/netty/server/Server.java
1072	com.netflix.zuul.netty.server.Server	getListeningAddresses()	0	0	[]	false	public	true	file:///Users/nima/Developer/NullAwayFixer/Projects/zuul/zuul-core/src/main/java/com/netflix/zuul/netty/server/Server.java
1073	com.netflix.zuul.netty.server.Server	waitForEachEventLoop()	0	0	[]	false	public	false	file:///Users/nima/Developer/NullAwayFixer/Projects/zuul/zuul-core/src/main/java/com/netflix/zuul/netty/server/Server.java
1074	com.netflix.zuul.netty.server.Server	gracefullyShutdownConnections()	0	0	[]	false	public	false	file:///Users/nima/Developer/NullAwayFixer/Projects/zuul/zuul-core/src/main/java/com/netflix/zuul/netty/server/Server.java
1075	com.netflix.zuul.netty.server.Server	setupServerBootstrap(com.netflix.zuul.netty.server.NamedSocketAddress,io.netty.channel.ChannelInitializer<?>)	0	2	[false, false]	false	private	true	file:///Users/nima/Developer/NullAwayFixer/Projects/zuul/zuul-core/src/main/java/com/netflix/zuul/netty/server/Server.java
1076	com.netflix.zuul.netty.server.Server	postEventLoopCreationHook(io.netty.channel.EventLoopGroup,io.netty.channel.EventLoopGroup)	0	2	[false, false]	false	public	false	file:///Users/nima/Developer/NullAwayFixer/Projects/zuul/zuul-core/src/main/java/com/netflix/zuul/netty/server/Server.java
1077	com.netflix.zuul.netty.server.Server$ServerGroup	ServerGroup(java.lang.String,int,int,com.netflix.netty.common.metrics.EventLoopGroupMetrics)	0	4	[false, false, false, false]	false	private	false	file:///Users/nima/Developer/NullAwayFixer/Projects/zuul/zuul-core/src/main/java/com/netflix/zuul/netty/server/Server.java
1078	com.netflix.zuul.netty.server.Server$ServerGroup$1	uncaughtException(java.lang.Thread,java.lang.Throwable)	1079	2	[false, false]	false	public	false	file:///Users/nima/Developer/NullAwayFixer/Projects/zuul/zuul-core/src/main/java/com/netflix/zuul/netty/server/Server.java
1080	com.netflix.zuul.netty.server.Server$ServerGroup	initializeTransport()	0	0	[]	false	private	false	file:///Users/nima/Developer/NullAwayFixer/Projects/zuul/zuul-core/src/main/java/com/netflix/zuul/netty/server/Server.java
1081	com.netflix.zuul.netty.server.Server$ServerGroup	stop()	0	0	[]	false	private	false	file:///Users/nima/Developer/NullAwayFixer/Projects/zuul/zuul-core/src/main/java/com/netflix/zuul/netty/server/Server.java
1082	com.netflix.zuul.netty.server.Server$NewConnHandler	channelRead(io.netty.channel.ChannelHandlerContext,java.lang.Object)	12	2	[false, false]	false	public	false	file:///Users/nima/Developer/NullAwayFixer/Projects/zuul/zuul-core/src/main/java/com/netflix/zuul/netty/server/Server.java
1083	com.netflix.zuul.netty.server.Server	convertPortMap(java.util.Map<java.lang.Integer,io.netty.channel.ChannelInitializer<?>>)	0	1	[false]	false	package	true	file:///Users/nima/Developer/NullAwayFixer/Projects/zuul/zuul-core/src/main/java/com/netflix/zuul/netty/server/Server.java
1084	com.netflix.zuul.netty.server.Server	epollIsAvailable()	0	0	[]	false	private	false	file:///Users/nima/Developer/NullAwayFixer/Projects/zuul/zuul-core/src/main/java/com/netflix/zuul/netty/server/Server.java
1085	com.netflix.zuul.netty.server.Server	ioUringIsAvailable()	0	0	[]	false	private	false	file:///Users/nima/Developer/NullAwayFixer/Projects/zuul/zuul-core/src/main/java/com/netflix/zuul/netty/server/Server.java
1086	com.netflix.zuul.netty.server.Server	kqueueIsAvailable()	0	0	[]	false	private	false	file:///Users/nima/Developer/NullAwayFixer/Projects/zuul/zuul-core/src/main/java/com/netflix/zuul/netty/server/Server.java
1087	com.netflix.zuul.netty.server.BaseServerStartup	BaseServerStartup(com.netflix.netty.common.status.ServerStatusManager,com.netflix.zuul.FilterLoader,com.netflix.zuul.context.SessionContextDecorator,com.netflix.zuul.FilterUsageNotifier,com.netflix.zuul.RequestCompleteHandler,com.netflix.spectator.api.Registry,com.netflix.zuul.netty.server.DirectMemoryMonitor,com.netflix.netty.common.metrics.EventLoopGroupMetrics,com.netflix.discovery.EurekaClient,com.netflix.appinfo.ApplicationInfoManager,com.netflix.netty.common.accesslog.AccessLogPublisher)	0	11	[false, false, false, false, false, false, false, false, false, false, false]	false	public	false	file:///Users/nima/Developer/NullAwayFixer/Projects/zuul/zuul-core/src/main/java/com/netflix/zuul/netty/server/BaseServerStartup.java
1088	com.netflix.zuul.netty.server.BaseServerStartup	server()	0	0	[]	false	public	true	file:///Users/nima/Developer/NullAwayFixer/Projects/zuul/zuul-core/src/main/java/com/netflix/zuul/netty/server/BaseServerStartup.java
1089	com.netflix.zuul.netty.server.BaseServerStartup	init()	0	0	[]	false	public	false	file:///Users/nima/Developer/NullAwayFixer/Projects/zuul/zuul-core/src/main/java/com/netflix/zuul/netty/server/BaseServerStartup.java
1090	com.netflix.zuul.netty.server.BaseServerStartup	choosePortsAndChannels(io.netty.channel.group.ChannelGroup)	0	1	[false]	false	protected	true	file:///Users/nima/Developer/NullAwayFixer/Projects/zuul/zuul-core/src/main/java/com/netflix/zuul/netty/server/BaseServerStartup.java
1091	com.netflix.zuul.netty.server.BaseServerStartup	chooseAddrsAndChannels(io.netty.channel.group.ChannelGroup)	0	1	[false]	false	protected	true	file:///Users/nima/Developer/NullAwayFixer/Projects/zuul/zuul-core/src/main/java/com/netflix/zuul/netty/server/BaseServerStartup.java
1092	com.netflix.zuul.netty.server.BaseServerStartup	defaultChannelDependencies(java.lang.String)	0	1	[false]	false	protected	true	file:///Users/nima/Developer/NullAwayFixer/Projects/zuul/zuul-core/src/main/java/com/netflix/zuul/netty/server/BaseServerStartup.java
1093	com.netflix.zuul.netty.server.BaseServerStartup	addChannelDependencies(com.netflix.netty.common.channel.config.ChannelConfig,java.lang.String)	0	2	[false, false]	false	protected	false	file:///Users/nima/Developer/NullAwayFixer/Projects/zuul/zuul-core/src/main/java/com/netflix/zuul/netty/server/BaseServerStartup.java
1094	com.netflix.zuul.netty.server.BaseServerStartup	chooseIntChannelProperty(java.lang.String,java.lang.String,int)	0	3	[false, false, false]	false	public	false	file:///Users/nima/Developer/NullAwayFixer/Projects/zuul/zuul-core/src/main/java/com/netflix/zuul/netty/server/BaseServerStartup.java
1095	com.netflix.zuul.netty.server.BaseServerStartup	chooseBooleanChannelProperty(java.lang.String,java.lang.String,boolean)	0	3	[false, false, false]	false	public	false	file:///Users/nima/Developer/NullAwayFixer/Projects/zuul/zuul-core/src/main/java/com/netflix/zuul/netty/server/BaseServerStartup.java
1096	com.netflix.zuul.netty.server.BaseServerStartup	defaultChannelConfig(java.lang.String)	0	1	[false]	false	public	true	file:///Users/nima/Developer/NullAwayFixer/Projects/zuul/zuul-core/src/main/java/com/netflix/zuul/netty/server/BaseServerStartup.java
1097	com.netflix.zuul.netty.server.BaseServerStartup	addHttp2DefaultConfig(com.netflix.netty.common.channel.config.ChannelConfig,java.lang.String)	0	2	[false, false]	false	public	false	file:///Users/nima/Developer/NullAwayFixer/Projects/zuul/zuul-core/src/main/java/com/netflix/zuul/netty/server/BaseServerStartup.java
1098	com.netflix.zuul.netty.server.BaseServerStartup	logPortConfigured(int)	0	1	[false]	false	protected	false	file:///Users/nima/Developer/NullAwayFixer/Projects/zuul/zuul-core/src/main/java/com/netflix/zuul/netty/server/BaseServerStartup.java
1099	com.netflix.zuul.netty.server.BaseServerStartup	logPortConfigured(int,com.netflix.netty.common.ssl.ServerSslConfig)	0	2	[false, false]	false	protected	false	file:///Users/nima/Developer/NullAwayFixer/Projects/zuul/zuul-core/src/main/java/com/netflix/zuul/netty/server/BaseServerStartup.java
1100	com.netflix.zuul.netty.server.BaseServerStartup	logPortConfigured(int,io.netty.util.AsyncMapping<java.lang.String,io.netty.handler.ssl.SslContext>)	0	2	[false, false]	false	protected	false	file:///Users/nima/Developer/NullAwayFixer/Projects/zuul/zuul-core/src/main/java/com/netflix/zuul/netty/server/BaseServerStartup.java
1101	com.netflix.zuul.netty.server.BaseServerStartup	logAddrConfigured(java.net.SocketAddress)	0	1	[false]	false	protected	false	file:///Users/nima/Developer/NullAwayFixer/Projects/zuul/zuul-core/src/main/java/com/netflix/zuul/netty/server/BaseServerStartup.java
1102	com.netflix.zuul.netty.server.BaseServerStartup	logAddrConfigured(java.net.SocketAddress,com.netflix.netty.common.ssl.ServerSslConfig)	0	2	[false, true]	false	protected	false	file:///Users/nima/Developer/NullAwayFixer/Projects/zuul/zuul-core/src/main/java/com/netflix/zuul/netty/server/BaseServerStartup.java
1103	com.netflix.zuul.netty.server.BaseServerStartup	logAddrConfigured(java.net.SocketAddress,io.netty.util.AsyncMapping<java.lang.String,io.netty.handler.ssl.SslContext>)	0	2	[false, true]	false	protected	false	file:///Users/nima/Developer/NullAwayFixer/Projects/zuul/zuul-core/src/main/java/com/netflix/zuul/netty/server/BaseServerStartup.java
1104	com.netflix.zuul.netty.server.BaseServerStartup	logSecureAddrConfigured(java.net.SocketAddress,java.lang.Object)	0	2	[false, true]	false	protected	false	file:///Users/nima/Developer/NullAwayFixer/Projects/zuul/zuul-core/src/main/java/com/netflix/zuul/netty/server/BaseServerStartup.java
1105	com.netflix.zuul.netty.ratelimiting.NullChannelHandlerProvider	get()	1106	0	[]	false	public	true	file:///Users/nima/Developer/NullAwayFixer/Projects/zuul/zuul-core/src/main/java/com/netflix/zuul/netty/ratelimiting/NullChannelHandlerProvider.java
1107	com.netflix.zuul.netty.connectionpool.IConnectionPool	acquire(io.netty.channel.EventLoop,com.netflix.zuul.passport.CurrentPassport,java.util.concurrent.atomic.AtomicReference<? super java.net.InetAddress>)	0	3	[false, false, false]	false	public	true	file:///Users/nima/Developer/NullAwayFixer/Projects/zuul/zuul-core/src/main/java/com/netflix/zuul/netty/connectionpool/IConnectionPool.java
1108	com.netflix.zuul.netty.connectionpool.IConnectionPool	release(com.netflix.zuul.netty.connectionpool.PooledConnection)	0	1	[false]	false	public	false	file:///Users/nima/Developer/NullAwayFixer/Projects/zuul/zuul-core/src/main/java/com/netflix/zuul/netty/connectionpool/IConnectionPool.java
1109	com.netflix.zuul.netty.connectionpool.IConnectionPool	remove(com.netflix.zuul.netty.connectionpool.PooledConnection)	0	1	[false]	false	public	false	file:///Users/nima/Developer/NullAwayFixer/Projects/zuul/zuul-core/src/main/java/com/netflix/zuul/netty/connectionpool/IConnectionPool.java
1110	com.netflix.zuul.netty.connectionpool.IConnectionPool	shutdown()	0	0	[]	false	public	false	file:///Users/nima/Developer/NullAwayFixer/Projects/zuul/zuul-core/src/main/java/com/netflix/zuul/netty/connectionpool/IConnectionPool.java
1111	com.netflix.zuul.netty.connectionpool.IConnectionPool	isAvailable()	0	0	[]	false	public	false	file:///Users/nima/Developer/NullAwayFixer/Projects/zuul/zuul-core/src/main/java/com/netflix/zuul/netty/connectionpool/IConnectionPool.java
1112	com.netflix.zuul.netty.connectionpool.IConnectionPool	getConnsInUse()	0	0	[]	false	public	false	file:///Users/nima/Developer/NullAwayFixer/Projects/zuul/zuul-core/src/main/java/com/netflix/zuul/netty/connectionpool/IConnectionPool.java
1113	com.netflix.zuul.netty.connectionpool.IConnectionPool	getConnsInPool()	0	0	[]	false	public	false	file:///Users/nima/Developer/NullAwayFixer/Projects/zuul/zuul-core/src/main/java/com/netflix/zuul/netty/connectionpool/IConnectionPool.java
1114	com.netflix.zuul.netty.connectionpool.IConnectionPool	getConfig()	0	0	[]	false	public	true	file:///Users/nima/Developer/NullAwayFixer/Projects/zuul/zuul-core/src/main/java/com/netflix/zuul/netty/connectionpool/IConnectionPool.java
1115	com.netflix.zuul.netty.connectionpool.OriginConnectException	OriginConnectException(java.lang.String,com.netflix.zuul.exception.ErrorType)	0	2	[false, false]	false	public	false	file:///Users/nima/Developer/NullAwayFixer/Projects/zuul/zuul-core/src/main/java/com/netflix/zuul/netty/connectionpool/OriginConnectException.java
1116	com.netflix.zuul.netty.connectionpool.OriginConnectException	OriginConnectException(java.lang.String,java.lang.Throwable,com.netflix.zuul.exception.ErrorType)	0	3	[false, false, false]	false	public	false	file:///Users/nima/Developer/NullAwayFixer/Projects/zuul/zuul-core/src/main/java/com/netflix/zuul/netty/connectionpool/OriginConnectException.java
1117	com.netflix.zuul.netty.connectionpool.OriginConnectException	getErrorType()	0	0	[]	false	public	true	file:///Users/nima/Developer/NullAwayFixer/Projects/zuul/zuul-core/src/main/java/com/netflix/zuul/netty/connectionpool/OriginConnectException.java
1118	com.netflix.zuul.netty.connectionpool.BasicRequestStat	BasicRequestStat()	0	0	[]	false	public	false	file:///Users/nima/Developer/NullAwayFixer/Projects/zuul/zuul-core/src/main/java/com/netflix/zuul/netty/connectionpool/BasicRequestStat.java
1119	com.netflix.zuul.netty.connectionpool.BasicRequestStat	server(com.netflix.zuul.discovery.DiscoveryResult)	642	1	[false]	false	public	true	file:///Users/nima/Developer/NullAwayFixer/Projects/zuul/zuul-core/src/main/java/com/netflix/zuul/netty/connectionpool/BasicRequestStat.java
1120	com.netflix.zuul.netty.connectionpool.BasicRequestStat	isFinished()	643	0	[]	false	public	false	file:///Users/nima/Developer/NullAwayFixer/Projects/zuul/zuul-core/src/main/java/com/netflix/zuul/netty/connectionpool/BasicRequestStat.java
1121	com.netflix.zuul.netty.connectionpool.BasicRequestStat	duration()	644	0	[]	false	public	false	file:///Users/nima/Developer/NullAwayFixer/Projects/zuul/zuul-core/src/main/java/com/netflix/zuul/netty/connectionpool/BasicRequestStat.java
1122	com.netflix.zuul.netty.connectionpool.BasicRequestStat	serviceUnavailable()	645	0	[]	false	public	false	file:///Users/nima/Developer/NullAwayFixer/Projects/zuul/zuul-core/src/main/java/com/netflix/zuul/netty/connectionpool/BasicRequestStat.java
1123	com.netflix.zuul.netty.connectionpool.BasicRequestStat	generalError()	646	0	[]	false	public	false	file:///Users/nima/Developer/NullAwayFixer/Projects/zuul/zuul-core/src/main/java/com/netflix/zuul/netty/connectionpool/BasicRequestStat.java
1124	com.netflix.zuul.netty.connectionpool.BasicRequestStat	failAndSetErrorCode(com.netflix.zuul.exception.ErrorType)	647	1	[false]	false	public	false	file:///Users/nima/Developer/NullAwayFixer/Projects/zuul/zuul-core/src/main/java/com/netflix/zuul/netty/connectionpool/BasicRequestStat.java
1125	com.netflix.zuul.netty.connectionpool.BasicRequestStat	updateWithHttpStatusCode(int)	648	1	[false]	false	public	false	file:///Users/nima/Developer/NullAwayFixer/Projects/zuul/zuul-core/src/main/java/com/netflix/zuul/netty/connectionpool/BasicRequestStat.java
1126	com.netflix.zuul.netty.connectionpool.BasicRequestStat	finalAttempt(boolean)	649	1	[false]	false	public	false	file:///Users/nima/Developer/NullAwayFixer/Projects/zuul/zuul-core/src/main/java/com/netflix/zuul/netty/connectionpool/BasicRequestStat.java
1127	com.netflix.zuul.netty.connectionpool.BasicRequestStat	finishIfNotAlready()	650	0	[]	false	public	false	file:///Users/nima/Developer/NullAwayFixer/Projects/zuul/zuul-core/src/main/java/com/netflix/zuul/netty/connectionpool/BasicRequestStat.java
1128	com.netflix.zuul.netty.connectionpool.BasicRequestStat	publishMetrics()	0	0	[]	false	protected	false	file:///Users/nima/Developer/NullAwayFixer/Projects/zuul/zuul-core/src/main/java/com/netflix/zuul/netty/connectionpool/BasicRequestStat.java
1129	com.netflix.zuul.netty.connectionpool.PerServerConnectionPool	PerServerConnectionPool(com.netflix.zuul.discovery.DiscoveryResult,java.net.SocketAddress,com.netflix.zuul.netty.connectionpool.NettyClientConnectionFactory,com.netflix.zuul.netty.connectionpool.PooledConnectionFactory,com.netflix.zuul.netty.connectionpool.ConnectionPoolConfig,com.netflix.client.config.IClientConfig,com.netflix.spectator.api.Counter,com.netflix.spectator.api.Counter,com.netflix.spectator.api.Counter,com.netflix.spectator.api.Counter,com.netflix.spectator.api.Counter,com.netflix.spectator.api.Counter,com.netflix.spectator.api.Counter,com.netflix.spectator.api.Counter,com.netflix.spectator.api.Timer,java.util.concurrent.atomic.AtomicInteger,java.util.concurrent.atomic.AtomicInteger)	0	17	[false, false, false, false, false, false, false, false, false, false, false, false, false, false, false, false, false]	false	public	false	file:///Users/nima/Developer/NullAwayFixer/Projects/zuul/zuul-core/src/main/java/com/netflix/zuul/netty/connectionpool/PerServerConnectionPool.java
1130	com.netflix.zuul.netty.connectionpool.PerServerConnectionPool	getConfig()	1114	0	[]	false	public	true	file:///Users/nima/Developer/NullAwayFixer/Projects/zuul/zuul-core/src/main/java/com/netflix/zuul/netty/connectionpool/PerServerConnectionPool.java
1131	com.netflix.zuul.netty.connectionpool.PerServerConnectionPool	getNiwsClientConfig()	0	0	[]	false	public	true	file:///Users/nima/Developer/NullAwayFixer/Projects/zuul/zuul-core/src/main/java/com/netflix/zuul/netty/connectionpool/PerServerConnectionPool.java
1132	com.netflix.zuul.netty.connectionpool.PerServerConnectionPool	isAvailable()	1111	0	[]	false	public	false	file:///Users/nima/Developer/NullAwayFixer/Projects/zuul/zuul-core/src/main/java/com/netflix/zuul/netty/connectionpool/PerServerConnectionPool.java
1133	com.netflix.zuul.netty.connectionpool.PerServerConnectionPool	onAcquire(com.netflix.zuul.netty.connectionpool.PooledConnection,com.netflix.zuul.passport.CurrentPassport)	0	2	[false, false]	false	protected	false	file:///Users/nima/Developer/NullAwayFixer/Projects/zuul/zuul-core/src/main/java/com/netflix/zuul/netty/connectionpool/PerServerConnectionPool.java
1134	com.netflix.zuul.netty.connectionpool.PerServerConnectionPool	removeIdleStateHandler(com.netflix.zuul.netty.connectionpool.PooledConnection)	0	1	[false]	false	protected	false	file:///Users/nima/Developer/NullAwayFixer/Projects/zuul/zuul-core/src/main/java/com/netflix/zuul/netty/connectionpool/PerServerConnectionPool.java
1135	com.netflix.zuul.netty.connectionpool.PerServerConnectionPool	acquire(io.netty.channel.EventLoop,com.netflix.zuul.passport.CurrentPassport,java.util.concurrent.atomic.AtomicReference<? super java.net.InetAddress>)	1107	3	[false, false, false]	false	public	true	file:///Users/nima/Developer/NullAwayFixer/Projects/zuul/zuul-core/src/main/java/com/netflix/zuul/netty/connectionpool/PerServerConnectionPool.java
1136	com.netflix.zuul.netty.connectionpool.PerServerConnectionPool	tryGettingFromConnectionPool(io.netty.channel.EventLoop)	0	1	[false]	false	public	true	file:///Users/nima/Developer/NullAwayFixer/Projects/zuul/zuul-core/src/main/java/com/netflix/zuul/netty/connectionpool/PerServerConnectionPool.java
1137	com.netflix.zuul.netty.connectionpool.PerServerConnectionPool	isValidFromPool(com.netflix.zuul.netty.connectionpool.PooledConnection)	0	1	[false]	false	protected	false	file:///Users/nima/Developer/NullAwayFixer/Projects/zuul/zuul-core/src/main/java/com/netflix/zuul/netty/connectionpool/PerServerConnectionPool.java
1138	com.netflix.zuul.netty.connectionpool.PerServerConnectionPool	initPooledConnection(com.netflix.zuul.netty.connectionpool.PooledConnection,io.netty.util.concurrent.Promise<com.netflix.zuul.netty.connectionpool.PooledConnection>)	0	2	[false, false]	false	protected	false	file:///Users/nima/Developer/NullAwayFixer/Projects/zuul/zuul-core/src/main/java/com/netflix/zuul/netty/connectionpool/PerServerConnectionPool.java
1139	com.netflix.zuul.netty.connectionpool.PerServerConnectionPool	getPoolForEventLoop(io.netty.channel.EventLoop)	0	1	[false]	false	protected	true	file:///Users/nima/Developer/NullAwayFixer/Projects/zuul/zuul-core/src/main/java/com/netflix/zuul/netty/connectionpool/PerServerConnectionPool.java
1140	com.netflix.zuul.netty.connectionpool.PerServerConnectionPool	tryMakingNewConnection(io.netty.channel.EventLoop,io.netty.util.concurrent.Promise<com.netflix.zuul.netty.connectionpool.PooledConnection>,com.netflix.zuul.passport.CurrentPassport,java.util.concurrent.atomic.AtomicReference<? super java.net.InetAddress>)	0	4	[false, false, false, false]	false	protected	false	file:///Users/nima/Developer/NullAwayFixer/Projects/zuul/zuul-core/src/main/java/com/netflix/zuul/netty/connectionpool/PerServerConnectionPool.java
1141	com.netflix.zuul.netty.connectionpool.PerServerConnectionPool	connectToServer(io.netty.channel.EventLoop,com.netflix.zuul.passport.CurrentPassport,java.net.SocketAddress)	0	3	[false, false, false]	false	protected	true	file:///Users/nima/Developer/NullAwayFixer/Projects/zuul/zuul-core/src/main/java/com/netflix/zuul/netty/connectionpool/PerServerConnectionPool.java
1142	com.netflix.zuul.netty.connectionpool.PerServerConnectionPool	handleConnectCompletion(io.netty.channel.ChannelFuture,io.netty.util.concurrent.Promise<com.netflix.zuul.netty.connectionpool.PooledConnection>,com.netflix.zuul.passport.CurrentPassport)	0	3	[false, false, false]	false	protected	false	file:///Users/nima/Developer/NullAwayFixer/Projects/zuul/zuul-core/src/main/java/com/netflix/zuul/netty/connectionpool/PerServerConnectionPool.java
1143	com.netflix.zuul.netty.connectionpool.PerServerConnectionPool	createConnection(io.netty.channel.ChannelFuture,io.netty.util.concurrent.Promise<com.netflix.zuul.netty.connectionpool.PooledConnection>,com.netflix.zuul.passport.CurrentPassport)	0	3	[false, false, false]	false	protected	false	file:///Users/nima/Developer/NullAwayFixer/Projects/zuul/zuul-core/src/main/java/com/netflix/zuul/netty/connectionpool/PerServerConnectionPool.java
1144	com.netflix.zuul.netty.connectionpool.PerServerConnectionPool	release(com.netflix.zuul.netty.connectionpool.PooledConnection)	1108	1	[false]	false	public	false	file:///Users/nima/Developer/NullAwayFixer/Projects/zuul/zuul-core/src/main/java/com/netflix/zuul/netty/connectionpool/PerServerConnectionPool.java
1145	com.netflix.zuul.netty.connectionpool.PerServerConnectionPool	remove(com.netflix.zuul.netty.connectionpool.PooledConnection)	1109	1	[false]	false	public	false	file:///Users/nima/Developer/NullAwayFixer/Projects/zuul/zuul-core/src/main/java/com/netflix/zuul/netty/connectionpool/PerServerConnectionPool.java
1146	com.netflix.zuul.netty.connectionpool.PerServerConnectionPool	shutdown()	1110	0	[]	false	public	false	file:///Users/nima/Developer/NullAwayFixer/Projects/zuul/zuul-core/src/main/java/com/netflix/zuul/netty/connectionpool/PerServerConnectionPool.java
1147	com.netflix.zuul.netty.connectionpool.PerServerConnectionPool	getConnsInPool()	1113	0	[]	false	public	false	file:///Users/nima/Developer/NullAwayFixer/Projects/zuul/zuul-core/src/main/java/com/netflix/zuul/netty/connectionpool/PerServerConnectionPool.java
1148	com.netflix.zuul.netty.connectionpool.PerServerConnectionPool	getConnsInUse()	1112	0	[]	false	public	false	file:///Users/nima/Developer/NullAwayFixer/Projects/zuul/zuul-core/src/main/java/com/netflix/zuul/netty/connectionpool/PerServerConnectionPool.java
1149	com.netflix.zuul.netty.connectionpool.PerServerConnectionPool	getSelectedHostString(java.net.SocketAddress)	0	1	[false]	true	private	true	file:///Users/nima/Developer/NullAwayFixer/Projects/zuul/zuul-core/src/main/java/com/netflix/zuul/netty/connectionpool/PerServerConnectionPool.java
1150	com.netflix.zuul.netty.connectionpool.PooledConnectionFactory	create(io.netty.channel.Channel)	0	1	[false]	false	public	true	file:///Users/nima/Developer/NullAwayFixer/Projects/zuul/zuul-core/src/main/java/com/netflix/zuul/netty/connectionpool/PooledConnectionFactory.java
1151	com.netflix.zuul.netty.connectionpool.NettyClientConnectionFactory	NettyClientConnectionFactory(com.netflix.zuul.netty.connectionpool.ConnectionPoolConfig,io.netty.channel.ChannelInitializer<? extends io.netty.channel.Channel>)	0	2	[false, false]	false	package	false	file:///Users/nima/Developer/NullAwayFixer/Projects/zuul/zuul-core/src/main/java/com/netflix/zuul/netty/connectionpool/NettyClientConnectionFactory.java
1152	com.netflix.zuul.netty.connectionpool.NettyClientConnectionFactory	connect(io.netty.channel.EventLoop,java.net.SocketAddress,com.netflix.zuul.passport.CurrentPassport)	0	3	[false, false, false]	false	public	true	file:///Users/nima/Developer/NullAwayFixer/Projects/zuul/zuul-core/src/main/java/com/netflix/zuul/netty/connectionpool/NettyClientConnectionFactory.java
1153	com.netflix.zuul.netty.connectionpool.ClientTimeoutHandler$InboundHandler	channelRead(io.netty.channel.ChannelHandlerContext,java.lang.Object)	12	2	[false, false]	false	public	false	file:///Users/nima/Developer/NullAwayFixer/Projects/zuul/zuul-core/src/main/java/com/netflix/zuul/netty/connectionpool/ClientTimeoutHandler.java
1154	com.netflix.zuul.netty.connectionpool.ClientTimeoutHandler$OutboundHandler	write(io.netty.channel.ChannelHandlerContext,java.lang.Object,io.netty.channel.ChannelPromise)	54	3	[false, false, false]	false	public	false	file:///Users/nima/Developer/NullAwayFixer/Projects/zuul/zuul-core/src/main/java/com/netflix/zuul/netty/connectionpool/ClientTimeoutHandler.java
1155	com.netflix.zuul.netty.connectionpool.DefaultClientChannelManager	DefaultClientChannelManager(com.netflix.zuul.origins.OriginName,com.netflix.client.config.IClientConfig,com.netflix.spectator.api.Registry)	0	3	[false, false, false]	false	public	false	file:///Users/nima/Developer/NullAwayFixer/Projects/zuul/zuul-core/src/main/java/com/netflix/zuul/netty/connectionpool/DefaultClientChannelManager.java
1156	com.netflix.zuul.netty.connectionpool.DefaultClientChannelManager	DefaultClientChannelManager(com.netflix.zuul.origins.OriginName,com.netflix.client.config.IClientConfig,com.netflix.zuul.resolver.Resolver<? extends com.netflix.zuul.discovery.DiscoveryResult>,com.netflix.spectator.api.Registry)	0	4	[false, false, false, false]	false	public	false	file:///Users/nima/Developer/NullAwayFixer/Projects/zuul/zuul-core/src/main/java/com/netflix/zuul/netty/connectionpool/DefaultClientChannelManager.java
1157	com.netflix.zuul.netty.connectionpool.DefaultClientChannelManager	init()	657	0	[]	false	public	false	file:///Users/nima/Developer/NullAwayFixer/Projects/zuul/zuul-core/src/main/java/com/netflix/zuul/netty/connectionpool/DefaultClientChannelManager.java
1158	com.netflix.zuul.netty.connectionpool.DefaultClientChannelManager	createChannelInitializer(com.netflix.client.config.IClientConfig,com.netflix.zuul.netty.connectionpool.ConnectionPoolConfig,com.netflix.spectator.api.Registry)	0	3	[false, false, false]	false	protected	true	file:///Users/nima/Developer/NullAwayFixer/Projects/zuul/zuul-core/src/main/java/com/netflix/zuul/netty/connectionpool/DefaultClientChannelManager.java
1159	com.netflix.zuul.netty.connectionpool.DefaultClientChannelManager	createNettyClientConnectionFactory(com.netflix.zuul.netty.connectionpool.ConnectionPoolConfig,io.netty.channel.ChannelInitializer<? extends io.netty.channel.Channel>)	0	2	[false, false]	false	protected	true	file:///Users/nima/Developer/NullAwayFixer/Projects/zuul/zuul-core/src/main/java/com/netflix/zuul/netty/connectionpool/DefaultClientChannelManager.java
1160	com.netflix.zuul.netty.connectionpool.DefaultClientChannelManager	getConfig()	668	0	[]	false	public	true	file:///Users/nima/Developer/NullAwayFixer/Projects/zuul/zuul-core/src/main/java/com/netflix/zuul/netty/connectionpool/DefaultClientChannelManager.java
1161	com.netflix.zuul.netty.connectionpool.DefaultClientChannelManager	isAvailable()	658	0	[]	false	public	false	file:///Users/nima/Developer/NullAwayFixer/Projects/zuul/zuul-core/src/main/java/com/netflix/zuul/netty/connectionpool/DefaultClientChannelManager.java
1162	com.netflix.zuul.netty.connectionpool.DefaultClientChannelManager	isCold()	664	0	[]	false	public	false	file:///Users/nima/Developer/NullAwayFixer/Projects/zuul/zuul-core/src/main/java/com/netflix/zuul/netty/connectionpool/DefaultClientChannelManager.java
1163	com.netflix.zuul.netty.connectionpool.DefaultClientChannelManager	getInflightRequestsCount()	659	0	[]	false	public	false	file:///Users/nima/Developer/NullAwayFixer/Projects/zuul/zuul-core/src/main/java/com/netflix/zuul/netty/connectionpool/DefaultClientChannelManager.java
1164	com.netflix.zuul.netty.connectionpool.DefaultClientChannelManager	shutdown()	660	0	[]	false	public	false	file:///Users/nima/Developer/NullAwayFixer/Projects/zuul/zuul-core/src/main/java/com/netflix/zuul/netty/connectionpool/DefaultClientChannelManager.java
1165	com.netflix.zuul.netty.connectionpool.DefaultClientChannelManager	release(com.netflix.zuul.netty.connectionpool.PooledConnection)	661	1	[false]	false	public	false	file:///Users/nima/Developer/NullAwayFixer/Projects/zuul/zuul-core/src/main/java/com/netflix/zuul/netty/connectionpool/DefaultClientChannelManager.java
1166	com.netflix.zuul.netty.connectionpool.DefaultClientChannelManager	releaseHandlers(com.netflix.zuul.netty.connectionpool.PooledConnection)	0	1	[false]	false	protected	false	file:///Users/nima/Developer/NullAwayFixer/Projects/zuul/zuul-core/src/main/java/com/netflix/zuul/netty/connectionpool/DefaultClientChannelManager.java
1167	com.netflix.zuul.netty.connectionpool.DefaultClientChannelManager	removeHandlerFromPipeline(java.lang.String,io.netty.channel.ChannelPipeline)	0	2	[false, false]	false	public	false	file:///Users/nima/Developer/NullAwayFixer/Projects/zuul/zuul-core/src/main/java/com/netflix/zuul/netty/connectionpool/DefaultClientChannelManager.java
1168	com.netflix.zuul.netty.connectionpool.DefaultClientChannelManager	remove(com.netflix.zuul.netty.connectionpool.PooledConnection)	665	1	[false]	false	public	false	file:///Users/nima/Developer/NullAwayFixer/Projects/zuul/zuul-core/src/main/java/com/netflix/zuul/netty/connectionpool/DefaultClientChannelManager.java
1169	com.netflix.zuul.netty.connectionpool.DefaultClientChannelManager	acquire(io.netty.channel.EventLoop)	662	1	[false]	false	public	true	file:///Users/nima/Developer/NullAwayFixer/Projects/zuul/zuul-core/src/main/java/com/netflix/zuul/netty/connectionpool/DefaultClientChannelManager.java
1170	com.netflix.zuul.netty.connectionpool.DefaultClientChannelManager	acquire(io.netty.channel.EventLoop,java.lang.Object,com.netflix.zuul.passport.CurrentPassport,java.util.concurrent.atomic.AtomicReference<com.netflix.zuul.discovery.DiscoveryResult>,java.util.concurrent.atomic.AtomicReference<? super java.net.InetAddress>)	663	5	[false, true, false, false, false]	false	public	true	file:///Users/nima/Developer/NullAwayFixer/Projects/zuul/zuul-core/src/main/java/com/netflix/zuul/netty/connectionpool/DefaultClientChannelManager.java
1171	com.netflix.zuul.netty.connectionpool.DefaultClientChannelManager	createPooledConnectionFactory(com.netflix.zuul.discovery.DiscoveryResult,com.netflix.zuul.netty.connectionpool.ClientChannelManager,com.netflix.spectator.api.Counter,com.netflix.spectator.api.Counter)	0	4	[false, false, false, false]	false	protected	true	file:///Users/nima/Developer/NullAwayFixer/Projects/zuul/zuul-core/src/main/java/com/netflix/zuul/netty/connectionpool/DefaultClientChannelManager.java
1172	com.netflix.zuul.netty.connectionpool.DefaultClientChannelManager	createConnectionPool(com.netflix.zuul.discovery.DiscoveryResult,java.net.SocketAddress,com.netflix.zuul.netty.connectionpool.NettyClientConnectionFactory,com.netflix.zuul.netty.connectionpool.PooledConnectionFactory,com.netflix.zuul.netty.connectionpool.ConnectionPoolConfig,com.netflix.client.config.IClientConfig,com.netflix.spectator.api.Counter,com.netflix.spectator.api.Counter,com.netflix.spectator.api.Counter,com.netflix.spectator.api.Counter,com.netflix.spectator.api.Counter,com.netflix.spectator.api.Counter,com.netflix.spectator.api.Counter,com.netflix.spectator.api.Counter,com.netflix.spectator.api.histogram.PercentileTimer,java.util.concurrent.atomic.AtomicInteger,java.util.concurrent.atomic.AtomicInteger)	0	17	[false, false, false, false, false, false, false, false, false, false, false, false, false, false, false, false, false]	false	protected	true	file:///Users/nima/Developer/NullAwayFixer/Projects/zuul/zuul-core/src/main/java/com/netflix/zuul/netty/connectionpool/DefaultClientChannelManager.java
1173	com.netflix.zuul.netty.connectionpool.DefaultClientChannelManager$ServerPoolListener	onChange(java.util.List<com.netflix.zuul.discovery.DiscoveryResult>)	1174	1	[false]	false	public	false	file:///Users/nima/Developer/NullAwayFixer/Projects/zuul/zuul-core/src/main/java/com/netflix/zuul/netty/connectionpool/DefaultClientChannelManager.java
1175	com.netflix.zuul.netty.connectionpool.DefaultClientChannelManager	getConnsInPool()	666	0	[]	false	public	false	file:///Users/nima/Developer/NullAwayFixer/Projects/zuul/zuul-core/src/main/java/com/netflix/zuul/netty/connectionpool/DefaultClientChannelManager.java
1176	com.netflix.zuul.netty.connectionpool.DefaultClientChannelManager	getConnsInUse()	667	0	[]	false	public	false	file:///Users/nima/Developer/NullAwayFixer/Projects/zuul/zuul-core/src/main/java/com/netflix/zuul/netty/connectionpool/DefaultClientChannelManager.java
1177	com.netflix.zuul.netty.connectionpool.DefaultClientChannelManager	getPerServerPools()	0	0	[]	false	protected	true	file:///Users/nima/Developer/NullAwayFixer/Projects/zuul/zuul-core/src/main/java/com/netflix/zuul/netty/connectionpool/DefaultClientChannelManager.java
1178	com.netflix.zuul.netty.connectionpool.DefaultClientChannelManager	pickAddressInternal(com.netflix.zuul.discovery.ResolverResult,com.netflix.zuul.origins.OriginName)	0	2	[false, true]	false	package	true	file:///Users/nima/Developer/NullAwayFixer/Projects/zuul/zuul-core/src/main/java/com/netflix/zuul/netty/connectionpool/DefaultClientChannelManager.java
1179	com.netflix.zuul.netty.connectionpool.DefaultClientChannelManager	pickAddress(com.netflix.zuul.discovery.DiscoveryResult)	0	1	[false]	false	protected	true	file:///Users/nima/Developer/NullAwayFixer/Projects/zuul/zuul-core/src/main/java/com/netflix/zuul/netty/connectionpool/DefaultClientChannelManager.java
1180	com.netflix.zuul.netty.filter.ZuulFilterChainHandler	ZuulFilterChainHandler(com.netflix.zuul.netty.filter.ZuulFilterChainRunner<com.netflix.zuul.message.http.HttpRequestMessage>,com.netflix.zuul.netty.filter.ZuulFilterChainRunner<com.netflix.zuul.message.http.HttpResponseMessage>)	0	2	[false, false]	false	public	false	file:///Users/nima/Developer/NullAwayFixer/Projects/zuul/zuul-core/src/main/java/com/netflix/zuul/netty/filter/ZuulFilterChainHandler.java
1181	com.netflix.zuul.netty.filter.ZuulFilterChainHandler	channelRead(io.netty.channel.ChannelHandlerContext,java.lang.Object)	12	2	[false, false]	false	public	false	file:///Users/nima/Developer/NullAwayFixer/Projects/zuul/zuul-core/src/main/java/com/netflix/zuul/netty/filter/ZuulFilterChainHandler.java
1182	com.netflix.zuul.netty.filter.ZuulFilterChainHandler	userEventTriggered(io.netty.channel.ChannelHandlerContext,java.lang.Object)	44	2	[false, false]	false	public	false	file:///Users/nima/Developer/NullAwayFixer/Projects/zuul/zuul-core/src/main/java/com/netflix/zuul/netty/filter/ZuulFilterChainHandler.java
1183	com.netflix.zuul.netty.filter.ZuulFilterChainHandler	sendResponse(com.netflix.zuul.stats.status.StatusCategory,int,io.netty.channel.ChannelHandlerContext)	0	3	[false, false, false]	false	private	false	file:///Users/nima/Developer/NullAwayFixer/Projects/zuul/zuul-core/src/main/java/com/netflix/zuul/netty/filter/ZuulFilterChainHandler.java
1184	com.netflix.zuul.netty.filter.ZuulFilterChainHandler	getZuulRequest()	0	0	[]	false	protected	true	file:///Users/nima/Developer/NullAwayFixer/Projects/zuul/zuul-core/src/main/java/com/netflix/zuul/netty/filter/ZuulFilterChainHandler.java
1185	com.netflix.zuul.netty.filter.ZuulFilterChainHandler	fireEndpointFinish(boolean,io.netty.channel.ChannelHandlerContext)	0	2	[false, false]	false	protected	false	file:///Users/nima/Developer/NullAwayFixer/Projects/zuul/zuul-core/src/main/java/com/netflix/zuul/netty/filter/ZuulFilterChainHandler.java
1186	com.netflix.zuul.netty.filter.ZuulFilterChainHandler	finishResponseFilters(io.netty.channel.ChannelHandlerContext)	0	1	[false]	false	private	false	file:///Users/nima/Developer/NullAwayFixer/Projects/zuul/zuul-core/src/main/java/com/netflix/zuul/netty/filter/ZuulFilterChainHandler.java
1187	com.netflix.zuul.netty.filter.ZuulFilterChainHandler	exceptionCaught(io.netty.channel.ChannelHandlerContext,java.lang.Throwable)	638	2	[false, false]	false	public	false	file:///Users/nima/Developer/NullAwayFixer/Projects/zuul/zuul-core/src/main/java/com/netflix/zuul/netty/filter/ZuulFilterChainHandler.java
1188	com.netflix.zuul.netty.filter.ZuulFilterChainHandler	isClientChannelClosed(java.lang.Throwable)	0	1	[false]	false	private	false	file:///Users/nima/Developer/NullAwayFixer/Projects/zuul/zuul-core/src/main/java/com/netflix/zuul/netty/filter/ZuulFilterChainHandler.java
1189	com.netflix.zuul.netty.SpectatorUtils	SpectatorUtils()	0	0	[]	false	private	false	file:///Users/nima/Developer/NullAwayFixer/Projects/zuul/zuul-core/src/main/java/com/netflix/zuul/netty/SpectatorUtils.java
1190	com.netflix.zuul.netty.SpectatorUtils	newCounter(java.lang.String,java.lang.String)	0	2	[false, false]	false	public	true	file:///Users/nima/Developer/NullAwayFixer/Projects/zuul/zuul-core/src/main/java/com/netflix/zuul/netty/SpectatorUtils.java
1191	com.netflix.zuul.netty.SpectatorUtils	newCounter(java.lang.String,java.lang.String,java.lang.String...)	0	3	[false, false, false]	false	public	true	file:///Users/nima/Developer/NullAwayFixer/Projects/zuul/zuul-core/src/main/java/com/netflix/zuul/netty/SpectatorUtils.java
1192	com.netflix.zuul.netty.SpectatorUtils	newTimer(java.lang.String,java.lang.String)	0	2	[false, false]	false	public	true	file:///Users/nima/Developer/NullAwayFixer/Projects/zuul/zuul-core/src/main/java/com/netflix/zuul/netty/SpectatorUtils.java
1193	com.netflix.zuul.netty.SpectatorUtils	newTimer(java.lang.String,java.lang.String,java.lang.String...)	0	3	[false, false, false]	false	public	true	file:///Users/nima/Developer/NullAwayFixer/Projects/zuul/zuul-core/src/main/java/com/netflix/zuul/netty/SpectatorUtils.java
1194	com.netflix.zuul.netty.SpectatorUtils	<T>newGauge(java.lang.String,java.lang.String,T)	0	3	[false, false, false]	false	public	true	file:///Users/nima/Developer/NullAwayFixer/Projects/zuul/zuul-core/src/main/java/com/netflix/zuul/netty/SpectatorUtils.java
1195	com.netflix.zuul.netty.SpectatorUtils	<T>newGauge(java.lang.String,java.lang.String,T,java.lang.String...)	0	4	[false, false, false, false]	false	public	true	file:///Users/nima/Developer/NullAwayFixer/Projects/zuul/zuul-core/src/main/java/com/netflix/zuul/netty/SpectatorUtils.java
1196	com.netflix.zuul.netty.SpectatorUtils	getTagsWithId(java.lang.String,java.lang.String[])	0	2	[false, false]	false	private	true	file:///Users/nima/Developer/NullAwayFixer/Projects/zuul/zuul-core/src/main/java/com/netflix/zuul/netty/SpectatorUtils.java
1197	com.netflix.zuul.netty.ChannelUtils	channelInfoForLogging(io.netty.channel.Channel)	0	1	[false]	false	public	true	file:///Users/nima/Developer/NullAwayFixer/Projects/zuul/zuul-core/src/main/java/com/netflix/zuul/netty/ChannelUtils.java
1198	com.netflix.zuul.passport.CurrentPassport$Unlocker	close()	1199	0	[]	false	public	false	file:///Users/nima/Developer/NullAwayFixer/Projects/zuul/zuul-core/src/main/java/com/netflix/zuul/passport/CurrentPassport.java
1200	com.netflix.zuul.passport.CurrentPassport$IntrospectiveReentrantLock	getOwner()	1201	0	[]	false	protected	true	file:///Users/nima/Developer/NullAwayFixer/Projects/zuul/zuul-core/src/main/java/com/netflix/zuul/passport/CurrentPassport.java
1202	com.netflix.zuul.passport.CurrentPassport	lock()	0	0	[]	false	private	true	file:///Users/nima/Developer/NullAwayFixer/Projects/zuul/zuul-core/src/main/java/com/netflix/zuul/passport/CurrentPassport.java
1203	com.netflix.zuul.passport.CurrentPassport	CurrentPassport()	0	0	[]	false	package	false	file:///Users/nima/Developer/NullAwayFixer/Projects/zuul/zuul-core/src/main/java/com/netflix/zuul/passport/CurrentPassport.java
1204	com.netflix.zuul.passport.CurrentPassport	CurrentPassport(com.google.common.base.Ticker)	0	1	[false]	false	public	false	file:///Users/nima/Developer/NullAwayFixer/Projects/zuul/zuul-core/src/main/java/com/netflix/zuul/passport/CurrentPassport.java
1205	com.netflix.zuul.passport.CurrentPassport	create()	0	0	[]	false	public	true	file:///Users/nima/Developer/NullAwayFixer/Projects/zuul/zuul-core/src/main/java/com/netflix/zuul/passport/CurrentPassport.java
1206	com.netflix.zuul.passport.CurrentPassport	fromSessionContext(com.netflix.zuul.context.SessionContext)	0	1	[false]	false	public	true	file:///Users/nima/Developer/NullAwayFixer/Projects/zuul/zuul-core/src/main/java/com/netflix/zuul/passport/CurrentPassport.java
1207	com.netflix.zuul.passport.CurrentPassport	createForChannel(io.netty.channel.Channel)	0	1	[false]	false	public	true	file:///Users/nima/Developer/NullAwayFixer/Projects/zuul/zuul-core/src/main/java/com/netflix/zuul/passport/CurrentPassport.java
1208	com.netflix.zuul.passport.CurrentPassport	fromChannel(io.netty.channel.Channel)	0	1	[false]	false	public	true	file:///Users/nima/Developer/NullAwayFixer/Projects/zuul/zuul-core/src/main/java/com/netflix/zuul/passport/CurrentPassport.java
1209	com.netflix.zuul.passport.CurrentPassport	fromChannelOrNull(io.netty.channel.Channel)	0	1	[false]	false	public	true	file:///Users/nima/Developer/NullAwayFixer/Projects/zuul/zuul-core/src/main/java/com/netflix/zuul/passport/CurrentPassport.java
1210	com.netflix.zuul.passport.CurrentPassport	setOnChannel(io.netty.channel.Channel)	0	1	[false]	false	public	false	file:///Users/nima/Developer/NullAwayFixer/Projects/zuul/zuul-core/src/main/java/com/netflix/zuul/passport/CurrentPassport.java
1211	com.netflix.zuul.passport.CurrentPassport	clearFromChannel(io.netty.channel.Channel)	0	1	[false]	false	public	false	file:///Users/nima/Developer/NullAwayFixer/Projects/zuul/zuul-core/src/main/java/com/netflix/zuul/passport/CurrentPassport.java
1212	com.netflix.zuul.passport.CurrentPassport	getState()	0	0	[]	false	public	true	file:///Users/nima/Developer/NullAwayFixer/Projects/zuul/zuul-core/src/main/java/com/netflix/zuul/passport/CurrentPassport.java
1213	com.netflix.zuul.passport.CurrentPassport	getHistory()	0	0	[]	false	public	true	file:///Users/nima/Developer/NullAwayFixer/Projects/zuul/zuul-core/src/main/java/com/netflix/zuul/passport/CurrentPassport.java
1214	com.netflix.zuul.passport.CurrentPassport	add(com.netflix.zuul.passport.PassportState)	0	1	[false]	false	public	false	file:///Users/nima/Developer/NullAwayFixer/Projects/zuul/zuul-core/src/main/java/com/netflix/zuul/passport/CurrentPassport.java
1215	com.netflix.zuul.passport.CurrentPassport	addIfNotAlready(com.netflix.zuul.passport.PassportState)	0	1	[false]	false	public	false	file:///Users/nima/Developer/NullAwayFixer/Projects/zuul/zuul-core/src/main/java/com/netflix/zuul/passport/CurrentPassport.java
1216	com.netflix.zuul.passport.CurrentPassport	calculateTimeBetweenFirstAnd(com.netflix.zuul.passport.PassportState)	0	1	[false]	false	public	false	file:///Users/nima/Developer/NullAwayFixer/Projects/zuul/zuul-core/src/main/java/com/netflix/zuul/passport/CurrentPassport.java
1217	com.netflix.zuul.passport.CurrentPassport	firstTime()	0	0	[]	false	public	false	file:///Users/nima/Developer/NullAwayFixer/Projects/zuul/zuul-core/src/main/java/com/netflix/zuul/passport/CurrentPassport.java
1218	com.netflix.zuul.passport.CurrentPassport	creationTimeSinceEpochMs()	0	0	[]	false	public	false	file:///Users/nima/Developer/NullAwayFixer/Projects/zuul/zuul-core/src/main/java/com/netflix/zuul/passport/CurrentPassport.java
1219	com.netflix.zuul.passport.CurrentPassport	calculateTimeBetween(com.netflix.zuul.passport.StartAndEnd)	0	1	[false]	false	public	false	file:///Users/nima/Developer/NullAwayFixer/Projects/zuul/zuul-core/src/main/java/com/netflix/zuul/passport/CurrentPassport.java
1220	com.netflix.zuul.passport.CurrentPassport	calculateTimeBetweenButIfNoEndThenUseNow(com.netflix.zuul.passport.StartAndEnd)	0	1	[false]	false	public	false	file:///Users/nima/Developer/NullAwayFixer/Projects/zuul/zuul-core/src/main/java/com/netflix/zuul/passport/CurrentPassport.java
1221	com.netflix.zuul.passport.CurrentPassport	findStartAndEndStates(com.netflix.zuul.passport.PassportState,com.netflix.zuul.passport.PassportState)	0	2	[false, false]	false	public	true	file:///Users/nima/Developer/NullAwayFixer/Projects/zuul/zuul-core/src/main/java/com/netflix/zuul/passport/CurrentPassport.java
1222	com.netflix.zuul.passport.CurrentPassport	findFirstStartAndLastEndStates(com.netflix.zuul.passport.PassportState,com.netflix.zuul.passport.PassportState)	0	2	[false, false]	false	public	true	file:///Users/nima/Developer/NullAwayFixer/Projects/zuul/zuul-core/src/main/java/com/netflix/zuul/passport/CurrentPassport.java
1223	com.netflix.zuul.passport.CurrentPassport	findLastStartAndFirstEndStates(com.netflix.zuul.passport.PassportState,com.netflix.zuul.passport.PassportState)	0	2	[false, false]	false	public	true	file:///Users/nima/Developer/NullAwayFixer/Projects/zuul/zuul-core/src/main/java/com/netflix/zuul/passport/CurrentPassport.java
1224	com.netflix.zuul.passport.CurrentPassport	findEachPairOf(com.netflix.zuul.passport.PassportState,com.netflix.zuul.passport.PassportState)	0	2	[false, false]	false	public	true	file:///Users/nima/Developer/NullAwayFixer/Projects/zuul/zuul-core/src/main/java/com/netflix/zuul/passport/CurrentPassport.java
1225	com.netflix.zuul.passport.CurrentPassport	findState(com.netflix.zuul.passport.PassportState)	0	1	[false]	false	public	true	file:///Users/nima/Developer/NullAwayFixer/Projects/zuul/zuul-core/src/main/java/com/netflix/zuul/passport/CurrentPassport.java
1226	com.netflix.zuul.passport.CurrentPassport	findStateBackwards(com.netflix.zuul.passport.PassportState)	0	1	[false]	false	public	true	file:///Users/nima/Developer/NullAwayFixer/Projects/zuul/zuul-core/src/main/java/com/netflix/zuul/passport/CurrentPassport.java
1227	com.netflix.zuul.passport.CurrentPassport	findStates(com.netflix.zuul.passport.PassportState)	0	1	[false]	false	public	true	file:///Users/nima/Developer/NullAwayFixer/Projects/zuul/zuul-core/src/main/java/com/netflix/zuul/passport/CurrentPassport.java
1228	com.netflix.zuul.passport.CurrentPassport	findTimes(com.netflix.zuul.passport.PassportState)	0	1	[false]	false	public	true	file:///Users/nima/Developer/NullAwayFixer/Projects/zuul/zuul-core/src/main/java/com/netflix/zuul/passport/CurrentPassport.java
1229	com.netflix.zuul.passport.CurrentPassport	wasProxyAttempt()	0	0	[]	false	public	false	file:///Users/nima/Developer/NullAwayFixer/Projects/zuul/zuul-core/src/main/java/com/netflix/zuul/passport/CurrentPassport.java
1230	com.netflix.zuul.passport.CurrentPassport	now()	0	0	[]	false	private	false	file:///Users/nima/Developer/NullAwayFixer/Projects/zuul/zuul-core/src/main/java/com/netflix/zuul/passport/CurrentPassport.java
1231	com.netflix.zuul.passport.CurrentPassport	toString()	94	0	[]	false	public	true	file:///Users/nima/Developer/NullAwayFixer/Projects/zuul/zuul-core/src/main/java/com/netflix/zuul/passport/CurrentPassport.java
1232	com.netflix.zuul.passport.CurrentPassport	parseFromToString(java.lang.String)	0	1	[false]	false	public	true	file:///Users/nima/Developer/NullAwayFixer/Projects/zuul/zuul-core/src/main/java/com/netflix/zuul/passport/CurrentPassport.java
1233	com.netflix.zuul.passport.CurrentPassport$MockTicker	read()	1234	0	[]	false	public	false	file:///Users/nima/Developer/NullAwayFixer/Projects/zuul/zuul-core/src/main/java/com/netflix/zuul/passport/CurrentPassport.java
1235	com.netflix.zuul.passport.CurrentPassport$MockTicker	setNow(long)	0	1	[false]	false	public	false	file:///Users/nima/Developer/NullAwayFixer/Projects/zuul/zuul-core/src/main/java/com/netflix/zuul/passport/CurrentPassport.java
1236	com.netflix.zuul.passport.CountingCurrentPassport	createCounter(java.lang.String)	0	1	[false]	false	private	true	file:///Users/nima/Developer/NullAwayFixer/Projects/zuul/zuul-core/src/main/java/com/netflix/zuul/passport/CurrentPassport.java
1237	com.netflix.zuul.passport.CountingCurrentPassport	CountingCurrentPassport()	0	0	[]	false	public	false	file:///Users/nima/Developer/NullAwayFixer/Projects/zuul/zuul-core/src/main/java/com/netflix/zuul/passport/CurrentPassport.java
1238	com.netflix.zuul.passport.CountingCurrentPassport	add(com.netflix.zuul.passport.PassportState)	1214	1	[false]	false	public	false	file:///Users/nima/Developer/NullAwayFixer/Projects/zuul/zuul-core/src/main/java/com/netflix/zuul/passport/CurrentPassport.java
1239	com.netflix.zuul.passport.CountingCurrentPassport	incrementStateCounter(com.netflix.zuul.passport.PassportState)	0	1	[false]	false	private	false	file:///Users/nima/Developer/NullAwayFixer/Projects/zuul/zuul-core/src/main/java/com/netflix/zuul/passport/CurrentPassport.java
1240	com.netflix.zuul.BasicRequestCompleteHandler	handle(com.netflix.zuul.message.http.HttpRequestInfo,com.netflix.zuul.message.http.HttpResponseMessage)	682	2	[false, false]	false	public	false	file:///Users/nima/Developer/NullAwayFixer/Projects/zuul/zuul-core/src/main/java/com/netflix/zuul/BasicRequestCompleteHandler.java
1241	com.netflix.zuul.stats.RequestMetricsPublisher	collectAndPublish(com.netflix.zuul.context.SessionContext)	0	1	[false]	false	public	false	file:///Users/nima/Developer/NullAwayFixer/Projects/zuul/zuul-core/src/main/java/com/netflix/zuul/stats/RequestMetricsPublisher.java
1242	com.netflix.zuul.DynamicFilterLoader	DynamicFilterLoader(com.netflix.zuul.filters.FilterRegistry,com.netflix.zuul.DynamicCodeCompiler,com.netflix.zuul.FilterFactory)	0	3	[false, false, false]	false	public	false	file:///Users/nima/Developer/NullAwayFixer/Projects/zuul/zuul-core/src/main/java/com/netflix/zuul/DynamicFilterLoader.java
1243	com.netflix.zuul.DynamicFilterLoader	getFilter(java.lang.String,java.lang.String)	0	2	[false, false]	false	public	true	file:///Users/nima/Developer/NullAwayFixer/Projects/zuul/zuul-core/src/main/java/com/netflix/zuul/DynamicFilterLoader.java
1244	com.netflix.zuul.DynamicFilterLoader	filterInstanceMapSize()	0	0	[]	false	public	false	file:///Users/nima/Developer/NullAwayFixer/Projects/zuul/zuul-core/src/main/java/com/netflix/zuul/DynamicFilterLoader.java
1245	com.netflix.zuul.DynamicFilterLoader	putFilter(java.io.File)	336	1	[false]	false	public	false	file:///Users/nima/Developer/NullAwayFixer/Projects/zuul/zuul-core/src/main/java/com/netflix/zuul/DynamicFilterLoader.java
1246	com.netflix.zuul.DynamicFilterLoader	putFilter(java.lang.String,com.netflix.zuul.filters.ZuulFilter<?,?>,long)	0	3	[false, false, false]	false	private	false	file:///Users/nima/Developer/NullAwayFixer/Projects/zuul/zuul-core/src/main/java/com/netflix/zuul/DynamicFilterLoader.java
1247	com.netflix.zuul.DynamicFilterLoader	putFiltersForClasses(java.lang.String[])	337	1	[false]	false	public	true	file:///Users/nima/Developer/NullAwayFixer/Projects/zuul/zuul-core/src/main/java/com/netflix/zuul/DynamicFilterLoader.java
1248	com.netflix.zuul.DynamicFilterLoader	putFilterForClassName(java.lang.String)	338	1	[false]	false	public	true	file:///Users/nima/Developer/NullAwayFixer/Projects/zuul/zuul-core/src/main/java/com/netflix/zuul/DynamicFilterLoader.java
1249	com.netflix.zuul.DynamicFilterLoader	getFiltersByType(com.netflix.zuul.filters.FilterType)	339	1	[false]	false	public	true	file:///Users/nima/Developer/NullAwayFixer/Projects/zuul/zuul-core/src/main/java/com/netflix/zuul/DynamicFilterLoader.java
1250	com.netflix.zuul.DynamicFilterLoader	getFilterByNameAndType(java.lang.String,com.netflix.zuul.filters.FilterType)	340	2	[false, false]	false	public	true	file:///Users/nima/Developer/NullAwayFixer/Projects/zuul/zuul-core/src/main/java/com/netflix/zuul/DynamicFilterLoader.java
1251	com.netflix.zuul.monitoring.ConnTimer	ConnTimer(com.netflix.spectator.api.Registry,io.netty.channel.Channel,com.netflix.spectator.api.Id)	0	3	[false, false, false]	false	private	false	file:///Users/nima/Developer/NullAwayFixer/Projects/zuul/zuul-core/src/main/java/com/netflix/zuul/monitoring/ConnTimer.java
1252	com.netflix.zuul.monitoring.ConnTimer	install(io.netty.channel.Channel,com.netflix.spectator.api.Registry,com.netflix.spectator.api.Id)	0	3	[false, false, false]	false	public	true	file:///Users/nima/Developer/NullAwayFixer/Projects/zuul/zuul-core/src/main/java/com/netflix/zuul/monitoring/ConnTimer.java
1253	com.netflix.zuul.monitoring.ConnTimer	from(io.netty.channel.Channel)	0	1	[false]	false	public	true	file:///Users/nima/Developer/NullAwayFixer/Projects/zuul/zuul-core/src/main/java/com/netflix/zuul/monitoring/ConnTimer.java
1254	com.netflix.zuul.monitoring.ConnTimer	record(java.lang.Long,java.lang.String)	0	2	[false, false]	false	public	false	file:///Users/nima/Developer/NullAwayFixer/Projects/zuul/zuul-core/src/main/java/com/netflix/zuul/monitoring/ConnTimer.java
1255	com.netflix.zuul.monitoring.ConnTimer	record(java.lang.Long,java.lang.String,com.netflix.zuul.Attrs)	0	3	[false, false, false]	false	public	false	file:///Users/nima/Developer/NullAwayFixer/Projects/zuul/zuul-core/src/main/java/com/netflix/zuul/monitoring/ConnTimer.java
1256	com.netflix.zuul.monitoring.ConnTimer	buildId(com.netflix.spectator.api.Id,java.lang.String,java.lang.String,java.util.Map<java.lang.String,java.lang.String>)	0	4	[false, false, false, false]	false	private	true	file:///Users/nima/Developer/NullAwayFixer/Projects/zuul/zuul-core/src/main/java/com/netflix/zuul/monitoring/ConnTimer.java
1257	com.netflix.zuul.monitoring.MonitoringHelper	initMocks()	0	0	[]	false	public	false	file:///Users/nima/Developer/NullAwayFixer/Projects/zuul/zuul-core/src/main/java/com/netflix/zuul/monitoring/MonitoringHelper.java
1258	com.netflix.zuul.monitoring.MonitoringHelper$TracerFactoryImpl	startMicroTracer(java.lang.String)	778	1	[false]	false	public	true	file:///Users/nima/Developer/NullAwayFixer/Projects/zuul/zuul-core/src/main/java/com/netflix/zuul/monitoring/MonitoringHelper.java
1259	com.netflix.zuul.monitoring.MonitoringHelper$TracerImpl	setName(java.lang.String)	783	1	[false]	false	public	false	file:///Users/nima/Developer/NullAwayFixer/Projects/zuul/zuul-core/src/main/java/com/netflix/zuul/monitoring/MonitoringHelper.java
1260	com.netflix.zuul.monitoring.MonitoringHelper$TracerImpl	stopAndLog()	781	0	[]	false	public	false	file:///Users/nima/Developer/NullAwayFixer/Projects/zuul/zuul-core/src/main/java/com/netflix/zuul/monitoring/MonitoringHelper.java
1261	com.netflix.zuul.monitoring.ConnCounter	ConnCounter(com.netflix.spectator.api.Registry,io.netty.channel.Channel,com.netflix.spectator.api.Id)	0	3	[false, false, false]	false	private	false	file:///Users/nima/Developer/NullAwayFixer/Projects/zuul/zuul-core/src/main/java/com/netflix/zuul/monitoring/ConnCounter.java
1262	com.netflix.zuul.monitoring.ConnCounter	install(io.netty.channel.Channel,com.netflix.spectator.api.Registry,com.netflix.spectator.api.Id)	0	3	[false, false, false]	false	public	true	file:///Users/nima/Developer/NullAwayFixer/Projects/zuul/zuul-core/src/main/java/com/netflix/zuul/monitoring/ConnCounter.java
1263	com.netflix.zuul.monitoring.ConnCounter	from(io.netty.channel.Channel)	0	1	[false]	false	public	true	file:///Users/nima/Developer/NullAwayFixer/Projects/zuul/zuul-core/src/main/java/com/netflix/zuul/monitoring/ConnCounter.java
1264	com.netflix.zuul.monitoring.ConnCounter	increment(java.lang.String)	0	1	[false]	false	public	false	file:///Users/nima/Developer/NullAwayFixer/Projects/zuul/zuul-core/src/main/java/com/netflix/zuul/monitoring/ConnCounter.java
1265	com.netflix.zuul.monitoring.ConnCounter	increment(java.lang.String,com.netflix.zuul.Attrs)	0	2	[false, false]	false	public	false	file:///Users/nima/Developer/NullAwayFixer/Projects/zuul/zuul-core/src/main/java/com/netflix/zuul/monitoring/ConnCounter.java
1266	com.netflix.zuul.monitoring.ConnCounter	getCurrentActiveConns()	0	0	[]	false	public	false	file:///Users/nima/Developer/NullAwayFixer/Projects/zuul/zuul-core/src/main/java/com/netflix/zuul/monitoring/ConnCounter.java
1267	com.netflix.zuul.monitoring.ConnCounter	decrement(java.lang.String)	0	1	[false]	false	public	false	file:///Users/nima/Developer/NullAwayFixer/Projects/zuul/zuul-core/src/main/java/com/netflix/zuul/monitoring/ConnCounter.java
1268	com.netflix.zuul.monitoring.ConnCounter	getLock(com.netflix.spectator.api.Id)	0	1	[false]	false	private	true	file:///Users/nima/Developer/NullAwayFixer/Projects/zuul/zuul-core/src/main/java/com/netflix/zuul/monitoring/ConnCounter.java
1269	com.netflix.zuul.origins.OriginConcurrencyExceededException	OriginConcurrencyExceededException(com.netflix.zuul.origins.OriginName)	0	1	[false]	false	public	false	file:///Users/nima/Developer/NullAwayFixer/Projects/zuul/zuul-core/src/main/java/com/netflix/zuul/origins/OriginConcurrencyExceededException.java
1270	com.netflix.zuul.origins.OriginThrottledException	OriginThrottledException(com.netflix.zuul.origins.OriginName,java.lang.String,com.netflix.zuul.stats.status.StatusCategory)	0	3	[false, false, false]	false	public	false	file:///Users/nima/Developer/NullAwayFixer/Projects/zuul/zuul-core/src/main/java/com/netflix/zuul/origins/OriginThrottledException.java
1271	com.netflix.zuul.origins.OriginThrottledException	getOriginName()	0	0	[]	false	public	true	file:///Users/nima/Developer/NullAwayFixer/Projects/zuul/zuul-core/src/main/java/com/netflix/zuul/origins/OriginThrottledException.java
1272	com.netflix.zuul.origins.OriginThrottledException	getStatusCategory()	0	0	[]	false	public	true	file:///Users/nima/Developer/NullAwayFixer/Projects/zuul/zuul-core/src/main/java/com/netflix/zuul/origins/OriginThrottledException.java
1273	com.netflix.zuul.origins.BasicNettyOriginManager	BasicNettyOriginManager(com.netflix.spectator.api.Registry)	0	1	[false]	false	public	false	file:///Users/nima/Developer/NullAwayFixer/Projects/zuul/zuul-core/src/main/java/com/netflix/zuul/origins/BasicNettyOriginManager.java
1274	com.netflix.zuul.origins.BasicNettyOriginManager	getOrigin(com.netflix.zuul.origins.OriginName,java.lang.String,com.netflix.zuul.context.SessionContext)	651	3	[false, false, false]	false	public	true	file:///Users/nima/Developer/NullAwayFixer/Projects/zuul/zuul-core/src/main/java/com/netflix/zuul/origins/BasicNettyOriginManager.java
1275	com.netflix.zuul.origins.BasicNettyOriginManager	createOrigin(com.netflix.zuul.origins.OriginName,java.lang.String,com.netflix.zuul.context.SessionContext)	652	3	[false, false, false]	false	public	true	file:///Users/nima/Developer/NullAwayFixer/Projects/zuul/zuul-core/src/main/java/com/netflix/zuul/origins/BasicNettyOriginManager.java
1276	com.netflix.zuul.origins.BasicNettyOrigin	BasicNettyOrigin(com.netflix.zuul.origins.OriginName,com.netflix.spectator.api.Registry)	0	2	[false, false]	false	public	false	file:///Users/nima/Developer/NullAwayFixer/Projects/zuul/zuul-core/src/main/java/com/netflix/zuul/origins/BasicNettyOrigin.java
1277	com.netflix.zuul.origins.BasicNettyOrigin	setupClientConfig(com.netflix.zuul.origins.OriginName)	0	1	[false]	false	protected	true	file:///Users/nima/Developer/NullAwayFixer/Projects/zuul/zuul-core/src/main/java/com/netflix/zuul/origins/BasicNettyOrigin.java
1278	com.netflix.zuul.origins.BasicNettyOrigin	getName()	1279	0	[]	false	public	true	file:///Users/nima/Developer/NullAwayFixer/Projects/zuul/zuul-core/src/main/java/com/netflix/zuul/origins/BasicNettyOrigin.java
1280	com.netflix.zuul.origins.BasicNettyOrigin	isAvailable()	1281	0	[]	false	public	false	file:///Users/nima/Developer/NullAwayFixer/Projects/zuul/zuul-core/src/main/java/com/netflix/zuul/origins/BasicNettyOrigin.java
1282	com.netflix.zuul.origins.BasicNettyOrigin	isCold()	1283	0	[]	false	public	false	file:///Users/nima/Developer/NullAwayFixer/Projects/zuul/zuul-core/src/main/java/com/netflix/zuul/origins/BasicNettyOrigin.java
1284	com.netflix.zuul.origins.BasicNettyOrigin	connectToOrigin(com.netflix.zuul.message.http.HttpRequestMessage,io.netty.channel.EventLoop,int,com.netflix.zuul.passport.CurrentPassport,java.util.concurrent.atomic.AtomicReference<com.netflix.zuul.discovery.DiscoveryResult>,java.util.concurrent.atomic.AtomicReference<? super java.net.InetAddress>)	553	6	[false, false, false, false, false, false]	false	public	true	file:///Users/nima/Developer/NullAwayFixer/Projects/zuul/zuul-core/src/main/java/com/netflix/zuul/origins/BasicNettyOrigin.java
1285	com.netflix.zuul.origins.BasicNettyOrigin	getMaxRetriesForRequest(com.netflix.zuul.context.SessionContext)	554	1	[false]	false	public	false	file:///Users/nima/Developer/NullAwayFixer/Projects/zuul/zuul-core/src/main/java/com/netflix/zuul/origins/BasicNettyOrigin.java
1286	com.netflix.zuul.origins.BasicNettyOrigin	newRequestAttempt(com.netflix.zuul.discovery.DiscoveryResult,com.netflix.zuul.context.SessionContext,int)	562	3	[false, false, false]	false	public	true	file:///Users/nima/Developer/NullAwayFixer/Projects/zuul/zuul-core/src/main/java/com/netflix/zuul/origins/BasicNettyOrigin.java
1287	com.netflix.zuul.origins.BasicNettyOrigin	getIpAddrFromServer(com.netflix.zuul.discovery.DiscoveryResult)	563	1	[false]	false	public	true	file:///Users/nima/Developer/NullAwayFixer/Projects/zuul/zuul-core/src/main/java/com/netflix/zuul/origins/BasicNettyOrigin.java
1288	com.netflix.zuul.origins.BasicNettyOrigin	getClientConfig()	564	0	[]	false	public	true	file:///Users/nima/Developer/NullAwayFixer/Projects/zuul/zuul-core/src/main/java/com/netflix/zuul/origins/BasicNettyOrigin.java
1289	com.netflix.zuul.origins.BasicNettyOrigin	getSpectatorRegistry()	565	0	[]	false	public	true	file:///Users/nima/Developer/NullAwayFixer/Projects/zuul/zuul-core/src/main/java/com/netflix/zuul/origins/BasicNettyOrigin.java
1290	com.netflix.zuul.origins.BasicNettyOrigin	recordFinalError(com.netflix.zuul.message.http.HttpRequestMessage,java.lang.Throwable)	560	2	[false, false]	false	public	false	file:///Users/nima/Developer/NullAwayFixer/Projects/zuul/zuul-core/src/main/java/com/netflix/zuul/origins/BasicNettyOrigin.java
1291	com.netflix.zuul.origins.BasicNettyOrigin	recordFinalResponse(com.netflix.zuul.message.http.HttpResponseMessage)	561	1	[false]	false	public	false	file:///Users/nima/Developer/NullAwayFixer/Projects/zuul/zuul-core/src/main/java/com/netflix/zuul/origins/BasicNettyOrigin.java
1292	com.netflix.zuul.origins.BasicNettyOrigin	preRequestChecks(com.netflix.zuul.message.http.HttpRequestMessage)	569	1	[false]	false	public	false	file:///Users/nima/Developer/NullAwayFixer/Projects/zuul/zuul-core/src/main/java/com/netflix/zuul/origins/BasicNettyOrigin.java
1293	com.netflix.zuul.origins.BasicNettyOrigin	recordProxyRequestEnd()	571	0	[]	false	public	false	file:///Users/nima/Developer/NullAwayFixer/Projects/zuul/zuul-core/src/main/java/com/netflix/zuul/origins/BasicNettyOrigin.java
1294	com.netflix.zuul.origins.BasicNettyOrigin	getErrorPercentage()	566	0	[]	false	public	false	file:///Users/nima/Developer/NullAwayFixer/Projects/zuul/zuul-core/src/main/java/com/netflix/zuul/origins/BasicNettyOrigin.java
1295	com.netflix.zuul.origins.BasicNettyOrigin	getErrorAllPercentage()	567	0	[]	false	public	false	file:///Users/nima/Developer/NullAwayFixer/Projects/zuul/zuul-core/src/main/java/com/netflix/zuul/origins/BasicNettyOrigin.java
1296	com.netflix.zuul.origins.BasicNettyOrigin	onRequestExecutionStart(com.netflix.zuul.message.http.HttpRequestMessage)	555	1	[false]	false	public	false	file:///Users/nima/Developer/NullAwayFixer/Projects/zuul/zuul-core/src/main/java/com/netflix/zuul/origins/BasicNettyOrigin.java
1297	com.netflix.zuul.origins.BasicNettyOrigin	onRequestStartWithServer(com.netflix.zuul.message.http.HttpRequestMessage,com.netflix.zuul.discovery.DiscoveryResult,int)	556	3	[false, false, false]	false	public	false	file:///Users/nima/Developer/NullAwayFixer/Projects/zuul/zuul-core/src/main/java/com/netflix/zuul/origins/BasicNettyOrigin.java
1298	com.netflix.zuul.origins.BasicNettyOrigin	onRequestExceptionWithServer(com.netflix.zuul.message.http.HttpRequestMessage,com.netflix.zuul.discovery.DiscoveryResult,int,java.lang.Throwable)	557	4	[false, false, false, false]	false	public	false	file:///Users/nima/Developer/NullAwayFixer/Projects/zuul/zuul-core/src/main/java/com/netflix/zuul/origins/BasicNettyOrigin.java
1299	com.netflix.zuul.origins.BasicNettyOrigin	onRequestExecutionSuccess(com.netflix.zuul.message.http.HttpRequestMessage,com.netflix.zuul.message.http.HttpResponseMessage,com.netflix.zuul.discovery.DiscoveryResult,int)	558	4	[false, false, false, false]	false	public	false	file:///Users/nima/Developer/NullAwayFixer/Projects/zuul/zuul-core/src/main/java/com/netflix/zuul/origins/BasicNettyOrigin.java
1300	com.netflix.zuul.origins.BasicNettyOrigin	onRequestExecutionFailed(com.netflix.zuul.message.http.HttpRequestMessage,com.netflix.zuul.discovery.DiscoveryResult,int,java.lang.Throwable)	559	4	[false, false, false, false]	false	public	false	file:///Users/nima/Developer/NullAwayFixer/Projects/zuul/zuul-core/src/main/java/com/netflix/zuul/origins/BasicNettyOrigin.java
1301	com.netflix.zuul.origins.BasicNettyOrigin	adjustRetryPolicyIfNeeded(com.netflix.zuul.message.http.HttpRequestMessage)	568	1	[false]	false	public	false	file:///Users/nima/Developer/NullAwayFixer/Projects/zuul/zuul-core/src/main/java/com/netflix/zuul/origins/BasicNettyOrigin.java
1302	com.netflix.zuul.origins.BasicNettyOrigin	recordSuccessResponse()	570	0	[]	false	public	false	file:///Users/nima/Developer/NullAwayFixer/Projects/zuul/zuul-core/src/main/java/com/netflix/zuul/origins/BasicNettyOrigin.java
1303	com.netflix.zuul.DefaultFilterFactory	newInstance(java.lang.Class)	758	1	[false]	false	public	true	file:///Users/nima/Developer/NullAwayFixer/Projects/zuul/zuul-core/src/main/java/com/netflix/zuul/DefaultFilterFactory.java
1304	com.netflix.zuul.stats.BasicRequestMetricsPublisher	collectAndPublish(com.netflix.zuul.context.SessionContext)	1241	1	[false]	false	public	false	file:///Users/nima/Developer/NullAwayFixer/Projects/zuul/zuul-core/src/main/java/com/netflix/zuul/stats/BasicRequestMetricsPublisher.java
1305	com.netflix.zuul.stats.NamedCountingMonitor	NamedCountingMonitor(java.lang.String)	0	1	[false]	false	public	false	file:///Users/nima/Developer/NullAwayFixer/Projects/zuul/zuul-core/src/main/java/com/netflix/zuul/stats/NamedCountingMonitor.java
1306	com.netflix.zuul.stats.NamedCountingMonitor	register()	0	0	[]	false	public	true	file:///Users/nima/Developer/NullAwayFixer/Projects/zuul/zuul-core/src/main/java/com/netflix/zuul/stats/NamedCountingMonitor.java
1307	com.netflix.zuul.stats.NamedCountingMonitor	increment()	0	0	[]	false	public	false	file:///Users/nima/Developer/NullAwayFixer/Projects/zuul/zuul-core/src/main/java/com/netflix/zuul/stats/NamedCountingMonitor.java
1308	com.netflix.zuul.stats.NamedCountingMonitor	getName()	1309	0	[]	false	public	true	file:///Users/nima/Developer/NullAwayFixer/Projects/zuul/zuul-core/src/main/java/com/netflix/zuul/stats/NamedCountingMonitor.java
1310	com.netflix.zuul.stats.NamedCountingMonitor	getCount()	1311	0	[]	false	public	false	file:///Users/nima/Developer/NullAwayFixer/Projects/zuul/zuul-core/src/main/java/com/netflix/zuul/stats/NamedCountingMonitor.java
1312	com.netflix.zuul.stats.status.StatusCategoryUtils	getStatusCategory(com.netflix.zuul.message.ZuulMessage)	0	1	[false]	false	public	true	file:///Users/nima/Developer/NullAwayFixer/Projects/zuul/zuul-core/src/main/java/com/netflix/zuul/stats/status/StatusCategoryUtils.java
1313	com.netflix.zuul.stats.status.StatusCategoryUtils	getStatusCategory(com.netflix.zuul.context.SessionContext)	0	1	[false]	true	public	true	file:///Users/nima/Developer/NullAwayFixer/Projects/zuul/zuul-core/src/main/java/com/netflix/zuul/stats/status/StatusCategoryUtils.java
1314	com.netflix.zuul.stats.status.StatusCategoryUtils	setStatusCategory(com.netflix.zuul.context.SessionContext,com.netflix.zuul.stats.status.StatusCategory)	0	2	[false, false]	false	public	false	file:///Users/nima/Developer/NullAwayFixer/Projects/zuul/zuul-core/src/main/java/com/netflix/zuul/stats/status/StatusCategoryUtils.java
1315	com.netflix.zuul.stats.status.StatusCategoryUtils	getOriginStatusCategory(com.netflix.zuul.context.SessionContext)	0	1	[false]	true	public	true	file:///Users/nima/Developer/NullAwayFixer/Projects/zuul/zuul-core/src/main/java/com/netflix/zuul/stats/status/StatusCategoryUtils.java
1316	com.netflix.zuul.stats.status.StatusCategoryUtils	isResponseHttpErrorStatus(com.netflix.zuul.message.http.HttpResponseMessage)	0	1	[false]	false	public	false	file:///Users/nima/Developer/NullAwayFixer/Projects/zuul/zuul-core/src/main/java/com/netflix/zuul/stats/status/StatusCategoryUtils.java
1317	com.netflix.zuul.stats.status.StatusCategoryUtils	isResponseHttpErrorStatus(int)	0	1	[false]	false	public	false	file:///Users/nima/Developer/NullAwayFixer/Projects/zuul/zuul-core/src/main/java/com/netflix/zuul/stats/status/StatusCategoryUtils.java
1318	com.netflix.zuul.stats.status.StatusCategoryUtils	storeStatusCategoryIfNotAlreadyFailure(com.netflix.zuul.context.SessionContext,com.netflix.zuul.stats.status.StatusCategory)	0	2	[false, false]	false	public	false	file:///Users/nima/Developer/NullAwayFixer/Projects/zuul/zuul-core/src/main/java/com/netflix/zuul/stats/status/StatusCategoryUtils.java
1319	com.netflix.zuul.stats.StatsManager	getManager()	0	0	[]	false	public	true	file:///Users/nima/Developer/NullAwayFixer/Projects/zuul/zuul-core/src/main/java/com/netflix/zuul/stats/StatsManager.java
1320	com.netflix.zuul.stats.StatsManager	getRouteStatusCodeMonitor(java.lang.String,int)	0	2	[false, false]	false	public	true	file:///Users/nima/Developer/NullAwayFixer/Projects/zuul/zuul-core/src/main/java/com/netflix/zuul/stats/StatsManager.java
1321	com.netflix.zuul.stats.StatsManager	getHostMonitor(java.lang.String)	0	1	[false]	false	package	true	file:///Users/nima/Developer/NullAwayFixer/Projects/zuul/zuul-core/src/main/java/com/netflix/zuul/stats/StatsManager.java
1322	com.netflix.zuul.stats.StatsManager	getProtocolMonitor(java.lang.String)	0	1	[false]	false	package	true	file:///Users/nima/Developer/NullAwayFixer/Projects/zuul/zuul-core/src/main/java/com/netflix/zuul/stats/StatsManager.java
1323	com.netflix.zuul.stats.StatsManager	hostKey(java.lang.String)	0	1	[false]	false	package	true	file:///Users/nima/Developer/NullAwayFixer/Projects/zuul/zuul-core/src/main/java/com/netflix/zuul/stats/StatsManager.java
1324	com.netflix.zuul.stats.StatsManager	protocolKey(java.lang.String)	0	1	[false]	false	private	true	file:///Users/nima/Developer/NullAwayFixer/Projects/zuul/zuul-core/src/main/java/com/netflix/zuul/stats/StatsManager.java
1325	com.netflix.zuul.stats.StatsManager	collectRequestStats(com.netflix.zuul.message.http.HttpRequestInfo)	0	1	[false]	false	public	false	file:///Users/nima/Developer/NullAwayFixer/Projects/zuul/zuul-core/src/main/java/com/netflix/zuul/stats/StatsManager.java
1326	com.netflix.zuul.stats.StatsManager	isIPv6(java.lang.String)	0	1	[false]	false	package	false	file:///Users/nima/Developer/NullAwayFixer/Projects/zuul/zuul-core/src/main/java/com/netflix/zuul/stats/StatsManager.java
1327	com.netflix.zuul.stats.StatsManager	extractClientIpFromXForwardedFor(java.lang.String)	0	1	[false]	false	package	true	file:///Users/nima/Developer/NullAwayFixer/Projects/zuul/zuul-core/src/main/java/com/netflix/zuul/stats/StatsManager.java
1328	com.netflix.zuul.stats.StatsManager	incrementNamedCountingMonitor(java.lang.String,java.util.concurrent.ConcurrentMap<java.lang.String,com.netflix.zuul.stats.NamedCountingMonitor>)	0	2	[false, false]	false	protected	false	file:///Users/nima/Developer/NullAwayFixer/Projects/zuul/zuul-core/src/main/java/com/netflix/zuul/stats/StatsManager.java
1329	com.netflix.zuul.stats.StatsManager	collectRouteStats(java.lang.String,int)	0	2	[false, false]	false	public	false	file:///Users/nima/Developer/NullAwayFixer/Projects/zuul/zuul-core/src/main/java/com/netflix/zuul/stats/StatsManager.java
1330	com.netflix.zuul.stats.ErrorStatsManager	getManager()	0	0	[]	false	public	true	file:///Users/nima/Developer/NullAwayFixer/Projects/zuul/zuul-core/src/main/java/com/netflix/zuul/stats/ErrorStatsManager.java
1331	com.netflix.zuul.stats.ErrorStatsManager	getStats(java.lang.String,java.lang.String)	0	2	[false, false]	false	public	true	file:///Users/nima/Developer/NullAwayFixer/Projects/zuul/zuul-core/src/main/java/com/netflix/zuul/stats/ErrorStatsManager.java
1332	com.netflix.zuul.stats.ErrorStatsManager	putStats(java.lang.String,java.lang.String)	0	2	[false, false]	false	public	false	file:///Users/nima/Developer/NullAwayFixer/Projects/zuul/zuul-core/src/main/java/com/netflix/zuul/stats/ErrorStatsManager.java
1333	com.netflix.zuul.stats.monitoring.MonitorRegistry	setPublisher(com.netflix.zuul.stats.monitoring.Monitor)	0	1	[false]	false	public	false	file:///Users/nima/Developer/NullAwayFixer/Projects/zuul/zuul-core/src/main/java/com/netflix/zuul/stats/monitoring/MonitorRegistry.java
1334	com.netflix.zuul.stats.monitoring.MonitorRegistry	getInstance()	0	0	[]	false	public	true	file:///Users/nima/Developer/NullAwayFixer/Projects/zuul/zuul-core/src/main/java/com/netflix/zuul/stats/monitoring/MonitorRegistry.java
1335	com.netflix.zuul.stats.monitoring.MonitorRegistry	registerObject(com.netflix.zuul.stats.monitoring.NamedCount)	0	1	[false]	false	public	false	file:///Users/nima/Developer/NullAwayFixer/Projects/zuul/zuul-core/src/main/java/com/netflix/zuul/stats/monitoring/MonitorRegistry.java
1336	com.netflix.zuul.ZuulApplicationInfo	getApplicationName()	0	0	[]	false	public	true	file:///Users/nima/Developer/NullAwayFixer/Projects/zuul/zuul-core/src/main/java/com/netflix/zuul/ZuulApplicationInfo.java
1337	com.netflix.zuul.ZuulApplicationInfo	setApplicationName(java.lang.String)	0	1	[false]	false	public	false	file:///Users/nima/Developer/NullAwayFixer/Projects/zuul/zuul-core/src/main/java/com/netflix/zuul/ZuulApplicationInfo.java
1338	com.netflix.zuul.ZuulApplicationInfo	getStack()	0	0	[]	false	public	true	file:///Users/nima/Developer/NullAwayFixer/Projects/zuul/zuul-core/src/main/java/com/netflix/zuul/ZuulApplicationInfo.java
1339	com.netflix.zuul.ZuulApplicationInfo	setStack(java.lang.String)	0	1	[false]	false	public	false	file:///Users/nima/Developer/NullAwayFixer/Projects/zuul/zuul-core/src/main/java/com/netflix/zuul/ZuulApplicationInfo.java
