REGION_CLASS	REGION_MEMBER	USED_MEMBER	USED_CLASS	SOURCE_TYPE
com.netflix.netty.common.metrics.InstrumentedResourceLeakDetector	InstrumentedResourceLeakDetector(java.lang.Class<?>,int)	ResourceLeakDetector(java.lang.Class<?>,int)	io.netty.util.ResourceLeakDetector	SOURCE
com.netflix.netty.common.metrics.InstrumentedResourceLeakDetector	InstrumentedResourceLeakDetector(java.lang.Class<?>,int)	<T>newGauge(java.lang.String,java.lang.String,T)	com.netflix.zuul.netty.SpectatorUtils	SOURCE
com.netflix.netty.common.metrics.InstrumentedResourceLeakDetector	InstrumentedResourceLeakDetector(java.lang.Class<?>,int)	getSimpleName()	java.lang.Class	SOURCE
com.netflix.netty.common.metrics.InstrumentedResourceLeakDetector	InstrumentedResourceLeakDetector(java.lang.Class<?>,int)	AtomicInteger()	java.util.concurrent.atomic.AtomicInteger	SOURCE
com.netflix.netty.common.metrics.InstrumentedResourceLeakDetector	InstrumentedResourceLeakDetector(java.lang.Class<?>,int)	<T>newGauge(java.lang.String,java.lang.String,T)	com.netflix.zuul.netty.SpectatorUtils	SOURCE
com.netflix.netty.common.metrics.InstrumentedResourceLeakDetector	InstrumentedResourceLeakDetector(java.lang.Class<?>,int)	getSimpleName()	java.lang.Class	SOURCE
com.netflix.netty.common.metrics.InstrumentedResourceLeakDetector	InstrumentedResourceLeakDetector(java.lang.Class<?>,int)	AtomicInteger()	java.util.concurrent.atomic.AtomicInteger	SOURCE
com.netflix.netty.common.metrics.InstrumentedResourceLeakDetector	InstrumentedResourceLeakDetector(java.lang.Class<?>,int,long)	InstrumentedResourceLeakDetector(java.lang.Class<?>,int)	com.netflix.netty.common.metrics.InstrumentedResourceLeakDetector	SOURCE
com.netflix.netty.common.metrics.InstrumentedResourceLeakDetector	reportTracedLeak(java.lang.String,java.lang.String)	reportTracedLeak(java.lang.String,java.lang.String)	io.netty.util.ResourceLeakDetector	SOURCE
com.netflix.netty.common.metrics.InstrumentedResourceLeakDetector	reportTracedLeak(java.lang.String,java.lang.String)	incrementAndGet()	java.util.concurrent.atomic.AtomicInteger	SOURCE
com.netflix.netty.common.metrics.InstrumentedResourceLeakDetector	reportTracedLeak(java.lang.String,java.lang.String)	resetReportedLeaks()	com.netflix.netty.common.metrics.InstrumentedResourceLeakDetector	SOURCE
com.netflix.netty.common.metrics.InstrumentedResourceLeakDetector	reportUntracedLeak(java.lang.String)	reportUntracedLeak(java.lang.String)	io.netty.util.ResourceLeakDetector	SOURCE
com.netflix.netty.common.metrics.InstrumentedResourceLeakDetector	reportUntracedLeak(java.lang.String)	incrementAndGet()	java.util.concurrent.atomic.AtomicInteger	SOURCE
com.netflix.netty.common.metrics.InstrumentedResourceLeakDetector	reportUntracedLeak(java.lang.String)	resetReportedLeaks()	com.netflix.netty.common.metrics.InstrumentedResourceLeakDetector	SOURCE
com.netflix.netty.common.metrics.InstrumentedResourceLeakDetector	resetReportedLeaks()	getDeclaredField(java.lang.String)	java.lang.Class	SOURCE
com.netflix.netty.common.metrics.InstrumentedResourceLeakDetector	resetReportedLeaks()	setAccessible(boolean)	java.lang.reflect.AccessibleObject	SOURCE
com.netflix.netty.common.metrics.InstrumentedResourceLeakDetector	resetReportedLeaks()	get(java.lang.Object)	java.lang.reflect.Field	SOURCE
com.netflix.netty.common.metrics.InstrumentedResourceLeakDetector	resetReportedLeaks()	clear()	java.util.Map	SOURCE
com.netflix.netty.common.throttle.MaxInboundConnectionsHandler	ATTR_CH_THROTTLED	<T>newInstance(java.lang.String)	io.netty.util.AttributeKey	SOURCE
com.netflix.netty.common.throttle.MaxInboundConnectionsHandler	LOG	getLogger(java.lang.Class<?>)	org.slf4j.LoggerFactory	SOURCE
com.netflix.netty.common.throttle.MaxInboundConnectionsHandler	connections	AtomicInteger(int)	java.util.concurrent.atomic.AtomicInteger	SOURCE
com.netflix.netty.common.throttle.MaxInboundConnectionsHandler	MaxInboundConnectionsHandler(com.netflix.spectator.api.Registry,java.lang.String,int)	ChannelInboundHandlerAdapter()	io.netty.channel.ChannelInboundHandlerAdapter	SOURCE
com.netflix.netty.common.throttle.MaxInboundConnectionsHandler	MaxInboundConnectionsHandler(com.netflix.spectator.api.Registry,java.lang.String,int)	counter(java.lang.String,java.lang.String...)	com.netflix.spectator.api.Registry	SOURCE
com.netflix.netty.common.throttle.MaxInboundConnectionsHandler	channelActive(io.netty.channel.ChannelHandlerContext)	getAndIncrement()	java.util.concurrent.atomic.AtomicInteger	SOURCE
com.netflix.netty.common.throttle.MaxInboundConnectionsHandler	channelActive(io.netty.channel.ChannelHandlerContext)	warn(java.lang.String,java.lang.Object)	org.slf4j.Logger	SOURCE
com.netflix.netty.common.throttle.MaxInboundConnectionsHandler	channelActive(io.netty.channel.ChannelHandlerContext)	channel()	io.netty.channel.ChannelHandlerContext	SOURCE
com.netflix.netty.common.throttle.MaxInboundConnectionsHandler	channelActive(io.netty.channel.ChannelHandlerContext)	set(T)	io.netty.util.Attribute	SOURCE
com.netflix.netty.common.throttle.MaxInboundConnectionsHandler	channelActive(io.netty.channel.ChannelHandlerContext)	<T>attr(io.netty.util.AttributeKey<T>)	io.netty.util.AttributeMap	SOURCE
com.netflix.netty.common.throttle.MaxInboundConnectionsHandler	channelActive(io.netty.channel.ChannelHandlerContext)	add(com.netflix.zuul.passport.PassportState)	com.netflix.zuul.passport.CurrentPassport	SOURCE
com.netflix.netty.common.throttle.MaxInboundConnectionsHandler	channelActive(io.netty.channel.ChannelHandlerContext)	fromChannel(io.netty.channel.Channel)	com.netflix.zuul.passport.CurrentPassport	SOURCE
com.netflix.netty.common.throttle.MaxInboundConnectionsHandler	channelActive(io.netty.channel.ChannelHandlerContext)	close()	io.netty.channel.ChannelOutboundInvoker	SOURCE
com.netflix.netty.common.throttle.MaxInboundConnectionsHandler	channelActive(io.netty.channel.ChannelHandlerContext)	increment()	com.netflix.spectator.api.Counter	SOURCE
com.netflix.netty.common.throttle.MaxInboundConnectionsHandler	channelActive(io.netty.channel.ChannelHandlerContext)	channelActive(io.netty.channel.ChannelHandlerContext)	io.netty.channel.ChannelInboundHandlerAdapter	SOURCE
com.netflix.netty.common.throttle.MaxInboundConnectionsHandler	channelRead(io.netty.channel.ChannelHandlerContext,java.lang.Object)	get()	io.netty.util.Attribute	SOURCE
com.netflix.netty.common.throttle.MaxInboundConnectionsHandler	channelRead(io.netty.channel.ChannelHandlerContext,java.lang.Object)	<T>attr(io.netty.util.AttributeKey<T>)	io.netty.util.AttributeMap	SOURCE
com.netflix.netty.common.throttle.MaxInboundConnectionsHandler	channelRead(io.netty.channel.ChannelHandlerContext,java.lang.Object)	channel()	io.netty.channel.ChannelHandlerContext	SOURCE
com.netflix.netty.common.throttle.MaxInboundConnectionsHandler	channelRead(io.netty.channel.ChannelHandlerContext,java.lang.Object)	safeRelease(java.lang.Object)	io.netty.util.ReferenceCountUtil	SOURCE
com.netflix.netty.common.throttle.MaxInboundConnectionsHandler	channelRead(io.netty.channel.ChannelHandlerContext,java.lang.Object)	channelRead(io.netty.channel.ChannelHandlerContext,java.lang.Object)	io.netty.channel.ChannelInboundHandlerAdapter	SOURCE
com.netflix.netty.common.throttle.MaxInboundConnectionsHandler	channelInactive(io.netty.channel.ChannelHandlerContext)	decrementAndGet()	java.util.concurrent.atomic.AtomicInteger	SOURCE
com.netflix.netty.common.throttle.MaxInboundConnectionsHandler	channelInactive(io.netty.channel.ChannelHandlerContext)	channelInactive(io.netty.channel.ChannelHandlerContext)	io.netty.channel.ChannelInboundHandlerAdapter	SOURCE
com.netflix.netty.common.proxyprotocol.HAProxyMessageChannelHandler	ATTR_HAPROXY_MESSAGE	<T>newInstance(java.lang.String)	io.netty.util.AttributeKey	SOURCE
com.netflix.netty.common.proxyprotocol.HAProxyMessageChannelHandler	ATTR_HAPROXY_VERSION	<T>newInstance(java.lang.String)	io.netty.util.AttributeKey	SOURCE
com.netflix.netty.common.proxyprotocol.HAProxyMessageChannelHandler	HAPM_DEST_PORT	<T>newKey(java.lang.String)	com.netflix.zuul.Attrs	SOURCE
com.netflix.netty.common.proxyprotocol.HAProxyMessageChannelHandler	HAPM_DEST_IP_VERSION	<T>newKey(java.lang.String)	com.netflix.zuul.Attrs	SOURCE
com.netflix.netty.common.proxyprotocol.HAProxyMessageChannelHandler	HAPM_SRC_IP_VERSION	<T>newKey(java.lang.String)	com.netflix.zuul.Attrs	SOURCE
com.netflix.netty.common.proxyprotocol.HAProxyMessageChannelHandler	channelRead(io.netty.channel.ChannelHandlerContext,java.lang.Object)	channel()	io.netty.channel.ChannelHandlerContext	SOURCE
com.netflix.netty.common.proxyprotocol.HAProxyMessageChannelHandler	channelRead(io.netty.channel.ChannelHandlerContext,java.lang.Object)	set(T)	io.netty.util.Attribute	SOURCE
com.netflix.netty.common.proxyprotocol.HAProxyMessageChannelHandler	channelRead(io.netty.channel.ChannelHandlerContext,java.lang.Object)	<T>attr(io.netty.util.AttributeKey<T>)	io.netty.util.AttributeMap	SOURCE
com.netflix.netty.common.proxyprotocol.HAProxyMessageChannelHandler	channelRead(io.netty.channel.ChannelHandlerContext,java.lang.Object)	addListener(io.netty.util.concurrent.GenericFutureListener<? extends io.netty.util.concurrent.Future<? super java.lang.Void>>)	io.netty.channel.ChannelFuture	SOURCE
com.netflix.netty.common.proxyprotocol.HAProxyMessageChannelHandler	channelRead(io.netty.channel.ChannelHandlerContext,java.lang.Object)	closeFuture()	io.netty.channel.Channel	SOURCE
com.netflix.netty.common.proxyprotocol.HAProxyMessageChannelHandler	channelRead(io.netty.channel.ChannelHandlerContext,java.lang.Object)	channel()	io.netty.channel.ChannelHandlerContext	SOURCE
com.netflix.netty.common.proxyprotocol.HAProxyMessageChannelHandler	channelRead(io.netty.channel.ChannelHandlerContext,java.lang.Object)	operationComplete(F)	io.netty.util.concurrent.GenericFutureListener	SOURCE
com.netflix.netty.common.proxyprotocol.HAProxyMessageChannelHandler	channelRead(io.netty.channel.ChannelHandlerContext,java.lang.Object)	release()	io.netty.handler.codec.haproxy.HAProxyMessage	SOURCE
com.netflix.netty.common.proxyprotocol.HAProxyMessageChannelHandler	channelRead(io.netty.channel.ChannelHandlerContext,java.lang.Object)	set(T)	io.netty.util.Attribute	SOURCE
com.netflix.netty.common.proxyprotocol.HAProxyMessageChannelHandler	channelRead(io.netty.channel.ChannelHandlerContext,java.lang.Object)	<T>attr(io.netty.util.AttributeKey<T>)	io.netty.util.AttributeMap	SOURCE
com.netflix.netty.common.proxyprotocol.HAProxyMessageChannelHandler	channelRead(io.netty.channel.ChannelHandlerContext,java.lang.Object)	protocolVersion()	io.netty.handler.codec.haproxy.HAProxyMessage	SOURCE
com.netflix.netty.common.proxyprotocol.HAProxyMessageChannelHandler	channelRead(io.netty.channel.ChannelHandlerContext,java.lang.Object)	destinationAddress()	io.netty.handler.codec.haproxy.HAProxyMessage	SOURCE
com.netflix.netty.common.proxyprotocol.HAProxyMessageChannelHandler	channelRead(io.netty.channel.ChannelHandlerContext,java.lang.Object)	set(T)	io.netty.util.Attribute	SOURCE
com.netflix.netty.common.proxyprotocol.HAProxyMessageChannelHandler	channelRead(io.netty.channel.ChannelHandlerContext,java.lang.Object)	<T>attr(io.netty.util.AttributeKey<T>)	io.netty.util.AttributeMap	SOURCE
com.netflix.netty.common.proxyprotocol.HAProxyMessageChannelHandler	channelRead(io.netty.channel.ChannelHandlerContext,java.lang.Object)	proxiedProtocol()	io.netty.handler.codec.haproxy.HAProxyMessage	SOURCE
com.netflix.netty.common.proxyprotocol.HAProxyMessageChannelHandler	channelRead(io.netty.channel.ChannelHandlerContext,java.lang.Object)	IllegalArgumentException(java.lang.String)	java.lang.IllegalArgumentException	SOURCE
com.netflix.netty.common.proxyprotocol.HAProxyMessageChannelHandler	channelRead(io.netty.channel.ChannelHandlerContext,java.lang.Object)	InetSocketAddress(java.net.InetAddress,int)	java.net.InetSocketAddress	SOURCE
com.netflix.netty.common.proxyprotocol.HAProxyMessageChannelHandler	channelRead(io.netty.channel.ChannelHandlerContext,java.lang.Object)	forString(java.lang.String)	com.google.common.net.InetAddresses	SOURCE
com.netflix.netty.common.proxyprotocol.HAProxyMessageChannelHandler	channelRead(io.netty.channel.ChannelHandlerContext,java.lang.Object)	destinationPort()	io.netty.handler.codec.haproxy.HAProxyMessage	SOURCE
com.netflix.netty.common.proxyprotocol.HAProxyMessageChannelHandler	channelRead(io.netty.channel.ChannelHandlerContext,java.lang.Object)	set(T)	io.netty.util.Attribute	SOURCE
com.netflix.netty.common.proxyprotocol.HAProxyMessageChannelHandler	channelRead(io.netty.channel.ChannelHandlerContext,java.lang.Object)	<T>attr(io.netty.util.AttributeKey<T>)	io.netty.util.AttributeMap	SOURCE
com.netflix.netty.common.proxyprotocol.HAProxyMessageChannelHandler	channelRead(io.netty.channel.ChannelHandlerContext,java.lang.Object)	get()	io.netty.util.Attribute	SOURCE
com.netflix.netty.common.proxyprotocol.HAProxyMessageChannelHandler	channelRead(io.netty.channel.ChannelHandlerContext,java.lang.Object)	<T>attr(io.netty.util.AttributeKey<T>)	io.netty.util.AttributeMap	SOURCE
com.netflix.netty.common.proxyprotocol.HAProxyMessageChannelHandler	channelRead(io.netty.channel.ChannelHandlerContext,java.lang.Object)	channel()	io.netty.channel.ChannelHandlerContext	SOURCE
com.netflix.netty.common.proxyprotocol.HAProxyMessageChannelHandler	channelRead(io.netty.channel.ChannelHandlerContext,java.lang.Object)	getAddress()	java.net.InetSocketAddress	SOURCE
com.netflix.netty.common.proxyprotocol.HAProxyMessageChannelHandler	channelRead(io.netty.channel.ChannelHandlerContext,java.lang.Object)	put(com.netflix.zuul.Attrs,T)	com.netflix.zuul.Attrs$Key	SOURCE
com.netflix.netty.common.proxyprotocol.HAProxyMessageChannelHandler	channelRead(io.netty.channel.ChannelHandlerContext,java.lang.Object)	getAddress()	java.net.InetSocketAddress	SOURCE
com.netflix.netty.common.proxyprotocol.HAProxyMessageChannelHandler	channelRead(io.netty.channel.ChannelHandlerContext,java.lang.Object)	put(com.netflix.zuul.Attrs,T)	com.netflix.zuul.Attrs$Key	SOURCE
com.netflix.netty.common.proxyprotocol.HAProxyMessageChannelHandler	channelRead(io.netty.channel.ChannelHandlerContext,java.lang.Object)	put(com.netflix.zuul.Attrs,T)	com.netflix.zuul.Attrs$Key	SOURCE
com.netflix.netty.common.proxyprotocol.HAProxyMessageChannelHandler	channelRead(io.netty.channel.ChannelHandlerContext,java.lang.Object)	put(com.netflix.zuul.Attrs,T)	com.netflix.zuul.Attrs$Key	SOURCE
com.netflix.netty.common.proxyprotocol.HAProxyMessageChannelHandler	channelRead(io.netty.channel.ChannelHandlerContext,java.lang.Object)	destinationPort()	io.netty.handler.codec.haproxy.HAProxyMessage	SOURCE
com.netflix.netty.common.proxyprotocol.HAProxyMessageChannelHandler	channelRead(io.netty.channel.ChannelHandlerContext,java.lang.Object)	IllegalArgumentException(java.lang.String)	java.lang.IllegalArgumentException	SOURCE
com.netflix.netty.common.proxyprotocol.HAProxyMessageChannelHandler	channelRead(io.netty.channel.ChannelHandlerContext,java.lang.Object)	AssertionError(java.lang.Object)	java.lang.AssertionError	SOURCE
com.netflix.netty.common.proxyprotocol.HAProxyMessageChannelHandler	channelRead(io.netty.channel.ChannelHandlerContext,java.lang.Object)	proxiedProtocol()	io.netty.handler.codec.haproxy.HAProxyMessage	SOURCE
com.netflix.netty.common.proxyprotocol.HAProxyMessageChannelHandler	channelRead(io.netty.channel.ChannelHandlerContext,java.lang.Object)	set(T)	io.netty.util.Attribute	SOURCE
com.netflix.netty.common.proxyprotocol.HAProxyMessageChannelHandler	channelRead(io.netty.channel.ChannelHandlerContext,java.lang.Object)	<T>attr(io.netty.util.AttributeKey<T>)	io.netty.util.AttributeMap	SOURCE
com.netflix.netty.common.proxyprotocol.HAProxyMessageChannelHandler	channelRead(io.netty.channel.ChannelHandlerContext,java.lang.Object)	sourceAddress()	io.netty.handler.codec.haproxy.HAProxyMessage	SOURCE
com.netflix.netty.common.proxyprotocol.HAProxyMessageChannelHandler	channelRead(io.netty.channel.ChannelHandlerContext,java.lang.Object)	set(T)	io.netty.util.Attribute	SOURCE
com.netflix.netty.common.proxyprotocol.HAProxyMessageChannelHandler	channelRead(io.netty.channel.ChannelHandlerContext,java.lang.Object)	<T>attr(io.netty.util.AttributeKey<T>)	io.netty.util.AttributeMap	SOURCE
com.netflix.netty.common.proxyprotocol.HAProxyMessageChannelHandler	channelRead(io.netty.channel.ChannelHandlerContext,java.lang.Object)	proxiedProtocol()	io.netty.handler.codec.haproxy.HAProxyMessage	SOURCE
com.netflix.netty.common.proxyprotocol.HAProxyMessageChannelHandler	channelRead(io.netty.channel.ChannelHandlerContext,java.lang.Object)	IllegalArgumentException(java.lang.String)	java.lang.IllegalArgumentException	SOURCE
com.netflix.netty.common.proxyprotocol.HAProxyMessageChannelHandler	channelRead(io.netty.channel.ChannelHandlerContext,java.lang.Object)	InetSocketAddress(java.net.InetAddress,int)	java.net.InetSocketAddress	SOURCE
com.netflix.netty.common.proxyprotocol.HAProxyMessageChannelHandler	channelRead(io.netty.channel.ChannelHandlerContext,java.lang.Object)	forString(java.lang.String)	com.google.common.net.InetAddresses	SOURCE
com.netflix.netty.common.proxyprotocol.HAProxyMessageChannelHandler	channelRead(io.netty.channel.ChannelHandlerContext,java.lang.Object)	sourcePort()	io.netty.handler.codec.haproxy.HAProxyMessage	SOURCE
com.netflix.netty.common.proxyprotocol.HAProxyMessageChannelHandler	channelRead(io.netty.channel.ChannelHandlerContext,java.lang.Object)	get()	io.netty.util.Attribute	SOURCE
com.netflix.netty.common.proxyprotocol.HAProxyMessageChannelHandler	channelRead(io.netty.channel.ChannelHandlerContext,java.lang.Object)	<T>attr(io.netty.util.AttributeKey<T>)	io.netty.util.AttributeMap	SOURCE
com.netflix.netty.common.proxyprotocol.HAProxyMessageChannelHandler	channelRead(io.netty.channel.ChannelHandlerContext,java.lang.Object)	channel()	io.netty.channel.ChannelHandlerContext	SOURCE
com.netflix.netty.common.proxyprotocol.HAProxyMessageChannelHandler	channelRead(io.netty.channel.ChannelHandlerContext,java.lang.Object)	getAddress()	java.net.InetSocketAddress	SOURCE
com.netflix.netty.common.proxyprotocol.HAProxyMessageChannelHandler	channelRead(io.netty.channel.ChannelHandlerContext,java.lang.Object)	put(com.netflix.zuul.Attrs,T)	com.netflix.zuul.Attrs$Key	SOURCE
com.netflix.netty.common.proxyprotocol.HAProxyMessageChannelHandler	channelRead(io.netty.channel.ChannelHandlerContext,java.lang.Object)	getAddress()	java.net.InetSocketAddress	SOURCE
com.netflix.netty.common.proxyprotocol.HAProxyMessageChannelHandler	channelRead(io.netty.channel.ChannelHandlerContext,java.lang.Object)	put(com.netflix.zuul.Attrs,T)	com.netflix.zuul.Attrs$Key	SOURCE
com.netflix.netty.common.proxyprotocol.HAProxyMessageChannelHandler	channelRead(io.netty.channel.ChannelHandlerContext,java.lang.Object)	put(com.netflix.zuul.Attrs,T)	com.netflix.zuul.Attrs$Key	SOURCE
com.netflix.netty.common.proxyprotocol.HAProxyMessageChannelHandler	channelRead(io.netty.channel.ChannelHandlerContext,java.lang.Object)	IllegalArgumentException(java.lang.String)	java.lang.IllegalArgumentException	SOURCE
com.netflix.netty.common.proxyprotocol.HAProxyMessageChannelHandler	channelRead(io.netty.channel.ChannelHandlerContext,java.lang.Object)	AssertionError(java.lang.Object)	java.lang.AssertionError	SOURCE
com.netflix.netty.common.proxyprotocol.HAProxyMessageChannelHandler	channelRead(io.netty.channel.ChannelHandlerContext,java.lang.Object)	proxiedProtocol()	io.netty.handler.codec.haproxy.HAProxyMessage	SOURCE
com.netflix.netty.common.proxyprotocol.HAProxyMessageChannelHandler	channelRead(io.netty.channel.ChannelHandlerContext,java.lang.Object)	set(T)	io.netty.util.Attribute	SOURCE
com.netflix.netty.common.proxyprotocol.HAProxyMessageChannelHandler	channelRead(io.netty.channel.ChannelHandlerContext,java.lang.Object)	<T>attr(io.netty.util.AttributeKey<T>)	io.netty.util.AttributeMap	SOURCE
com.netflix.netty.common.proxyprotocol.HAProxyMessageChannelHandler	channelRead(io.netty.channel.ChannelHandlerContext,java.lang.Object)	remove(io.netty.channel.ChannelHandler)	io.netty.channel.ChannelPipeline	SOURCE
com.netflix.netty.common.proxyprotocol.HAProxyMessageChannelHandler	channelRead(io.netty.channel.ChannelHandlerContext,java.lang.Object)	pipeline()	io.netty.channel.ChannelHandlerContext	SOURCE
com.netflix.netty.common.throttle.RejectionUtils	REJECT_CLOSING_STATUS	HttpResponseStatus(int,java.lang.String)	io.netty.handler.codec.http.HttpResponseStatus	SOURCE
com.netflix.netty.common.throttle.RejectionUtils	rejectByClosingConnection(io.netty.channel.ChannelHandlerContext,com.netflix.zuul.stats.status.StatusCategory,java.lang.String,io.netty.handler.codec.http.HttpRequest,java.lang.Integer)	schedule(java.lang.Runnable,long,java.util.concurrent.TimeUnit)	io.netty.util.concurrent.EventExecutorGroup	SOURCE
com.netflix.netty.common.throttle.RejectionUtils	rejectByClosingConnection(io.netty.channel.ChannelHandlerContext,com.netflix.zuul.stats.status.StatusCategory,java.lang.String,io.netty.handler.codec.http.HttpRequest,java.lang.Integer)	executor()	io.netty.channel.ChannelHandlerContext	SOURCE
com.netflix.netty.common.throttle.RejectionUtils	rejectByClosingConnection(io.netty.channel.ChannelHandlerContext,com.netflix.zuul.stats.status.StatusCategory,java.lang.String,io.netty.handler.codec.http.HttpRequest,java.lang.Integer)	run()	java.lang.Runnable	SOURCE
com.netflix.netty.common.throttle.RejectionUtils	rejectByClosingConnection(io.netty.channel.ChannelHandlerContext,com.netflix.zuul.stats.status.StatusCategory,java.lang.String,io.netty.handler.codec.http.HttpRequest,java.lang.Integer)	add(com.netflix.zuul.passport.PassportState)	com.netflix.zuul.passport.CurrentPassport	SOURCE
com.netflix.netty.common.throttle.RejectionUtils	rejectByClosingConnection(io.netty.channel.ChannelHandlerContext,com.netflix.zuul.stats.status.StatusCategory,java.lang.String,io.netty.handler.codec.http.HttpRequest,java.lang.Integer)	fromChannel(io.netty.channel.Channel)	com.netflix.zuul.passport.CurrentPassport	SOURCE
com.netflix.netty.common.throttle.RejectionUtils	rejectByClosingConnection(io.netty.channel.ChannelHandlerContext,com.netflix.zuul.stats.status.StatusCategory,java.lang.String,io.netty.handler.codec.http.HttpRequest,java.lang.Integer)	channel()	io.netty.channel.ChannelHandlerContext	SOURCE
com.netflix.netty.common.throttle.RejectionUtils	rejectByClosingConnection(io.netty.channel.ChannelHandlerContext,com.netflix.zuul.stats.status.StatusCategory,java.lang.String,io.netty.handler.codec.http.HttpRequest,java.lang.Integer)	close()	io.netty.channel.ChannelOutboundInvoker	SOURCE
com.netflix.netty.common.throttle.RejectionUtils	rejectByClosingConnection(io.netty.channel.ChannelHandlerContext,com.netflix.zuul.stats.status.StatusCategory,java.lang.String,io.netty.handler.codec.http.HttpRequest,java.lang.Integer)	add(com.netflix.zuul.passport.PassportState)	com.netflix.zuul.passport.CurrentPassport	SOURCE
com.netflix.netty.common.throttle.RejectionUtils	rejectByClosingConnection(io.netty.channel.ChannelHandlerContext,com.netflix.zuul.stats.status.StatusCategory,java.lang.String,io.netty.handler.codec.http.HttpRequest,java.lang.Integer)	fromChannel(io.netty.channel.Channel)	com.netflix.zuul.passport.CurrentPassport	SOURCE
com.netflix.netty.common.throttle.RejectionUtils	rejectByClosingConnection(io.netty.channel.ChannelHandlerContext,com.netflix.zuul.stats.status.StatusCategory,java.lang.String,io.netty.handler.codec.http.HttpRequest,java.lang.Integer)	channel()	io.netty.channel.ChannelHandlerContext	SOURCE
com.netflix.netty.common.throttle.RejectionUtils	rejectByClosingConnection(io.netty.channel.ChannelHandlerContext,com.netflix.zuul.stats.status.StatusCategory,java.lang.String,io.netty.handler.codec.http.HttpRequest,java.lang.Integer)	close()	io.netty.channel.ChannelOutboundInvoker	SOURCE
com.netflix.netty.common.throttle.RejectionUtils	rejectByClosingConnection(io.netty.channel.ChannelHandlerContext,com.netflix.zuul.stats.status.StatusCategory,java.lang.String,io.netty.handler.codec.http.HttpRequest,java.lang.Integer)	notifyHandlers(io.netty.channel.ChannelHandlerContext,com.netflix.zuul.stats.status.StatusCategory,io.netty.handler.codec.http.HttpResponseStatus,java.lang.String,io.netty.handler.codec.http.HttpRequest)	com.netflix.netty.common.throttle.RejectionUtils	SOURCE
com.netflix.netty.common.throttle.RejectionUtils	sendRejectionResponse(io.netty.channel.ChannelHandlerContext,com.netflix.zuul.stats.status.StatusCategory,java.lang.String,io.netty.handler.codec.http.HttpRequest,java.lang.Integer,io.netty.handler.codec.http.HttpResponseStatus,java.lang.String,java.util.Map<java.lang.String,java.lang.String>)	closeConnectionAfterReject(io.netty.channel.Channel)	com.netflix.netty.common.throttle.RejectionUtils	SOURCE
com.netflix.netty.common.throttle.RejectionUtils	sendRejectionResponse(io.netty.channel.ChannelHandlerContext,com.netflix.zuul.stats.status.StatusCategory,java.lang.String,io.netty.handler.codec.http.HttpRequest,java.lang.Integer,io.netty.handler.codec.http.HttpResponseStatus,java.lang.String,java.util.Map<java.lang.String,java.lang.String>)	channel()	io.netty.channel.ChannelHandlerContext	SOURCE
com.netflix.netty.common.throttle.RejectionUtils	sendRejectionResponse(io.netty.channel.ChannelHandlerContext,com.netflix.zuul.stats.status.StatusCategory,java.lang.String,io.netty.handler.codec.http.HttpRequest,java.lang.Integer,io.netty.handler.codec.http.HttpResponseStatus,java.lang.String,java.util.Map<java.lang.String,java.lang.String>)	createRejectionResponse(io.netty.handler.codec.http.HttpResponseStatus,java.lang.String,boolean,java.util.Map<java.lang.String,java.lang.String>)	com.netflix.netty.common.throttle.RejectionUtils	SOURCE
com.netflix.netty.common.throttle.RejectionUtils	sendRejectionResponse(io.netty.channel.ChannelHandlerContext,com.netflix.zuul.stats.status.StatusCategory,java.lang.String,io.netty.handler.codec.http.HttpRequest,java.lang.Integer,io.netty.handler.codec.http.HttpResponseStatus,java.lang.String,java.util.Map<java.lang.String,java.lang.String>)	schedule(java.lang.Runnable,long,java.util.concurrent.TimeUnit)	io.netty.util.concurrent.EventExecutorGroup	SOURCE
com.netflix.netty.common.throttle.RejectionUtils	sendRejectionResponse(io.netty.channel.ChannelHandlerContext,com.netflix.zuul.stats.status.StatusCategory,java.lang.String,io.netty.handler.codec.http.HttpRequest,java.lang.Integer,io.netty.handler.codec.http.HttpResponseStatus,java.lang.String,java.util.Map<java.lang.String,java.lang.String>)	executor()	io.netty.channel.ChannelHandlerContext	SOURCE
com.netflix.netty.common.throttle.RejectionUtils	sendRejectionResponse(io.netty.channel.ChannelHandlerContext,com.netflix.zuul.stats.status.StatusCategory,java.lang.String,io.netty.handler.codec.http.HttpRequest,java.lang.Integer,io.netty.handler.codec.http.HttpResponseStatus,java.lang.String,java.util.Map<java.lang.String,java.lang.String>)	run()	java.lang.Runnable	SOURCE
com.netflix.netty.common.throttle.RejectionUtils	sendRejectionResponse(io.netty.channel.ChannelHandlerContext,com.netflix.zuul.stats.status.StatusCategory,java.lang.String,io.netty.handler.codec.http.HttpRequest,java.lang.Integer,io.netty.handler.codec.http.HttpResponseStatus,java.lang.String,java.util.Map<java.lang.String,java.lang.String>)	add(com.netflix.zuul.passport.PassportState)	com.netflix.zuul.passport.CurrentPassport	SOURCE
com.netflix.netty.common.throttle.RejectionUtils	sendRejectionResponse(io.netty.channel.ChannelHandlerContext,com.netflix.zuul.stats.status.StatusCategory,java.lang.String,io.netty.handler.codec.http.HttpRequest,java.lang.Integer,io.netty.handler.codec.http.HttpResponseStatus,java.lang.String,java.util.Map<java.lang.String,java.lang.String>)	fromChannel(io.netty.channel.Channel)	com.netflix.zuul.passport.CurrentPassport	SOURCE
com.netflix.netty.common.throttle.RejectionUtils	sendRejectionResponse(io.netty.channel.ChannelHandlerContext,com.netflix.zuul.stats.status.StatusCategory,java.lang.String,io.netty.handler.codec.http.HttpRequest,java.lang.Integer,io.netty.handler.codec.http.HttpResponseStatus,java.lang.String,java.util.Map<java.lang.String,java.lang.String>)	channel()	io.netty.channel.ChannelHandlerContext	SOURCE
com.netflix.netty.common.throttle.RejectionUtils	sendRejectionResponse(io.netty.channel.ChannelHandlerContext,com.netflix.zuul.stats.status.StatusCategory,java.lang.String,io.netty.handler.codec.http.HttpRequest,java.lang.Integer,io.netty.handler.codec.http.HttpResponseStatus,java.lang.String,java.util.Map<java.lang.String,java.lang.String>)	writeAndFlush(java.lang.Object)	io.netty.channel.ChannelOutboundInvoker	SOURCE
com.netflix.netty.common.throttle.RejectionUtils	sendRejectionResponse(io.netty.channel.ChannelHandlerContext,com.netflix.zuul.stats.status.StatusCategory,java.lang.String,io.netty.handler.codec.http.HttpRequest,java.lang.Integer,io.netty.handler.codec.http.HttpResponseStatus,java.lang.String,java.util.Map<java.lang.String,java.lang.String>)	add(com.netflix.zuul.passport.PassportState)	com.netflix.zuul.passport.CurrentPassport	SOURCE
com.netflix.netty.common.throttle.RejectionUtils	sendRejectionResponse(io.netty.channel.ChannelHandlerContext,com.netflix.zuul.stats.status.StatusCategory,java.lang.String,io.netty.handler.codec.http.HttpRequest,java.lang.Integer,io.netty.handler.codec.http.HttpResponseStatus,java.lang.String,java.util.Map<java.lang.String,java.lang.String>)	fromChannel(io.netty.channel.Channel)	com.netflix.zuul.passport.CurrentPassport	SOURCE
com.netflix.netty.common.throttle.RejectionUtils	sendRejectionResponse(io.netty.channel.ChannelHandlerContext,com.netflix.zuul.stats.status.StatusCategory,java.lang.String,io.netty.handler.codec.http.HttpRequest,java.lang.Integer,io.netty.handler.codec.http.HttpResponseStatus,java.lang.String,java.util.Map<java.lang.String,java.lang.String>)	channel()	io.netty.channel.ChannelHandlerContext	SOURCE
com.netflix.netty.common.throttle.RejectionUtils	sendRejectionResponse(io.netty.channel.ChannelHandlerContext,com.netflix.zuul.stats.status.StatusCategory,java.lang.String,io.netty.handler.codec.http.HttpRequest,java.lang.Integer,io.netty.handler.codec.http.HttpResponseStatus,java.lang.String,java.util.Map<java.lang.String,java.lang.String>)	writeAndFlush(java.lang.Object)	io.netty.channel.ChannelOutboundInvoker	SOURCE
com.netflix.netty.common.throttle.RejectionUtils	sendRejectionResponse(io.netty.channel.ChannelHandlerContext,com.netflix.zuul.stats.status.StatusCategory,java.lang.String,io.netty.handler.codec.http.HttpRequest,java.lang.Integer,io.netty.handler.codec.http.HttpResponseStatus,java.lang.String,java.util.Map<java.lang.String,java.lang.String>)	notifyHandlers(io.netty.channel.ChannelHandlerContext,com.netflix.zuul.stats.status.StatusCategory,io.netty.handler.codec.http.HttpResponseStatus,java.lang.String,io.netty.handler.codec.http.HttpRequest)	com.netflix.netty.common.throttle.RejectionUtils	SOURCE
com.netflix.netty.common.throttle.RejectionUtils	allowThenClose(io.netty.channel.ChannelHandlerContext)	set(T)	io.netty.util.Attribute	SOURCE
com.netflix.netty.common.throttle.RejectionUtils	allowThenClose(io.netty.channel.ChannelHandlerContext)	<T>attr(io.netty.util.AttributeKey<T>)	io.netty.util.AttributeMap	SOURCE
com.netflix.netty.common.throttle.RejectionUtils	allowThenClose(io.netty.channel.ChannelHandlerContext)	channel()	io.netty.channel.ChannelHandlerContext	SOURCE
com.netflix.netty.common.throttle.RejectionUtils	allowThenClose(io.netty.channel.ChannelHandlerContext)	newPromise()	io.netty.channel.ChannelOutboundInvoker	SOURCE
com.netflix.netty.common.throttle.RejectionUtils	handleRejection(io.netty.channel.ChannelHandlerContext,java.lang.Object,com.netflix.netty.common.throttle.RejectionType,com.netflix.zuul.stats.status.StatusCategory,java.lang.String,java.lang.Integer,io.netty.handler.codec.http.HttpResponseStatus,java.lang.String,java.util.Map<java.lang.String,java.lang.String>)	reject(io.netty.channel.ChannelHandlerContext,com.netflix.netty.common.throttle.RejectionType,com.netflix.zuul.stats.status.StatusCategory,java.lang.String,io.netty.handler.codec.http.HttpRequest,java.lang.Integer,io.netty.handler.codec.http.HttpResponseStatus,java.lang.String,java.util.Map<java.lang.String,java.lang.String>)	com.netflix.netty.common.throttle.RejectionUtils	SOURCE
com.netflix.netty.common.throttle.RejectionUtils	handleRejection(io.netty.channel.ChannelHandlerContext,java.lang.Object,com.netflix.netty.common.throttle.RejectionType,com.netflix.zuul.stats.status.StatusCategory,java.lang.String,java.lang.Integer,io.netty.handler.codec.http.HttpResponseStatus,java.lang.String,java.util.Map<java.lang.String,java.lang.String>)	safeRelease(java.lang.Object)	io.netty.util.ReferenceCountUtil	SOURCE
com.netflix.netty.common.throttle.RejectionUtils	handleRejection(io.netty.channel.ChannelHandlerContext,java.lang.Object,com.netflix.netty.common.throttle.RejectionType,com.netflix.zuul.stats.status.StatusCategory,java.lang.String,java.lang.Integer,io.netty.handler.codec.http.HttpResponseStatus,java.lang.String,java.util.Map<java.lang.String,java.lang.String>)	fireChannelRead(java.lang.Object)	io.netty.channel.ChannelHandlerContext	SOURCE
com.netflix.netty.common.throttle.RejectionUtils	reject(io.netty.channel.ChannelHandlerContext,com.netflix.netty.common.throttle.RejectionType,com.netflix.zuul.stats.status.StatusCategory,java.lang.String,io.netty.handler.codec.http.HttpRequest,java.lang.Integer,io.netty.handler.codec.http.HttpResponseStatus,java.lang.String)	reject(io.netty.channel.ChannelHandlerContext,com.netflix.netty.common.throttle.RejectionType,com.netflix.zuul.stats.status.StatusCategory,java.lang.String,io.netty.handler.codec.http.HttpRequest,java.lang.Integer,io.netty.handler.codec.http.HttpResponseStatus,java.lang.String,java.util.Map<java.lang.String,java.lang.String>)	com.netflix.netty.common.throttle.RejectionUtils	SOURCE
com.netflix.netty.common.throttle.RejectionUtils	reject(io.netty.channel.ChannelHandlerContext,com.netflix.netty.common.throttle.RejectionType,com.netflix.zuul.stats.status.StatusCategory,java.lang.String,io.netty.handler.codec.http.HttpRequest,java.lang.Integer,io.netty.handler.codec.http.HttpResponseStatus,java.lang.String)	<K,V>emptyMap()	java.util.Collections	SOURCE
com.netflix.netty.common.throttle.RejectionUtils	reject(io.netty.channel.ChannelHandlerContext,com.netflix.netty.common.throttle.RejectionType,com.netflix.zuul.stats.status.StatusCategory,java.lang.String,io.netty.handler.codec.http.HttpRequest,java.lang.Integer,io.netty.handler.codec.http.HttpResponseStatus,java.lang.String,java.util.Map<java.lang.String,java.lang.String>)	sendRejectionResponse(io.netty.channel.ChannelHandlerContext,com.netflix.zuul.stats.status.StatusCategory,java.lang.String,io.netty.handler.codec.http.HttpRequest,java.lang.Integer,io.netty.handler.codec.http.HttpResponseStatus,java.lang.String,java.util.Map<java.lang.String,java.lang.String>)	com.netflix.netty.common.throttle.RejectionUtils	SOURCE
com.netflix.netty.common.throttle.RejectionUtils	reject(io.netty.channel.ChannelHandlerContext,com.netflix.netty.common.throttle.RejectionType,com.netflix.zuul.stats.status.StatusCategory,java.lang.String,io.netty.handler.codec.http.HttpRequest,java.lang.Integer,io.netty.handler.codec.http.HttpResponseStatus,java.lang.String,java.util.Map<java.lang.String,java.lang.String>)	rejectByClosingConnection(io.netty.channel.ChannelHandlerContext,com.netflix.zuul.stats.status.StatusCategory,java.lang.String,io.netty.handler.codec.http.HttpRequest,java.lang.Integer)	com.netflix.netty.common.throttle.RejectionUtils	SOURCE
com.netflix.netty.common.throttle.RejectionUtils	reject(io.netty.channel.ChannelHandlerContext,com.netflix.netty.common.throttle.RejectionType,com.netflix.zuul.stats.status.StatusCategory,java.lang.String,io.netty.handler.codec.http.HttpRequest,java.lang.Integer,io.netty.handler.codec.http.HttpResponseStatus,java.lang.String,java.util.Map<java.lang.String,java.lang.String>)	allowThenClose(io.netty.channel.ChannelHandlerContext)	com.netflix.netty.common.throttle.RejectionUtils	SOURCE
com.netflix.netty.common.throttle.RejectionUtils	reject(io.netty.channel.ChannelHandlerContext,com.netflix.netty.common.throttle.RejectionType,com.netflix.zuul.stats.status.StatusCategory,java.lang.String,io.netty.handler.codec.http.HttpRequest,java.lang.Integer,io.netty.handler.codec.http.HttpResponseStatus,java.lang.String,java.util.Map<java.lang.String,java.lang.String>)	AssertionError(java.lang.Object)	java.lang.AssertionError	SOURCE
com.netflix.netty.common.throttle.RejectionUtils	notifyHandlers(io.netty.channel.ChannelHandlerContext,com.netflix.zuul.stats.status.StatusCategory,io.netty.handler.codec.http.HttpResponseStatus,java.lang.String,io.netty.handler.codec.http.HttpRequest)	RequestRejectedEvent(io.netty.handler.codec.http.HttpRequest,com.netflix.zuul.stats.status.StatusCategory,io.netty.handler.codec.http.HttpResponseStatus,java.lang.String)	com.netflix.netty.common.throttle.RequestRejectedEvent	SOURCE
com.netflix.netty.common.throttle.RejectionUtils	notifyHandlers(io.netty.channel.ChannelHandlerContext,com.netflix.zuul.stats.status.StatusCategory,io.netty.handler.codec.http.HttpResponseStatus,java.lang.String,io.netty.handler.codec.http.HttpRequest)	fireUserEventTriggered(java.lang.Object)	io.netty.channel.ChannelPipeline	SOURCE
com.netflix.netty.common.throttle.RejectionUtils	notifyHandlers(io.netty.channel.ChannelHandlerContext,com.netflix.zuul.stats.status.StatusCategory,io.netty.handler.codec.http.HttpResponseStatus,java.lang.String,io.netty.handler.codec.http.HttpRequest)	pipeline()	io.netty.channel.ChannelHandlerContext	SOURCE
com.netflix.netty.common.throttle.RejectionUtils	closeConnectionAfterReject(io.netty.channel.Channel)	<T>hasAttr(io.netty.util.AttributeKey<T>)	io.netty.util.AttributeMap	SOURCE
com.netflix.netty.common.throttle.RejectionUtils	closeConnectionAfterReject(io.netty.channel.Channel)	get()	io.netty.util.Attribute	SOURCE
com.netflix.netty.common.throttle.RejectionUtils	closeConnectionAfterReject(io.netty.channel.Channel)	<T>attr(io.netty.util.AttributeKey<T>)	io.netty.util.AttributeMap	SOURCE
com.netflix.netty.common.throttle.RejectionUtils	createRejectionResponse(io.netty.handler.codec.http.HttpResponseStatus,java.lang.String,boolean,java.util.Map<java.lang.String,java.lang.String>)	wrappedBuffer(byte[])	io.netty.buffer.Unpooled	SOURCE
com.netflix.netty.common.throttle.RejectionUtils	createRejectionResponse(io.netty.handler.codec.http.HttpResponseStatus,java.lang.String,boolean,java.util.Map<java.lang.String,java.lang.String>)	getBytes(java.nio.charset.Charset)	java.lang.String	SOURCE
com.netflix.netty.common.throttle.RejectionUtils	createRejectionResponse(io.netty.handler.codec.http.HttpResponseStatus,java.lang.String,boolean,java.util.Map<java.lang.String,java.lang.String>)	readableBytes()	io.netty.buffer.ByteBuf	SOURCE
com.netflix.netty.common.throttle.RejectionUtils	createRejectionResponse(io.netty.handler.codec.http.HttpResponseStatus,java.lang.String,boolean,java.util.Map<java.lang.String,java.lang.String>)	DefaultHttpHeaders()	io.netty.handler.codec.http.DefaultHttpHeaders	SOURCE
com.netflix.netty.common.throttle.RejectionUtils	createRejectionResponse(io.netty.handler.codec.http.HttpResponseStatus,java.lang.String,boolean,java.util.Map<java.lang.String,java.lang.String>)	set(java.lang.CharSequence,java.lang.Object)	io.netty.handler.codec.http.DefaultHttpHeaders	SOURCE
com.netflix.netty.common.throttle.RejectionUtils	createRejectionResponse(io.netty.handler.codec.http.HttpResponseStatus,java.lang.String,boolean,java.util.Map<java.lang.String,java.lang.String>)	set(java.lang.CharSequence,java.lang.Object)	io.netty.handler.codec.http.DefaultHttpHeaders	SOURCE
com.netflix.netty.common.throttle.RejectionUtils	createRejectionResponse(io.netty.handler.codec.http.HttpResponseStatus,java.lang.String,boolean,java.util.Map<java.lang.String,java.lang.String>)	set(java.lang.CharSequence,java.lang.Object)	io.netty.handler.codec.http.DefaultHttpHeaders	SOURCE
com.netflix.netty.common.throttle.RejectionUtils	createRejectionResponse(io.netty.handler.codec.http.HttpResponseStatus,java.lang.String,boolean,java.util.Map<java.lang.String,java.lang.String>)	forEach(java.util.function.BiConsumer<? super K,? super V>)	java.util.Map	SOURCE
com.netflix.netty.common.throttle.RejectionUtils	createRejectionResponse(io.netty.handler.codec.http.HttpResponseStatus,java.lang.String,boolean,java.util.Map<java.lang.String,java.lang.String>)	accept(T,U)	java.util.function.BiConsumer	SOURCE
com.netflix.netty.common.throttle.RejectionUtils	createRejectionResponse(io.netty.handler.codec.http.HttpResponseStatus,java.lang.String,boolean,java.util.Map<java.lang.String,java.lang.String>)	add(java.lang.String,java.lang.Object)	io.netty.handler.codec.http.DefaultHttpHeaders	SOURCE
com.netflix.netty.common.throttle.RejectionUtils	createRejectionResponse(io.netty.handler.codec.http.HttpResponseStatus,java.lang.String,boolean,java.util.Map<java.lang.String,java.lang.String>)	DefaultFullHttpResponse(io.netty.handler.codec.http.HttpVersion,io.netty.handler.codec.http.HttpResponseStatus,io.netty.buffer.ByteBuf,io.netty.handler.codec.http.HttpHeaders,io.netty.handler.codec.http.HttpHeaders)	io.netty.handler.codec.http.DefaultFullHttpResponse	SOURCE
com.netflix.netty.common.throttle.RejectionUtils	RejectionUtils()	Object()	java.lang.Object	SOURCE
com.netflix.netty.common.proxyprotocol.StripUntrustedProxyHeadersHandler	XFF_BLACKLIST	DynamicStringListProperty(java.lang.String,java.lang.String)	com.netflix.config.DynamicStringListProperty	SOURCE
com.netflix.netty.common.proxyprotocol.StripUntrustedProxyHeadersHandler$AllowWhen	ALWAYS	AllowWhen()	com.netflix.netty.common.proxyprotocol.StripUntrustedProxyHeadersHandler$AllowWhen	SOURCE
com.netflix.netty.common.proxyprotocol.StripUntrustedProxyHeadersHandler$AllowWhen	MUTUAL_SSL_AUTH	AllowWhen()	com.netflix.netty.common.proxyprotocol.StripUntrustedProxyHeadersHandler$AllowWhen	SOURCE
com.netflix.netty.common.proxyprotocol.StripUntrustedProxyHeadersHandler$AllowWhen	NEVER	AllowWhen()	com.netflix.netty.common.proxyprotocol.StripUntrustedProxyHeadersHandler$AllowWhen	SOURCE
com.netflix.netty.common.proxyprotocol.StripUntrustedProxyHeadersHandler	HEADERS_TO_STRIP	<E>newHashSet(E...)	com.google.common.collect.Sets	SOURCE
com.netflix.netty.common.proxyprotocol.StripUntrustedProxyHeadersHandler	HEADERS_TO_STRIP	AsciiString(java.lang.CharSequence)	io.netty.util.AsciiString	SOURCE
com.netflix.netty.common.proxyprotocol.StripUntrustedProxyHeadersHandler	HEADERS_TO_STRIP	AsciiString(java.lang.CharSequence)	io.netty.util.AsciiString	SOURCE
com.netflix.netty.common.proxyprotocol.StripUntrustedProxyHeadersHandler	HEADERS_TO_STRIP	AsciiString(java.lang.CharSequence)	io.netty.util.AsciiString	SOURCE
com.netflix.netty.common.proxyprotocol.StripUntrustedProxyHeadersHandler	HEADERS_TO_STRIP	AsciiString(java.lang.CharSequence)	io.netty.util.AsciiString	SOURCE
com.netflix.netty.common.proxyprotocol.StripUntrustedProxyHeadersHandler	HEADERS_TO_STRIP	AsciiString(java.lang.CharSequence)	io.netty.util.AsciiString	SOURCE
com.netflix.netty.common.proxyprotocol.StripUntrustedProxyHeadersHandler	StripUntrustedProxyHeadersHandler(com.netflix.netty.common.proxyprotocol.StripUntrustedProxyHeadersHandler.AllowWhen)	ChannelInboundHandlerAdapter()	io.netty.channel.ChannelInboundHandlerAdapter	SOURCE
com.netflix.netty.common.proxyprotocol.StripUntrustedProxyHeadersHandler	channelRead(io.netty.channel.ChannelHandlerContext,java.lang.Object)	stripXFFHeaders(io.netty.handler.codec.http.HttpRequest)	com.netflix.netty.common.proxyprotocol.StripUntrustedProxyHeadersHandler	SOURCE
com.netflix.netty.common.proxyprotocol.StripUntrustedProxyHeadersHandler	channelRead(io.netty.channel.ChannelHandlerContext,java.lang.Object)	connectionIsUsingMutualSSLWithAuthEnforced(io.netty.channel.Channel)	com.netflix.netty.common.proxyprotocol.StripUntrustedProxyHeadersHandler	SOURCE
com.netflix.netty.common.proxyprotocol.StripUntrustedProxyHeadersHandler	channelRead(io.netty.channel.ChannelHandlerContext,java.lang.Object)	channel()	io.netty.channel.ChannelHandlerContext	SOURCE
com.netflix.netty.common.proxyprotocol.StripUntrustedProxyHeadersHandler	channelRead(io.netty.channel.ChannelHandlerContext,java.lang.Object)	stripXFFHeaders(io.netty.handler.codec.http.HttpRequest)	com.netflix.netty.common.proxyprotocol.StripUntrustedProxyHeadersHandler	SOURCE
com.netflix.netty.common.proxyprotocol.StripUntrustedProxyHeadersHandler	channelRead(io.netty.channel.ChannelHandlerContext,java.lang.Object)	checkBlacklist(io.netty.handler.codec.http.HttpRequest,java.util.List<java.lang.String>)	com.netflix.netty.common.proxyprotocol.StripUntrustedProxyHeadersHandler	SOURCE
com.netflix.netty.common.proxyprotocol.StripUntrustedProxyHeadersHandler	channelRead(io.netty.channel.ChannelHandlerContext,java.lang.Object)	get()	com.netflix.config.DynamicListProperty	SOURCE
com.netflix.netty.common.proxyprotocol.StripUntrustedProxyHeadersHandler	channelRead(io.netty.channel.ChannelHandlerContext,java.lang.Object)	checkBlacklist(io.netty.handler.codec.http.HttpRequest,java.util.List<java.lang.String>)	com.netflix.netty.common.proxyprotocol.StripUntrustedProxyHeadersHandler	SOURCE
com.netflix.netty.common.proxyprotocol.StripUntrustedProxyHeadersHandler	channelRead(io.netty.channel.ChannelHandlerContext,java.lang.Object)	get()	com.netflix.config.DynamicListProperty	SOURCE
com.netflix.netty.common.proxyprotocol.StripUntrustedProxyHeadersHandler	channelRead(io.netty.channel.ChannelHandlerContext,java.lang.Object)	stripXFFHeaders(io.netty.handler.codec.http.HttpRequest)	com.netflix.netty.common.proxyprotocol.StripUntrustedProxyHeadersHandler	SOURCE
com.netflix.netty.common.proxyprotocol.StripUntrustedProxyHeadersHandler	channelRead(io.netty.channel.ChannelHandlerContext,java.lang.Object)	channelRead(io.netty.channel.ChannelHandlerContext,java.lang.Object)	io.netty.channel.ChannelInboundHandlerAdapter	SOURCE
com.netflix.netty.common.proxyprotocol.StripUntrustedProxyHeadersHandler	connectionIsUsingMutualSSLWithAuthEnforced(io.netty.channel.Channel)	get()	io.netty.util.Attribute	SOURCE
com.netflix.netty.common.proxyprotocol.StripUntrustedProxyHeadersHandler	connectionIsUsingMutualSSLWithAuthEnforced(io.netty.channel.Channel)	<T>attr(io.netty.util.AttributeKey<T>)	io.netty.util.AttributeMap	SOURCE
com.netflix.netty.common.proxyprotocol.StripUntrustedProxyHeadersHandler	connectionIsUsingMutualSSLWithAuthEnforced(io.netty.channel.Channel)	getClientAuthRequirement()	com.netflix.netty.common.ssl.SslHandshakeInfo	SOURCE
com.netflix.netty.common.proxyprotocol.StripUntrustedProxyHeadersHandler	stripXFFHeaders(io.netty.handler.codec.http.HttpRequest)	headers()	io.netty.handler.codec.http.HttpMessage	SOURCE
com.netflix.netty.common.proxyprotocol.StripUntrustedProxyHeadersHandler	stripXFFHeaders(io.netty.handler.codec.http.HttpRequest)	remove(java.lang.CharSequence)	io.netty.handler.codec.http.HttpHeaders	SOURCE
com.netflix.netty.common.proxyprotocol.StripUntrustedProxyHeadersHandler	checkBlacklist(io.netty.handler.codec.http.HttpRequest,java.util.List<java.lang.String>)	anyMatch(java.util.function.Predicate<? super T>)	java.util.stream.Stream	SOURCE
com.netflix.netty.common.proxyprotocol.StripUntrustedProxyHeadersHandler	checkBlacklist(io.netty.handler.codec.http.HttpRequest,java.util.List<java.lang.String>)	stream()	java.util.Collection	SOURCE
com.netflix.netty.common.proxyprotocol.StripUntrustedProxyHeadersHandler	checkBlacklist(io.netty.handler.codec.http.HttpRequest,java.util.List<java.lang.String>)	test(T)	java.util.function.Predicate	SOURCE
com.netflix.netty.common.proxyprotocol.StripUntrustedProxyHeadersHandler	checkBlacklist(io.netty.handler.codec.http.HttpRequest,java.util.List<java.lang.String>)	equalsIgnoreCase(java.lang.String)	java.lang.String	SOURCE
com.netflix.netty.common.proxyprotocol.StripUntrustedProxyHeadersHandler	checkBlacklist(io.netty.handler.codec.http.HttpRequest,java.util.List<java.lang.String>)	get(java.lang.CharSequence)	io.netty.handler.codec.http.HttpHeaders	SOURCE
com.netflix.netty.common.proxyprotocol.StripUntrustedProxyHeadersHandler	checkBlacklist(io.netty.handler.codec.http.HttpRequest,java.util.List<java.lang.String>)	headers()	io.netty.handler.codec.http.HttpMessage	SOURCE
com.netflix.netty.common.proxyprotocol.StripUntrustedProxyHeadersHandler	checkBlacklist(io.netty.handler.codec.http.HttpRequest,java.util.List<java.lang.String>)	stripXFFHeaders(io.netty.handler.codec.http.HttpRequest)	com.netflix.netty.common.proxyprotocol.StripUntrustedProxyHeadersHandler	SOURCE
com.netflix.netty.common.HttpLifecycleChannelHandler	LOG	getLogger(java.lang.Class<?>)	org.slf4j.LoggerFactory	SOURCE
com.netflix.netty.common.HttpLifecycleChannelHandler	ATTR_HTTP_REQ	<T>newInstance(java.lang.String)	io.netty.util.AttributeKey	SOURCE
com.netflix.netty.common.HttpLifecycleChannelHandler	ATTR_HTTP_RESP	<T>newInstance(java.lang.String)	io.netty.util.AttributeKey	SOURCE
com.netflix.netty.common.HttpLifecycleChannelHandler	ATTR_HTTP_PIPELINE_REJECT	<T>newInstance(java.lang.String)	io.netty.util.AttributeKey	SOURCE
com.netflix.netty.common.HttpLifecycleChannelHandler$State	STARTED	State()	com.netflix.netty.common.HttpLifecycleChannelHandler$State	SOURCE
com.netflix.netty.common.HttpLifecycleChannelHandler$State	COMPLETED	State()	com.netflix.netty.common.HttpLifecycleChannelHandler$State	SOURCE
com.netflix.netty.common.HttpLifecycleChannelHandler	ATTR_STATE	<T>newInstance(java.lang.String)	io.netty.util.AttributeKey	SOURCE
com.netflix.netty.common.HttpLifecycleChannelHandler	fireStartEvent(io.netty.channel.ChannelHandlerContext,io.netty.handler.codec.http.HttpRequest)	channel()	io.netty.channel.ChannelHandlerContext	SOURCE
com.netflix.netty.common.HttpLifecycleChannelHandler	fireStartEvent(io.netty.channel.ChannelHandlerContext,io.netty.handler.codec.http.HttpRequest)	<T>attr(io.netty.util.AttributeKey<T>)	io.netty.util.AttributeMap	SOURCE
com.netflix.netty.common.HttpLifecycleChannelHandler	fireStartEvent(io.netty.channel.ChannelHandlerContext,io.netty.handler.codec.http.HttpRequest)	get()	io.netty.util.Attribute	SOURCE
com.netflix.netty.common.HttpLifecycleChannelHandler	fireStartEvent(io.netty.channel.ChannelHandlerContext,io.netty.handler.codec.http.HttpRequest)	error(java.lang.String,java.lang.Object)	org.slf4j.Logger	SOURCE
com.netflix.netty.common.HttpLifecycleChannelHandler	fireStartEvent(io.netty.channel.ChannelHandlerContext,io.netty.handler.codec.http.HttpRequest)	asLongText()	io.netty.channel.ChannelId	SOURCE
com.netflix.netty.common.HttpLifecycleChannelHandler	fireStartEvent(io.netty.channel.ChannelHandlerContext,io.netty.handler.codec.http.HttpRequest)	id()	io.netty.channel.Channel	SOURCE
com.netflix.netty.common.HttpLifecycleChannelHandler	fireStartEvent(io.netty.channel.ChannelHandlerContext,io.netty.handler.codec.http.HttpRequest)	set(T)	io.netty.util.Attribute	SOURCE
com.netflix.netty.common.HttpLifecycleChannelHandler	fireStartEvent(io.netty.channel.ChannelHandlerContext,io.netty.handler.codec.http.HttpRequest)	<T>attr(io.netty.util.AttributeKey<T>)	io.netty.util.AttributeMap	SOURCE
com.netflix.netty.common.HttpLifecycleChannelHandler	fireStartEvent(io.netty.channel.ChannelHandlerContext,io.netty.handler.codec.http.HttpRequest)	close()	io.netty.channel.ChannelOutboundInvoker	SOURCE
com.netflix.netty.common.HttpLifecycleChannelHandler	fireStartEvent(io.netty.channel.ChannelHandlerContext,io.netty.handler.codec.http.HttpRequest)	set(T)	io.netty.util.Attribute	SOURCE
com.netflix.netty.common.HttpLifecycleChannelHandler	fireStartEvent(io.netty.channel.ChannelHandlerContext,io.netty.handler.codec.http.HttpRequest)	<T>attr(io.netty.util.AttributeKey<T>)	io.netty.util.AttributeMap	SOURCE
com.netflix.netty.common.HttpLifecycleChannelHandler	fireStartEvent(io.netty.channel.ChannelHandlerContext,io.netty.handler.codec.http.HttpRequest)	set(T)	io.netty.util.Attribute	SOURCE
com.netflix.netty.common.HttpLifecycleChannelHandler	fireStartEvent(io.netty.channel.ChannelHandlerContext,io.netty.handler.codec.http.HttpRequest)	<T>attr(io.netty.util.AttributeKey<T>)	io.netty.util.AttributeMap	SOURCE
com.netflix.netty.common.HttpLifecycleChannelHandler	fireStartEvent(io.netty.channel.ChannelHandlerContext,io.netty.handler.codec.http.HttpRequest)	fireUserEventTriggered(java.lang.Object)	io.netty.channel.ChannelPipeline	SOURCE
com.netflix.netty.common.HttpLifecycleChannelHandler	fireStartEvent(io.netty.channel.ChannelHandlerContext,io.netty.handler.codec.http.HttpRequest)	pipeline()	io.netty.channel.ChannelHandlerContext	SOURCE
com.netflix.netty.common.HttpLifecycleChannelHandler	fireStartEvent(io.netty.channel.ChannelHandlerContext,io.netty.handler.codec.http.HttpRequest)	StartEvent(io.netty.handler.codec.http.HttpRequest)	com.netflix.netty.common.HttpLifecycleChannelHandler$StartEvent	SOURCE
com.netflix.netty.common.HttpLifecycleChannelHandler	fireCompleteEventIfNotAlready(io.netty.channel.ChannelHandlerContext,com.netflix.netty.common.HttpLifecycleChannelHandler.CompleteReason)	<T>attr(io.netty.util.AttributeKey<T>)	io.netty.util.AttributeMap	SOURCE
com.netflix.netty.common.HttpLifecycleChannelHandler	fireCompleteEventIfNotAlready(io.netty.channel.ChannelHandlerContext,com.netflix.netty.common.HttpLifecycleChannelHandler.CompleteReason)	channel()	io.netty.channel.ChannelHandlerContext	SOURCE
com.netflix.netty.common.HttpLifecycleChannelHandler	fireCompleteEventIfNotAlready(io.netty.channel.ChannelHandlerContext,com.netflix.netty.common.HttpLifecycleChannelHandler.CompleteReason)	get()	io.netty.util.Attribute	SOURCE
com.netflix.netty.common.HttpLifecycleChannelHandler	fireCompleteEventIfNotAlready(io.netty.channel.ChannelHandlerContext,com.netflix.netty.common.HttpLifecycleChannelHandler.CompleteReason)	set(T)	io.netty.util.Attribute	SOURCE
com.netflix.netty.common.HttpLifecycleChannelHandler	fireCompleteEventIfNotAlready(io.netty.channel.ChannelHandlerContext,com.netflix.netty.common.HttpLifecycleChannelHandler.CompleteReason)	get()	io.netty.util.Attribute	SOURCE
com.netflix.netty.common.HttpLifecycleChannelHandler	fireCompleteEventIfNotAlready(io.netty.channel.ChannelHandlerContext,com.netflix.netty.common.HttpLifecycleChannelHandler.CompleteReason)	<T>attr(io.netty.util.AttributeKey<T>)	io.netty.util.AttributeMap	SOURCE
com.netflix.netty.common.HttpLifecycleChannelHandler	fireCompleteEventIfNotAlready(io.netty.channel.ChannelHandlerContext,com.netflix.netty.common.HttpLifecycleChannelHandler.CompleteReason)	channel()	io.netty.channel.ChannelHandlerContext	SOURCE
com.netflix.netty.common.HttpLifecycleChannelHandler	fireCompleteEventIfNotAlready(io.netty.channel.ChannelHandlerContext,com.netflix.netty.common.HttpLifecycleChannelHandler.CompleteReason)	get()	io.netty.util.Attribute	SOURCE
com.netflix.netty.common.HttpLifecycleChannelHandler	fireCompleteEventIfNotAlready(io.netty.channel.ChannelHandlerContext,com.netflix.netty.common.HttpLifecycleChannelHandler.CompleteReason)	<T>attr(io.netty.util.AttributeKey<T>)	io.netty.util.AttributeMap	SOURCE
com.netflix.netty.common.HttpLifecycleChannelHandler	fireCompleteEventIfNotAlready(io.netty.channel.ChannelHandlerContext,com.netflix.netty.common.HttpLifecycleChannelHandler.CompleteReason)	channel()	io.netty.channel.ChannelHandlerContext	SOURCE
com.netflix.netty.common.HttpLifecycleChannelHandler	fireCompleteEventIfNotAlready(io.netty.channel.ChannelHandlerContext,com.netflix.netty.common.HttpLifecycleChannelHandler.CompleteReason)	set(T)	io.netty.util.Attribute	SOURCE
com.netflix.netty.common.HttpLifecycleChannelHandler	fireCompleteEventIfNotAlready(io.netty.channel.ChannelHandlerContext,com.netflix.netty.common.HttpLifecycleChannelHandler.CompleteReason)	<T>attr(io.netty.util.AttributeKey<T>)	io.netty.util.AttributeMap	SOURCE
com.netflix.netty.common.HttpLifecycleChannelHandler	fireCompleteEventIfNotAlready(io.netty.channel.ChannelHandlerContext,com.netflix.netty.common.HttpLifecycleChannelHandler.CompleteReason)	channel()	io.netty.channel.ChannelHandlerContext	SOURCE
com.netflix.netty.common.HttpLifecycleChannelHandler	fireCompleteEventIfNotAlready(io.netty.channel.ChannelHandlerContext,com.netflix.netty.common.HttpLifecycleChannelHandler.CompleteReason)	set(T)	io.netty.util.Attribute	SOURCE
com.netflix.netty.common.HttpLifecycleChannelHandler	fireCompleteEventIfNotAlready(io.netty.channel.ChannelHandlerContext,com.netflix.netty.common.HttpLifecycleChannelHandler.CompleteReason)	<T>attr(io.netty.util.AttributeKey<T>)	io.netty.util.AttributeMap	SOURCE
com.netflix.netty.common.HttpLifecycleChannelHandler	fireCompleteEventIfNotAlready(io.netty.channel.ChannelHandlerContext,com.netflix.netty.common.HttpLifecycleChannelHandler.CompleteReason)	channel()	io.netty.channel.ChannelHandlerContext	SOURCE
com.netflix.netty.common.HttpLifecycleChannelHandler	fireCompleteEventIfNotAlready(io.netty.channel.ChannelHandlerContext,com.netflix.netty.common.HttpLifecycleChannelHandler.CompleteReason)	fireUserEventTriggered(java.lang.Object)	io.netty.channel.ChannelPipeline	SOURCE
com.netflix.netty.common.HttpLifecycleChannelHandler	fireCompleteEventIfNotAlready(io.netty.channel.ChannelHandlerContext,com.netflix.netty.common.HttpLifecycleChannelHandler.CompleteReason)	pipeline()	io.netty.channel.ChannelHandlerContext	SOURCE
com.netflix.netty.common.HttpLifecycleChannelHandler	fireCompleteEventIfNotAlready(io.netty.channel.ChannelHandlerContext,com.netflix.netty.common.HttpLifecycleChannelHandler.CompleteReason)	CompleteEvent(com.netflix.netty.common.HttpLifecycleChannelHandler.CompleteReason,io.netty.handler.codec.http.HttpRequest,io.netty.handler.codec.http.HttpResponse)	com.netflix.netty.common.HttpLifecycleChannelHandler$CompleteEvent	SOURCE
com.netflix.netty.common.HttpLifecycleChannelHandler	addPassportState(io.netty.channel.ChannelHandlerContext,com.netflix.zuul.passport.PassportState)	fromChannel(io.netty.channel.Channel)	com.netflix.zuul.passport.CurrentPassport	SOURCE
com.netflix.netty.common.HttpLifecycleChannelHandler	addPassportState(io.netty.channel.ChannelHandlerContext,com.netflix.zuul.passport.PassportState)	channel()	io.netty.channel.ChannelHandlerContext	SOURCE
com.netflix.netty.common.HttpLifecycleChannelHandler	addPassportState(io.netty.channel.ChannelHandlerContext,com.netflix.zuul.passport.PassportState)	add(com.netflix.zuul.passport.PassportState)	com.netflix.zuul.passport.CurrentPassport	SOURCE
com.netflix.netty.common.HttpLifecycleChannelHandler$CompleteReason	SESSION_COMPLETE	CompleteReason()	com.netflix.netty.common.HttpLifecycleChannelHandler$CompleteReason	SOURCE
com.netflix.netty.common.HttpLifecycleChannelHandler$CompleteReason	INACTIVE	CompleteReason()	com.netflix.netty.common.HttpLifecycleChannelHandler$CompleteReason	SOURCE
com.netflix.netty.common.HttpLifecycleChannelHandler$CompleteReason	DISCONNECT	CompleteReason()	com.netflix.netty.common.HttpLifecycleChannelHandler$CompleteReason	SOURCE
com.netflix.netty.common.HttpLifecycleChannelHandler$CompleteReason	DEREGISTER	CompleteReason()	com.netflix.netty.common.HttpLifecycleChannelHandler$CompleteReason	SOURCE
com.netflix.netty.common.HttpLifecycleChannelHandler$CompleteReason	PIPELINE_REJECT	CompleteReason()	com.netflix.netty.common.HttpLifecycleChannelHandler$CompleteReason	SOURCE
com.netflix.netty.common.HttpLifecycleChannelHandler$CompleteReason	EXCEPTION	CompleteReason()	com.netflix.netty.common.HttpLifecycleChannelHandler$CompleteReason	SOURCE
com.netflix.netty.common.HttpLifecycleChannelHandler$CompleteReason	CLOSE	CompleteReason()	com.netflix.netty.common.HttpLifecycleChannelHandler$CompleteReason	SOURCE
com.netflix.netty.common.HttpLifecycleChannelHandler$StartEvent	StartEvent(io.netty.handler.codec.http.HttpRequest)	Object()	java.lang.Object	SOURCE
com.netflix.netty.common.HttpLifecycleChannelHandler$CompleteEvent	CompleteEvent(com.netflix.netty.common.HttpLifecycleChannelHandler.CompleteReason,io.netty.handler.codec.http.HttpRequest,io.netty.handler.codec.http.HttpResponse)	Object()	java.lang.Object	SOURCE
com.netflix.netty.common.HttpRequestReadTimeoutHandler	HttpRequestReadTimeoutHandler(long,java.util.concurrent.TimeUnit,com.netflix.spectator.api.Counter)	ChannelInboundHandlerAdapter()	io.netty.channel.ChannelInboundHandlerAdapter	SOURCE
com.netflix.netty.common.HttpRequestReadTimeoutHandler	addLast(io.netty.channel.ChannelPipeline,long,java.util.concurrent.TimeUnit,com.netflix.spectator.api.Counter)	HttpRequestReadTimeoutHandler(long,java.util.concurrent.TimeUnit,com.netflix.spectator.api.Counter)	com.netflix.netty.common.HttpRequestReadTimeoutHandler	SOURCE
com.netflix.netty.common.HttpRequestReadTimeoutHandler	addLast(io.netty.channel.ChannelPipeline,long,java.util.concurrent.TimeUnit,com.netflix.spectator.api.Counter)	addLast(java.lang.String,io.netty.channel.ChannelHandler)	io.netty.channel.ChannelPipeline	SOURCE
com.netflix.netty.common.HttpRequestReadTimeoutHandler	channelRead(io.netty.channel.ChannelHandlerContext,java.lang.Object)	removeInternalHandler(io.netty.channel.ChannelHandlerContext)	com.netflix.netty.common.HttpRequestReadTimeoutHandler	SOURCE
com.netflix.netty.common.HttpRequestReadTimeoutHandler	channelRead(io.netty.channel.ChannelHandlerContext,java.lang.Object)	InternalReadTimeoutHandler(long,java.util.concurrent.TimeUnit)	com.netflix.netty.common.HttpRequestReadTimeoutHandler$InternalReadTimeoutHandler	SOURCE
com.netflix.netty.common.HttpRequestReadTimeoutHandler	channelRead(io.netty.channel.ChannelHandlerContext,java.lang.Object)	addBefore(java.lang.String,java.lang.String,io.netty.channel.ChannelHandler)	io.netty.channel.ChannelPipeline	SOURCE
com.netflix.netty.common.HttpRequestReadTimeoutHandler	channelRead(io.netty.channel.ChannelHandlerContext,java.lang.Object)	pipeline()	io.netty.channel.ChannelHandlerContext	SOURCE
com.netflix.netty.common.HttpRequestReadTimeoutHandler	channelRead(io.netty.channel.ChannelHandlerContext,java.lang.Object)	channelRead(io.netty.channel.ChannelHandlerContext,java.lang.Object)	io.netty.channel.ChannelInboundHandlerAdapter	SOURCE
com.netflix.netty.common.HttpRequestReadTimeoutHandler	userEventTriggered(io.netty.channel.ChannelHandlerContext,java.lang.Object)	add(com.netflix.zuul.passport.PassportState)	com.netflix.zuul.passport.CurrentPassport	SOURCE
com.netflix.netty.common.HttpRequestReadTimeoutHandler	userEventTriggered(io.netty.channel.ChannelHandlerContext,java.lang.Object)	fromChannel(io.netty.channel.Channel)	com.netflix.zuul.passport.CurrentPassport	SOURCE
com.netflix.netty.common.HttpRequestReadTimeoutHandler	userEventTriggered(io.netty.channel.ChannelHandlerContext,java.lang.Object)	channel()	io.netty.channel.ChannelHandlerContext	SOURCE
com.netflix.netty.common.HttpRequestReadTimeoutHandler	userEventTriggered(io.netty.channel.ChannelHandlerContext,java.lang.Object)	removeInternalHandler(io.netty.channel.ChannelHandlerContext)	com.netflix.netty.common.HttpRequestReadTimeoutHandler	SOURCE
com.netflix.netty.common.HttpRequestReadTimeoutHandler	userEventTriggered(io.netty.channel.ChannelHandlerContext,java.lang.Object)	increment()	com.netflix.spectator.api.Counter	SOURCE
com.netflix.netty.common.HttpRequestReadTimeoutHandler	userEventTriggered(io.netty.channel.ChannelHandlerContext,java.lang.Object)	userEventTriggered(io.netty.channel.ChannelHandlerContext,java.lang.Object)	io.netty.channel.ChannelInboundHandlerAdapter	SOURCE
com.netflix.netty.common.HttpRequestReadTimeoutHandler	handlerRemoved(io.netty.channel.ChannelHandlerContext)	removeInternalHandler(io.netty.channel.ChannelHandlerContext)	com.netflix.netty.common.HttpRequestReadTimeoutHandler	SOURCE
com.netflix.netty.common.HttpRequestReadTimeoutHandler	handlerRemoved(io.netty.channel.ChannelHandlerContext)	handlerRemoved(io.netty.channel.ChannelHandlerContext)	io.netty.channel.ChannelHandlerAdapter	SOURCE
com.netflix.netty.common.HttpRequestReadTimeoutHandler	channelInactive(io.netty.channel.ChannelHandlerContext)	removeInternalHandler(io.netty.channel.ChannelHandlerContext)	com.netflix.netty.common.HttpRequestReadTimeoutHandler	SOURCE
com.netflix.netty.common.HttpRequestReadTimeoutHandler	channelInactive(io.netty.channel.ChannelHandlerContext)	channelInactive(io.netty.channel.ChannelHandlerContext)	io.netty.channel.ChannelInboundHandlerAdapter	SOURCE
com.netflix.netty.common.HttpRequestReadTimeoutHandler	removeInternalHandler(io.netty.channel.ChannelHandlerContext)	context(java.lang.String)	io.netty.channel.ChannelPipeline	SOURCE
com.netflix.netty.common.HttpRequestReadTimeoutHandler	removeInternalHandler(io.netty.channel.ChannelHandlerContext)	pipeline()	io.netty.channel.ChannelHandlerContext	SOURCE
com.netflix.netty.common.HttpRequestReadTimeoutHandler	removeInternalHandler(io.netty.channel.ChannelHandlerContext)	isRemoved()	io.netty.channel.ChannelHandlerContext	SOURCE
com.netflix.netty.common.HttpRequestReadTimeoutHandler	removeInternalHandler(io.netty.channel.ChannelHandlerContext)	remove(java.lang.String)	io.netty.channel.ChannelPipeline	SOURCE
com.netflix.netty.common.HttpRequestReadTimeoutHandler	removeInternalHandler(io.netty.channel.ChannelHandlerContext)	pipeline()	io.netty.channel.ChannelHandlerContext	SOURCE
com.netflix.netty.common.HttpRequestReadTimeoutHandler$InternalReadTimeoutHandler	InternalReadTimeoutHandler(long,java.util.concurrent.TimeUnit)	ReadTimeoutHandler(long,java.util.concurrent.TimeUnit)	io.netty.handler.timeout.ReadTimeoutHandler	SOURCE
com.netflix.netty.common.HttpRequestReadTimeoutHandler$InternalReadTimeoutHandler	readTimedOut(io.netty.channel.ChannelHandlerContext)	fireUserEventTriggered(java.lang.Object)	io.netty.channel.ChannelHandlerContext	SOURCE
com.netflix.netty.common.AbstrHttpConnectionExpiryHandler	LOG	getLogger(java.lang.Class<?>)	org.slf4j.LoggerFactory	SOURCE
com.netflix.netty.common.AbstrHttpConnectionExpiryHandler	MAX_EXPIRY_DELTA	CachedDynamicLongProperty(java.lang.String,long)	com.netflix.config.CachedDynamicLongProperty	SOURCE
com.netflix.netty.common.AbstrHttpConnectionExpiryHandler	AbstrHttpConnectionExpiryHandler(com.netflix.netty.common.ConnectionCloseType,int,int,int)	ChannelOutboundHandlerAdapter()	io.netty.channel.ChannelOutboundHandlerAdapter	SOURCE
com.netflix.netty.common.AbstrHttpConnectionExpiryHandler	AbstrHttpConnectionExpiryHandler(com.netflix.netty.common.ConnectionCloseType,int,int,int)	currentTimeMillis()	java.lang.System	SOURCE
com.netflix.netty.common.AbstrHttpConnectionExpiryHandler	AbstrHttpConnectionExpiryHandler(com.netflix.netty.common.ConnectionCloseType,int,int,int)	nextLong(long)	java.util.concurrent.ThreadLocalRandom	SOURCE
com.netflix.netty.common.AbstrHttpConnectionExpiryHandler	AbstrHttpConnectionExpiryHandler(com.netflix.netty.common.ConnectionCloseType,int,int,int)	current()	java.util.concurrent.ThreadLocalRandom	SOURCE
com.netflix.netty.common.AbstrHttpConnectionExpiryHandler	AbstrHttpConnectionExpiryHandler(com.netflix.netty.common.ConnectionCloseType,int,int,int)	get()	com.netflix.config.CachedDynamicLongProperty	SOURCE
com.netflix.netty.common.AbstrHttpConnectionExpiryHandler	write(io.netty.channel.ChannelHandlerContext,java.lang.Object,io.netty.channel.ChannelPromise)	isResponseHeaders(java.lang.Object)	com.netflix.netty.common.AbstrHttpConnectionExpiryHandler	SOURCE
com.netflix.netty.common.AbstrHttpConnectionExpiryHandler	write(io.netty.channel.ChannelHandlerContext,java.lang.Object,io.netty.channel.ChannelPromise)	isConnectionExpired(io.netty.channel.Channel)	com.netflix.netty.common.AbstrHttpConnectionExpiryHandler	SOURCE
com.netflix.netty.common.AbstrHttpConnectionExpiryHandler	write(io.netty.channel.ChannelHandlerContext,java.lang.Object,io.netty.channel.ChannelPromise)	channel()	io.netty.channel.ChannelHandlerContext	SOURCE
com.netflix.netty.common.AbstrHttpConnectionExpiryHandler	write(io.netty.channel.ChannelHandlerContext,java.lang.Object,io.netty.channel.ChannelPromise)	getMainChannel(io.netty.channel.ChannelHandlerContext)	com.netflix.zuul.util.HttpUtils	SOURCE
com.netflix.netty.common.AbstrHttpConnectionExpiryHandler	write(io.netty.channel.ChannelHandlerContext,java.lang.Object,io.netty.channel.ChannelPromise)	set(T)	io.netty.util.Attribute	SOURCE
com.netflix.netty.common.AbstrHttpConnectionExpiryHandler	write(io.netty.channel.ChannelHandlerContext,java.lang.Object,io.netty.channel.ChannelPromise)	<T>attr(io.netty.util.AttributeKey<T>)	io.netty.util.AttributeMap	SOURCE
com.netflix.netty.common.AbstrHttpConnectionExpiryHandler	write(io.netty.channel.ChannelHandlerContext,java.lang.Object,io.netty.channel.ChannelPromise)	channel()	io.netty.channel.ChannelHandlerContext	SOURCE
com.netflix.netty.common.AbstrHttpConnectionExpiryHandler	write(io.netty.channel.ChannelHandlerContext,java.lang.Object,io.netty.channel.ChannelPromise)	newPromise()	io.netty.channel.ChannelOutboundInvoker	SOURCE
com.netflix.netty.common.AbstrHttpConnectionExpiryHandler	write(io.netty.channel.ChannelHandlerContext,java.lang.Object,io.netty.channel.ChannelPromise)	setForChannel(io.netty.channel.Channel,com.netflix.netty.common.ConnectionCloseType)	com.netflix.netty.common.ConnectionCloseType	SOURCE
com.netflix.netty.common.AbstrHttpConnectionExpiryHandler	write(io.netty.channel.ChannelHandlerContext,java.lang.Object,io.netty.channel.ChannelPromise)	write(io.netty.channel.ChannelHandlerContext,java.lang.Object,io.netty.channel.ChannelPromise)	io.netty.channel.ChannelOutboundHandlerAdapter	SOURCE
com.netflix.netty.common.AbstrHttpConnectionExpiryHandler	isConnectionExpired(io.netty.channel.Channel)	maxRequests(io.netty.channel.Channel)	com.netflix.netty.common.AbstrHttpConnectionExpiryHandler	SOURCE
com.netflix.netty.common.AbstrHttpConnectionExpiryHandler	isConnectionExpired(io.netty.channel.Channel)	currentTimeMillis()	java.lang.System	SOURCE
com.netflix.netty.common.AbstrHttpConnectionExpiryHandler	isConnectionExpired(io.netty.channel.Channel)	currentTimeMillis()	java.lang.System	SOURCE
com.netflix.netty.common.AbstrHttpConnectionExpiryHandler	isConnectionExpired(io.netty.channel.Channel)	info(java.lang.String,java.lang.Object...)	org.slf4j.Logger	SOURCE
com.netflix.netty.common.AbstrHttpConnectionExpiryHandler	isConnectionExpired(io.netty.channel.Channel)	channelInfoForLogging(io.netty.channel.Channel)	com.netflix.zuul.netty.ChannelUtils	SOURCE
com.netflix.netty.common.AbstrHttpConnectionExpiryHandler	maxRequests(io.netty.channel.Channel)	get(io.netty.channel.Channel)	com.netflix.netty.common.HttpChannelFlags$Flag	SOURCE
com.netflix.netty.common.ConnectionCloseChannelAttributes	CLOSE_AFTER_RESPONSE	<T>newInstance(java.lang.String)	io.netty.util.AttributeKey	SOURCE
com.netflix.netty.common.ConnectionCloseChannelAttributes	CLOSE_TYPE	<T>newInstance(java.lang.String)	io.netty.util.AttributeKey	SOURCE
com.netflix.netty.common.ConnectionCloseChannelAttributes	gracefulCloseDelay(io.netty.channel.Channel)	get()	io.netty.util.Attribute	SOURCE
com.netflix.netty.common.ConnectionCloseChannelAttributes	gracefulCloseDelay(io.netty.channel.Channel)	<T>attr(io.netty.util.AttributeKey<T>)	io.netty.util.AttributeMap	SOURCE
com.netflix.netty.common.ConnectionCloseChannelAttributes	gracefulCloseDelay(io.netty.channel.Channel)	<T>get(com.netflix.netty.common.channel.config.ChannelConfigKey<T>)	com.netflix.netty.common.channel.config.ChannelConfig	SOURCE
com.netflix.netty.common.ConnectionCloseChannelAttributes	gracefulCloseDelay(io.netty.channel.Channel)	intValue()	java.lang.Integer	SOURCE
com.netflix.netty.common.ConnectionCloseChannelAttributes	allowGracefulDelayed(io.netty.channel.Channel)	get()	io.netty.util.Attribute	SOURCE
com.netflix.netty.common.ConnectionCloseChannelAttributes	allowGracefulDelayed(io.netty.channel.Channel)	<T>attr(io.netty.util.AttributeKey<T>)	io.netty.util.AttributeMap	SOURCE
com.netflix.netty.common.ConnectionCloseChannelAttributes	allowGracefulDelayed(io.netty.channel.Channel)	<T>get(com.netflix.netty.common.channel.config.ChannelConfigKey<T>)	com.netflix.netty.common.channel.config.ChannelConfig	SOURCE
com.netflix.netty.common.ConnectionCloseChannelAttributes	allowGracefulDelayed(io.netty.channel.Channel)	booleanValue()	java.lang.Boolean	SOURCE
com.netflix.netty.common.Http2ConnectionCloseHandler	LOG	getLogger(java.lang.Class<?>)	org.slf4j.LoggerFactory	SOURCE
com.netflix.netty.common.Http2ConnectionCloseHandler	Http2ConnectionCloseHandler(com.netflix.spectator.api.Registry)	ChannelDuplexHandler()	io.netty.channel.ChannelDuplexHandler	SOURCE
com.netflix.netty.common.Http2ConnectionCloseHandler	Http2ConnectionCloseHandler(com.netflix.spectator.api.Registry)	createId(java.lang.String)	com.netflix.spectator.api.Registry	SOURCE
com.netflix.netty.common.Http2ConnectionCloseHandler	incrementCounter(com.netflix.netty.common.ConnectionCloseType,int)	increment()	com.netflix.spectator.api.Counter	SOURCE
com.netflix.netty.common.Http2ConnectionCloseHandler	incrementCounter(com.netflix.netty.common.ConnectionCloseType,int)	counter(com.netflix.spectator.api.Id)	com.netflix.spectator.api.Registry	SOURCE
com.netflix.netty.common.Http2ConnectionCloseHandler	incrementCounter(com.netflix.netty.common.ConnectionCloseType,int)	withTag(java.lang.String,java.lang.String)	com.netflix.spectator.api.Id	SOURCE
com.netflix.netty.common.Http2ConnectionCloseHandler	incrementCounter(com.netflix.netty.common.ConnectionCloseType,int)	withTag(java.lang.String,java.lang.String)	com.netflix.spectator.api.Id	SOURCE
com.netflix.netty.common.Http2ConnectionCloseHandler	incrementCounter(com.netflix.netty.common.ConnectionCloseType,int)	withTag(java.lang.String,java.lang.String)	com.netflix.spectator.api.Id	SOURCE
com.netflix.netty.common.Http2ConnectionCloseHandler	incrementCounter(com.netflix.netty.common.ConnectionCloseType,int)	name()	java.lang.Enum	SOURCE
com.netflix.netty.common.Http2ConnectionCloseHandler	incrementCounter(com.netflix.netty.common.ConnectionCloseType,int)	toString(int)	java.lang.Integer	SOURCE
com.netflix.netty.common.Http2ConnectionCloseHandler	write(io.netty.channel.ChannelHandlerContext,java.lang.Object,io.netty.channel.ChannelPromise)	isEndOfRequestResponse(java.lang.Object)	com.netflix.netty.common.Http2ConnectionCloseHandler	SOURCE
com.netflix.netty.common.Http2ConnectionCloseHandler	write(io.netty.channel.ChannelHandlerContext,java.lang.Object,io.netty.channel.ChannelPromise)	getMainChannel(io.netty.channel.ChannelHandlerContext)	com.netflix.zuul.util.HttpUtils	SOURCE
com.netflix.netty.common.Http2ConnectionCloseHandler	write(io.netty.channel.ChannelHandlerContext,java.lang.Object,io.netty.channel.ChannelPromise)	shouldCloseAfter(io.netty.channel.ChannelHandlerContext,io.netty.channel.Channel)	com.netflix.netty.common.Http2ConnectionCloseHandler	SOURCE
com.netflix.netty.common.Http2ConnectionCloseHandler	write(io.netty.channel.ChannelHandlerContext,java.lang.Object,io.netty.channel.ChannelPromise)	addListener(io.netty.util.concurrent.GenericFutureListener<? extends io.netty.util.concurrent.Future<? super java.lang.Void>>)	io.netty.channel.ChannelPromise	SOURCE
com.netflix.netty.common.Http2ConnectionCloseHandler	write(io.netty.channel.ChannelHandlerContext,java.lang.Object,io.netty.channel.ChannelPromise)	operationComplete(F)	io.netty.util.concurrent.GenericFutureListener	SOURCE
com.netflix.netty.common.Http2ConnectionCloseHandler	write(io.netty.channel.ChannelHandlerContext,java.lang.Object,io.netty.channel.ChannelPromise)	closeChannel(io.netty.channel.ChannelHandlerContext,io.netty.channel.ChannelPromise)	com.netflix.netty.common.Http2ConnectionCloseHandler	SOURCE
com.netflix.netty.common.Http2ConnectionCloseHandler	write(io.netty.channel.ChannelHandlerContext,java.lang.Object,io.netty.channel.ChannelPromise)	write(io.netty.channel.ChannelHandlerContext,java.lang.Object,io.netty.channel.ChannelPromise)	io.netty.channel.ChannelDuplexHandler	SOURCE
com.netflix.netty.common.Http2ConnectionCloseHandler	shouldCloseAfter(io.netty.channel.ChannelHandlerContext,io.netty.channel.Channel)	get()	io.netty.util.Attribute	SOURCE
com.netflix.netty.common.Http2ConnectionCloseHandler	shouldCloseAfter(io.netty.channel.ChannelHandlerContext,io.netty.channel.Channel)	<T>attr(io.netty.util.AttributeKey<T>)	io.netty.util.AttributeMap	SOURCE
com.netflix.netty.common.Http2ConnectionCloseHandler	shouldCloseAfter(io.netty.channel.ChannelHandlerContext,io.netty.channel.Channel)	channel()	io.netty.channel.ChannelHandlerContext	SOURCE
com.netflix.netty.common.Http2ConnectionCloseHandler	shouldCloseAfter(io.netty.channel.ChannelHandlerContext,io.netty.channel.Channel)	get()	io.netty.util.Attribute	SOURCE
com.netflix.netty.common.Http2ConnectionCloseHandler	shouldCloseAfter(io.netty.channel.ChannelHandlerContext,io.netty.channel.Channel)	<T>attr(io.netty.util.AttributeKey<T>)	io.netty.util.AttributeMap	SOURCE
com.netflix.netty.common.Http2ConnectionCloseHandler	isEndOfRequestResponse(java.lang.Object)	isEndStream()	io.netty.handler.codec.http2.Http2HeadersFrame	SOURCE
com.netflix.netty.common.Http2ConnectionCloseHandler	isEndOfRequestResponse(java.lang.Object)	isEndStream()	io.netty.handler.codec.http2.Http2DataFrame	SOURCE
com.netflix.netty.common.Http2ConnectionCloseHandler	closeChannel(io.netty.channel.ChannelHandlerContext,io.netty.channel.ChannelPromise)	channel()	io.netty.channel.ChannelHandlerContext	SOURCE
com.netflix.netty.common.Http2ConnectionCloseHandler	closeChannel(io.netty.channel.ChannelHandlerContext,io.netty.channel.ChannelPromise)	getMainChannel(io.netty.channel.ChannelHandlerContext)	com.netflix.zuul.util.HttpUtils	SOURCE
com.netflix.netty.common.Http2ConnectionCloseHandler	closeChannel(io.netty.channel.ChannelHandlerContext,io.netty.channel.ChannelPromise)	isAlreadyClosing(io.netty.channel.Channel)	com.netflix.netty.common.Http2ConnectionCloseHandler	SOURCE
com.netflix.netty.common.Http2ConnectionCloseHandler	closeChannel(io.netty.channel.ChannelHandlerContext,io.netty.channel.ChannelPromise)	setSuccess()	io.netty.channel.ChannelPromise	SOURCE
com.netflix.netty.common.Http2ConnectionCloseHandler	closeChannel(io.netty.channel.ChannelHandlerContext,io.netty.channel.ChannelPromise)	isAlreadyClosing(io.netty.channel.Channel)	com.netflix.netty.common.Http2ConnectionCloseHandler	SOURCE
com.netflix.netty.common.Http2ConnectionCloseHandler	closeChannel(io.netty.channel.ChannelHandlerContext,io.netty.channel.ChannelPromise)	fromChannel(io.netty.channel.Channel)	com.netflix.netty.common.ConnectionCloseType	SOURCE
com.netflix.netty.common.Http2ConnectionCloseHandler	closeChannel(io.netty.channel.ChannelHandlerContext,io.netty.channel.ChannelPromise)	get()	io.netty.util.Attribute	SOURCE
com.netflix.netty.common.Http2ConnectionCloseHandler	closeChannel(io.netty.channel.ChannelHandlerContext,io.netty.channel.ChannelPromise)	<T>attr(io.netty.util.AttributeKey<T>)	io.netty.util.AttributeMap	SOURCE
com.netflix.netty.common.Http2ConnectionCloseHandler	closeChannel(io.netty.channel.ChannelHandlerContext,io.netty.channel.ChannelPromise)	incrementCounter(com.netflix.netty.common.ConnectionCloseType,int)	com.netflix.netty.common.Http2ConnectionCloseHandler	SOURCE
com.netflix.netty.common.Http2ConnectionCloseHandler	closeChannel(io.netty.channel.ChannelHandlerContext,io.netty.channel.ChannelPromise)	gracefullyWithDelay(io.netty.util.concurrent.EventExecutor,io.netty.channel.Channel,io.netty.channel.ChannelPromise)	com.netflix.netty.common.Http2ConnectionCloseHandler	SOURCE
com.netflix.netty.common.Http2ConnectionCloseHandler	closeChannel(io.netty.channel.ChannelHandlerContext,io.netty.channel.ChannelPromise)	executor()	io.netty.channel.ChannelHandlerContext	SOURCE
com.netflix.netty.common.Http2ConnectionCloseHandler	closeChannel(io.netty.channel.ChannelHandlerContext,io.netty.channel.ChannelPromise)	immediate(io.netty.channel.Channel,io.netty.channel.ChannelPromise)	com.netflix.netty.common.Http2ConnectionCloseHandler	SOURCE
com.netflix.netty.common.Http2ConnectionCloseHandler	closeChannel(io.netty.channel.ChannelHandlerContext,io.netty.channel.ChannelPromise)	IllegalArgumentException(java.lang.String)	java.lang.IllegalArgumentException	SOURCE
com.netflix.netty.common.Http2ConnectionCloseHandler	gracefullyWithDelay(io.netty.util.concurrent.EventExecutor,io.netty.channel.Channel,io.netty.channel.ChannelPromise)	allowGracefulDelayed(io.netty.channel.Channel)	com.netflix.netty.common.ConnectionCloseChannelAttributes	SOURCE
com.netflix.netty.common.Http2ConnectionCloseHandler	gracefullyWithDelay(io.netty.util.concurrent.EventExecutor,io.netty.channel.Channel,io.netty.channel.ChannelPromise)	immediate(io.netty.channel.Channel,io.netty.channel.ChannelPromise)	com.netflix.netty.common.Http2ConnectionCloseHandler	SOURCE
com.netflix.netty.common.Http2ConnectionCloseHandler	gracefullyWithDelay(io.netty.util.concurrent.EventExecutor,io.netty.channel.Channel,io.netty.channel.ChannelPromise)	isActive()	io.netty.channel.Channel	SOURCE
com.netflix.netty.common.Http2ConnectionCloseHandler	gracefullyWithDelay(io.netty.util.concurrent.EventExecutor,io.netty.channel.Channel,io.netty.channel.ChannelPromise)	setSuccess()	io.netty.channel.ChannelPromise	SOURCE
com.netflix.netty.common.Http2ConnectionCloseHandler	gracefullyWithDelay(io.netty.util.concurrent.EventExecutor,io.netty.channel.Channel,io.netty.channel.ChannelPromise)	DefaultHttp2GoAwayFrame(io.netty.handler.codec.http2.Http2Error)	io.netty.handler.codec.http2.DefaultHttp2GoAwayFrame	SOURCE
com.netflix.netty.common.Http2ConnectionCloseHandler	gracefullyWithDelay(io.netty.util.concurrent.EventExecutor,io.netty.channel.Channel,io.netty.channel.ChannelPromise)	setExtraStreamIds(int)	io.netty.handler.codec.http2.DefaultHttp2GoAwayFrame	SOURCE
com.netflix.netty.common.Http2ConnectionCloseHandler	gracefullyWithDelay(io.netty.util.concurrent.EventExecutor,io.netty.channel.Channel,io.netty.channel.ChannelPromise)	writeAndFlush(java.lang.Object)	io.netty.channel.ChannelOutboundInvoker	SOURCE
com.netflix.netty.common.Http2ConnectionCloseHandler	gracefullyWithDelay(io.netty.util.concurrent.EventExecutor,io.netty.channel.Channel,io.netty.channel.ChannelPromise)	debug(java.lang.String,java.lang.Object)	org.slf4j.Logger	SOURCE
com.netflix.netty.common.Http2ConnectionCloseHandler	gracefullyWithDelay(io.netty.util.concurrent.EventExecutor,io.netty.channel.Channel,io.netty.channel.ChannelPromise)	asShortText()	io.netty.channel.ChannelId	SOURCE
com.netflix.netty.common.Http2ConnectionCloseHandler	gracefullyWithDelay(io.netty.util.concurrent.EventExecutor,io.netty.channel.Channel,io.netty.channel.ChannelPromise)	id()	io.netty.channel.Channel	SOURCE
com.netflix.netty.common.Http2ConnectionCloseHandler	gracefullyWithDelay(io.netty.util.concurrent.EventExecutor,io.netty.channel.Channel,io.netty.channel.ChannelPromise)	gracefulCloseDelay(io.netty.channel.Channel)	com.netflix.netty.common.ConnectionCloseChannelAttributes	SOURCE
com.netflix.netty.common.Http2ConnectionCloseHandler	gracefullyWithDelay(io.netty.util.concurrent.EventExecutor,io.netty.channel.Channel,io.netty.channel.ChannelPromise)	schedule(java.lang.Runnable,long,java.util.concurrent.TimeUnit)	io.netty.util.concurrent.EventExecutorGroup	SOURCE
com.netflix.netty.common.Http2ConnectionCloseHandler	gracefullyWithDelay(io.netty.util.concurrent.EventExecutor,io.netty.channel.Channel,io.netty.channel.ChannelPromise)	run()	java.lang.Runnable	SOURCE
com.netflix.netty.common.Http2ConnectionCloseHandler	gracefullyWithDelay(io.netty.util.concurrent.EventExecutor,io.netty.channel.Channel,io.netty.channel.ChannelPromise)	isActive()	io.netty.channel.Channel	SOURCE
com.netflix.netty.common.Http2ConnectionCloseHandler	gracefullyWithDelay(io.netty.util.concurrent.EventExecutor,io.netty.channel.Channel,io.netty.channel.ChannelPromise)	debug(java.lang.String,java.lang.Object)	org.slf4j.Logger	SOURCE
com.netflix.netty.common.Http2ConnectionCloseHandler	gracefullyWithDelay(io.netty.util.concurrent.EventExecutor,io.netty.channel.Channel,io.netty.channel.ChannelPromise)	asShortText()	io.netty.channel.ChannelId	SOURCE
com.netflix.netty.common.Http2ConnectionCloseHandler	gracefullyWithDelay(io.netty.util.concurrent.EventExecutor,io.netty.channel.Channel,io.netty.channel.ChannelPromise)	id()	io.netty.channel.Channel	SOURCE
com.netflix.netty.common.Http2ConnectionCloseHandler	gracefullyWithDelay(io.netty.util.concurrent.EventExecutor,io.netty.channel.Channel,io.netty.channel.ChannelPromise)	Http2Exception(io.netty.handler.codec.http2.Http2Error,io.netty.handler.codec.http2.Http2Exception.ShutdownHint)	io.netty.handler.codec.http2.Http2Exception	SOURCE
com.netflix.netty.common.Http2ConnectionCloseHandler	gracefullyWithDelay(io.netty.util.concurrent.EventExecutor,io.netty.channel.Channel,io.netty.channel.ChannelPromise)	fireExceptionCaught(java.lang.Throwable)	io.netty.channel.ChannelPipeline	SOURCE
com.netflix.netty.common.Http2ConnectionCloseHandler	gracefullyWithDelay(io.netty.util.concurrent.EventExecutor,io.netty.channel.Channel,io.netty.channel.ChannelPromise)	pipeline()	io.netty.channel.Channel	SOURCE
com.netflix.netty.common.Http2ConnectionCloseHandler	gracefullyWithDelay(io.netty.util.concurrent.EventExecutor,io.netty.channel.Channel,io.netty.channel.ChannelPromise)	addListener(io.netty.util.concurrent.GenericFutureListener<? extends io.netty.util.concurrent.Future<? super java.lang.Void>>)	io.netty.channel.ChannelFuture	SOURCE
com.netflix.netty.common.Http2ConnectionCloseHandler	gracefullyWithDelay(io.netty.util.concurrent.EventExecutor,io.netty.channel.Channel,io.netty.channel.ChannelPromise)	close()	io.netty.channel.ChannelOutboundInvoker	SOURCE
com.netflix.netty.common.Http2ConnectionCloseHandler	gracefullyWithDelay(io.netty.util.concurrent.EventExecutor,io.netty.channel.Channel,io.netty.channel.ChannelPromise)	operationComplete(F)	io.netty.util.concurrent.GenericFutureListener	SOURCE
com.netflix.netty.common.Http2ConnectionCloseHandler	gracefullyWithDelay(io.netty.util.concurrent.EventExecutor,io.netty.channel.Channel,io.netty.channel.ChannelPromise)	setSuccess()	io.netty.channel.ChannelPromise	SOURCE
com.netflix.netty.common.Http2ConnectionCloseHandler	gracefullyWithDelay(io.netty.util.concurrent.EventExecutor,io.netty.channel.Channel,io.netty.channel.ChannelPromise)	setSuccess()	io.netty.channel.ChannelPromise	SOURCE
com.netflix.netty.common.Http2ConnectionCloseHandler	immediate(io.netty.channel.Channel,io.netty.channel.ChannelPromise)	isActive()	io.netty.channel.Channel	SOURCE
com.netflix.netty.common.Http2ConnectionCloseHandler	immediate(io.netty.channel.Channel,io.netty.channel.ChannelPromise)	addListener(io.netty.util.concurrent.GenericFutureListener<? extends io.netty.util.concurrent.Future<? super java.lang.Void>>)	io.netty.channel.ChannelFuture	SOURCE
com.netflix.netty.common.Http2ConnectionCloseHandler	immediate(io.netty.channel.Channel,io.netty.channel.ChannelPromise)	close()	io.netty.channel.ChannelOutboundInvoker	SOURCE
com.netflix.netty.common.Http2ConnectionCloseHandler	immediate(io.netty.channel.Channel,io.netty.channel.ChannelPromise)	DelegatingChannelPromiseNotifier(io.netty.channel.ChannelPromise)	io.netty.channel.DelegatingChannelPromiseNotifier	SOURCE
com.netflix.netty.common.Http2ConnectionCloseHandler	immediate(io.netty.channel.Channel,io.netty.channel.ChannelPromise)	setSuccess()	io.netty.channel.ChannelPromise	SOURCE
com.netflix.netty.common.Http2ConnectionCloseHandler	isAlreadyClosing(io.netty.channel.Channel)	get(io.netty.channel.Channel)	com.netflix.netty.common.HttpChannelFlags$Flag	SOURCE
com.netflix.netty.common.Http2ConnectionCloseHandler	isAlreadyClosing(io.netty.channel.Channel)	set(io.netty.channel.Channel)	com.netflix.netty.common.HttpChannelFlags$Flag	SOURCE
com.netflix.netty.common.ByteBufUtil	isAdvancedLeakDetection	ordinal()	java.lang.Enum	SOURCE
com.netflix.netty.common.ByteBufUtil	isAdvancedLeakDetection	getLevel()	io.netty.util.ResourceLeakDetector	SOURCE
com.netflix.netty.common.ByteBufUtil	isAdvancedLeakDetection	ordinal()	java.lang.Enum	SOURCE
com.netflix.netty.common.ByteBufUtil	touch(io.netty.util.ReferenceCounted,java.lang.String,com.netflix.zuul.message.ZuulMessage)	touch(java.lang.Object)	io.netty.util.ReferenceCounted	SOURCE
com.netflix.netty.common.ByteBufUtil	touch(io.netty.util.ReferenceCounted,java.lang.String)	touch(java.lang.Object)	io.netty.util.ReferenceCounted	SOURCE
com.netflix.zuul.context.SessionContext	INITIAL_SIZE	get()	com.netflix.config.DynamicIntProperty	SOURCE
com.netflix.zuul.context.SessionContext	INITIAL_SIZE	getIntProperty(java.lang.String,int)	com.netflix.config.DynamicPropertyFactory	SOURCE
com.netflix.zuul.context.SessionContext	INITIAL_SIZE	getInstance()	com.netflix.config.DynamicPropertyFactory	SOURCE
com.netflix.zuul.context.SessionContext	typedMap	IdentityHashMap()	java.util.IdentityHashMap	SOURCE
com.netflix.zuul.context.SessionContext$Key	Key(java.lang.String)	Object()	java.lang.Object	SOURCE
com.netflix.zuul.context.SessionContext$Key	Key(java.lang.String)	<T>requireNonNull(T,java.lang.String)	java.util.Objects	SOURCE
com.netflix.zuul.context.SessionContext$Key	equals(java.lang.Object)	equals(java.lang.Object)	java.lang.Object	SOURCE
com.netflix.zuul.context.SessionContext$Key	hashCode()	hashCode()	java.lang.Object	SOURCE
com.netflix.zuul.context.SessionContext	SessionContext()	HashMap(int)	java.util.HashMap	SOURCE
com.netflix.zuul.context.SessionContext	SessionContext()	put(java.lang.String,java.lang.Object)	com.netflix.zuul.context.SessionContext	SOURCE
com.netflix.zuul.context.SessionContext	SessionContext()	StringBuilder()	java.lang.StringBuilder	SOURCE
com.netflix.zuul.context.SessionContext	SessionContext()	put(java.lang.String,java.lang.Object)	com.netflix.zuul.context.SessionContext	SOURCE
com.netflix.zuul.context.SessionContext	SessionContext()	HashMap()	java.util.HashMap	SOURCE
com.netflix.zuul.context.SessionContext	SessionContext()	put(java.lang.String,java.lang.Object)	com.netflix.zuul.context.SessionContext	SOURCE
com.netflix.zuul.context.SessionContext	SessionContext()	ArrayList()	java.util.ArrayList	SOURCE
com.netflix.zuul.context.SessionContext	<T>newKey(java.lang.String)	Key(java.lang.String)	com.netflix.zuul.context.SessionContext$Key	SOURCE
com.netflix.zuul.context.SessionContext	get(java.lang.Object)	get(java.lang.Object)	java.util.HashMap	SOURCE
com.netflix.zuul.context.SessionContext	<T>get(com.netflix.zuul.context.SessionContext.Key<T>)	get(java.lang.Object)	java.util.IdentityHashMap	SOURCE
com.netflix.zuul.context.SessionContext	<T>get(com.netflix.zuul.context.SessionContext.Key<T>)	<T>requireNonNull(T,java.lang.String)	java.util.Objects	SOURCE
com.netflix.zuul.context.SessionContext	<T>getOrDefault(com.netflix.zuul.context.SessionContext.Key<T>,T)	<T>requireNonNull(T,java.lang.String)	java.util.Objects	SOURCE
com.netflix.zuul.context.SessionContext	<T>getOrDefault(com.netflix.zuul.context.SessionContext.Key<T>,T)	<T>requireNonNull(T,java.lang.String)	java.util.Objects	SOURCE
com.netflix.zuul.context.SessionContext	<T>getOrDefault(com.netflix.zuul.context.SessionContext.Key<T>,T)	get(java.lang.Object)	java.util.IdentityHashMap	SOURCE
com.netflix.zuul.context.SessionContext	<T>getOrDefault(com.netflix.zuul.context.SessionContext.Key<T>,T)	<T>requireNonNull(T)	java.util.Objects	SOURCE
com.netflix.zuul.context.SessionContext	put(java.lang.String,java.lang.Object)	put(K,V)	java.util.HashMap	SOURCE
com.netflix.zuul.context.SessionContext	<T>put(com.netflix.zuul.context.SessionContext.Key<T>,T)	<T>requireNonNull(T,java.lang.String)	java.util.Objects	SOURCE
com.netflix.zuul.context.SessionContext	<T>put(com.netflix.zuul.context.SessionContext.Key<T>,T)	<T>requireNonNull(T,java.lang.String)	java.util.Objects	SOURCE
com.netflix.zuul.context.SessionContext	<T>put(com.netflix.zuul.context.SessionContext.Key<T>,T)	put(K,V)	java.util.Map	SOURCE
com.netflix.zuul.context.SessionContext	remove(java.lang.Object,java.lang.Object)	remove(java.lang.Object,java.lang.Object)	java.util.HashMap	SOURCE
com.netflix.zuul.context.SessionContext	<T>remove(com.netflix.zuul.context.SessionContext.Key<T>,T)	<T>requireNonNull(T,java.lang.String)	java.util.Objects	SOURCE
com.netflix.zuul.context.SessionContext	<T>remove(com.netflix.zuul.context.SessionContext.Key<T>,T)	<T>requireNonNull(T,java.lang.String)	java.util.Objects	SOURCE
com.netflix.zuul.context.SessionContext	<T>remove(com.netflix.zuul.context.SessionContext.Key<T>,T)	remove(java.lang.Object,java.lang.Object)	java.util.Map	SOURCE
com.netflix.zuul.context.SessionContext	remove(java.lang.Object)	remove(java.lang.Object)	java.util.HashMap	SOURCE
com.netflix.zuul.context.SessionContext	<T>remove(com.netflix.zuul.context.SessionContext.Key<T>)	<T>requireNonNull(T,java.lang.String)	java.util.Objects	SOURCE
com.netflix.zuul.context.SessionContext	<T>remove(com.netflix.zuul.context.SessionContext.Key<T>)	remove(java.lang.Object)	java.util.Map	SOURCE
com.netflix.zuul.context.SessionContext	keys()	<T>unmodifiableSet(java.util.Set<? extends T>)	java.util.Collections	SOURCE
com.netflix.zuul.context.SessionContext	keys()	HashSet(java.util.Collection<? extends E>)	java.util.HashSet	SOURCE
com.netflix.zuul.context.SessionContext	keys()	keySet()	java.util.IdentityHashMap	SOURCE
com.netflix.zuul.context.SessionContext	clone()	clone()	java.util.HashMap	SOURCE
com.netflix.zuul.context.SessionContext	getString(java.lang.String)	get(java.lang.Object)	com.netflix.zuul.context.SessionContext	SOURCE
com.netflix.zuul.context.SessionContext	getBoolean(java.lang.String)	getBoolean(java.lang.String,boolean)	com.netflix.zuul.context.SessionContext	SOURCE
com.netflix.zuul.context.SessionContext	getBoolean(java.lang.String,boolean)	get(java.lang.Object)	com.netflix.zuul.context.SessionContext	SOURCE
com.netflix.zuul.context.SessionContext	getBoolean(java.lang.String,boolean)	booleanValue()	java.lang.Boolean	SOURCE
com.netflix.zuul.context.SessionContext	set(java.lang.String)	put(java.lang.String,java.lang.Object)	com.netflix.zuul.context.SessionContext	SOURCE
com.netflix.zuul.context.SessionContext	set(java.lang.String,java.lang.Object)	put(java.lang.String,java.lang.Object)	com.netflix.zuul.context.SessionContext	SOURCE
com.netflix.zuul.context.SessionContext	set(java.lang.String,java.lang.Object)	remove(java.lang.Object)	com.netflix.zuul.context.SessionContext	SOURCE
com.netflix.zuul.context.SessionContext	getUUID()	getString(java.lang.String)	com.netflix.zuul.context.SessionContext	SOURCE
com.netflix.zuul.context.SessionContext	setUUID(java.lang.String)	set(java.lang.String,java.lang.Object)	com.netflix.zuul.context.SessionContext	SOURCE
com.netflix.zuul.context.SessionContext	setStaticResponse(com.netflix.zuul.message.http.HttpResponseMessage)	set(java.lang.String,java.lang.Object)	com.netflix.zuul.context.SessionContext	SOURCE
com.netflix.zuul.context.SessionContext	getStaticResponse()	get(java.lang.Object)	com.netflix.zuul.context.SessionContext	SOURCE
com.netflix.zuul.context.SessionContext	getError()	get(java.lang.Object)	com.netflix.zuul.context.SessionContext	SOURCE
com.netflix.zuul.context.SessionContext	setError(java.lang.Throwable)	put(java.lang.String,java.lang.Object)	com.netflix.zuul.context.SessionContext	SOURCE
com.netflix.zuul.context.SessionContext	getErrorEndpoint()	get(java.lang.Object)	com.netflix.zuul.context.SessionContext	SOURCE
com.netflix.zuul.context.SessionContext	setErrorEndpoint(java.lang.String)	put(java.lang.String,java.lang.Object)	com.netflix.zuul.context.SessionContext	SOURCE
com.netflix.zuul.context.SessionContext	removeRouteHost()	remove(java.lang.Object)	com.netflix.zuul.context.SessionContext	SOURCE
com.netflix.zuul.context.SessionContext	setRouteHost(java.net.URL)	set(java.lang.String,java.lang.Object)	com.netflix.zuul.context.SessionContext	SOURCE
com.netflix.zuul.context.SessionContext	getRouteHost()	get(java.lang.Object)	com.netflix.zuul.context.SessionContext	SOURCE
com.netflix.zuul.context.SessionContext	addFilterExecutionSummary(java.lang.String,java.lang.String,long)	getFilterExecutionSummary()	com.netflix.zuul.context.SessionContext	SOURCE
com.netflix.zuul.context.SessionContext	addFilterExecutionSummary(java.lang.String,java.lang.String,long)	length()	java.lang.AbstractStringBuilder	SOURCE
com.netflix.zuul.context.SessionContext	addFilterExecutionSummary(java.lang.String,java.lang.String,long)	append(java.lang.String)	java.lang.StringBuilder	SOURCE
com.netflix.zuul.context.SessionContext	addFilterExecutionSummary(java.lang.String,java.lang.String,long)	append(java.lang.String)	java.lang.StringBuilder	SOURCE
com.netflix.zuul.context.SessionContext	addFilterExecutionSummary(java.lang.String,java.lang.String,long)	append(long)	java.lang.StringBuilder	SOURCE
com.netflix.zuul.context.SessionContext	addFilterExecutionSummary(java.lang.String,java.lang.String,long)	append(char)	java.lang.StringBuilder	SOURCE
com.netflix.zuul.context.SessionContext	addFilterExecutionSummary(java.lang.String,java.lang.String,long)	append(char)	java.lang.StringBuilder	SOURCE
com.netflix.zuul.context.SessionContext	addFilterExecutionSummary(java.lang.String,java.lang.String,long)	append(java.lang.String)	java.lang.StringBuilder	SOURCE
com.netflix.zuul.context.SessionContext	addFilterExecutionSummary(java.lang.String,java.lang.String,long)	append(char)	java.lang.StringBuilder	SOURCE
com.netflix.zuul.context.SessionContext	addFilterExecutionSummary(java.lang.String,java.lang.String,long)	append(java.lang.String)	java.lang.StringBuilder	SOURCE
com.netflix.zuul.context.SessionContext	getFilterExecutionSummary()	get(java.lang.Object)	com.netflix.zuul.context.SessionContext	SOURCE
com.netflix.zuul.context.SessionContext	getRouteVIP()	get(java.lang.Object)	com.netflix.zuul.context.SessionContext	SOURCE
com.netflix.zuul.context.SessionContext	setRouteVIP(java.lang.String)	set(java.lang.String,java.lang.Object)	com.netflix.zuul.context.SessionContext	SOURCE
com.netflix.zuul.context.SessionContext	setEndpoint(java.lang.String)	put(java.lang.String,java.lang.Object)	com.netflix.zuul.context.SessionContext	SOURCE
com.netflix.zuul.context.SessionContext	getEndpoint()	get(java.lang.Object)	com.netflix.zuul.context.SessionContext	SOURCE
com.netflix.zuul.context.SessionContext	setEventProperty(java.lang.String,java.lang.Object)	put(K,V)	java.util.Map	SOURCE
com.netflix.zuul.context.SessionContext	setEventProperty(java.lang.String,java.lang.Object)	getEventProperties()	com.netflix.zuul.context.SessionContext	SOURCE
com.netflix.zuul.context.SessionContext	getEventProperties()	get(java.lang.Object)	com.netflix.zuul.context.SessionContext	SOURCE
com.netflix.zuul.context.SessionContext	getFilterErrors()	get(java.lang.Object)	com.netflix.zuul.context.SessionContext	SOURCE
com.netflix.zuul.context.SessionContext	setOriginReportedDuration(int)	put(java.lang.String,java.lang.Object)	com.netflix.zuul.context.SessionContext	SOURCE
com.netflix.zuul.context.SessionContext	getOriginReportedDuration()	get(java.lang.Object)	com.netflix.zuul.context.SessionContext	SOURCE
com.netflix.zuul.filters.ZuulFilter	filterOrder()	<A>getAnnotation(java.lang.Class<A>)	java.lang.Class	SOURCE
com.netflix.zuul.filters.ZuulFilter	filterOrder()	getClass()	java.lang.Object	SOURCE
com.netflix.zuul.filters.ZuulFilter	filterOrder()	order()	com.netflix.zuul.Filter	SOURCE
com.netflix.zuul.filters.ZuulFilter	filterOrder()	UnsupportedOperationException(java.lang.String)	java.lang.UnsupportedOperationException	SOURCE
com.netflix.zuul.filters.ZuulFilter	filterType()	<A>getAnnotation(java.lang.Class<A>)	java.lang.Class	SOURCE
com.netflix.zuul.filters.ZuulFilter	filterType()	getClass()	java.lang.Object	SOURCE
com.netflix.zuul.filters.ZuulFilter	filterType()	type()	com.netflix.zuul.Filter	SOURCE
com.netflix.zuul.filters.ZuulFilter	filterType()	UnsupportedOperationException(java.lang.String)	java.lang.UnsupportedOperationException	SOURCE
com.netflix.zuul.filters.ZuulFilter	category()	<A>getAnnotation(java.lang.Class<A>)	java.lang.Class	SOURCE
com.netflix.zuul.filters.ZuulFilter	category()	getClass()	java.lang.Object	SOURCE
com.netflix.zuul.filters.ZuulFilter	category()	category()	com.netflix.zuul.Filter	SOURCE
com.netflix.zuul.filters.ZuulFilter	category()	UnsupportedOperationException(java.lang.String)	java.lang.UnsupportedOperationException	SOURCE
com.netflix.zuul.filters.ZuulFilter	getSyncType()	<A>getAnnotation(java.lang.Class<A>)	java.lang.Class	SOURCE
com.netflix.zuul.filters.ZuulFilter	getSyncType()	getClass()	java.lang.Object	SOURCE
com.netflix.zuul.filters.ZuulFilter	getSyncType()	sync()	com.netflix.zuul.Filter	SOURCE
com.netflix.zuul.filters.ZuulFilter	getSyncType()	UnsupportedOperationException(java.lang.String)	java.lang.UnsupportedOperationException	SOURCE
com.netflix.zuul.exception.ZuulFilterConcurrencyExceededException	ZuulFilterConcurrencyExceededException(com.netflix.zuul.filters.ZuulFilter,int)	ZuulException(java.lang.String,boolean)	com.netflix.zuul.exception.ZuulException	SOURCE
com.netflix.zuul.exception.ZuulFilterConcurrencyExceededException	ZuulFilterConcurrencyExceededException(com.netflix.zuul.filters.ZuulFilter,int)	filterName()	com.netflix.zuul.filters.ZuulFilter	SOURCE
com.netflix.zuul.message.http.HttpRequestInfo	getClientDestinationPort()	UnsupportedOperationException()	java.lang.UnsupportedOperationException	SOURCE
com.netflix.zuul.FilterFileManager	LOG	getLogger(java.lang.Class<?>)	org.slf4j.LoggerFactory	SOURCE
com.netflix.zuul.FilterFileManager	FILE_PROCESSOR_THREADS	DynamicIntProperty(java.lang.String,int)	com.netflix.config.DynamicIntProperty	SOURCE
com.netflix.zuul.FilterFileManager	FILE_PROCESSOR_TASKS_TIMEOUT_SECS	DynamicIntProperty(java.lang.String,int)	com.netflix.config.DynamicIntProperty	SOURCE
com.netflix.zuul.FilterFileManager	FilterFileManager(com.netflix.zuul.FilterFileManager.FilterFileManagerConfig,com.netflix.zuul.FilterLoader)	Object()	java.lang.Object	SOURCE
com.netflix.zuul.FilterFileManager	FilterFileManager(com.netflix.zuul.FilterFileManager.FilterFileManagerConfig,com.netflix.zuul.FilterLoader)	build()	com.google.common.util.concurrent.ThreadFactoryBuilder	SOURCE
com.netflix.zuul.FilterFileManager	FilterFileManager(com.netflix.zuul.FilterFileManager.FilterFileManagerConfig,com.netflix.zuul.FilterLoader)	setNameFormat(java.lang.String)	com.google.common.util.concurrent.ThreadFactoryBuilder	SOURCE
com.netflix.zuul.FilterFileManager	FilterFileManager(com.netflix.zuul.FilterFileManager.FilterFileManagerConfig,com.netflix.zuul.FilterLoader)	setDaemon(boolean)	com.google.common.util.concurrent.ThreadFactoryBuilder	SOURCE
com.netflix.zuul.FilterFileManager	FilterFileManager(com.netflix.zuul.FilterFileManager.FilterFileManagerConfig,com.netflix.zuul.FilterLoader)	ThreadFactoryBuilder()	com.google.common.util.concurrent.ThreadFactoryBuilder	SOURCE
com.netflix.zuul.FilterFileManager	FilterFileManager(com.netflix.zuul.FilterFileManager.FilterFileManagerConfig,com.netflix.zuul.FilterLoader)	newFixedThreadPool(int,java.util.concurrent.ThreadFactory)	java.util.concurrent.Executors	SOURCE
com.netflix.zuul.FilterFileManager	FilterFileManager(com.netflix.zuul.FilterFileManager.FilterFileManagerConfig,com.netflix.zuul.FilterLoader)	get()	com.netflix.config.DynamicIntProperty	SOURCE
com.netflix.zuul.FilterFileManager	init()	currentTimeMillis()	java.lang.System	SOURCE
com.netflix.zuul.FilterFileManager	init()	putFiltersForClasses(java.lang.String[])	com.netflix.zuul.FilterLoader	SOURCE
com.netflix.zuul.FilterFileManager	init()	getClassNames()	com.netflix.zuul.FilterFileManager$FilterFileManagerConfig	SOURCE
com.netflix.zuul.FilterFileManager	init()	manageFiles()	com.netflix.zuul.FilterFileManager	SOURCE
com.netflix.zuul.FilterFileManager	init()	startPoller()	com.netflix.zuul.FilterFileManager	SOURCE
com.netflix.zuul.FilterFileManager	init()	warn(java.lang.String,java.lang.Object)	org.slf4j.Logger	SOURCE
com.netflix.zuul.FilterFileManager	init()	currentTimeMillis()	java.lang.System	SOURCE
com.netflix.zuul.FilterFileManager	shutdown()	stopPoller()	com.netflix.zuul.FilterFileManager	SOURCE
com.netflix.zuul.FilterFileManager	startPoller()	(java.lang.String)	com.netflix.zuul.FilterFileManager$1	SOURCE
com.netflix.zuul.FilterFileManager$1	null	setDaemon(boolean)	java.lang.Thread	SOURCE
com.netflix.zuul.FilterFileManager$1	run()	sleep(long)	java.lang.Thread	SOURCE
com.netflix.zuul.FilterFileManager$1	run()	getPollingIntervalSeconds()	com.netflix.zuul.FilterFileManager$FilterFileManagerConfig	SOURCE
com.netflix.zuul.FilterFileManager$1	run()	manageFiles()	com.netflix.zuul.FilterFileManager	SOURCE
com.netflix.zuul.FilterFileManager$1	run()	error(java.lang.String,java.lang.Throwable)	org.slf4j.Logger	SOURCE
com.netflix.zuul.FilterFileManager	startPoller()	start()	java.lang.Thread	SOURCE
com.netflix.zuul.FilterFileManager	getDirectory(java.lang.String)	File(java.lang.String)	java.io.File	SOURCE
com.netflix.zuul.FilterFileManager	getDirectory(java.lang.String)	isDirectory()	java.io.File	SOURCE
com.netflix.zuul.FilterFileManager	getDirectory(java.lang.String)	getResource(java.lang.String)	java.lang.ClassLoader	SOURCE
com.netflix.zuul.FilterFileManager	getDirectory(java.lang.String)	getClassLoader()	java.lang.Class	SOURCE
com.netflix.zuul.FilterFileManager	getDirectory(java.lang.String)	File(java.net.URI)	java.io.File	SOURCE
com.netflix.zuul.FilterFileManager	getDirectory(java.lang.String)	toURI()	java.net.URL	SOURCE
com.netflix.zuul.FilterFileManager	getDirectory(java.lang.String)	error(java.lang.String,java.lang.Object,java.lang.Object)	org.slf4j.Logger	SOURCE
com.netflix.zuul.FilterFileManager	getDirectory(java.lang.String)	isDirectory()	java.io.File	SOURCE
com.netflix.zuul.FilterFileManager	getDirectory(java.lang.String)	RuntimeException(java.lang.String)	java.lang.RuntimeException	SOURCE
com.netflix.zuul.FilterFileManager	getDirectory(java.lang.String)	getAbsolutePath()	java.io.File	SOURCE
com.netflix.zuul.FilterFileManager	getFiles()	ArrayList()	java.util.ArrayList	SOURCE
com.netflix.zuul.FilterFileManager	getFiles()	getDirectories()	com.netflix.zuul.FilterFileManager$FilterFileManagerConfig	SOURCE
com.netflix.zuul.FilterFileManager	getFiles()	getDirectory(java.lang.String)	com.netflix.zuul.FilterFileManager	SOURCE
com.netflix.zuul.FilterFileManager	getFiles()	listFiles(java.io.FilenameFilter)	java.io.File	SOURCE
com.netflix.zuul.FilterFileManager	getFiles()	getFilenameFilter()	com.netflix.zuul.FilterFileManager$FilterFileManagerConfig	SOURCE
com.netflix.zuul.FilterFileManager	getFiles()	addAll(java.util.Collection<? extends E>)	java.util.List	SOURCE
com.netflix.zuul.FilterFileManager	getFiles()	<T>asList(T...)	java.util.Arrays	SOURCE
com.netflix.zuul.FilterFileManager	processGroovyFiles(java.util.List<java.io.File>)	ArrayList()	java.util.ArrayList	SOURCE
com.netflix.zuul.FilterFileManager	processGroovyFiles(java.util.List<java.io.File>)	add(E)	java.util.List	SOURCE
com.netflix.zuul.FilterFileManager	processGroovyFiles(java.util.List<java.io.File>)	call()	java.util.concurrent.Callable	SOURCE
com.netflix.zuul.FilterFileManager	processGroovyFiles(java.util.List<java.io.File>)	putFilter(java.io.File)	com.netflix.zuul.FilterLoader	SOURCE
com.netflix.zuul.FilterFileManager	processGroovyFiles(java.util.List<java.io.File>)	error(java.lang.String,java.lang.Object,java.lang.Object)	org.slf4j.Logger	SOURCE
com.netflix.zuul.FilterFileManager	processGroovyFiles(java.util.List<java.io.File>)	valueOf(java.lang.Object)	java.lang.String	SOURCE
com.netflix.zuul.FilterFileManager	processGroovyFiles(java.util.List<java.io.File>)	<T>invokeAll(java.util.Collection<? extends java.util.concurrent.Callable<T>>,long,java.util.concurrent.TimeUnit)	java.util.concurrent.ExecutorService	SOURCE
com.netflix.zuul.FilterFileManager	processGroovyFiles(java.util.List<java.io.File>)	get()	com.netflix.config.DynamicIntProperty	SOURCE
com.netflix.zuul.FilterFileManager	manageFiles()	getFiles()	com.netflix.zuul.FilterFileManager	SOURCE
com.netflix.zuul.FilterFileManager	manageFiles()	processGroovyFiles(java.util.List<java.io.File>)	com.netflix.zuul.FilterFileManager	SOURCE
com.netflix.zuul.FilterFileManager	manageFiles()	error(java.lang.String,java.lang.Throwable)	org.slf4j.Logger	SOURCE
com.netflix.zuul.FilterFileManager	manageFiles()	RuntimeException(java.lang.String,java.lang.Throwable)	java.lang.RuntimeException	SOURCE
com.netflix.zuul.FilterFileManager$FilterFileManagerConfig	FilterFileManagerConfig(java.lang.String[],java.lang.String[],int,java.io.FilenameFilter)	Object()	java.lang.Object	SOURCE
com.netflix.zuul.FilterLoader	FILTER_COMPARATOR	<U>thenComparing(java.util.function.Function<? super T,? extends U>)	java.util.Comparator	SOURCE
com.netflix.zuul.FilterLoader	FILTER_COMPARATOR	<T>comparingInt(java.util.function.ToIntFunction<? super T>)	java.util.Comparator	SOURCE
com.netflix.zuul.FilterLoader	FILTER_COMPARATOR	applyAsInt(T)	java.util.function.ToIntFunction	SOURCE
com.netflix.zuul.FilterLoader	FILTER_COMPARATOR	filterOrder()	com.netflix.zuul.filters.ZuulFilter	SOURCE
com.netflix.zuul.FilterLoader	FILTER_COMPARATOR	apply(T)	java.util.function.Function	SOURCE
com.netflix.zuul.FilterLoader	FILTER_COMPARATOR	filterName()	com.netflix.zuul.filters.ZuulFilter	SOURCE
com.netflix.zuul.FilterLoader	FILTER_CLASS_COMPARATOR	<U>thenComparing(java.util.function.Function<? super T,? extends U>)	java.util.Comparator	SOURCE
com.netflix.zuul.FilterLoader	FILTER_CLASS_COMPARATOR	<T>comparingInt(java.util.function.ToIntFunction<? super T>)	java.util.Comparator	SOURCE
com.netflix.zuul.FilterLoader	FILTER_CLASS_COMPARATOR	applyAsInt(T)	java.util.function.ToIntFunction	SOURCE
com.netflix.zuul.FilterLoader	FILTER_CLASS_COMPARATOR	order()	com.netflix.zuul.Filter	SOURCE
com.netflix.zuul.FilterLoader	FILTER_CLASS_COMPARATOR	<T>requireNonNull(T,java.util.function.Supplier<java.lang.String>)	java.util.Objects	SOURCE
com.netflix.zuul.FilterLoader	FILTER_CLASS_COMPARATOR	<A>getAnnotation(java.lang.Class<A>)	java.lang.Class	SOURCE
com.netflix.zuul.FilterLoader	FILTER_CLASS_COMPARATOR	get()	java.util.function.Supplier	SOURCE
com.netflix.zuul.FilterLoader	FILTER_CLASS_COMPARATOR	apply(T)	java.util.function.Function	SOURCE
com.netflix.zuul.FilterLoader	FILTER_CLASS_COMPARATOR	getName()	java.lang.Class	SOURCE
com.netflix.zuul.filters.BaseSyncFilter	applyAsync(I)	<T>just(T)	rx.Observable	SOURCE
com.netflix.zuul.filters.BaseSyncFilter	applyAsync(I)	apply(I)	com.netflix.zuul.filters.SyncZuulFilter	SOURCE
com.netflix.zuul.filters.BaseFilter	concurrencyProtectEnabled	CachedDynamicBooleanProperty(java.lang.String,boolean)	com.netflix.config.CachedDynamicBooleanProperty	SOURCE
com.netflix.zuul.filters.BaseFilter	BaseFilter()	Object()	java.lang.Object	SOURCE
com.netflix.zuul.filters.BaseFilter	BaseFilter()	getSimpleName()	java.lang.Class	SOURCE
com.netflix.zuul.filters.BaseFilter	BaseFilter()	getClass()	java.lang.Object	SOURCE
com.netflix.zuul.filters.BaseFilter	BaseFilter()	filterType()	com.netflix.zuul.filters.ZuulFilter	SOURCE
com.netflix.zuul.filters.BaseFilter	BaseFilter()	<T>newGauge(java.lang.String,java.lang.String,T)	com.netflix.zuul.netty.SpectatorUtils	SOURCE
com.netflix.zuul.filters.BaseFilter	BaseFilter()	AtomicInteger(int)	java.util.concurrent.atomic.AtomicInteger	SOURCE
com.netflix.zuul.filters.BaseFilter	BaseFilter()	newCounter(java.lang.String,java.lang.String)	com.netflix.zuul.netty.SpectatorUtils	SOURCE
com.netflix.zuul.filters.BaseFilter	BaseFilter()	CachedDynamicBooleanProperty(java.lang.String,boolean)	com.netflix.config.CachedDynamicBooleanProperty	SOURCE
com.netflix.zuul.filters.BaseFilter	BaseFilter()	disablePropertyName()	com.netflix.zuul.filters.BaseFilter	SOURCE
com.netflix.zuul.filters.BaseFilter	BaseFilter()	CachedDynamicIntProperty(java.lang.String,int)	com.netflix.config.CachedDynamicIntProperty	SOURCE
com.netflix.zuul.filters.BaseFilter	BaseFilter()	maxConcurrencyPropertyName()	com.netflix.zuul.filters.BaseFilter	SOURCE
com.netflix.zuul.filters.BaseFilter	filterName()	getName()	java.lang.Class	SOURCE
com.netflix.zuul.filters.BaseFilter	filterName()	getClass()	java.lang.Object	SOURCE
com.netflix.zuul.filters.BaseFilter	isDisabled()	get()	com.netflix.config.CachedDynamicBooleanProperty	SOURCE
com.netflix.zuul.filters.BaseFilter	toString()	valueOf(java.lang.Object)	java.lang.String	SOURCE
com.netflix.zuul.filters.BaseFilter	toString()	filterType()	com.netflix.zuul.filters.ZuulFilter	SOURCE
com.netflix.zuul.filters.BaseFilter	toString()	valueOf(java.lang.Object)	java.lang.String	SOURCE
com.netflix.zuul.filters.BaseFilter	toString()	filterName()	com.netflix.zuul.filters.BaseFilter	SOURCE
com.netflix.zuul.filters.BaseFilter	incrementConcurrency()	get()	com.netflix.config.CachedDynamicIntProperty	SOURCE
com.netflix.zuul.filters.BaseFilter	incrementConcurrency()	get()	com.netflix.config.CachedDynamicBooleanProperty	SOURCE
com.netflix.zuul.filters.BaseFilter	incrementConcurrency()	get()	java.util.concurrent.atomic.AtomicInteger	SOURCE
com.netflix.zuul.filters.BaseFilter	incrementConcurrency()	increment()	com.netflix.spectator.api.Counter	SOURCE
com.netflix.zuul.filters.BaseFilter	incrementConcurrency()	ZuulFilterConcurrencyExceededException(com.netflix.zuul.filters.ZuulFilter,int)	com.netflix.zuul.exception.ZuulFilterConcurrencyExceededException	SOURCE
com.netflix.zuul.filters.BaseFilter	incrementConcurrency()	incrementAndGet()	java.util.concurrent.atomic.AtomicInteger	SOURCE
com.netflix.zuul.filters.BaseFilter	decrementConcurrency()	decrementAndGet()	java.util.concurrent.atomic.AtomicInteger	SOURCE
com.netflix.zuul.filters.passport.OutboundPassportStampingFilter	OutboundPassportStampingFilter(com.netflix.zuul.passport.PassportState)	PassportStampingFilter(com.netflix.zuul.passport.PassportState)	com.netflix.zuul.filters.passport.PassportStampingFilter	SOURCE
com.netflix.zuul.filters.passport.PassportStampingFilter	PassportStampingFilter(com.netflix.zuul.passport.PassportState)	SyncZuulFilterAdapter()	com.netflix.zuul.filters.SyncZuulFilterAdapter	SOURCE
com.netflix.zuul.filters.passport.PassportStampingFilter	PassportStampingFilter(com.netflix.zuul.passport.PassportState)	name()	java.lang.Enum	SOURCE
com.netflix.zuul.filters.passport.PassportStampingFilter	PassportStampingFilter(com.netflix.zuul.passport.PassportState)	filterType()	com.netflix.zuul.filters.SyncZuulFilterAdapter	SOURCE
com.netflix.zuul.filters.passport.PassportStampingFilter	PassportStampingFilter(com.netflix.zuul.passport.PassportState)	name()	java.lang.Enum	SOURCE
com.netflix.zuul.filters.passport.PassportStampingFilter	apply(T)	add(com.netflix.zuul.passport.PassportState)	com.netflix.zuul.passport.CurrentPassport	SOURCE
com.netflix.zuul.filters.passport.PassportStampingFilter	apply(T)	fromSessionContext(com.netflix.zuul.context.SessionContext)	com.netflix.zuul.passport.CurrentPassport	SOURCE
com.netflix.zuul.filters.passport.PassportStampingFilter	apply(T)	getContext()	com.netflix.zuul.message.ZuulMessage	SOURCE
com.netflix.zuul.filters.SyncZuulFilterAdapter	applyAsync(I)	<T>just(T)	rx.Observable	SOURCE
com.netflix.zuul.filters.SyncZuulFilterAdapter	applyAsync(I)	apply(I)	com.netflix.zuul.filters.SyncZuulFilter	SOURCE
com.netflix.zuul.filters.passport.InboundPassportStampingFilter	InboundPassportStampingFilter(com.netflix.zuul.passport.PassportState)	PassportStampingFilter(com.netflix.zuul.passport.PassportState)	com.netflix.zuul.filters.passport.PassportStampingFilter	SOURCE
com.netflix.zuul.filters.common.SurgicalDebugFilter	shouldFilter(com.netflix.zuul.message.http.HttpRequestMessage)	DynamicBooleanProperty(java.lang.String,boolean)	com.netflix.config.DynamicBooleanProperty	SOURCE
com.netflix.zuul.filters.common.SurgicalDebugFilter	shouldFilter(com.netflix.zuul.message.http.HttpRequestMessage)	get()	com.netflix.config.DynamicBooleanProperty	SOURCE
com.netflix.zuul.filters.common.SurgicalDebugFilter	shouldFilter(com.netflix.zuul.message.http.HttpRequestMessage)	isDisabled()	com.netflix.zuul.filters.BaseFilter	SOURCE
com.netflix.zuul.filters.common.SurgicalDebugFilter	shouldFilter(com.netflix.zuul.message.http.HttpRequestMessage)	getFirst(java.lang.String)	com.netflix.zuul.message.Headers	SOURCE
com.netflix.zuul.filters.common.SurgicalDebugFilter	shouldFilter(com.netflix.zuul.message.http.HttpRequestMessage)	getHeaders()	com.netflix.zuul.message.http.HttpRequestInfo	SOURCE
com.netflix.zuul.filters.common.SurgicalDebugFilter	shouldFilter(com.netflix.zuul.message.http.HttpRequestMessage)	equals(java.lang.Object)	java.lang.String	SOURCE
com.netflix.zuul.filters.common.SurgicalDebugFilter	shouldFilter(com.netflix.zuul.message.http.HttpRequestMessage)	patternMatches(com.netflix.zuul.message.http.HttpRequestMessage)	com.netflix.zuul.filters.common.SurgicalDebugFilter	SOURCE
com.netflix.zuul.filters.common.SurgicalDebugFilter	apply(com.netflix.zuul.message.http.HttpRequestMessage)	DynamicStringProperty(java.lang.String,java.lang.String)	com.netflix.config.DynamicStringProperty	SOURCE
com.netflix.zuul.filters.common.SurgicalDebugFilter	apply(com.netflix.zuul.message.http.HttpRequestMessage)	DynamicStringProperty(java.lang.String,java.lang.String)	com.netflix.config.DynamicStringProperty	SOURCE
com.netflix.zuul.filters.common.SurgicalDebugFilter	apply(com.netflix.zuul.message.http.HttpRequestMessage)	getContext()	com.netflix.zuul.message.ZuulMessage	SOURCE
com.netflix.zuul.filters.common.SurgicalDebugFilter	apply(com.netflix.zuul.message.http.HttpRequestMessage)	get()	com.netflix.config.DynamicStringProperty	SOURCE
com.netflix.zuul.filters.common.SurgicalDebugFilter	apply(com.netflix.zuul.message.http.HttpRequestMessage)	get()	com.netflix.config.DynamicStringProperty	SOURCE
com.netflix.zuul.filters.common.SurgicalDebugFilter	apply(com.netflix.zuul.message.http.HttpRequestMessage)	set(java.lang.String,java.lang.Object)	com.netflix.zuul.context.SessionContext	SOURCE
com.netflix.zuul.filters.common.SurgicalDebugFilter	apply(com.netflix.zuul.message.http.HttpRequestMessage)	get()	com.netflix.config.DynamicStringProperty	SOURCE
com.netflix.zuul.filters.common.SurgicalDebugFilter	apply(com.netflix.zuul.message.http.HttpRequestMessage)	set(java.lang.String,java.lang.Object)	com.netflix.zuul.context.SessionContext	SOURCE
com.netflix.zuul.filters.common.SurgicalDebugFilter	apply(com.netflix.zuul.message.http.HttpRequestMessage)	get()	com.netflix.config.DynamicStringProperty	SOURCE
com.netflix.zuul.filters.common.SurgicalDebugFilter	apply(com.netflix.zuul.message.http.HttpRequestMessage)	set(java.lang.String,java.lang.String)	com.netflix.zuul.message.Headers	SOURCE
com.netflix.zuul.filters.common.SurgicalDebugFilter	apply(com.netflix.zuul.message.http.HttpRequestMessage)	getHeaders()	com.netflix.zuul.message.http.HttpRequestInfo	SOURCE
com.netflix.zuul.filters.common.SurgicalDebugFilter	apply(com.netflix.zuul.message.http.HttpRequestMessage)	getQueryParams()	com.netflix.zuul.message.http.HttpRequestInfo	SOURCE
com.netflix.zuul.filters.common.SurgicalDebugFilter	apply(com.netflix.zuul.message.http.HttpRequestMessage)	set(java.lang.String,java.lang.String)	com.netflix.zuul.message.http.HttpQueryParams	SOURCE
com.netflix.zuul.filters.common.SurgicalDebugFilter	apply(com.netflix.zuul.message.http.HttpRequestMessage)	setDebugRequest(boolean)	com.netflix.zuul.context.SessionContext	SOURCE
com.netflix.zuul.filters.common.SurgicalDebugFilter	apply(com.netflix.zuul.message.http.HttpRequestMessage)	set(java.lang.String,java.lang.Object)	com.netflix.zuul.context.SessionContext	SOURCE
com.netflix.zuul.filters.common.GZipResponseFilter	GZIPPABLE_CONTENT_TYPES	DynamicStringSetProperty(java.lang.String,java.lang.String,java.lang.String)	com.netflix.config.DynamicStringSetProperty	SOURCE
com.netflix.zuul.filters.common.GZipResponseFilter	MIN_BODY_SIZE_FOR_GZIP	CachedDynamicIntProperty(java.lang.String,int)	com.netflix.config.CachedDynamicIntProperty	SOURCE
com.netflix.zuul.filters.common.GZipResponseFilter	ENABLED	CachedDynamicBooleanProperty(java.lang.String,boolean)	com.netflix.config.CachedDynamicBooleanProperty	SOURCE
com.netflix.zuul.filters.common.GZipResponseFilter	shouldFilter(com.netflix.zuul.message.http.HttpResponseMessage)	get()	com.netflix.config.CachedDynamicBooleanProperty	SOURCE
com.netflix.zuul.filters.common.GZipResponseFilter	shouldFilter(com.netflix.zuul.message.http.HttpResponseMessage)	hasBody()	com.netflix.zuul.message.ZuulMessage	SOURCE
com.netflix.zuul.filters.common.GZipResponseFilter	shouldFilter(com.netflix.zuul.message.http.HttpResponseMessage)	isInBrownoutMode()	com.netflix.zuul.context.SessionContext	SOURCE
com.netflix.zuul.filters.common.GZipResponseFilter	shouldFilter(com.netflix.zuul.message.http.HttpResponseMessage)	getContext()	com.netflix.zuul.message.ZuulMessage	SOURCE
com.netflix.zuul.filters.common.GZipResponseFilter	shouldFilter(com.netflix.zuul.message.http.HttpResponseMessage)	get(java.lang.Object)	com.netflix.zuul.context.SessionContext	SOURCE
com.netflix.zuul.filters.common.GZipResponseFilter	shouldFilter(com.netflix.zuul.message.http.HttpResponseMessage)	getContext()	com.netflix.zuul.message.ZuulMessage	SOURCE
com.netflix.zuul.filters.common.GZipResponseFilter	shouldFilter(com.netflix.zuul.message.http.HttpResponseMessage)	getInboundRequest()	com.netflix.zuul.message.http.HttpResponseInfo	SOURCE
com.netflix.zuul.filters.common.GZipResponseFilter	shouldFilter(com.netflix.zuul.message.http.HttpResponseMessage)	get(java.lang.Object)	com.netflix.zuul.context.SessionContext	SOURCE
com.netflix.zuul.filters.common.GZipResponseFilter	shouldFilter(com.netflix.zuul.message.http.HttpResponseMessage)	getContext()	com.netflix.zuul.message.ZuulMessage	SOURCE
com.netflix.zuul.filters.common.GZipResponseFilter	shouldFilter(com.netflix.zuul.message.http.HttpResponseMessage)	acceptsGzip(com.netflix.zuul.message.Headers)	com.netflix.zuul.util.HttpUtils	SOURCE
com.netflix.zuul.filters.common.GZipResponseFilter	shouldFilter(com.netflix.zuul.message.http.HttpResponseMessage)	getHeaders()	com.netflix.zuul.message.http.HttpRequestInfo	SOURCE
com.netflix.zuul.filters.common.GZipResponseFilter	shouldFilter(com.netflix.zuul.message.http.HttpResponseMessage)	booleanValue()	java.lang.Boolean	SOURCE
com.netflix.zuul.filters.common.GZipResponseFilter	shouldFilter(com.netflix.zuul.message.http.HttpResponseMessage)	getHeaders()	com.netflix.zuul.message.ZuulMessage	SOURCE
com.netflix.zuul.filters.common.GZipResponseFilter	shouldFilter(com.netflix.zuul.message.http.HttpResponseMessage)	isCompressed(com.netflix.zuul.message.Headers)	com.netflix.zuul.util.HttpUtils	SOURCE
com.netflix.zuul.filters.common.GZipResponseFilter	shouldFilter(com.netflix.zuul.message.http.HttpResponseMessage)	isGzippableContentType(com.netflix.zuul.message.http.HttpResponseMessage)	com.netflix.zuul.filters.common.GZipResponseFilter	SOURCE
com.netflix.zuul.filters.common.GZipResponseFilter	shouldFilter(com.netflix.zuul.message.http.HttpResponseMessage)	isRightSizeForGzip(com.netflix.zuul.message.http.HttpResponseMessage)	com.netflix.zuul.filters.common.GZipResponseFilter	SOURCE
com.netflix.zuul.filters.common.GZipResponseFilter	shouldFilter(com.netflix.zuul.message.http.HttpResponseMessage)	set(java.lang.String,java.lang.Object)	com.netflix.zuul.context.SessionContext	SOURCE
com.netflix.zuul.filters.common.GZipResponseFilter	shouldFilter(com.netflix.zuul.message.http.HttpResponseMessage)	getContext()	com.netflix.zuul.message.ZuulMessage	SOURCE
com.netflix.zuul.filters.common.GZipResponseFilter	shouldFilter(com.netflix.zuul.message.http.HttpResponseMessage)	getGzipper()	com.netflix.zuul.filters.common.GZipResponseFilter	SOURCE
com.netflix.zuul.filters.common.GZipResponseFilter	getGzipper()	Gzipper()	com.netflix.zuul.util.Gzipper	SOURCE
com.netflix.zuul.filters.common.GZipResponseFilter	isRightSizeForGzip(com.netflix.zuul.message.http.HttpResponseMessage)	getBodySizeIfKnown(com.netflix.zuul.message.ZuulMessage)	com.netflix.zuul.util.HttpUtils	SOURCE
com.netflix.zuul.filters.common.GZipResponseFilter	isRightSizeForGzip(com.netflix.zuul.message.http.HttpResponseMessage)	intValue()	java.lang.Integer	SOURCE
com.netflix.zuul.filters.common.GZipResponseFilter	isRightSizeForGzip(com.netflix.zuul.message.http.HttpResponseMessage)	get()	com.netflix.config.CachedDynamicIntProperty	SOURCE
com.netflix.zuul.filters.common.GZipResponseFilter	apply(com.netflix.zuul.message.http.HttpResponseMessage)	getHeaders()	com.netflix.zuul.message.ZuulMessage	SOURCE
com.netflix.zuul.filters.common.GZipResponseFilter	apply(com.netflix.zuul.message.http.HttpResponseMessage)	set(com.netflix.zuul.message.HeaderName,java.lang.String)	com.netflix.zuul.message.Headers	SOURCE
com.netflix.zuul.filters.common.GZipResponseFilter	apply(com.netflix.zuul.message.http.HttpResponseMessage)	remove(com.netflix.zuul.message.HeaderName)	com.netflix.zuul.message.Headers	SOURCE
com.netflix.zuul.filters.common.GZipResponseFilter	isGzippableContentType(com.netflix.zuul.message.http.HttpResponseMessage)	getFirst(com.netflix.zuul.message.HeaderName)	com.netflix.zuul.message.Headers	SOURCE
com.netflix.zuul.filters.common.GZipResponseFilter	isGzippableContentType(com.netflix.zuul.message.http.HttpResponseMessage)	getHeaders()	com.netflix.zuul.message.ZuulMessage	SOURCE
com.netflix.zuul.filters.common.GZipResponseFilter	isGzippableContentType(com.netflix.zuul.message.http.HttpResponseMessage)	indexOf(int)	java.lang.String	SOURCE
com.netflix.zuul.filters.common.GZipResponseFilter	isGzippableContentType(com.netflix.zuul.message.http.HttpResponseMessage)	substring(int,int)	java.lang.String	SOURCE
com.netflix.zuul.filters.common.GZipResponseFilter	isGzippableContentType(com.netflix.zuul.message.http.HttpResponseMessage)	contains(java.lang.Object)	java.util.Set	SOURCE
com.netflix.zuul.filters.common.GZipResponseFilter	isGzippableContentType(com.netflix.zuul.message.http.HttpResponseMessage)	get()	com.netflix.config.DynamicSetProperty	SOURCE
com.netflix.zuul.filters.common.GZipResponseFilter	isGzippableContentType(com.netflix.zuul.message.http.HttpResponseMessage)	toLowerCase()	java.lang.String	SOURCE
com.netflix.zuul.filters.common.GZipResponseFilter	processContentChunk(com.netflix.zuul.message.ZuulMessage,io.netty.handler.codec.http.HttpContent)	get(java.lang.Object)	com.netflix.zuul.context.SessionContext	SOURCE
com.netflix.zuul.filters.common.GZipResponseFilter	processContentChunk(com.netflix.zuul.message.ZuulMessage,io.netty.handler.codec.http.HttpContent)	getContext()	com.netflix.zuul.message.ZuulMessage	SOURCE
com.netflix.zuul.filters.common.GZipResponseFilter	processContentChunk(com.netflix.zuul.message.ZuulMessage,io.netty.handler.codec.http.HttpContent)	write(io.netty.handler.codec.http.HttpContent)	com.netflix.zuul.util.Gzipper	SOURCE
com.netflix.zuul.filters.common.GZipResponseFilter	processContentChunk(com.netflix.zuul.message.ZuulMessage,io.netty.handler.codec.http.HttpContent)	finish()	com.netflix.zuul.util.Gzipper	SOURCE
com.netflix.zuul.filters.common.GZipResponseFilter	processContentChunk(com.netflix.zuul.message.ZuulMessage,io.netty.handler.codec.http.HttpContent)	DefaultLastHttpContent(io.netty.buffer.ByteBuf)	io.netty.handler.codec.http.DefaultLastHttpContent	SOURCE
com.netflix.zuul.filters.common.GZipResponseFilter	processContentChunk(com.netflix.zuul.message.ZuulMessage,io.netty.handler.codec.http.HttpContent)	getByteBuf()	com.netflix.zuul.util.Gzipper	SOURCE
com.netflix.zuul.filters.common.GZipResponseFilter	processContentChunk(com.netflix.zuul.message.ZuulMessage,io.netty.handler.codec.http.HttpContent)	DefaultHttpContent(io.netty.buffer.ByteBuf)	io.netty.handler.codec.http.DefaultHttpContent	SOURCE
com.netflix.zuul.filters.common.GZipResponseFilter	processContentChunk(com.netflix.zuul.message.ZuulMessage,io.netty.handler.codec.http.HttpContent)	getByteBuf()	com.netflix.zuul.util.Gzipper	SOURCE
com.netflix.zuul.filters.MutableFilterRegistry	filters	ConcurrentHashMap()	java.util.concurrent.ConcurrentHashMap	SOURCE
com.netflix.zuul.filters.MutableFilterRegistry	remove(java.lang.String)	remove(java.lang.Object)	java.util.concurrent.ConcurrentHashMap	SOURCE
com.netflix.zuul.filters.MutableFilterRegistry	remove(java.lang.String)	<T>requireNonNull(T,java.lang.String)	java.util.Objects	SOURCE
com.netflix.zuul.filters.MutableFilterRegistry	get(java.lang.String)	get(java.lang.Object)	java.util.concurrent.ConcurrentHashMap	SOURCE
com.netflix.zuul.filters.MutableFilterRegistry	get(java.lang.String)	<T>requireNonNull(T,java.lang.String)	java.util.Objects	SOURCE
com.netflix.zuul.filters.MutableFilterRegistry	put(java.lang.String,com.netflix.zuul.filters.ZuulFilter<?,?>)	putIfAbsent(K,V)	java.util.concurrent.ConcurrentHashMap	SOURCE
com.netflix.zuul.filters.MutableFilterRegistry	put(java.lang.String,com.netflix.zuul.filters.ZuulFilter<?,?>)	<T>requireNonNull(T,java.lang.String)	java.util.Objects	SOURCE
com.netflix.zuul.filters.MutableFilterRegistry	put(java.lang.String,com.netflix.zuul.filters.ZuulFilter<?,?>)	<T>requireNonNull(T,java.lang.String)	java.util.Objects	SOURCE
com.netflix.zuul.filters.MutableFilterRegistry	size()	size()	java.util.concurrent.ConcurrentHashMap	SOURCE
com.netflix.zuul.filters.MutableFilterRegistry	getAllFilters()	<T>unmodifiableList(java.util.List<? extends T>)	java.util.Collections	SOURCE
com.netflix.zuul.filters.MutableFilterRegistry	getAllFilters()	ArrayList(java.util.Collection<? extends E>)	java.util.ArrayList	SOURCE
com.netflix.zuul.filters.MutableFilterRegistry	getAllFilters()	values()	java.util.concurrent.ConcurrentHashMap	SOURCE
com.netflix.zuul.filters.http.HttpSyncEndpoint	WAIT_FOR_LASTCONTENT	CachedDynamicBooleanProperty(java.lang.String,boolean)	com.netflix.config.CachedDynamicBooleanProperty	SOURCE
com.netflix.zuul.filters.http.HttpSyncEndpoint	getDefaultOutput(com.netflix.zuul.message.http.HttpRequestMessage)	defaultErrorResponse(com.netflix.zuul.message.http.HttpRequestMessage)	com.netflix.zuul.message.http.HttpResponseMessageImpl	SOURCE
com.netflix.zuul.filters.http.HttpSyncEndpoint	applyAsync(com.netflix.zuul.message.http.HttpRequestMessage)	get()	com.netflix.config.CachedDynamicBooleanProperty	SOURCE
com.netflix.zuul.filters.http.HttpSyncEndpoint	applyAsync(com.netflix.zuul.message.http.HttpRequestMessage)	hasCompleteBody()	com.netflix.zuul.message.ZuulMessage	SOURCE
com.netflix.zuul.filters.http.HttpSyncEndpoint	applyAsync(com.netflix.zuul.message.http.HttpRequestMessage)	<T>create(rx.Observable.OnSubscribe<T>)	rx.Observable	SOURCE
com.netflix.zuul.filters.http.HttpSyncEndpoint	applyAsync(com.netflix.zuul.message.http.HttpRequestMessage)	call(T)	rx.functions.Action1	SOURCE
com.netflix.zuul.filters.http.HttpSyncEndpoint	applyAsync(com.netflix.zuul.message.http.HttpRequestMessage)	apply(I)	com.netflix.zuul.filters.SyncZuulFilter	SOURCE
com.netflix.zuul.filters.http.HttpSyncEndpoint	applyAsync(com.netflix.zuul.message.http.HttpRequestMessage)	ResponseState(com.netflix.zuul.message.ZuulMessage,rx.Subscriber)	com.netflix.zuul.filters.http.HttpSyncEndpoint$ResponseState	SOURCE
com.netflix.zuul.filters.http.HttpSyncEndpoint	applyAsync(com.netflix.zuul.message.http.HttpRequestMessage)	set(java.lang.String,java.lang.Object)	com.netflix.zuul.context.SessionContext	SOURCE
com.netflix.zuul.filters.http.HttpSyncEndpoint	applyAsync(com.netflix.zuul.message.http.HttpRequestMessage)	getContext()	com.netflix.zuul.message.ZuulMessage	SOURCE
com.netflix.zuul.filters.http.HttpSyncEndpoint	applyAsync(com.netflix.zuul.message.http.HttpRequestMessage)	<T>just(T)	rx.Observable	SOURCE
com.netflix.zuul.filters.http.HttpSyncEndpoint	applyAsync(com.netflix.zuul.message.http.HttpRequestMessage)	apply(I)	com.netflix.zuul.filters.SyncZuulFilter	SOURCE
com.netflix.zuul.filters.http.HttpSyncEndpoint	processContentChunk(com.netflix.zuul.message.ZuulMessage,io.netty.handler.codec.http.HttpContent)	get(java.lang.Object)	com.netflix.zuul.context.SessionContext	SOURCE
com.netflix.zuul.filters.http.HttpSyncEndpoint	processContentChunk(com.netflix.zuul.message.ZuulMessage,io.netty.handler.codec.http.HttpContent)	getContext()	com.netflix.zuul.message.ZuulMessage	SOURCE
com.netflix.zuul.filters.http.HttpSyncEndpoint	processContentChunk(com.netflix.zuul.message.ZuulMessage,io.netty.handler.codec.http.HttpContent)	onNext(T)	rx.Observer	SOURCE
com.netflix.zuul.filters.http.HttpSyncEndpoint	processContentChunk(com.netflix.zuul.message.ZuulMessage,io.netty.handler.codec.http.HttpContent)	onCompleted()	rx.Observer	SOURCE
com.netflix.zuul.filters.http.HttpSyncEndpoint	processContentChunk(com.netflix.zuul.message.ZuulMessage,io.netty.handler.codec.http.HttpContent)	remove(java.lang.Object)	com.netflix.zuul.context.SessionContext	SOURCE
com.netflix.zuul.filters.http.HttpSyncEndpoint	processContentChunk(com.netflix.zuul.message.ZuulMessage,io.netty.handler.codec.http.HttpContent)	getContext()	com.netflix.zuul.message.ZuulMessage	SOURCE
com.netflix.zuul.filters.http.HttpSyncEndpoint	processContentChunk(com.netflix.zuul.message.ZuulMessage,io.netty.handler.codec.http.HttpContent)	processContentChunk(com.netflix.zuul.message.ZuulMessage,io.netty.handler.codec.http.HttpContent)	com.netflix.zuul.filters.BaseFilter	SOURCE
com.netflix.zuul.filters.http.HttpSyncEndpoint$ResponseState	ResponseState(com.netflix.zuul.message.ZuulMessage,rx.Subscriber)	Object()	java.lang.Object	SOURCE
com.netflix.zuul.context.CommonContextKeys	STATUS_CATGEORY	<T>newKey(java.lang.String)	com.netflix.zuul.context.SessionContext	SOURCE
com.netflix.zuul.context.CommonContextKeys	ORIGIN_STATUS_CATEGORY	<T>newKey(java.lang.String)	com.netflix.zuul.context.SessionContext	SOURCE
com.netflix.zuul.context.CommonContextKeys	ORIGIN_STATUS	<T>newKey(java.lang.String)	com.netflix.zuul.context.SessionContext	SOURCE
com.netflix.zuul.context.CommonContextKeys	REQUEST_ATTEMPTS	<T>newKey(java.lang.String)	com.netflix.zuul.context.SessionContext	SOURCE
com.netflix.zuul.context.CommonContextKeys	REST_CLIENT_CONFIG	<T>newKey(java.lang.String)	com.netflix.zuul.context.SessionContext	SOURCE
com.netflix.zuul.context.CommonContextKeys	ZUUL_ENDPOINT	<T>newKey(java.lang.String)	com.netflix.zuul.context.SessionContext	SOURCE
com.netflix.zuul.context.CommonContextKeys	ZUUL_ORIGIN_CHOSEN_HOST_ADDR_MAP_KEY	<T>newKey(java.lang.String)	com.netflix.zuul.context.SessionContext	SOURCE
com.netflix.zuul.context.CommonContextKeys	ORIGIN_CHANNEL	<T>newKey(java.lang.String)	com.netflix.zuul.context.SessionContext	SOURCE
com.netflix.zuul.context.CommonContextKeys	ROUTING_LOG	<T>newKey(java.lang.String)	com.netflix.zuul.context.SessionContext	SOURCE
com.netflix.zuul.context.CommonContextKeys	REQ_BODY_SIZE_PROVIDER	<T>newKey(java.lang.String)	com.netflix.zuul.context.SessionContext	SOURCE
com.netflix.zuul.context.CommonContextKeys	RESP_BODY_SIZE_PROVIDER	<T>newKey(java.lang.String)	com.netflix.zuul.context.SessionContext	SOURCE
com.netflix.zuul.context.CommonContextKeys	PASSPORT	<T>newKey(java.lang.String)	com.netflix.zuul.context.SessionContext	SOURCE
com.netflix.zuul.context.CommonContextKeys	ZUUL_USE_DECODED_URI	<T>newKey(java.lang.String)	com.netflix.zuul.context.SessionContext	SOURCE
com.netflix.zuul.netty.server.BaseZuulChannelInitializer	ATTR_CHANNEL_CONFIG	<T>newInstance(java.lang.String)	io.netty.util.AttributeKey	SOURCE
com.netflix.zuul.netty.server.BaseZuulChannelInitializer	nettyLogger	LoggingHandler(java.lang.String,io.netty.handler.logging.LogLevel)	io.netty.handler.logging.LoggingHandler	SOURCE
com.netflix.zuul.netty.server.BaseZuulChannelInitializer	MAX_INITIAL_LINE_LENGTH	CachedDynamicIntProperty(java.lang.String,int)	com.netflix.config.CachedDynamicIntProperty	SOURCE
com.netflix.zuul.netty.server.BaseZuulChannelInitializer	MAX_HEADER_SIZE	CachedDynamicIntProperty(java.lang.String,int)	com.netflix.config.CachedDynamicIntProperty	SOURCE
com.netflix.zuul.netty.server.BaseZuulChannelInitializer	MAX_CHUNK_SIZE	CachedDynamicIntProperty(java.lang.String,int)	com.netflix.config.CachedDynamicIntProperty	SOURCE
com.netflix.zuul.netty.server.BaseZuulChannelInitializer	BaseZuulChannelInitializer(java.lang.String,com.netflix.netty.common.channel.config.ChannelConfig,com.netflix.netty.common.channel.config.ChannelConfig,io.netty.channel.group.ChannelGroup)	BaseZuulChannelInitializer(int,java.lang.String,com.netflix.netty.common.channel.config.ChannelConfig,com.netflix.netty.common.channel.config.ChannelConfig,io.netty.channel.group.ChannelGroup)	com.netflix.zuul.netty.server.BaseZuulChannelInitializer	SOURCE
com.netflix.zuul.netty.server.BaseZuulChannelInitializer	BaseZuulChannelInitializer(int,com.netflix.netty.common.channel.config.ChannelConfig,com.netflix.netty.common.channel.config.ChannelConfig,io.netty.channel.group.ChannelGroup)	BaseZuulChannelInitializer(int,java.lang.String,com.netflix.netty.common.channel.config.ChannelConfig,com.netflix.netty.common.channel.config.ChannelConfig,io.netty.channel.group.ChannelGroup)	com.netflix.zuul.netty.server.BaseZuulChannelInitializer	SOURCE
com.netflix.zuul.netty.server.BaseZuulChannelInitializer	BaseZuulChannelInitializer(int,com.netflix.netty.common.channel.config.ChannelConfig,com.netflix.netty.common.channel.config.ChannelConfig,io.netty.channel.group.ChannelGroup)	valueOf(int)	java.lang.String	SOURCE
com.netflix.zuul.netty.server.BaseZuulChannelInitializer	BaseZuulChannelInitializer(int,java.lang.String,com.netflix.netty.common.channel.config.ChannelConfig,com.netflix.netty.common.channel.config.ChannelConfig,io.netty.channel.group.ChannelGroup)	ChannelInitializer()	io.netty.channel.ChannelInitializer	SOURCE
com.netflix.zuul.netty.server.BaseZuulChannelInitializer	BaseZuulChannelInitializer(int,java.lang.String,com.netflix.netty.common.channel.config.ChannelConfig,com.netflix.netty.common.channel.config.ChannelConfig,io.netty.channel.group.ChannelGroup)	<T>checkNotNull(T,java.lang.Object)	com.google.common.base.Preconditions	SOURCE
com.netflix.zuul.netty.server.BaseZuulChannelInitializer	BaseZuulChannelInitializer(int,java.lang.String,com.netflix.netty.common.channel.config.ChannelConfig,com.netflix.netty.common.channel.config.ChannelConfig,io.netty.channel.group.ChannelGroup)	<T>get(com.netflix.netty.common.channel.config.ChannelConfigKey<T>)	com.netflix.netty.common.channel.config.ChannelConfig	SOURCE
com.netflix.zuul.netty.server.BaseZuulChannelInitializer	BaseZuulChannelInitializer(int,java.lang.String,com.netflix.netty.common.channel.config.ChannelConfig,com.netflix.netty.common.channel.config.ChannelConfig,io.netty.channel.group.ChannelGroup)	<T>get(com.netflix.netty.common.channel.config.ChannelConfigKey<T>)	com.netflix.netty.common.channel.config.ChannelConfig	SOURCE
com.netflix.zuul.netty.server.BaseZuulChannelInitializer	BaseZuulChannelInitializer(int,java.lang.String,com.netflix.netty.common.channel.config.ChannelConfig,com.netflix.netty.common.channel.config.ChannelConfig,io.netty.channel.group.ChannelGroup)	<T>get(com.netflix.netty.common.channel.config.ChannelConfigKey<T>)	com.netflix.netty.common.channel.config.ChannelConfig	SOURCE
com.netflix.zuul.netty.server.BaseZuulChannelInitializer	BaseZuulChannelInitializer(int,java.lang.String,com.netflix.netty.common.channel.config.ChannelConfig,com.netflix.netty.common.channel.config.ChannelConfig,io.netty.channel.group.ChannelGroup)	<T>get(com.netflix.netty.common.channel.config.ChannelConfigKey<T>)	com.netflix.netty.common.channel.config.ChannelConfig	SOURCE
com.netflix.zuul.netty.server.BaseZuulChannelInitializer	BaseZuulChannelInitializer(int,java.lang.String,com.netflix.netty.common.channel.config.ChannelConfig,com.netflix.netty.common.channel.config.ChannelConfig,io.netty.channel.group.ChannelGroup)	<T>get(com.netflix.netty.common.channel.config.ChannelConfigKey<T>)	com.netflix.netty.common.channel.config.ChannelConfig	SOURCE
com.netflix.zuul.netty.server.BaseZuulChannelInitializer	BaseZuulChannelInitializer(int,java.lang.String,com.netflix.netty.common.channel.config.ChannelConfig,com.netflix.netty.common.channel.config.ChannelConfig,io.netty.channel.group.ChannelGroup)	HttpMetricsChannelHandler(com.netflix.spectator.api.Registry,java.lang.String,java.lang.String)	com.netflix.netty.common.metrics.HttpMetricsChannelHandler	SOURCE
com.netflix.zuul.netty.server.BaseZuulChannelInitializer	BaseZuulChannelInitializer(int,java.lang.String,com.netflix.netty.common.channel.config.ChannelConfig,com.netflix.netty.common.channel.config.ChannelConfig,io.netty.channel.group.ChannelGroup)	<T>get(com.netflix.netty.common.channel.config.ChannelConfigKey<T>)	com.netflix.netty.common.channel.config.ChannelConfig	SOURCE
com.netflix.zuul.netty.server.BaseZuulChannelInitializer	BaseZuulChannelInitializer(int,java.lang.String,com.netflix.netty.common.channel.config.ChannelConfig,com.netflix.netty.common.channel.config.ChannelConfig,io.netty.channel.group.ChannelGroup)	PerEventLoopMetricsChannelHandler(com.netflix.netty.common.metrics.EventLoopGroupMetrics)	com.netflix.netty.common.metrics.PerEventLoopMetricsChannelHandler	SOURCE
com.netflix.zuul.netty.server.BaseZuulChannelInitializer	BaseZuulChannelInitializer(int,java.lang.String,com.netflix.netty.common.channel.config.ChannelConfig,com.netflix.netty.common.channel.config.ChannelConfig,io.netty.channel.group.ChannelGroup)	Connections()	com.netflix.netty.common.metrics.PerEventLoopMetricsChannelHandler$Connections	SOURCE
com.netflix.zuul.netty.server.BaseZuulChannelInitializer	BaseZuulChannelInitializer(int,java.lang.String,com.netflix.netty.common.channel.config.ChannelConfig,com.netflix.netty.common.channel.config.ChannelConfig,io.netty.channel.group.ChannelGroup)	HttpRequests()	com.netflix.netty.common.metrics.PerEventLoopMetricsChannelHandler$HttpRequests	SOURCE
com.netflix.zuul.netty.server.BaseZuulChannelInitializer	BaseZuulChannelInitializer(int,java.lang.String,com.netflix.netty.common.channel.config.ChannelConfig,com.netflix.netty.common.channel.config.ChannelConfig,io.netty.channel.group.ChannelGroup)	<T>get(com.netflix.netty.common.channel.config.ChannelConfigKey<T>)	com.netflix.netty.common.channel.config.ChannelConfig	SOURCE
com.netflix.zuul.netty.server.BaseZuulChannelInitializer	BaseZuulChannelInitializer(int,java.lang.String,com.netflix.netty.common.channel.config.ChannelConfig,com.netflix.netty.common.channel.config.ChannelConfig,io.netty.channel.group.ChannelGroup)	MaxInboundConnectionsHandler(com.netflix.spectator.api.Registry,java.lang.String,int)	com.netflix.netty.common.throttle.MaxInboundConnectionsHandler	SOURCE
com.netflix.zuul.netty.server.BaseZuulChannelInitializer	BaseZuulChannelInitializer(int,java.lang.String,com.netflix.netty.common.channel.config.ChannelConfig,com.netflix.netty.common.channel.config.ChannelConfig,io.netty.channel.group.ChannelGroup)	<T>get(com.netflix.netty.common.channel.config.ChannelConfigKey<T>)	com.netflix.netty.common.channel.config.ChannelConfig	SOURCE
com.netflix.zuul.netty.server.BaseZuulChannelInitializer	BaseZuulChannelInitializer(int,java.lang.String,com.netflix.netty.common.channel.config.ChannelConfig,com.netflix.netty.common.channel.config.ChannelConfig,io.netty.channel.group.ChannelGroup)	<T>get(com.netflix.netty.common.channel.config.ChannelConfigKey<T>)	com.netflix.netty.common.channel.config.ChannelConfig	SOURCE
com.netflix.zuul.netty.server.BaseZuulChannelInitializer	BaseZuulChannelInitializer(int,java.lang.String,com.netflix.netty.common.channel.config.ChannelConfig,com.netflix.netty.common.channel.config.ChannelConfig,io.netty.channel.group.ChannelGroup)	<T>get(com.netflix.netty.common.channel.config.ChannelConfigKey<T>)	com.netflix.netty.common.channel.config.ChannelConfig	SOURCE
com.netflix.zuul.netty.server.BaseZuulChannelInitializer	BaseZuulChannelInitializer(int,java.lang.String,com.netflix.netty.common.channel.config.ChannelConfig,com.netflix.netty.common.channel.config.ChannelConfig,io.netty.channel.group.ChannelGroup)	<T>get(com.netflix.netty.common.channel.config.ChannelConfigKey<T>)	com.netflix.netty.common.channel.config.ChannelConfig	SOURCE
com.netflix.zuul.netty.server.BaseZuulChannelInitializer	BaseZuulChannelInitializer(int,java.lang.String,com.netflix.netty.common.channel.config.ChannelConfig,com.netflix.netty.common.channel.config.ChannelConfig,io.netty.channel.group.ChannelGroup)	<T>get(com.netflix.netty.common.channel.config.ChannelConfigKey<T>)	com.netflix.netty.common.channel.config.ChannelConfig	SOURCE
com.netflix.zuul.netty.server.BaseZuulChannelInitializer	BaseZuulChannelInitializer(int,java.lang.String,com.netflix.netty.common.channel.config.ChannelConfig,com.netflix.netty.common.channel.config.ChannelConfig,io.netty.channel.group.ChannelGroup)	StripUntrustedProxyHeadersHandler(com.netflix.netty.common.proxyprotocol.StripUntrustedProxyHeadersHandler.AllowWhen)	com.netflix.netty.common.proxyprotocol.StripUntrustedProxyHeadersHandler	SOURCE
com.netflix.zuul.netty.server.BaseZuulChannelInitializer	BaseZuulChannelInitializer(int,java.lang.String,com.netflix.netty.common.channel.config.ChannelConfig,com.netflix.netty.common.channel.config.ChannelConfig,io.netty.channel.group.ChannelGroup)	get()	javax.inject.Provider	SOURCE
com.netflix.zuul.netty.server.BaseZuulChannelInitializer	BaseZuulChannelInitializer(int,java.lang.String,com.netflix.netty.common.channel.config.ChannelConfig,com.netflix.netty.common.channel.config.ChannelConfig,io.netty.channel.group.ChannelGroup)	<T>get(com.netflix.netty.common.channel.config.ChannelConfigKey<T>)	com.netflix.netty.common.channel.config.ChannelConfig	SOURCE
com.netflix.zuul.netty.server.BaseZuulChannelInitializer	BaseZuulChannelInitializer(int,java.lang.String,com.netflix.netty.common.channel.config.ChannelConfig,com.netflix.netty.common.channel.config.ChannelConfig,io.netty.channel.group.ChannelGroup)	get()	javax.inject.Provider	SOURCE
com.netflix.zuul.netty.server.BaseZuulChannelInitializer	BaseZuulChannelInitializer(int,java.lang.String,com.netflix.netty.common.channel.config.ChannelConfig,com.netflix.netty.common.channel.config.ChannelConfig,io.netty.channel.group.ChannelGroup)	<T>get(com.netflix.netty.common.channel.config.ChannelConfigKey<T>)	com.netflix.netty.common.channel.config.ChannelConfig	SOURCE
com.netflix.zuul.netty.server.BaseZuulChannelInitializer	BaseZuulChannelInitializer(int,java.lang.String,com.netflix.netty.common.channel.config.ChannelConfig,com.netflix.netty.common.channel.config.ChannelConfig,io.netty.channel.group.ChannelGroup)	PassportLoggingHandler(com.netflix.spectator.api.Registry)	com.netflix.zuul.netty.insights.PassportLoggingHandler	SOURCE
com.netflix.zuul.netty.server.BaseZuulChannelInitializer	BaseZuulChannelInitializer(int,java.lang.String,com.netflix.netty.common.channel.config.ChannelConfig,com.netflix.netty.common.channel.config.ChannelConfig,io.netty.channel.group.ChannelGroup)	<T>get(com.netflix.netty.common.channel.config.ChannelConfigKey<T>)	com.netflix.netty.common.channel.config.ChannelConfig	SOURCE
com.netflix.zuul.netty.server.BaseZuulChannelInitializer	BaseZuulChannelInitializer(int,java.lang.String,com.netflix.netty.common.channel.config.ChannelConfig,com.netflix.netty.common.channel.config.ChannelConfig,io.netty.channel.group.ChannelGroup)	<T>get(com.netflix.netty.common.channel.config.ChannelConfigKey<T>)	com.netflix.netty.common.channel.config.ChannelConfig	SOURCE
com.netflix.zuul.netty.server.BaseZuulChannelInitializer	BaseZuulChannelInitializer(int,java.lang.String,com.netflix.netty.common.channel.config.ChannelConfig,com.netflix.netty.common.channel.config.ChannelConfig,io.netty.channel.group.ChannelGroup)	<T>get(com.netflix.netty.common.channel.config.ChannelConfigKey<T>)	com.netflix.netty.common.channel.config.ChannelConfig	SOURCE
com.netflix.zuul.netty.server.BaseZuulChannelInitializer	BaseZuulChannelInitializer(int,java.lang.String,com.netflix.netty.common.channel.config.ChannelConfig,com.netflix.netty.common.channel.config.ChannelConfig,io.netty.channel.group.ChannelGroup)	<T>get(com.netflix.netty.common.channel.config.ChannelConfigKey<T>)	com.netflix.netty.common.channel.config.ChannelConfig	SOURCE
com.netflix.zuul.netty.server.BaseZuulChannelInitializer	BaseZuulChannelInitializer(int,java.lang.String,com.netflix.netty.common.channel.config.ChannelConfig,com.netflix.netty.common.channel.config.ChannelConfig,io.netty.channel.group.ChannelGroup)	<T>get(com.netflix.netty.common.channel.config.ChannelConfigKey<T>)	com.netflix.netty.common.channel.config.ChannelConfig	SOURCE
com.netflix.zuul.netty.server.BaseZuulChannelInitializer	BaseZuulChannelInitializer(int,java.lang.String,com.netflix.netty.common.channel.config.ChannelConfig,com.netflix.netty.common.channel.config.ChannelConfig,io.netty.channel.group.ChannelGroup)	SourceAddressChannelHandler()	com.netflix.netty.common.SourceAddressChannelHandler	SOURCE
com.netflix.zuul.netty.server.BaseZuulChannelInitializer	storeChannel(io.netty.channel.Channel)	add(E)	java.util.Set	SOURCE
com.netflix.zuul.netty.server.BaseZuulChannelInitializer	storeChannel(io.netty.channel.Channel)	set(T)	io.netty.util.Attribute	SOURCE
com.netflix.zuul.netty.server.BaseZuulChannelInitializer	storeChannel(io.netty.channel.Channel)	<T>attr(io.netty.util.AttributeKey<T>)	io.netty.util.AttributeMap	SOURCE
com.netflix.zuul.netty.server.BaseZuulChannelInitializer	addPassportHandler(io.netty.channel.ChannelPipeline)	addLast(io.netty.channel.ChannelHandler...)	io.netty.channel.ChannelPipeline	SOURCE
com.netflix.zuul.netty.server.BaseZuulChannelInitializer	addPassportHandler(io.netty.channel.ChannelPipeline)	InboundHandler(com.netflix.spectator.api.Registry,java.lang.String)	com.netflix.zuul.netty.insights.ServerStateHandler$InboundHandler	SOURCE
com.netflix.zuul.netty.server.BaseZuulChannelInitializer	addPassportHandler(io.netty.channel.ChannelPipeline)	addLast(io.netty.channel.ChannelHandler...)	io.netty.channel.ChannelPipeline	SOURCE
com.netflix.zuul.netty.server.BaseZuulChannelInitializer	addPassportHandler(io.netty.channel.ChannelPipeline)	OutboundHandler(com.netflix.spectator.api.Registry)	com.netflix.zuul.netty.insights.ServerStateHandler$OutboundHandler	SOURCE
com.netflix.zuul.netty.server.BaseZuulChannelInitializer	addTcpRelatedHandlers(io.netty.channel.ChannelPipeline)	addLast(io.netty.channel.ChannelHandler...)	io.netty.channel.ChannelPipeline	SOURCE
com.netflix.zuul.netty.server.BaseZuulChannelInitializer	addTcpRelatedHandlers(io.netty.channel.ChannelPipeline)	addLast(io.netty.channel.ChannelHandler...)	io.netty.channel.ChannelPipeline	SOURCE
com.netflix.zuul.netty.server.BaseZuulChannelInitializer	addTcpRelatedHandlers(io.netty.channel.ChannelPipeline)	addProxyProtocol(io.netty.channel.ChannelPipeline)	com.netflix.netty.common.proxyprotocol.ElbProxyProtocolChannelHandler	SOURCE
com.netflix.zuul.netty.server.BaseZuulChannelInitializer	addTcpRelatedHandlers(io.netty.channel.ChannelPipeline)	ElbProxyProtocolChannelHandler(com.netflix.spectator.api.Registry,boolean)	com.netflix.netty.common.proxyprotocol.ElbProxyProtocolChannelHandler	SOURCE
com.netflix.zuul.netty.server.BaseZuulChannelInitializer	addTcpRelatedHandlers(io.netty.channel.ChannelPipeline)	addLast(io.netty.channel.ChannelHandler...)	io.netty.channel.ChannelPipeline	SOURCE
com.netflix.zuul.netty.server.BaseZuulChannelInitializer	addHttp1Handlers(io.netty.channel.ChannelPipeline)	addLast(java.lang.String,io.netty.channel.ChannelHandler)	io.netty.channel.ChannelPipeline	SOURCE
com.netflix.zuul.netty.server.BaseZuulChannelInitializer	addHttp1Handlers(io.netty.channel.ChannelPipeline)	createHttpServerCodec()	com.netflix.zuul.netty.server.BaseZuulChannelInitializer	SOURCE
com.netflix.zuul.netty.server.BaseZuulChannelInitializer	addHttp1Handlers(io.netty.channel.ChannelPipeline)	addLast(io.netty.channel.ChannelHandler...)	io.netty.channel.ChannelPipeline	SOURCE
com.netflix.zuul.netty.server.BaseZuulChannelInitializer	addHttp1Handlers(io.netty.channel.ChannelPipeline)	Http1ConnectionCloseHandler()	com.netflix.netty.common.Http1ConnectionCloseHandler	SOURCE
com.netflix.zuul.netty.server.BaseZuulChannelInitializer	addHttp1Handlers(io.netty.channel.ChannelPipeline)	addLast(java.lang.String,io.netty.channel.ChannelHandler)	io.netty.channel.ChannelPipeline	SOURCE
com.netflix.zuul.netty.server.BaseZuulChannelInitializer	addHttp1Handlers(io.netty.channel.ChannelPipeline)	Http1ConnectionExpiryHandler(int,int,int)	com.netflix.netty.common.Http1ConnectionExpiryHandler	SOURCE
com.netflix.zuul.netty.server.BaseZuulChannelInitializer	createHttpServerCodec()	HttpServerCodec(int,int,int,boolean)	io.netty.handler.codec.http.HttpServerCodec	SOURCE
com.netflix.zuul.netty.server.BaseZuulChannelInitializer	createHttpServerCodec()	get()	com.netflix.config.CachedDynamicIntProperty	SOURCE
com.netflix.zuul.netty.server.BaseZuulChannelInitializer	createHttpServerCodec()	get()	com.netflix.config.CachedDynamicIntProperty	SOURCE
com.netflix.zuul.netty.server.BaseZuulChannelInitializer	createHttpServerCodec()	get()	com.netflix.config.CachedDynamicIntProperty	SOURCE
com.netflix.zuul.netty.server.BaseZuulChannelInitializer	addHttpRelatedHandlers(io.netty.channel.ChannelPipeline)	addLast(io.netty.channel.ChannelHandler...)	io.netty.channel.ChannelPipeline	SOURCE
com.netflix.zuul.netty.server.BaseZuulChannelInitializer	addHttpRelatedHandlers(io.netty.channel.ChannelPipeline)	InboundHandler()	com.netflix.zuul.netty.insights.PassportStateHttpServerHandler$InboundHandler	SOURCE
com.netflix.zuul.netty.server.BaseZuulChannelInitializer	addHttpRelatedHandlers(io.netty.channel.ChannelPipeline)	addLast(io.netty.channel.ChannelHandler...)	io.netty.channel.ChannelPipeline	SOURCE
com.netflix.zuul.netty.server.BaseZuulChannelInitializer	addHttpRelatedHandlers(io.netty.channel.ChannelPipeline)	OutboundHandler()	com.netflix.zuul.netty.insights.PassportStateHttpServerHandler$OutboundHandler	SOURCE
com.netflix.zuul.netty.server.BaseZuulChannelInitializer	addHttpRelatedHandlers(io.netty.channel.ChannelPipeline)	addLast(io.netty.channel.ChannelPipeline,long,java.util.concurrent.TimeUnit,com.netflix.spectator.api.Counter)	com.netflix.netty.common.HttpRequestReadTimeoutHandler	SOURCE
com.netflix.zuul.netty.server.BaseZuulChannelInitializer	addHttpRelatedHandlers(io.netty.channel.ChannelPipeline)	addLast(io.netty.channel.ChannelHandler...)	io.netty.channel.ChannelPipeline	SOURCE
com.netflix.zuul.netty.server.BaseZuulChannelInitializer	addHttpRelatedHandlers(io.netty.channel.ChannelPipeline)	HttpServerLifecycleInboundChannelHandler()	com.netflix.netty.common.HttpServerLifecycleChannelHandler$HttpServerLifecycleInboundChannelHandler	SOURCE
com.netflix.zuul.netty.server.BaseZuulChannelInitializer	addHttpRelatedHandlers(io.netty.channel.ChannelPipeline)	addLast(io.netty.channel.ChannelHandler...)	io.netty.channel.ChannelPipeline	SOURCE
com.netflix.zuul.netty.server.BaseZuulChannelInitializer	addHttpRelatedHandlers(io.netty.channel.ChannelPipeline)	HttpServerLifecycleOutboundChannelHandler()	com.netflix.netty.common.HttpServerLifecycleChannelHandler$HttpServerLifecycleOutboundChannelHandler	SOURCE
com.netflix.zuul.netty.server.BaseZuulChannelInitializer	addHttpRelatedHandlers(io.netty.channel.ChannelPipeline)	addLast(io.netty.channel.ChannelHandler...)	io.netty.channel.ChannelPipeline	SOURCE
com.netflix.zuul.netty.server.BaseZuulChannelInitializer	addHttpRelatedHandlers(io.netty.channel.ChannelPipeline)	InboundChannelHandler()	com.netflix.netty.common.metrics.HttpBodySizeRecordingChannelHandler$InboundChannelHandler	SOURCE
com.netflix.zuul.netty.server.BaseZuulChannelInitializer	addHttpRelatedHandlers(io.netty.channel.ChannelPipeline)	addLast(io.netty.channel.ChannelHandler...)	io.netty.channel.ChannelPipeline	SOURCE
com.netflix.zuul.netty.server.BaseZuulChannelInitializer	addHttpRelatedHandlers(io.netty.channel.ChannelPipeline)	OutboundChannelHandler()	com.netflix.netty.common.metrics.HttpBodySizeRecordingChannelHandler$OutboundChannelHandler	SOURCE
com.netflix.zuul.netty.server.BaseZuulChannelInitializer	addHttpRelatedHandlers(io.netty.channel.ChannelPipeline)	addLast(io.netty.channel.ChannelHandler...)	io.netty.channel.ChannelPipeline	SOURCE
com.netflix.zuul.netty.server.BaseZuulChannelInitializer	addHttpRelatedHandlers(io.netty.channel.ChannelPipeline)	addLast(io.netty.channel.ChannelHandler...)	io.netty.channel.ChannelPipeline	SOURCE
com.netflix.zuul.netty.server.BaseZuulChannelInitializer	addHttpRelatedHandlers(io.netty.channel.ChannelPipeline)	addLast(io.netty.channel.ChannelHandler...)	io.netty.channel.ChannelPipeline	SOURCE
com.netflix.zuul.netty.server.BaseZuulChannelInitializer	addHttpRelatedHandlers(io.netty.channel.ChannelPipeline)	AccessLogInboundChannelHandler(com.netflix.netty.common.accesslog.AccessLogPublisher)	com.netflix.netty.common.accesslog.AccessLogChannelHandler$AccessLogInboundChannelHandler	SOURCE
com.netflix.zuul.netty.server.BaseZuulChannelInitializer	addHttpRelatedHandlers(io.netty.channel.ChannelPipeline)	addLast(io.netty.channel.ChannelHandler...)	io.netty.channel.ChannelPipeline	SOURCE
com.netflix.zuul.netty.server.BaseZuulChannelInitializer	addHttpRelatedHandlers(io.netty.channel.ChannelPipeline)	AccessLogOutboundChannelHandler()	com.netflix.netty.common.accesslog.AccessLogChannelHandler$AccessLogOutboundChannelHandler	SOURCE
com.netflix.zuul.netty.server.BaseZuulChannelInitializer	addHttpRelatedHandlers(io.netty.channel.ChannelPipeline)	addLast(io.netty.channel.ChannelHandler...)	io.netty.channel.ChannelPipeline	SOURCE
com.netflix.zuul.netty.server.BaseZuulChannelInitializer	addHttpRelatedHandlers(io.netty.channel.ChannelPipeline)	addLast(io.netty.channel.ChannelHandler...)	io.netty.channel.ChannelPipeline	SOURCE
com.netflix.zuul.netty.server.BaseZuulChannelInitializer	addTimeoutHandlers(io.netty.channel.ChannelPipeline)	addLast(io.netty.channel.ChannelHandler...)	io.netty.channel.ChannelPipeline	SOURCE
com.netflix.zuul.netty.server.BaseZuulChannelInitializer	addTimeoutHandlers(io.netty.channel.ChannelPipeline)	IdleStateHandler(long,long,long,java.util.concurrent.TimeUnit)	io.netty.handler.timeout.IdleStateHandler	SOURCE
com.netflix.zuul.netty.server.BaseZuulChannelInitializer	addTimeoutHandlers(io.netty.channel.ChannelPipeline)	addLast(io.netty.channel.ChannelHandler...)	io.netty.channel.ChannelPipeline	SOURCE
com.netflix.zuul.netty.server.BaseZuulChannelInitializer	addTimeoutHandlers(io.netty.channel.ChannelPipeline)	CloseOnIdleStateHandler(com.netflix.spectator.api.Registry,java.lang.String)	com.netflix.netty.common.CloseOnIdleStateHandler	SOURCE
com.netflix.zuul.netty.server.BaseZuulChannelInitializer	addSslInfoHandlers(io.netty.channel.ChannelPipeline,boolean)	addLast(java.lang.String,io.netty.channel.ChannelHandler)	io.netty.channel.ChannelPipeline	SOURCE
com.netflix.zuul.netty.server.BaseZuulChannelInitializer	addSslInfoHandlers(io.netty.channel.ChannelPipeline,boolean)	SslHandshakeInfoHandler(com.netflix.spectator.api.Registry,boolean)	com.netflix.zuul.netty.server.ssl.SslHandshakeInfoHandler	SOURCE
com.netflix.zuul.netty.server.BaseZuulChannelInitializer	addSslClientCertChecks(io.netty.channel.ChannelPipeline)	<T>get(com.netflix.netty.common.channel.config.ChannelConfigKey<T>)	com.netflix.netty.common.channel.config.ChannelConfig	SOURCE
com.netflix.zuul.netty.server.BaseZuulChannelInitializer	addSslClientCertChecks(io.netty.channel.ChannelPipeline)	IllegalArgumentException(java.lang.String)	java.lang.IllegalArgumentException	SOURCE
com.netflix.zuul.netty.server.BaseZuulChannelInitializer	addSslClientCertChecks(io.netty.channel.ChannelPipeline)	addLast(io.netty.channel.ChannelHandler...)	io.netty.channel.ChannelPipeline	SOURCE
com.netflix.zuul.netty.server.BaseZuulChannelInitializer	addZuulHandlers(io.netty.channel.ChannelPipeline)	addLast(java.lang.String,io.netty.channel.ChannelHandler)	io.netty.channel.ChannelPipeline	SOURCE
com.netflix.zuul.netty.server.BaseZuulChannelInitializer	addZuulHandlers(io.netty.channel.ChannelPipeline)	addLast(io.netty.channel.ChannelHandler...)	io.netty.channel.ChannelPipeline	SOURCE
com.netflix.zuul.netty.server.BaseZuulChannelInitializer	addZuulHandlers(io.netty.channel.ChannelPipeline)	ClientRequestReceiver(com.netflix.zuul.context.SessionContextDecorator)	com.netflix.zuul.netty.server.ClientRequestReceiver	SOURCE
com.netflix.zuul.netty.server.BaseZuulChannelInitializer	addZuulHandlers(io.netty.channel.ChannelPipeline)	addLast(io.netty.channel.ChannelHandler...)	io.netty.channel.ChannelPipeline	SOURCE
com.netflix.zuul.netty.server.BaseZuulChannelInitializer	addZuulHandlers(io.netty.channel.ChannelPipeline)	addZuulFilterChainHandler(io.netty.channel.ChannelPipeline)	com.netflix.zuul.netty.server.BaseZuulChannelInitializer	SOURCE
com.netflix.zuul.netty.server.BaseZuulChannelInitializer	addZuulHandlers(io.netty.channel.ChannelPipeline)	addLast(io.netty.channel.ChannelHandler...)	io.netty.channel.ChannelPipeline	SOURCE
com.netflix.zuul.netty.server.BaseZuulChannelInitializer	addZuulHandlers(io.netty.channel.ChannelPipeline)	ClientResponseWriter(com.netflix.zuul.RequestCompleteHandler,com.netflix.spectator.api.Registry)	com.netflix.zuul.netty.server.ClientResponseWriter	SOURCE
com.netflix.zuul.netty.server.BaseZuulChannelInitializer	addZuulFilterChainHandler(io.netty.channel.ChannelPipeline)	<T>getFilters(com.netflix.zuul.filters.ZuulFilter<T,T>,com.netflix.zuul.filters.ZuulFilter<T,T>)	com.netflix.zuul.netty.server.BaseZuulChannelInitializer	SOURCE
com.netflix.zuul.netty.server.BaseZuulChannelInitializer	addZuulFilterChainHandler(io.netty.channel.ChannelPipeline)	OutboundPassportStampingFilter(com.netflix.zuul.passport.PassportState)	com.netflix.zuul.filters.passport.OutboundPassportStampingFilter	SOURCE
com.netflix.zuul.netty.server.BaseZuulChannelInitializer	addZuulFilterChainHandler(io.netty.channel.ChannelPipeline)	OutboundPassportStampingFilter(com.netflix.zuul.passport.PassportState)	com.netflix.zuul.filters.passport.OutboundPassportStampingFilter	SOURCE
com.netflix.zuul.netty.server.BaseZuulChannelInitializer	addZuulFilterChainHandler(io.netty.channel.ChannelPipeline)	<T>getFilterChainRunner(com.netflix.zuul.filters.ZuulFilter<T,T>[],com.netflix.zuul.FilterUsageNotifier)	com.netflix.zuul.netty.server.BaseZuulChannelInitializer	SOURCE
com.netflix.zuul.netty.server.BaseZuulChannelInitializer	addZuulFilterChainHandler(io.netty.channel.ChannelPipeline)	getEndpointRunner(com.netflix.zuul.netty.filter.ZuulFilterChainRunner<com.netflix.zuul.message.http.HttpResponseMessage>,com.netflix.zuul.FilterUsageNotifier,com.netflix.zuul.FilterLoader)	com.netflix.zuul.netty.server.BaseZuulChannelInitializer	SOURCE
com.netflix.zuul.netty.server.BaseZuulChannelInitializer	addZuulFilterChainHandler(io.netty.channel.ChannelPipeline)	<T>getFilters(com.netflix.zuul.filters.ZuulFilter<T,T>,com.netflix.zuul.filters.ZuulFilter<T,T>)	com.netflix.zuul.netty.server.BaseZuulChannelInitializer	SOURCE
com.netflix.zuul.netty.server.BaseZuulChannelInitializer	addZuulFilterChainHandler(io.netty.channel.ChannelPipeline)	InboundPassportStampingFilter(com.netflix.zuul.passport.PassportState)	com.netflix.zuul.filters.passport.InboundPassportStampingFilter	SOURCE
com.netflix.zuul.netty.server.BaseZuulChannelInitializer	addZuulFilterChainHandler(io.netty.channel.ChannelPipeline)	InboundPassportStampingFilter(com.netflix.zuul.passport.PassportState)	com.netflix.zuul.filters.passport.InboundPassportStampingFilter	SOURCE
com.netflix.zuul.netty.server.BaseZuulChannelInitializer	addZuulFilterChainHandler(io.netty.channel.ChannelPipeline)	<T,R>getFilterChainRunner(com.netflix.zuul.filters.ZuulFilter<T,T>[],com.netflix.zuul.FilterUsageNotifier,com.netflix.zuul.netty.filter.FilterRunner<T,R>)	com.netflix.zuul.netty.server.BaseZuulChannelInitializer	SOURCE
com.netflix.zuul.netty.server.BaseZuulChannelInitializer	addZuulFilterChainHandler(io.netty.channel.ChannelPipeline)	addLast(io.netty.channel.ChannelHandler...)	io.netty.channel.ChannelPipeline	SOURCE
com.netflix.zuul.netty.server.BaseZuulChannelInitializer	addZuulFilterChainHandler(io.netty.channel.ChannelPipeline)	ZuulFilterChainHandler(com.netflix.zuul.netty.filter.ZuulFilterChainRunner<com.netflix.zuul.message.http.HttpRequestMessage>,com.netflix.zuul.netty.filter.ZuulFilterChainRunner<com.netflix.zuul.message.http.HttpResponseMessage>)	com.netflix.zuul.netty.filter.ZuulFilterChainHandler	SOURCE
com.netflix.zuul.netty.server.BaseZuulChannelInitializer	getEndpointRunner(com.netflix.zuul.netty.filter.ZuulFilterChainRunner<com.netflix.zuul.message.http.HttpResponseMessage>,com.netflix.zuul.FilterUsageNotifier,com.netflix.zuul.FilterLoader)	ZuulEndPointRunner(com.netflix.zuul.FilterUsageNotifier,com.netflix.zuul.FilterLoader,com.netflix.zuul.netty.filter.FilterRunner<com.netflix.zuul.message.http.HttpResponseMessage,com.netflix.zuul.message.http.HttpResponseMessage>,com.netflix.spectator.api.Registry)	com.netflix.zuul.netty.filter.ZuulEndPointRunner	SOURCE
com.netflix.zuul.netty.server.BaseZuulChannelInitializer	<T>getFilterChainRunner(com.netflix.zuul.filters.ZuulFilter<T,T>[],com.netflix.zuul.FilterUsageNotifier)	ZuulFilterChainRunner(com.netflix.zuul.filters.ZuulFilter<T,T>[],com.netflix.zuul.FilterUsageNotifier,com.netflix.spectator.api.Registry)	com.netflix.zuul.netty.filter.ZuulFilterChainRunner	SOURCE
com.netflix.zuul.netty.server.BaseZuulChannelInitializer	<T,R>getFilterChainRunner(com.netflix.zuul.filters.ZuulFilter<T,T>[],com.netflix.zuul.FilterUsageNotifier,com.netflix.zuul.netty.filter.FilterRunner<T,R>)	ZuulFilterChainRunner(com.netflix.zuul.filters.ZuulFilter<T,T>[],com.netflix.zuul.FilterUsageNotifier,com.netflix.zuul.netty.filter.FilterRunner<T,?>,com.netflix.spectator.api.Registry)	com.netflix.zuul.netty.filter.ZuulFilterChainRunner	SOURCE
com.netflix.zuul.netty.server.BaseZuulChannelInitializer	<T>getFilters(com.netflix.zuul.filters.ZuulFilter<T,T>,com.netflix.zuul.filters.ZuulFilter<T,T>)	getFiltersByType(com.netflix.zuul.filters.FilterType)	com.netflix.zuul.FilterLoader	SOURCE
com.netflix.zuul.netty.server.BaseZuulChannelInitializer	<T>getFilters(com.netflix.zuul.filters.ZuulFilter<T,T>,com.netflix.zuul.filters.ZuulFilter<T,T>)	filterType()	com.netflix.zuul.filters.ZuulFilter	SOURCE
com.netflix.zuul.netty.server.BaseZuulChannelInitializer	<T>getFilters(com.netflix.zuul.filters.ZuulFilter<T,T>,com.netflix.zuul.filters.ZuulFilter<T,T>)	size()	java.util.Set	SOURCE
com.netflix.zuul.netty.connectionpool.DefaultOriginChannelInitializer	DefaultOriginChannelInitializer(com.netflix.zuul.netty.connectionpool.ConnectionPoolConfig,com.netflix.spectator.api.Registry)	OriginChannelInitializer()	com.netflix.zuul.netty.connectionpool.OriginChannelInitializer	SOURCE
com.netflix.zuul.netty.connectionpool.DefaultOriginChannelInitializer	DefaultOriginChannelInitializer(com.netflix.zuul.netty.connectionpool.ConnectionPoolConfig,com.netflix.spectator.api.Registry)	getNiwsClientName()	com.netflix.zuul.origins.OriginName	SOURCE
com.netflix.zuul.netty.connectionpool.DefaultOriginChannelInitializer	DefaultOriginChannelInitializer(com.netflix.zuul.netty.connectionpool.ConnectionPoolConfig,com.netflix.spectator.api.Registry)	getOriginName()	com.netflix.zuul.netty.connectionpool.ConnectionPoolConfig	SOURCE
com.netflix.zuul.netty.connectionpool.DefaultOriginChannelInitializer	DefaultOriginChannelInitializer(com.netflix.zuul.netty.connectionpool.ConnectionPoolConfig,com.netflix.spectator.api.Registry)	ConnectionPoolHandler(com.netflix.zuul.origins.OriginName)	com.netflix.zuul.netty.connectionpool.ConnectionPoolHandler	SOURCE
com.netflix.zuul.netty.connectionpool.DefaultOriginChannelInitializer	DefaultOriginChannelInitializer(com.netflix.zuul.netty.connectionpool.ConnectionPoolConfig,com.netflix.spectator.api.Registry)	getOriginName()	com.netflix.zuul.netty.connectionpool.ConnectionPoolConfig	SOURCE
com.netflix.zuul.netty.connectionpool.DefaultOriginChannelInitializer	DefaultOriginChannelInitializer(com.netflix.zuul.netty.connectionpool.ConnectionPoolConfig,com.netflix.spectator.api.Registry)	HttpMetricsChannelHandler(com.netflix.spectator.api.Registry,java.lang.String,java.lang.String)	com.netflix.netty.common.metrics.HttpMetricsChannelHandler	SOURCE
com.netflix.zuul.netty.connectionpool.DefaultOriginChannelInitializer	DefaultOriginChannelInitializer(com.netflix.zuul.netty.connectionpool.ConnectionPoolConfig,com.netflix.spectator.api.Registry)	LoggingHandler(java.lang.String,io.netty.handler.logging.LogLevel)	io.netty.handler.logging.LoggingHandler	SOURCE
com.netflix.zuul.netty.connectionpool.DefaultOriginChannelInitializer	DefaultOriginChannelInitializer(com.netflix.zuul.netty.connectionpool.ConnectionPoolConfig,com.netflix.spectator.api.Registry)	getClientSslContext(com.netflix.spectator.api.Registry)	com.netflix.zuul.netty.connectionpool.DefaultOriginChannelInitializer	SOURCE
com.netflix.zuul.netty.connectionpool.DefaultOriginChannelInitializer	initChannel(io.netty.channel.Channel)	pipeline()	io.netty.channel.Channel	SOURCE
com.netflix.zuul.netty.connectionpool.DefaultOriginChannelInitializer	initChannel(io.netty.channel.Channel)	addLast(io.netty.channel.ChannelHandler...)	io.netty.channel.ChannelPipeline	SOURCE
com.netflix.zuul.netty.connectionpool.DefaultOriginChannelInitializer	initChannel(io.netty.channel.Channel)	InboundHandler()	com.netflix.zuul.netty.insights.PassportStateOriginHandler$InboundHandler	SOURCE
com.netflix.zuul.netty.connectionpool.DefaultOriginChannelInitializer	initChannel(io.netty.channel.Channel)	addLast(io.netty.channel.ChannelHandler...)	io.netty.channel.ChannelPipeline	SOURCE
com.netflix.zuul.netty.connectionpool.DefaultOriginChannelInitializer	initChannel(io.netty.channel.Channel)	OutboundHandler()	com.netflix.zuul.netty.insights.PassportStateOriginHandler$OutboundHandler	SOURCE
com.netflix.zuul.netty.connectionpool.DefaultOriginChannelInitializer	initChannel(io.netty.channel.Channel)	isSecure()	com.netflix.zuul.netty.connectionpool.ConnectionPoolConfig	SOURCE
com.netflix.zuul.netty.connectionpool.DefaultOriginChannelInitializer	initChannel(io.netty.channel.Channel)	addLast(java.lang.String,io.netty.channel.ChannelHandler)	io.netty.channel.ChannelPipeline	SOURCE
com.netflix.zuul.netty.connectionpool.DefaultOriginChannelInitializer	initChannel(io.netty.channel.Channel)	newHandler(io.netty.buffer.ByteBufAllocator)	io.netty.handler.ssl.SslContext	SOURCE
com.netflix.zuul.netty.connectionpool.DefaultOriginChannelInitializer	initChannel(io.netty.channel.Channel)	alloc()	io.netty.channel.Channel	SOURCE
com.netflix.zuul.netty.connectionpool.DefaultOriginChannelInitializer	initChannel(io.netty.channel.Channel)	addLast(java.lang.String,io.netty.channel.ChannelHandler)	io.netty.channel.ChannelPipeline	SOURCE
com.netflix.zuul.netty.connectionpool.DefaultOriginChannelInitializer	initChannel(io.netty.channel.Channel)	HttpClientCodec(int,int,int,boolean,boolean)	io.netty.handler.codec.http.HttpClientCodec	SOURCE
com.netflix.zuul.netty.connectionpool.DefaultOriginChannelInitializer	initChannel(io.netty.channel.Channel)	get()	com.netflix.config.CachedDynamicIntProperty	SOURCE
com.netflix.zuul.netty.connectionpool.DefaultOriginChannelInitializer	initChannel(io.netty.channel.Channel)	get()	com.netflix.config.CachedDynamicIntProperty	SOURCE
com.netflix.zuul.netty.connectionpool.DefaultOriginChannelInitializer	initChannel(io.netty.channel.Channel)	get()	com.netflix.config.CachedDynamicIntProperty	SOURCE
com.netflix.zuul.netty.connectionpool.DefaultOriginChannelInitializer	initChannel(io.netty.channel.Channel)	addLast(io.netty.channel.ChannelHandler...)	io.netty.channel.ChannelPipeline	SOURCE
com.netflix.zuul.netty.connectionpool.DefaultOriginChannelInitializer	initChannel(io.netty.channel.Channel)	InboundHandler()	com.netflix.zuul.netty.insights.PassportStateHttpClientHandler$InboundHandler	SOURCE
com.netflix.zuul.netty.connectionpool.DefaultOriginChannelInitializer	initChannel(io.netty.channel.Channel)	addLast(io.netty.channel.ChannelHandler...)	io.netty.channel.ChannelPipeline	SOURCE
com.netflix.zuul.netty.connectionpool.DefaultOriginChannelInitializer	initChannel(io.netty.channel.Channel)	OutboundHandler()	com.netflix.zuul.netty.insights.PassportStateHttpClientHandler$OutboundHandler	SOURCE
com.netflix.zuul.netty.connectionpool.DefaultOriginChannelInitializer	initChannel(io.netty.channel.Channel)	addLast(java.lang.String,io.netty.channel.ChannelHandler)	io.netty.channel.ChannelPipeline	SOURCE
com.netflix.zuul.netty.connectionpool.DefaultOriginChannelInitializer	initChannel(io.netty.channel.Channel)	addLast(io.netty.channel.ChannelHandler...)	io.netty.channel.ChannelPipeline	SOURCE
com.netflix.zuul.netty.connectionpool.DefaultOriginChannelInitializer	initChannel(io.netty.channel.Channel)	addMethodBindingHandler(io.netty.channel.ChannelPipeline)	com.netflix.zuul.netty.connectionpool.DefaultOriginChannelInitializer	SOURCE
com.netflix.zuul.netty.connectionpool.DefaultOriginChannelInitializer	initChannel(io.netty.channel.Channel)	addLast(io.netty.channel.ChannelHandler...)	io.netty.channel.ChannelPipeline	SOURCE
com.netflix.zuul.netty.connectionpool.DefaultOriginChannelInitializer	initChannel(io.netty.channel.Channel)	addLast(io.netty.channel.ChannelHandler...)	io.netty.channel.ChannelPipeline	SOURCE
com.netflix.zuul.netty.connectionpool.DefaultOriginChannelInitializer	initChannel(io.netty.channel.Channel)	addLast(io.netty.channel.ChannelHandler...)	io.netty.channel.ChannelPipeline	SOURCE
com.netflix.zuul.netty.connectionpool.DefaultOriginChannelInitializer	initChannel(io.netty.channel.Channel)	InboundHandler()	com.netflix.zuul.netty.connectionpool.ClientTimeoutHandler$InboundHandler	SOURCE
com.netflix.zuul.netty.connectionpool.DefaultOriginChannelInitializer	initChannel(io.netty.channel.Channel)	addLast(io.netty.channel.ChannelHandler...)	io.netty.channel.ChannelPipeline	SOURCE
com.netflix.zuul.netty.connectionpool.DefaultOriginChannelInitializer	initChannel(io.netty.channel.Channel)	OutboundHandler()	com.netflix.zuul.netty.connectionpool.ClientTimeoutHandler$OutboundHandler	SOURCE
com.netflix.zuul.netty.connectionpool.DefaultOriginChannelInitializer	initChannel(io.netty.channel.Channel)	addLast(java.lang.String,io.netty.channel.ChannelHandler)	io.netty.channel.ChannelPipeline	SOURCE
com.netflix.zuul.netty.connectionpool.DefaultOriginChannelInitializer	getClientSslContext(com.netflix.spectator.api.Registry)	getClientSslContext()	com.netflix.zuul.netty.ssl.ClientSslContextFactory	SOURCE
com.netflix.zuul.netty.connectionpool.DefaultOriginChannelInitializer	getClientSslContext(com.netflix.spectator.api.Registry)	ClientSslContextFactory(com.netflix.spectator.api.Registry)	com.netflix.zuul.netty.ssl.ClientSslContextFactory	SOURCE
com.netflix.zuul.netty.server.http2.Http2OrHttpHandler	PROTOCOL_NAME	<T>valueOf(java.lang.String)	io.netty.util.AttributeKey	SOURCE
com.netflix.zuul.netty.server.http2.Http2OrHttpHandler	FRAME_LOGGER	DynamicHttp2FrameLogger(io.netty.handler.logging.LogLevel,java.lang.Class<?>)	com.netflix.netty.common.http2.DynamicHttp2FrameLogger	SOURCE
com.netflix.zuul.netty.server.http2.Http2OrHttpHandler	Http2OrHttpHandler(io.netty.channel.ChannelHandler,com.netflix.netty.common.channel.config.ChannelConfig,java.util.function.Consumer<io.netty.channel.ChannelPipeline>)	ApplicationProtocolNegotiationHandler(java.lang.String)	io.netty.handler.ssl.ApplicationProtocolNegotiationHandler	SOURCE
com.netflix.zuul.netty.server.http2.Http2OrHttpHandler	Http2OrHttpHandler(io.netty.channel.ChannelHandler,com.netflix.netty.common.channel.config.ChannelConfig,java.util.function.Consumer<io.netty.channel.ChannelPipeline>)	<T>get(com.netflix.netty.common.channel.config.ChannelConfigKey<T>)	com.netflix.netty.common.channel.config.ChannelConfig	SOURCE
com.netflix.zuul.netty.server.http2.Http2OrHttpHandler	Http2OrHttpHandler(io.netty.channel.ChannelHandler,com.netflix.netty.common.channel.config.ChannelConfig,java.util.function.Consumer<io.netty.channel.ChannelPipeline>)	<T>get(com.netflix.netty.common.channel.config.ChannelConfigKey<T>)	com.netflix.netty.common.channel.config.ChannelConfig	SOURCE
com.netflix.zuul.netty.server.http2.Http2OrHttpHandler	Http2OrHttpHandler(io.netty.channel.ChannelHandler,com.netflix.netty.common.channel.config.ChannelConfig,java.util.function.Consumer<io.netty.channel.ChannelPipeline>)	<T>get(com.netflix.netty.common.channel.config.ChannelConfigKey<T>)	com.netflix.netty.common.channel.config.ChannelConfig	SOURCE
com.netflix.zuul.netty.server.http2.Http2OrHttpHandler	Http2OrHttpHandler(io.netty.channel.ChannelHandler,com.netflix.netty.common.channel.config.ChannelConfig,java.util.function.Consumer<io.netty.channel.ChannelPipeline>)	<T>get(com.netflix.netty.common.channel.config.ChannelConfigKey<T>)	com.netflix.netty.common.channel.config.ChannelConfig	SOURCE
com.netflix.zuul.netty.server.http2.Http2OrHttpHandler	configurePipeline(io.netty.channel.ChannelHandlerContext,java.lang.String)	equals(java.lang.Object)	java.lang.String	SOURCE
com.netflix.zuul.netty.server.http2.Http2OrHttpHandler	configurePipeline(io.netty.channel.ChannelHandlerContext,java.lang.String)	set(T)	io.netty.util.Attribute	SOURCE
com.netflix.zuul.netty.server.http2.Http2OrHttpHandler	configurePipeline(io.netty.channel.ChannelHandlerContext,java.lang.String)	<T>attr(io.netty.util.AttributeKey<T>)	io.netty.util.AttributeMap	SOURCE
com.netflix.zuul.netty.server.http2.Http2OrHttpHandler	configurePipeline(io.netty.channel.ChannelHandlerContext,java.lang.String)	channel()	io.netty.channel.ChannelHandlerContext	SOURCE
com.netflix.zuul.netty.server.http2.Http2OrHttpHandler	configurePipeline(io.netty.channel.ChannelHandlerContext,java.lang.String)	configureHttp2(io.netty.channel.ChannelPipeline)	com.netflix.zuul.netty.server.http2.Http2OrHttpHandler	SOURCE
com.netflix.zuul.netty.server.http2.Http2OrHttpHandler	configurePipeline(io.netty.channel.ChannelHandlerContext,java.lang.String)	pipeline()	io.netty.channel.ChannelHandlerContext	SOURCE
com.netflix.zuul.netty.server.http2.Http2OrHttpHandler	configurePipeline(io.netty.channel.ChannelHandlerContext,java.lang.String)	equals(java.lang.Object)	java.lang.String	SOURCE
com.netflix.zuul.netty.server.http2.Http2OrHttpHandler	configurePipeline(io.netty.channel.ChannelHandlerContext,java.lang.String)	set(T)	io.netty.util.Attribute	SOURCE
com.netflix.zuul.netty.server.http2.Http2OrHttpHandler	configurePipeline(io.netty.channel.ChannelHandlerContext,java.lang.String)	<T>attr(io.netty.util.AttributeKey<T>)	io.netty.util.AttributeMap	SOURCE
com.netflix.zuul.netty.server.http2.Http2OrHttpHandler	configurePipeline(io.netty.channel.ChannelHandlerContext,java.lang.String)	channel()	io.netty.channel.ChannelHandlerContext	SOURCE
com.netflix.zuul.netty.server.http2.Http2OrHttpHandler	configurePipeline(io.netty.channel.ChannelHandlerContext,java.lang.String)	configureHttp1(io.netty.channel.ChannelPipeline)	com.netflix.zuul.netty.server.http2.Http2OrHttpHandler	SOURCE
com.netflix.zuul.netty.server.http2.Http2OrHttpHandler	configurePipeline(io.netty.channel.ChannelHandlerContext,java.lang.String)	pipeline()	io.netty.channel.ChannelHandlerContext	SOURCE
com.netflix.zuul.netty.server.http2.Http2OrHttpHandler	configurePipeline(io.netty.channel.ChannelHandlerContext,java.lang.String)	IllegalStateException(java.lang.String)	java.lang.IllegalStateException	SOURCE
com.netflix.zuul.netty.server.http2.Http2OrHttpHandler	configureHttp2(io.netty.channel.ChannelPipeline)	maxHeaderListSize(long)	io.netty.handler.codec.http2.Http2Settings	SOURCE
com.netflix.zuul.netty.server.http2.Http2OrHttpHandler	configureHttp2(io.netty.channel.ChannelPipeline)	headerTableSize(long)	io.netty.handler.codec.http2.Http2Settings	SOURCE
com.netflix.zuul.netty.server.http2.Http2OrHttpHandler	configureHttp2(io.netty.channel.ChannelPipeline)	initialWindowSize(int)	io.netty.handler.codec.http2.Http2Settings	SOURCE
com.netflix.zuul.netty.server.http2.Http2OrHttpHandler	configureHttp2(io.netty.channel.ChannelPipeline)	maxConcurrentStreams(long)	io.netty.handler.codec.http2.Http2Settings	SOURCE
com.netflix.zuul.netty.server.http2.Http2OrHttpHandler	configureHttp2(io.netty.channel.ChannelPipeline)	Http2Settings()	io.netty.handler.codec.http2.Http2Settings	SOURCE
com.netflix.zuul.netty.server.http2.Http2OrHttpHandler	configureHttp2(io.netty.channel.ChannelPipeline)	build()	io.netty.handler.codec.http2.Http2FrameCodecBuilder	SOURCE
com.netflix.zuul.netty.server.http2.Http2OrHttpHandler	configureHttp2(io.netty.channel.ChannelPipeline)	validateHeaders(boolean)	io.netty.handler.codec.http2.Http2FrameCodecBuilder	SOURCE
com.netflix.zuul.netty.server.http2.Http2OrHttpHandler	configureHttp2(io.netty.channel.ChannelPipeline)	initialSettings(io.netty.handler.codec.http2.Http2Settings)	io.netty.handler.codec.http2.Http2FrameCodecBuilder	SOURCE
com.netflix.zuul.netty.server.http2.Http2OrHttpHandler	configureHttp2(io.netty.channel.ChannelPipeline)	frameLogger(io.netty.handler.codec.http2.Http2FrameLogger)	io.netty.handler.codec.http2.Http2FrameCodecBuilder	SOURCE
com.netflix.zuul.netty.server.http2.Http2OrHttpHandler	configureHttp2(io.netty.channel.ChannelPipeline)	forServer()	io.netty.handler.codec.http2.Http2FrameCodecBuilder	SOURCE
com.netflix.zuul.netty.server.http2.Http2OrHttpHandler	configureHttp2(io.netty.channel.ChannelPipeline)	connection()	io.netty.handler.codec.http2.Http2ConnectionHandler	SOURCE
com.netflix.zuul.netty.server.http2.Http2OrHttpHandler	configureHttp2(io.netty.channel.ChannelPipeline)	flowController(F)	io.netty.handler.codec.http2.Http2Connection$Endpoint	SOURCE
com.netflix.zuul.netty.server.http2.Http2OrHttpHandler	configureHttp2(io.netty.channel.ChannelPipeline)	remote()	io.netty.handler.codec.http2.Http2Connection	SOURCE
com.netflix.zuul.netty.server.http2.Http2OrHttpHandler	configureHttp2(io.netty.channel.ChannelPipeline)	DefaultHttp2RemoteFlowController(io.netty.handler.codec.http2.Http2Connection,io.netty.handler.codec.http2.StreamByteDistributor)	io.netty.handler.codec.http2.DefaultHttp2RemoteFlowController	SOURCE
com.netflix.zuul.netty.server.http2.Http2OrHttpHandler	configureHttp2(io.netty.channel.ChannelPipeline)	UniformStreamByteDistributor(io.netty.handler.codec.http2.Http2Connection)	io.netty.handler.codec.http2.UniformStreamByteDistributor	SOURCE
com.netflix.zuul.netty.server.http2.Http2OrHttpHandler	configureHttp2(io.netty.channel.ChannelPipeline)	Http2MultiplexHandler(io.netty.channel.ChannelHandler)	io.netty.handler.codec.http2.Http2MultiplexHandler	SOURCE
com.netflix.zuul.netty.server.http2.Http2OrHttpHandler	configureHttp2(io.netty.channel.ChannelPipeline)	addBefore(java.lang.String,java.lang.String,io.netty.channel.ChannelHandler)	io.netty.channel.ChannelPipeline	SOURCE
com.netflix.zuul.netty.server.http2.Http2OrHttpHandler	configureHttp2(io.netty.channel.ChannelPipeline)	replace(java.lang.String,java.lang.String,io.netty.channel.ChannelHandler)	io.netty.channel.ChannelPipeline	SOURCE
com.netflix.zuul.netty.server.http2.Http2OrHttpHandler	configureHttp1(io.netty.channel.ChannelPipeline)	accept(T)	java.util.function.Consumer	SOURCE
com.netflix.zuul.netty.server.ClientRequestReceiver	ATTR_ZUUL_REQ	<T>newInstance(java.lang.String)	io.netty.util.AttributeKey	SOURCE
com.netflix.zuul.netty.server.ClientRequestReceiver	ATTR_ZUUL_RESP	<T>newInstance(java.lang.String)	io.netty.util.AttributeKey	SOURCE
com.netflix.zuul.netty.server.ClientRequestReceiver	ATTR_LAST_CONTENT_RECEIVED	<T>newInstance(java.lang.String)	io.netty.util.AttributeKey	SOURCE
com.netflix.zuul.netty.server.ClientRequestReceiver	LOG	getLogger(java.lang.Class<?>)	org.slf4j.LoggerFactory	SOURCE
com.netflix.zuul.netty.server.ClientRequestReceiver	URL_REGEX	compile(java.lang.String)	java.util.regex.Pattern	SOURCE
com.netflix.zuul.netty.server.ClientRequestReceiver	ClientRequestReceiver(com.netflix.zuul.context.SessionContextDecorator)	ChannelDuplexHandler()	io.netty.channel.ChannelDuplexHandler	SOURCE
com.netflix.zuul.netty.server.ClientRequestReceiver	getRequestFromChannel(io.netty.channel.Channel)	get()	io.netty.util.Attribute	SOURCE
com.netflix.zuul.netty.server.ClientRequestReceiver	getRequestFromChannel(io.netty.channel.Channel)	<T>attr(io.netty.util.AttributeKey<T>)	io.netty.util.AttributeMap	SOURCE
com.netflix.zuul.netty.server.ClientRequestReceiver	getResponseFromChannel(io.netty.channel.Channel)	get()	io.netty.util.Attribute	SOURCE
com.netflix.zuul.netty.server.ClientRequestReceiver	getResponseFromChannel(io.netty.channel.Channel)	<T>attr(io.netty.util.AttributeKey<T>)	io.netty.util.AttributeMap	SOURCE
com.netflix.zuul.netty.server.ClientRequestReceiver	isLastContentReceivedForChannel(io.netty.channel.Channel)	get()	io.netty.util.Attribute	SOURCE
com.netflix.zuul.netty.server.ClientRequestReceiver	isLastContentReceivedForChannel(io.netty.channel.Channel)	<T>attr(io.netty.util.AttributeKey<T>)	io.netty.util.AttributeMap	SOURCE
com.netflix.zuul.netty.server.ClientRequestReceiver	isLastContentReceivedForChannel(io.netty.channel.Channel)	booleanValue()	java.lang.Boolean	SOURCE
com.netflix.zuul.netty.server.ClientRequestReceiver	channelRead(io.netty.channel.ChannelHandlerContext,java.lang.Object)	traceTask(java.lang.String)	io.perfmark.PerfMark	SOURCE
com.netflix.zuul.netty.server.ClientRequestReceiver	channelRead(io.netty.channel.ChannelHandlerContext,java.lang.Object)	channelReadInternal(io.netty.channel.ChannelHandlerContext,java.lang.Object)	com.netflix.zuul.netty.server.ClientRequestReceiver	SOURCE
com.netflix.zuul.netty.server.ClientRequestReceiver	channelReadInternal(io.netty.channel.ChannelHandlerContext,java.lang.Object)	set(T)	io.netty.util.Attribute	SOURCE
com.netflix.zuul.netty.server.ClientRequestReceiver	channelReadInternal(io.netty.channel.ChannelHandlerContext,java.lang.Object)	<T>attr(io.netty.util.AttributeKey<T>)	io.netty.util.AttributeMap	SOURCE
com.netflix.zuul.netty.server.ClientRequestReceiver	channelReadInternal(io.netty.channel.ChannelHandlerContext,java.lang.Object)	channel()	io.netty.channel.ChannelHandlerContext	SOURCE
com.netflix.zuul.netty.server.ClientRequestReceiver	channelReadInternal(io.netty.channel.ChannelHandlerContext,java.lang.Object)	buildZuulHttpRequest(io.netty.handler.codec.http.HttpRequest,io.netty.channel.ChannelHandlerContext)	com.netflix.zuul.netty.server.ClientRequestReceiver	SOURCE
com.netflix.zuul.netty.server.ClientRequestReceiver	channelReadInternal(io.netty.channel.ChannelHandlerContext,java.lang.Object)	isFailure()	io.netty.handler.codec.DecoderResult	SOURCE
com.netflix.zuul.netty.server.ClientRequestReceiver	channelReadInternal(io.netty.channel.ChannelHandlerContext,java.lang.Object)	decoderResult()	io.netty.handler.codec.DecoderResultProvider	SOURCE
com.netflix.zuul.netty.server.ClientRequestReceiver	channelReadInternal(io.netty.channel.ChannelHandlerContext,java.lang.Object)	warn(java.lang.String,java.lang.Object...)	org.slf4j.Logger	SOURCE
com.netflix.zuul.netty.server.ClientRequestReceiver	channelReadInternal(io.netty.channel.ChannelHandlerContext,java.lang.Object)	uri()	io.netty.handler.codec.http.HttpRequest	SOURCE
com.netflix.zuul.netty.server.ClientRequestReceiver	channelReadInternal(io.netty.channel.ChannelHandlerContext,java.lang.Object)	channelInfoForLogging(io.netty.channel.Channel)	com.netflix.zuul.netty.ChannelUtils	SOURCE
com.netflix.zuul.netty.server.ClientRequestReceiver	channelReadInternal(io.netty.channel.ChannelHandlerContext,java.lang.Object)	channel()	io.netty.channel.ChannelHandlerContext	SOURCE
com.netflix.zuul.netty.server.ClientRequestReceiver	channelReadInternal(io.netty.channel.ChannelHandlerContext,java.lang.Object)	cause()	io.netty.handler.codec.DecoderResult	SOURCE
com.netflix.zuul.netty.server.ClientRequestReceiver	channelReadInternal(io.netty.channel.ChannelHandlerContext,java.lang.Object)	decoderResult()	io.netty.handler.codec.DecoderResultProvider	SOURCE
com.netflix.zuul.netty.server.ClientRequestReceiver	channelReadInternal(io.netty.channel.ChannelHandlerContext,java.lang.Object)	setStatusCategory(com.netflix.zuul.context.SessionContext,com.netflix.zuul.stats.status.StatusCategory)	com.netflix.zuul.stats.status.StatusCategoryUtils	SOURCE
com.netflix.zuul.netty.server.ClientRequestReceiver	channelReadInternal(io.netty.channel.ChannelHandlerContext,java.lang.Object)	getContext()	com.netflix.zuul.message.ZuulMessage	SOURCE
com.netflix.zuul.netty.server.ClientRequestReceiver	channelReadInternal(io.netty.channel.ChannelHandlerContext,java.lang.Object)	rejectByClosingConnection(io.netty.channel.ChannelHandlerContext,com.netflix.zuul.stats.status.StatusCategory,java.lang.String,io.netty.handler.codec.http.HttpRequest,java.lang.Integer)	com.netflix.netty.common.throttle.RejectionUtils	SOURCE
com.netflix.zuul.netty.server.ClientRequestReceiver	channelReadInternal(io.netty.channel.ChannelHandlerContext,java.lang.Object)	hasBody()	com.netflix.zuul.message.ZuulMessage	SOURCE
com.netflix.zuul.netty.server.ClientRequestReceiver	channelReadInternal(io.netty.channel.ChannelHandlerContext,java.lang.Object)	getBodyLength()	com.netflix.zuul.message.ZuulMessage	SOURCE
com.netflix.zuul.netty.server.ClientRequestReceiver	channelReadInternal(io.netty.channel.ChannelHandlerContext,java.lang.Object)	getMaxBodySize()	com.netflix.zuul.message.http.HttpRequestInfo	SOURCE
com.netflix.zuul.netty.server.ClientRequestReceiver	channelReadInternal(io.netty.channel.ChannelHandlerContext,java.lang.Object)	toString()	java.lang.Object	SOURCE
com.netflix.zuul.netty.server.ClientRequestReceiver	channelReadInternal(io.netty.channel.ChannelHandlerContext,java.lang.Object)	valueOf(java.lang.Object)	java.lang.String	SOURCE
com.netflix.zuul.netty.server.ClientRequestReceiver	channelReadInternal(io.netty.channel.ChannelHandlerContext,java.lang.Object)	uri()	io.netty.handler.codec.http.HttpRequest	SOURCE
com.netflix.zuul.netty.server.ClientRequestReceiver	channelReadInternal(io.netty.channel.ChannelHandlerContext,java.lang.Object)	channelInfoForLogging(io.netty.channel.Channel)	com.netflix.zuul.netty.ChannelUtils	SOURCE
com.netflix.zuul.netty.server.ClientRequestReceiver	channelReadInternal(io.netty.channel.ChannelHandlerContext,java.lang.Object)	channel()	io.netty.channel.ChannelHandlerContext	SOURCE
com.netflix.zuul.netty.server.ClientRequestReceiver	channelReadInternal(io.netty.channel.ChannelHandlerContext,java.lang.Object)	ZuulException(java.lang.String)	com.netflix.zuul.exception.ZuulException	SOURCE
com.netflix.zuul.netty.server.ClientRequestReceiver	channelReadInternal(io.netty.channel.ChannelHandlerContext,java.lang.Object)	setStatusCode(int)	com.netflix.zuul.exception.ZuulException	SOURCE
com.netflix.zuul.netty.server.ClientRequestReceiver	channelReadInternal(io.netty.channel.ChannelHandlerContext,java.lang.Object)	code()	io.netty.handler.codec.http.HttpResponseStatus	SOURCE
com.netflix.zuul.netty.server.ClientRequestReceiver	channelReadInternal(io.netty.channel.ChannelHandlerContext,java.lang.Object)	setStatusCategory(com.netflix.zuul.context.SessionContext,com.netflix.zuul.stats.status.StatusCategory)	com.netflix.zuul.stats.status.StatusCategoryUtils	SOURCE
com.netflix.zuul.netty.server.ClientRequestReceiver	channelReadInternal(io.netty.channel.ChannelHandlerContext,java.lang.Object)	getContext()	com.netflix.zuul.message.ZuulMessage	SOURCE
com.netflix.zuul.netty.server.ClientRequestReceiver	channelReadInternal(io.netty.channel.ChannelHandlerContext,java.lang.Object)	setError(java.lang.Throwable)	com.netflix.zuul.context.SessionContext	SOURCE
com.netflix.zuul.netty.server.ClientRequestReceiver	channelReadInternal(io.netty.channel.ChannelHandlerContext,java.lang.Object)	getContext()	com.netflix.zuul.message.ZuulMessage	SOURCE
com.netflix.zuul.netty.server.ClientRequestReceiver	channelReadInternal(io.netty.channel.ChannelHandlerContext,java.lang.Object)	setShouldSendErrorResponse(boolean)	com.netflix.zuul.context.SessionContext	SOURCE
com.netflix.zuul.netty.server.ClientRequestReceiver	channelReadInternal(io.netty.channel.ChannelHandlerContext,java.lang.Object)	getContext()	com.netflix.zuul.message.ZuulMessage	SOURCE
com.netflix.zuul.netty.server.ClientRequestReceiver	channelReadInternal(io.netty.channel.ChannelHandlerContext,java.lang.Object)	size()	java.util.List	SOURCE
com.netflix.zuul.netty.server.ClientRequestReceiver	channelReadInternal(io.netty.channel.ChannelHandlerContext,java.lang.Object)	getAll(java.lang.String)	com.netflix.zuul.message.Headers	SOURCE
com.netflix.zuul.netty.server.ClientRequestReceiver	channelReadInternal(io.netty.channel.ChannelHandlerContext,java.lang.Object)	getHeaders()	com.netflix.zuul.message.http.HttpRequestInfo	SOURCE
com.netflix.zuul.netty.server.ClientRequestReceiver	channelReadInternal(io.netty.channel.ChannelHandlerContext,java.lang.Object)	toString()	io.netty.util.AsciiString	SOURCE
com.netflix.zuul.netty.server.ClientRequestReceiver	channelReadInternal(io.netty.channel.ChannelHandlerContext,java.lang.Object)	debug(java.lang.String,java.lang.Object...)	org.slf4j.Logger	SOURCE
com.netflix.zuul.netty.server.ClientRequestReceiver	channelReadInternal(io.netty.channel.ChannelHandlerContext,java.lang.Object)	uri()	io.netty.handler.codec.http.HttpRequest	SOURCE
com.netflix.zuul.netty.server.ClientRequestReceiver	channelReadInternal(io.netty.channel.ChannelHandlerContext,java.lang.Object)	channelInfoForLogging(io.netty.channel.Channel)	com.netflix.zuul.netty.ChannelUtils	SOURCE
com.netflix.zuul.netty.server.ClientRequestReceiver	channelReadInternal(io.netty.channel.ChannelHandlerContext,java.lang.Object)	channel()	io.netty.channel.ChannelHandlerContext	SOURCE
com.netflix.zuul.netty.server.ClientRequestReceiver	channelReadInternal(io.netty.channel.ChannelHandlerContext,java.lang.Object)	ZuulException(java.lang.String)	com.netflix.zuul.exception.ZuulException	SOURCE
com.netflix.zuul.netty.server.ClientRequestReceiver	channelReadInternal(io.netty.channel.ChannelHandlerContext,java.lang.Object)	setStatusCode(int)	com.netflix.zuul.exception.ZuulException	SOURCE
com.netflix.zuul.netty.server.ClientRequestReceiver	channelReadInternal(io.netty.channel.ChannelHandlerContext,java.lang.Object)	code()	io.netty.handler.codec.http.HttpResponseStatus	SOURCE
com.netflix.zuul.netty.server.ClientRequestReceiver	channelReadInternal(io.netty.channel.ChannelHandlerContext,java.lang.Object)	setStatusCategory(com.netflix.zuul.context.SessionContext,com.netflix.zuul.stats.status.StatusCategory)	com.netflix.zuul.stats.status.StatusCategoryUtils	SOURCE
com.netflix.zuul.netty.server.ClientRequestReceiver	channelReadInternal(io.netty.channel.ChannelHandlerContext,java.lang.Object)	getContext()	com.netflix.zuul.message.ZuulMessage	SOURCE
com.netflix.zuul.netty.server.ClientRequestReceiver	channelReadInternal(io.netty.channel.ChannelHandlerContext,java.lang.Object)	setError(java.lang.Throwable)	com.netflix.zuul.context.SessionContext	SOURCE
com.netflix.zuul.netty.server.ClientRequestReceiver	channelReadInternal(io.netty.channel.ChannelHandlerContext,java.lang.Object)	getContext()	com.netflix.zuul.message.ZuulMessage	SOURCE
com.netflix.zuul.netty.server.ClientRequestReceiver	channelReadInternal(io.netty.channel.ChannelHandlerContext,java.lang.Object)	setShouldSendErrorResponse(boolean)	com.netflix.zuul.context.SessionContext	SOURCE
com.netflix.zuul.netty.server.ClientRequestReceiver	channelReadInternal(io.netty.channel.ChannelHandlerContext,java.lang.Object)	getContext()	com.netflix.zuul.message.ZuulMessage	SOURCE
com.netflix.zuul.netty.server.ClientRequestReceiver	channelReadInternal(io.netty.channel.ChannelHandlerContext,java.lang.Object)	handleExpect100Continue(io.netty.channel.ChannelHandlerContext,io.netty.handler.codec.http.HttpRequest)	com.netflix.zuul.netty.server.ClientRequestReceiver	SOURCE
com.netflix.zuul.netty.server.ClientRequestReceiver	channelReadInternal(io.netty.channel.ChannelHandlerContext,java.lang.Object)	fireChannelRead(java.lang.Object)	io.netty.channel.ChannelHandlerContext	SOURCE
com.netflix.zuul.netty.server.ClientRequestReceiver	channelReadInternal(io.netty.channel.ChannelHandlerContext,java.lang.Object)	isCancelled()	com.netflix.zuul.context.SessionContext	SOURCE
com.netflix.zuul.netty.server.ClientRequestReceiver	channelReadInternal(io.netty.channel.ChannelHandlerContext,java.lang.Object)	getContext()	com.netflix.zuul.message.ZuulMessage	SOURCE
com.netflix.zuul.netty.server.ClientRequestReceiver	channelReadInternal(io.netty.channel.ChannelHandlerContext,java.lang.Object)	fireChannelRead(java.lang.Object)	io.netty.channel.ChannelHandlerContext	SOURCE
com.netflix.zuul.netty.server.ClientRequestReceiver	channelReadInternal(io.netty.channel.ChannelHandlerContext,java.lang.Object)	release(java.lang.Object)	io.netty.util.ReferenceCountUtil	SOURCE
com.netflix.zuul.netty.server.ClientRequestReceiver	channelReadInternal(io.netty.channel.ChannelHandlerContext,java.lang.Object)	debug(java.lang.String,java.lang.Object)	org.slf4j.Logger	SOURCE
com.netflix.zuul.netty.server.ClientRequestReceiver	channelReadInternal(io.netty.channel.ChannelHandlerContext,java.lang.Object)	sourceAddress()	io.netty.handler.codec.haproxy.HAProxyMessage	SOURCE
com.netflix.zuul.netty.server.ClientRequestReceiver	channelReadInternal(io.netty.channel.ChannelHandlerContext,java.lang.Object)	release(java.lang.Object)	io.netty.util.ReferenceCountUtil	SOURCE
com.netflix.zuul.netty.server.ClientRequestReceiver	channelReadInternal(io.netty.channel.ChannelHandlerContext,java.lang.Object)	debug(java.lang.String,java.lang.Object)	org.slf4j.Logger	SOURCE
com.netflix.zuul.netty.server.ClientRequestReceiver	channelReadInternal(io.netty.channel.ChannelHandlerContext,java.lang.Object)	getName()	java.lang.Class	SOURCE
com.netflix.zuul.netty.server.ClientRequestReceiver	channelReadInternal(io.netty.channel.ChannelHandlerContext,java.lang.Object)	getClass()	java.lang.Object	SOURCE
com.netflix.zuul.netty.server.ClientRequestReceiver	channelReadInternal(io.netty.channel.ChannelHandlerContext,java.lang.Object)	release(java.lang.Object)	io.netty.util.ReferenceCountUtil	SOURCE
com.netflix.zuul.netty.server.ClientRequestReceiver	userEventTriggered(io.netty.channel.ChannelHandlerContext,java.lang.Object)	getReason()	com.netflix.netty.common.HttpLifecycleChannelHandler$CompleteEvent	SOURCE
com.netflix.zuul.netty.server.ClientRequestReceiver	userEventTriggered(io.netty.channel.ChannelHandlerContext,java.lang.Object)	cancel()	com.netflix.zuul.context.SessionContext	SOURCE
com.netflix.zuul.netty.server.ClientRequestReceiver	userEventTriggered(io.netty.channel.ChannelHandlerContext,java.lang.Object)	getContext()	com.netflix.zuul.message.ZuulMessage	SOURCE
com.netflix.zuul.netty.server.ClientRequestReceiver	userEventTriggered(io.netty.channel.ChannelHandlerContext,java.lang.Object)	disposeBufferedBody()	com.netflix.zuul.message.ZuulMessage	SOURCE
com.netflix.zuul.netty.server.ClientRequestReceiver	userEventTriggered(io.netty.channel.ChannelHandlerContext,java.lang.Object)	fromSessionContext(com.netflix.zuul.context.SessionContext)	com.netflix.zuul.passport.CurrentPassport	SOURCE
com.netflix.zuul.netty.server.ClientRequestReceiver	userEventTriggered(io.netty.channel.ChannelHandlerContext,java.lang.Object)	getContext()	com.netflix.zuul.message.ZuulMessage	SOURCE
com.netflix.zuul.netty.server.ClientRequestReceiver	userEventTriggered(io.netty.channel.ChannelHandlerContext,java.lang.Object)	findState(com.netflix.zuul.passport.PassportState)	com.netflix.zuul.passport.CurrentPassport	SOURCE
com.netflix.zuul.netty.server.ClientRequestReceiver	userEventTriggered(io.netty.channel.ChannelHandlerContext,java.lang.Object)	add(com.netflix.zuul.passport.PassportState)	com.netflix.zuul.passport.CurrentPassport	SOURCE
com.netflix.zuul.netty.server.ClientRequestReceiver	userEventTriggered(io.netty.channel.ChannelHandlerContext,java.lang.Object)	setStatusCategory(com.netflix.zuul.context.SessionContext,com.netflix.zuul.stats.status.StatusCategory)	com.netflix.zuul.stats.status.StatusCategoryUtils	SOURCE
com.netflix.zuul.netty.server.ClientRequestReceiver	userEventTriggered(io.netty.channel.ChannelHandlerContext,java.lang.Object)	getContext()	com.netflix.zuul.message.ZuulMessage	SOURCE
com.netflix.zuul.netty.server.ClientRequestReceiver	userEventTriggered(io.netty.channel.ChannelHandlerContext,java.lang.Object)	setStatusCategory(com.netflix.zuul.context.SessionContext,com.netflix.zuul.stats.status.StatusCategory)	com.netflix.zuul.stats.status.StatusCategoryUtils	SOURCE
com.netflix.zuul.netty.server.ClientRequestReceiver	userEventTriggered(io.netty.channel.ChannelHandlerContext,java.lang.Object)	getContext()	com.netflix.zuul.message.ZuulMessage	SOURCE
com.netflix.zuul.netty.server.ClientRequestReceiver	userEventTriggered(io.netty.channel.ChannelHandlerContext,java.lang.Object)	getContext()	com.netflix.zuul.message.ZuulMessage	SOURCE
com.netflix.zuul.netty.server.ClientRequestReceiver	userEventTriggered(io.netty.channel.ChannelHandlerContext,java.lang.Object)	isInfoEnabled()	org.slf4j.Logger	SOURCE
com.netflix.zuul.netty.server.ClientRequestReceiver	userEventTriggered(io.netty.channel.ChannelHandlerContext,java.lang.Object)	equals(java.lang.Object)	java.lang.String	SOURCE
com.netflix.zuul.netty.server.ClientRequestReceiver	userEventTriggered(io.netty.channel.ChannelHandlerContext,java.lang.Object)	getProtocol()	com.netflix.zuul.message.http.HttpRequestInfo	SOURCE
com.netflix.zuul.netty.server.ClientRequestReceiver	userEventTriggered(io.netty.channel.ChannelHandlerContext,java.lang.Object)	debug(java.lang.String,java.lang.Object...)	org.slf4j.Logger	SOURCE
com.netflix.zuul.netty.server.ClientRequestReceiver	userEventTriggered(io.netty.channel.ChannelHandlerContext,java.lang.Object)	method()	io.netty.handler.codec.http.HttpRequest	SOURCE
com.netflix.zuul.netty.server.ClientRequestReceiver	userEventTriggered(io.netty.channel.ChannelHandlerContext,java.lang.Object)	getUUID()	com.netflix.zuul.context.SessionContext	SOURCE
com.netflix.zuul.netty.server.ClientRequestReceiver	userEventTriggered(io.netty.channel.ChannelHandlerContext,java.lang.Object)	uri()	io.netty.handler.codec.http.HttpRequest	SOURCE
com.netflix.zuul.netty.server.ClientRequestReceiver	userEventTriggered(io.netty.channel.ChannelHandlerContext,java.lang.Object)	name()	java.lang.Enum	SOURCE
com.netflix.zuul.netty.server.ClientRequestReceiver	userEventTriggered(io.netty.channel.ChannelHandlerContext,java.lang.Object)	channelInfoForLogging(io.netty.channel.Channel)	com.netflix.zuul.netty.ChannelUtils	SOURCE
com.netflix.zuul.netty.server.ClientRequestReceiver	userEventTriggered(io.netty.channel.ChannelHandlerContext,java.lang.Object)	channel()	io.netty.channel.ChannelHandlerContext	SOURCE
com.netflix.zuul.netty.server.ClientRequestReceiver	userEventTriggered(io.netty.channel.ChannelHandlerContext,java.lang.Object)	debugRequest()	com.netflix.zuul.context.SessionContext	SOURCE
com.netflix.zuul.netty.server.ClientRequestReceiver	userEventTriggered(io.netty.channel.ChannelHandlerContext,java.lang.Object)	debug(java.lang.String,java.lang.Object)	org.slf4j.Logger	SOURCE
com.netflix.zuul.netty.server.ClientRequestReceiver	userEventTriggered(io.netty.channel.ChannelHandlerContext,java.lang.Object)	getEndpoint()	com.netflix.zuul.context.SessionContext	SOURCE
com.netflix.zuul.netty.server.ClientRequestReceiver	userEventTriggered(io.netty.channel.ChannelHandlerContext,java.lang.Object)	dumpDebugInfo(java.util.List<java.lang.String>)	com.netflix.zuul.netty.server.ClientRequestReceiver	SOURCE
com.netflix.zuul.netty.server.ClientRequestReceiver	userEventTriggered(io.netty.channel.ChannelHandlerContext,java.lang.Object)	getRequestDebug(com.netflix.zuul.context.SessionContext)	com.netflix.zuul.context.Debug	SOURCE
com.netflix.zuul.netty.server.ClientRequestReceiver	userEventTriggered(io.netty.channel.ChannelHandlerContext,java.lang.Object)	dumpDebugInfo(java.util.List<java.lang.String>)	com.netflix.zuul.netty.server.ClientRequestReceiver	SOURCE
com.netflix.zuul.netty.server.ClientRequestReceiver	userEventTriggered(io.netty.channel.ChannelHandlerContext,java.lang.Object)	getRoutingDebug(com.netflix.zuul.context.SessionContext)	com.netflix.zuul.context.Debug	SOURCE
com.netflix.zuul.netty.server.ClientRequestReceiver	userEventTriggered(io.netty.channel.ChannelHandlerContext,java.lang.Object)	increment()	com.netflix.spectator.api.Counter	SOURCE
com.netflix.zuul.netty.server.ClientRequestReceiver	userEventTriggered(io.netty.channel.ChannelHandlerContext,java.lang.Object)	counter(java.lang.String,java.lang.String...)	com.netflix.spectator.api.Registry	SOURCE
com.netflix.zuul.netty.server.ClientRequestReceiver	userEventTriggered(io.netty.channel.ChannelHandlerContext,java.lang.Object)	globalRegistry()	com.netflix.spectator.api.Spectator	SOURCE
com.netflix.zuul.netty.server.ClientRequestReceiver	userEventTriggered(io.netty.channel.ChannelHandlerContext,java.lang.Object)	valueOf(java.lang.Object)	java.lang.String	SOURCE
com.netflix.zuul.netty.server.ClientRequestReceiver	userEventTriggered(io.netty.channel.ChannelHandlerContext,java.lang.Object)	userEventTriggered(io.netty.channel.ChannelHandlerContext,java.lang.Object)	io.netty.channel.ChannelInboundHandlerAdapter	SOURCE
com.netflix.zuul.netty.server.ClientRequestReceiver	userEventTriggered(io.netty.channel.ChannelHandlerContext,java.lang.Object)	channel()	io.netty.channel.ChannelHandlerContext	SOURCE
com.netflix.zuul.netty.server.ClientRequestReceiver	userEventTriggered(io.netty.channel.ChannelHandlerContext,java.lang.Object)	set(T)	io.netty.util.Attribute	SOURCE
com.netflix.zuul.netty.server.ClientRequestReceiver	userEventTriggered(io.netty.channel.ChannelHandlerContext,java.lang.Object)	<T>attr(io.netty.util.AttributeKey<T>)	io.netty.util.AttributeMap	SOURCE
com.netflix.zuul.netty.server.ClientRequestReceiver	userEventTriggered(io.netty.channel.ChannelHandlerContext,java.lang.Object)	set(T)	io.netty.util.Attribute	SOURCE
com.netflix.zuul.netty.server.ClientRequestReceiver	userEventTriggered(io.netty.channel.ChannelHandlerContext,java.lang.Object)	<T>attr(io.netty.util.AttributeKey<T>)	io.netty.util.AttributeMap	SOURCE
com.netflix.zuul.netty.server.ClientRequestReceiver	userEventTriggered(io.netty.channel.ChannelHandlerContext,java.lang.Object)	set(T)	io.netty.util.Attribute	SOURCE
com.netflix.zuul.netty.server.ClientRequestReceiver	userEventTriggered(io.netty.channel.ChannelHandlerContext,java.lang.Object)	<T>attr(io.netty.util.AttributeKey<T>)	io.netty.util.AttributeMap	SOURCE
com.netflix.zuul.netty.server.ClientRequestReceiver	dumpDebugInfo(java.util.List<java.lang.String>)	forEach(java.util.function.Consumer<? super T>)	java.lang.Iterable	SOURCE
com.netflix.zuul.netty.server.ClientRequestReceiver	dumpDebugInfo(java.util.List<java.lang.String>)	accept(T)	java.util.function.Consumer	SOURCE
com.netflix.zuul.netty.server.ClientRequestReceiver	dumpDebugInfo(java.util.List<java.lang.String>)	debug(java.lang.String)	org.slf4j.Logger	SOURCE
com.netflix.zuul.netty.server.ClientRequestReceiver	handleExpect100Continue(io.netty.channel.ChannelHandlerContext,io.netty.handler.codec.http.HttpRequest)	is100ContinueExpected(io.netty.handler.codec.http.HttpMessage)	io.netty.handler.codec.http.HttpUtil	SOURCE
com.netflix.zuul.netty.server.ClientRequestReceiver	handleExpect100Continue(io.netty.channel.ChannelHandlerContext,io.netty.handler.codec.http.HttpRequest)	event(java.lang.String)	io.perfmark.PerfMark	SOURCE
com.netflix.zuul.netty.server.ClientRequestReceiver	handleExpect100Continue(io.netty.channel.ChannelHandlerContext,io.netty.handler.codec.http.HttpRequest)	writeAndFlush(java.lang.Object)	io.netty.channel.ChannelOutboundInvoker	SOURCE
com.netflix.zuul.netty.server.ClientRequestReceiver	handleExpect100Continue(io.netty.channel.ChannelHandlerContext,io.netty.handler.codec.http.HttpRequest)	DefaultFullHttpResponse(io.netty.handler.codec.http.HttpVersion,io.netty.handler.codec.http.HttpResponseStatus)	io.netty.handler.codec.http.DefaultFullHttpResponse	SOURCE
com.netflix.zuul.netty.server.ClientRequestReceiver	handleExpect100Continue(io.netty.channel.ChannelHandlerContext,io.netty.handler.codec.http.HttpRequest)	addListener(io.netty.util.concurrent.GenericFutureListener<? extends io.netty.util.concurrent.Future<? super java.lang.Void>>)	io.netty.channel.ChannelFuture	SOURCE
com.netflix.zuul.netty.server.ClientRequestReceiver	handleExpect100Continue(io.netty.channel.ChannelHandlerContext,io.netty.handler.codec.http.HttpRequest)	operationComplete(F)	io.netty.util.concurrent.GenericFutureListener	SOURCE
com.netflix.zuul.netty.server.ClientRequestReceiver	handleExpect100Continue(io.netty.channel.ChannelHandlerContext,io.netty.handler.codec.http.HttpRequest)	isSuccess()	io.netty.util.concurrent.Future	SOURCE
com.netflix.zuul.netty.server.ClientRequestReceiver	handleExpect100Continue(io.netty.channel.ChannelHandlerContext,io.netty.handler.codec.http.HttpRequest)	ZuulException(java.lang.Throwable,java.lang.String,boolean)	com.netflix.zuul.exception.ZuulException	SOURCE
com.netflix.zuul.netty.server.ClientRequestReceiver	handleExpect100Continue(io.netty.channel.ChannelHandlerContext,io.netty.handler.codec.http.HttpRequest)	cause()	io.netty.util.concurrent.Future	SOURCE
com.netflix.zuul.netty.server.ClientRequestReceiver	handleExpect100Continue(io.netty.channel.ChannelHandlerContext,io.netty.handler.codec.http.HttpRequest)	remove(java.lang.CharSequence)	io.netty.handler.codec.http.HttpHeaders	SOURCE
com.netflix.zuul.netty.server.ClientRequestReceiver	handleExpect100Continue(io.netty.channel.ChannelHandlerContext,io.netty.handler.codec.http.HttpRequest)	headers()	io.netty.handler.codec.http.HttpMessage	SOURCE
com.netflix.zuul.netty.server.ClientRequestReceiver	handleExpect100Continue(io.netty.channel.ChannelHandlerContext,io.netty.handler.codec.http.HttpRequest)	remove(java.lang.String)	com.netflix.zuul.message.Headers	SOURCE
com.netflix.zuul.netty.server.ClientRequestReceiver	handleExpect100Continue(io.netty.channel.ChannelHandlerContext,io.netty.handler.codec.http.HttpRequest)	getHeaders()	com.netflix.zuul.message.http.HttpRequestInfo	SOURCE
com.netflix.zuul.netty.server.ClientRequestReceiver	handleExpect100Continue(io.netty.channel.ChannelHandlerContext,io.netty.handler.codec.http.HttpRequest)	toString()	io.netty.util.AsciiString	SOURCE
com.netflix.zuul.netty.server.ClientRequestReceiver	buildZuulHttpRequest(io.netty.handler.codec.http.HttpRequest,io.netty.channel.ChannelHandlerContext)	<T>attachTag(java.lang.String,T,io.perfmark.StringFunction<? super T>)	io.perfmark.PerfMark	SOURCE
com.netflix.zuul.netty.server.ClientRequestReceiver	buildZuulHttpRequest(io.netty.handler.codec.http.HttpRequest,io.netty.channel.ChannelHandlerContext)	apply(T)	io.perfmark.StringFunction	SOURCE
com.netflix.zuul.netty.server.ClientRequestReceiver	buildZuulHttpRequest(io.netty.handler.codec.http.HttpRequest,io.netty.channel.ChannelHandlerContext)	uri()	io.netty.handler.codec.http.HttpRequest	SOURCE
com.netflix.zuul.netty.server.ClientRequestReceiver	buildZuulHttpRequest(io.netty.handler.codec.http.HttpRequest,io.netty.channel.ChannelHandlerContext)	SessionContext()	com.netflix.zuul.context.SessionContext	SOURCE
com.netflix.zuul.netty.server.ClientRequestReceiver	buildZuulHttpRequest(io.netty.handler.codec.http.HttpRequest,io.netty.channel.ChannelHandlerContext)	set(java.lang.String,java.lang.Object)	com.netflix.zuul.context.SessionContext	SOURCE
com.netflix.zuul.netty.server.ClientRequestReceiver	buildZuulHttpRequest(io.netty.handler.codec.http.HttpRequest,io.netty.channel.ChannelHandlerContext)	decorate(com.netflix.zuul.context.SessionContext)	com.netflix.zuul.context.SessionContextDecorator	SOURCE
com.netflix.zuul.netty.server.ClientRequestReceiver	buildZuulHttpRequest(io.netty.handler.codec.http.HttpRequest,io.netty.channel.ChannelHandlerContext)	<T>attachTag(java.lang.String,T,io.perfmark.StringFunction<? super T>)	io.perfmark.PerfMark	SOURCE
com.netflix.zuul.netty.server.ClientRequestReceiver	buildZuulHttpRequest(io.netty.handler.codec.http.HttpRequest,io.netty.channel.ChannelHandlerContext)	apply(T)	io.perfmark.StringFunction	SOURCE
com.netflix.zuul.netty.server.ClientRequestReceiver	buildZuulHttpRequest(io.netty.handler.codec.http.HttpRequest,io.netty.channel.ChannelHandlerContext)	getUUID()	com.netflix.zuul.context.SessionContext	SOURCE
com.netflix.zuul.netty.server.ClientRequestReceiver	buildZuulHttpRequest(io.netty.handler.codec.http.HttpRequest,io.netty.channel.ChannelHandlerContext)	SessionContext()	com.netflix.zuul.context.SessionContext	SOURCE
com.netflix.zuul.netty.server.ClientRequestReceiver	buildZuulHttpRequest(io.netty.handler.codec.http.HttpRequest,io.netty.channel.ChannelHandlerContext)	channel()	io.netty.channel.ChannelHandlerContext	SOURCE
com.netflix.zuul.netty.server.ClientRequestReceiver	buildZuulHttpRequest(io.netty.handler.codec.http.HttpRequest,io.netty.channel.ChannelHandlerContext)	get()	io.netty.util.Attribute	SOURCE
com.netflix.zuul.netty.server.ClientRequestReceiver	buildZuulHttpRequest(io.netty.handler.codec.http.HttpRequest,io.netty.channel.ChannelHandlerContext)	<T>attr(io.netty.util.AttributeKey<T>)	io.netty.util.AttributeMap	SOURCE
com.netflix.zuul.netty.server.ClientRequestReceiver	buildZuulHttpRequest(io.netty.handler.codec.http.HttpRequest,io.netty.channel.ChannelHandlerContext)	get()	io.netty.util.Attribute	SOURCE
com.netflix.zuul.netty.server.ClientRequestReceiver	buildZuulHttpRequest(io.netty.handler.codec.http.HttpRequest,io.netty.channel.ChannelHandlerContext)	<T>attr(io.netty.util.AttributeKey<T>)	io.netty.util.AttributeMap	SOURCE
com.netflix.zuul.netty.server.ClientRequestReceiver	buildZuulHttpRequest(io.netty.handler.codec.http.HttpRequest,io.netty.channel.ChannelHandlerContext)	get()	io.netty.util.Attribute	SOURCE
com.netflix.zuul.netty.server.ClientRequestReceiver	buildZuulHttpRequest(io.netty.handler.codec.http.HttpRequest,io.netty.channel.ChannelHandlerContext)	<T>attr(io.netty.util.AttributeKey<T>)	io.netty.util.AttributeMap	SOURCE
com.netflix.zuul.netty.server.ClientRequestReceiver	buildZuulHttpRequest(io.netty.handler.codec.http.HttpRequest,io.netty.channel.ChannelHandlerContext)	get()	io.netty.util.Attribute	SOURCE
com.netflix.zuul.netty.server.ClientRequestReceiver	buildZuulHttpRequest(io.netty.handler.codec.http.HttpRequest,io.netty.channel.ChannelHandlerContext)	<T>attr(io.netty.util.AttributeKey<T>)	io.netty.util.AttributeMap	SOURCE
com.netflix.zuul.netty.server.ClientRequestReceiver	buildZuulHttpRequest(io.netty.handler.codec.http.HttpRequest,io.netty.channel.ChannelHandlerContext)	get()	io.netty.util.Attribute	SOURCE
com.netflix.zuul.netty.server.ClientRequestReceiver	buildZuulHttpRequest(io.netty.handler.codec.http.HttpRequest,io.netty.channel.ChannelHandlerContext)	<T>attr(io.netty.util.AttributeKey<T>)	io.netty.util.AttributeMap	SOURCE
com.netflix.zuul.netty.server.ClientRequestReceiver	buildZuulHttpRequest(io.netty.handler.codec.http.HttpRequest,io.netty.channel.ChannelHandlerContext)	set(java.lang.String,java.lang.Object)	com.netflix.zuul.context.SessionContext	SOURCE
com.netflix.zuul.netty.server.ClientRequestReceiver	buildZuulHttpRequest(io.netty.handler.codec.http.HttpRequest,io.netty.channel.ChannelHandlerContext)	get()	io.netty.util.Attribute	SOURCE
com.netflix.zuul.netty.server.ClientRequestReceiver	buildZuulHttpRequest(io.netty.handler.codec.http.HttpRequest,io.netty.channel.ChannelHandlerContext)	<T>attr(io.netty.util.AttributeKey<T>)	io.netty.util.AttributeMap	SOURCE
com.netflix.zuul.netty.server.ClientRequestReceiver	buildZuulHttpRequest(io.netty.handler.codec.http.HttpRequest,io.netty.channel.ChannelHandlerContext)	set(java.lang.String,java.lang.Object)	com.netflix.zuul.context.SessionContext	SOURCE
com.netflix.zuul.netty.server.ClientRequestReceiver	buildZuulHttpRequest(io.netty.handler.codec.http.HttpRequest,io.netty.channel.ChannelHandlerContext)	get()	io.netty.util.Attribute	SOURCE
com.netflix.zuul.netty.server.ClientRequestReceiver	buildZuulHttpRequest(io.netty.handler.codec.http.HttpRequest,io.netty.channel.ChannelHandlerContext)	<T>attr(io.netty.util.AttributeKey<T>)	io.netty.util.AttributeMap	SOURCE
com.netflix.zuul.netty.server.ClientRequestReceiver	buildZuulHttpRequest(io.netty.handler.codec.http.HttpRequest,io.netty.channel.ChannelHandlerContext)	text()	io.netty.handler.codec.http.HttpVersion	SOURCE
com.netflix.zuul.netty.server.ClientRequestReceiver	buildZuulHttpRequest(io.netty.handler.codec.http.HttpRequest,io.netty.channel.ChannelHandlerContext)	protocolVersion()	io.netty.handler.codec.http.HttpMessage	SOURCE
com.netflix.zuul.netty.server.ClientRequestReceiver	buildZuulHttpRequest(io.netty.handler.codec.http.HttpRequest,io.netty.channel.ChannelHandlerContext)	parsePath(java.lang.String)	com.netflix.zuul.netty.server.ClientRequestReceiver	SOURCE
com.netflix.zuul.netty.server.ClientRequestReceiver	buildZuulHttpRequest(io.netty.handler.codec.http.HttpRequest,io.netty.channel.ChannelHandlerContext)	uri()	io.netty.handler.codec.http.HttpRequest	SOURCE
com.netflix.zuul.netty.server.ClientRequestReceiver	buildZuulHttpRequest(io.netty.handler.codec.http.HttpRequest,io.netty.channel.ChannelHandlerContext)	HttpRequestMessageImpl(com.netflix.zuul.context.SessionContext,java.lang.String,java.lang.String,java.lang.String,com.netflix.zuul.message.http.HttpQueryParams,com.netflix.zuul.message.Headers,java.lang.String,java.lang.String,int,java.lang.String,java.net.SocketAddress,boolean)	com.netflix.zuul.message.http.HttpRequestMessageImpl	SOURCE
com.netflix.zuul.netty.server.ClientRequestReceiver	buildZuulHttpRequest(io.netty.handler.codec.http.HttpRequest,io.netty.channel.ChannelHandlerContext)	toLowerCase()	java.lang.String	SOURCE
com.netflix.zuul.netty.server.ClientRequestReceiver	buildZuulHttpRequest(io.netty.handler.codec.http.HttpRequest,io.netty.channel.ChannelHandlerContext)	toString()	io.netty.util.AsciiString	SOURCE
com.netflix.zuul.netty.server.ClientRequestReceiver	buildZuulHttpRequest(io.netty.handler.codec.http.HttpRequest,io.netty.channel.ChannelHandlerContext)	asciiName()	io.netty.handler.codec.http.HttpMethod	SOURCE
com.netflix.zuul.netty.server.ClientRequestReceiver	buildZuulHttpRequest(io.netty.handler.codec.http.HttpRequest,io.netty.channel.ChannelHandlerContext)	method()	io.netty.handler.codec.http.HttpRequest	SOURCE
com.netflix.zuul.netty.server.ClientRequestReceiver	buildZuulHttpRequest(io.netty.handler.codec.http.HttpRequest,io.netty.channel.ChannelHandlerContext)	copyQueryParams(io.netty.handler.codec.http.HttpRequest)	com.netflix.zuul.netty.server.ClientRequestReceiver	SOURCE
com.netflix.zuul.netty.server.ClientRequestReceiver	buildZuulHttpRequest(io.netty.handler.codec.http.HttpRequest,io.netty.channel.ChannelHandlerContext)	copyHeaders(io.netty.handler.codec.http.HttpRequest)	com.netflix.zuul.netty.server.ClientRequestReceiver	SOURCE
com.netflix.zuul.netty.server.ClientRequestReceiver	buildZuulHttpRequest(io.netty.handler.codec.http.HttpRequest,io.netty.channel.ChannelHandlerContext)	hasChunkedTransferEncodingHeader(com.netflix.zuul.message.ZuulMessage)	com.netflix.zuul.util.HttpUtils	SOURCE
com.netflix.zuul.netty.server.ClientRequestReceiver	buildZuulHttpRequest(io.netty.handler.codec.http.HttpRequest,io.netty.channel.ChannelHandlerContext)	hasNonZeroContentLengthHeader(com.netflix.zuul.message.ZuulMessage)	com.netflix.zuul.util.HttpUtils	SOURCE
com.netflix.zuul.netty.server.ClientRequestReceiver	buildZuulHttpRequest(io.netty.handler.codec.http.HttpRequest,io.netty.channel.ChannelHandlerContext)	setHasBody(boolean)	com.netflix.zuul.message.ZuulMessage	SOURCE
com.netflix.zuul.netty.server.ClientRequestReceiver	buildZuulHttpRequest(io.netty.handler.codec.http.HttpRequest,io.netty.channel.ChannelHandlerContext)	storeInboundRequest()	com.netflix.zuul.message.http.HttpRequestMessage	SOURCE
com.netflix.zuul.netty.server.ClientRequestReceiver	buildZuulHttpRequest(io.netty.handler.codec.http.HttpRequest,io.netty.channel.ChannelHandlerContext)	set(java.lang.String,java.lang.Object)	com.netflix.zuul.context.SessionContext	SOURCE
com.netflix.zuul.netty.server.ClientRequestReceiver	buildZuulHttpRequest(io.netty.handler.codec.http.HttpRequest,io.netty.channel.ChannelHandlerContext)	set(T)	io.netty.util.Attribute	SOURCE
com.netflix.zuul.netty.server.ClientRequestReceiver	buildZuulHttpRequest(io.netty.handler.codec.http.HttpRequest,io.netty.channel.ChannelHandlerContext)	<T>attr(io.netty.util.AttributeKey<T>)	io.netty.util.AttributeMap	SOURCE
com.netflix.zuul.netty.server.ClientRequestReceiver	buildZuulHttpRequest(io.netty.handler.codec.http.HttpRequest,io.netty.channel.ChannelHandlerContext)	content()	io.netty.handler.codec.http.DefaultFullHttpRequest	SOURCE
com.netflix.zuul.netty.server.ClientRequestReceiver	buildZuulHttpRequest(io.netty.handler.codec.http.HttpRequest,io.netty.channel.ChannelHandlerContext)	bufferBodyContents(io.netty.handler.codec.http.HttpContent)	com.netflix.zuul.message.ZuulMessage	SOURCE
com.netflix.zuul.netty.server.ClientRequestReceiver	buildZuulHttpRequest(io.netty.handler.codec.http.HttpRequest,io.netty.channel.ChannelHandlerContext)	DefaultLastHttpContent(io.netty.buffer.ByteBuf)	io.netty.handler.codec.http.DefaultLastHttpContent	SOURCE
com.netflix.zuul.netty.server.ClientRequestReceiver	parsePath(java.lang.String)	startsWith(java.lang.String)	java.lang.String	SOURCE
com.netflix.zuul.netty.server.ClientRequestReceiver	parsePath(java.lang.String)	matcher(java.lang.CharSequence)	java.util.regex.Pattern	SOURCE
com.netflix.zuul.netty.server.ClientRequestReceiver	parsePath(java.lang.String)	matches()	java.util.regex.Matcher	SOURCE
com.netflix.zuul.netty.server.ClientRequestReceiver	parsePath(java.lang.String)	group(int)	java.util.regex.Matcher	SOURCE
com.netflix.zuul.netty.server.ClientRequestReceiver	parsePath(java.lang.String)	indexOf(int)	java.lang.String	SOURCE
com.netflix.zuul.netty.server.ClientRequestReceiver	parsePath(java.lang.String)	substring(int,int)	java.lang.String	SOURCE
com.netflix.zuul.netty.server.ClientRequestReceiver	copyHeaders(io.netty.handler.codec.http.HttpRequest)	Headers()	com.netflix.zuul.message.Headers	SOURCE
com.netflix.zuul.netty.server.ClientRequestReceiver	copyHeaders(io.netty.handler.codec.http.HttpRequest)	entries()	io.netty.handler.codec.http.HttpHeaders	SOURCE
com.netflix.zuul.netty.server.ClientRequestReceiver	copyHeaders(io.netty.handler.codec.http.HttpRequest)	headers()	io.netty.handler.codec.http.HttpMessage	SOURCE
com.netflix.zuul.netty.server.ClientRequestReceiver	copyHeaders(io.netty.handler.codec.http.HttpRequest)	add(java.lang.String,java.lang.String)	com.netflix.zuul.message.Headers	SOURCE
com.netflix.zuul.netty.server.ClientRequestReceiver	copyHeaders(io.netty.handler.codec.http.HttpRequest)	getKey()	java.util.Map$Entry	SOURCE
com.netflix.zuul.netty.server.ClientRequestReceiver	copyHeaders(io.netty.handler.codec.http.HttpRequest)	getValue()	java.util.Map$Entry	SOURCE
com.netflix.zuul.netty.server.ClientRequestReceiver	copyQueryParams(io.netty.handler.codec.http.HttpRequest)	uri()	io.netty.handler.codec.http.HttpRequest	SOURCE
com.netflix.zuul.netty.server.ClientRequestReceiver	copyQueryParams(io.netty.handler.codec.http.HttpRequest)	indexOf(int)	java.lang.String	SOURCE
com.netflix.zuul.netty.server.ClientRequestReceiver	copyQueryParams(io.netty.handler.codec.http.HttpRequest)	substring(int)	java.lang.String	SOURCE
com.netflix.zuul.netty.server.ClientRequestReceiver	copyQueryParams(io.netty.handler.codec.http.HttpRequest)	parse(java.lang.String)	com.netflix.zuul.message.http.HttpQueryParams	SOURCE
com.netflix.zuul.netty.server.ClientRequestReceiver	write(io.netty.channel.ChannelHandlerContext,java.lang.Object,io.netty.channel.ChannelPromise)	traceTask(java.lang.String)	io.perfmark.PerfMark	SOURCE
com.netflix.zuul.netty.server.ClientRequestReceiver	write(io.netty.channel.ChannelHandlerContext,java.lang.Object,io.netty.channel.ChannelPromise)	addListener(io.netty.util.concurrent.GenericFutureListener<? extends io.netty.util.concurrent.Future<? super java.lang.Void>>)	io.netty.channel.ChannelPromise	SOURCE
com.netflix.zuul.netty.server.ClientRequestReceiver	write(io.netty.channel.ChannelHandlerContext,java.lang.Object,io.netty.channel.ChannelPromise)	operationComplete(F)	io.netty.util.concurrent.GenericFutureListener	SOURCE
com.netflix.zuul.netty.server.ClientRequestReceiver	write(io.netty.channel.ChannelHandlerContext,java.lang.Object,io.netty.channel.ChannelPromise)	isSuccess()	io.netty.util.concurrent.Future	SOURCE
com.netflix.zuul.netty.server.ClientRequestReceiver	write(io.netty.channel.ChannelHandlerContext,java.lang.Object,io.netty.channel.ChannelPromise)	fireWriteError(java.lang.String,java.lang.Throwable,io.netty.channel.ChannelHandlerContext)	com.netflix.zuul.netty.server.ClientRequestReceiver	SOURCE
com.netflix.zuul.netty.server.ClientRequestReceiver	write(io.netty.channel.ChannelHandlerContext,java.lang.Object,io.netty.channel.ChannelPromise)	cause()	io.netty.util.concurrent.Future	SOURCE
com.netflix.zuul.netty.server.ClientRequestReceiver	write(io.netty.channel.ChannelHandlerContext,java.lang.Object,io.netty.channel.ChannelPromise)	write(io.netty.channel.ChannelHandlerContext,java.lang.Object,io.netty.channel.ChannelPromise)	io.netty.channel.ChannelDuplexHandler	SOURCE
com.netflix.zuul.netty.server.ClientRequestReceiver	write(io.netty.channel.ChannelHandlerContext,java.lang.Object,io.netty.channel.ChannelPromise)	addListener(io.netty.util.concurrent.GenericFutureListener<? extends io.netty.util.concurrent.Future<? super java.lang.Void>>)	io.netty.channel.ChannelPromise	SOURCE
com.netflix.zuul.netty.server.ClientRequestReceiver	write(io.netty.channel.ChannelHandlerContext,java.lang.Object,io.netty.channel.ChannelPromise)	operationComplete(F)	io.netty.util.concurrent.GenericFutureListener	SOURCE
com.netflix.zuul.netty.server.ClientRequestReceiver	write(io.netty.channel.ChannelHandlerContext,java.lang.Object,io.netty.channel.ChannelPromise)	isSuccess()	io.netty.util.concurrent.Future	SOURCE
com.netflix.zuul.netty.server.ClientRequestReceiver	write(io.netty.channel.ChannelHandlerContext,java.lang.Object,io.netty.channel.ChannelPromise)	fireWriteError(java.lang.String,java.lang.Throwable,io.netty.channel.ChannelHandlerContext)	com.netflix.zuul.netty.server.ClientRequestReceiver	SOURCE
com.netflix.zuul.netty.server.ClientRequestReceiver	write(io.netty.channel.ChannelHandlerContext,java.lang.Object,io.netty.channel.ChannelPromise)	cause()	io.netty.util.concurrent.Future	SOURCE
com.netflix.zuul.netty.server.ClientRequestReceiver	write(io.netty.channel.ChannelHandlerContext,java.lang.Object,io.netty.channel.ChannelPromise)	write(io.netty.channel.ChannelHandlerContext,java.lang.Object,io.netty.channel.ChannelPromise)	io.netty.channel.ChannelDuplexHandler	SOURCE
com.netflix.zuul.netty.server.ClientRequestReceiver	write(io.netty.channel.ChannelHandlerContext,java.lang.Object,io.netty.channel.ChannelPromise)	release(java.lang.Object)	io.netty.util.ReferenceCountUtil	SOURCE
com.netflix.zuul.netty.server.ClientRequestReceiver	write(io.netty.channel.ChannelHandlerContext,java.lang.Object,io.netty.channel.ChannelPromise)	ZuulException(java.lang.String,boolean)	com.netflix.zuul.exception.ZuulException	SOURCE
com.netflix.zuul.netty.server.ClientRequestReceiver	write(io.netty.channel.ChannelHandlerContext,java.lang.Object,io.netty.channel.ChannelPromise)	getSimpleName()	java.lang.Class	SOURCE
com.netflix.zuul.netty.server.ClientRequestReceiver	write(io.netty.channel.ChannelHandlerContext,java.lang.Object,io.netty.channel.ChannelPromise)	getClass()	java.lang.Object	SOURCE
com.netflix.zuul.netty.server.ClientRequestReceiver	fireWriteError(java.lang.String,java.lang.Throwable,io.netty.channel.ChannelHandlerContext)	format(java.lang.String,java.lang.Object...)	java.lang.String	SOURCE
com.netflix.zuul.netty.server.ClientRequestReceiver	fireWriteError(java.lang.String,java.lang.Throwable,io.netty.channel.ChannelHandlerContext)	getCause()	java.lang.Throwable	SOURCE
com.netflix.zuul.netty.server.ClientRequestReceiver	fireWriteError(java.lang.String,java.lang.Throwable,io.netty.channel.ChannelHandlerContext)	getCause()	java.lang.Throwable	SOURCE
com.netflix.zuul.netty.server.ClientRequestReceiver	fireWriteError(java.lang.String,java.lang.Throwable,io.netty.channel.ChannelHandlerContext)	debug(java.lang.String,java.lang.Object)	org.slf4j.Logger	SOURCE
com.netflix.zuul.netty.server.ClientRequestReceiver	fireWriteError(java.lang.String,java.lang.Throwable,io.netty.channel.ChannelHandlerContext)	cancel()	com.netflix.zuul.context.SessionContext	SOURCE
com.netflix.zuul.netty.server.ClientRequestReceiver	fireWriteError(java.lang.String,java.lang.Throwable,io.netty.channel.ChannelHandlerContext)	getContext()	com.netflix.zuul.message.ZuulMessage	SOURCE
com.netflix.zuul.netty.server.ClientRequestReceiver	fireWriteError(java.lang.String,java.lang.Throwable,io.netty.channel.ChannelHandlerContext)	storeStatusCategoryIfNotAlreadyFailure(com.netflix.zuul.context.SessionContext,com.netflix.zuul.stats.status.StatusCategory)	com.netflix.zuul.stats.status.StatusCategoryUtils	SOURCE
com.netflix.zuul.netty.server.ClientRequestReceiver	fireWriteError(java.lang.String,java.lang.Throwable,io.netty.channel.ChannelHandlerContext)	getContext()	com.netflix.zuul.message.ZuulMessage	SOURCE
com.netflix.zuul.netty.server.ClientRequestReceiver	fireWriteError(java.lang.String,java.lang.Throwable,io.netty.channel.ChannelHandlerContext)	error(java.lang.String,java.lang.Throwable)	org.slf4j.Logger	SOURCE
com.netflix.zuul.netty.server.ClientRequestReceiver	fireWriteError(java.lang.String,java.lang.Throwable,io.netty.channel.ChannelHandlerContext)	fireExceptionCaught(java.lang.Throwable)	io.netty.channel.ChannelHandlerContext	SOURCE
com.netflix.zuul.netty.server.ClientRequestReceiver	fireWriteError(java.lang.String,java.lang.Throwable,io.netty.channel.ChannelHandlerContext)	ZuulException(java.lang.Throwable,java.lang.String,boolean)	com.netflix.zuul.exception.ZuulException	SOURCE
com.netflix.zuul.filters.endpoint.ProxyEndpoint	requestStats	ArrayList()	java.util.ArrayList	SOURCE
com.netflix.zuul.filters.endpoint.ProxyEndpoint	IDEMPOTENT_HTTP_METHODS	<E>newHashSet(E...)	com.google.common.collect.Sets	SOURCE
com.netflix.zuul.filters.endpoint.ProxyEndpoint	RETRIABLE_STATUSES_FOR_IDEMPOTENT_METHODS	DynamicIntegerSetProperty(java.lang.String,java.lang.String)	com.netflix.config.DynamicIntegerSetProperty	SOURCE
com.netflix.zuul.filters.endpoint.ProxyEndpoint	THROTTLE_MEMORY_SECONDS	CachedDynamicLongProperty(java.lang.String,long)	com.netflix.config.CachedDynamicLongProperty	SOURCE
com.netflix.zuul.filters.endpoint.ProxyEndpoint	THROTTLE_MEMORY_SECONDS	getSeconds()	java.time.Duration	SOURCE
com.netflix.zuul.filters.endpoint.ProxyEndpoint	THROTTLE_MEMORY_SECONDS	ofMinutes(long)	java.time.Duration	SOURCE
com.netflix.zuul.filters.endpoint.ProxyEndpoint	REQUEST_HEADERS_TO_REMOVE	<E>newHashSet(E...)	com.google.common.collect.Sets	SOURCE
com.netflix.zuul.filters.endpoint.ProxyEndpoint	RESPONSE_HEADERS_TO_REMOVE	<E>newHashSet(E...)	com.google.common.collect.Sets	SOURCE
com.netflix.zuul.filters.endpoint.ProxyEndpoint	LOG	getLogger(java.lang.Class<?>)	org.slf4j.LoggerFactory	SOURCE
com.netflix.zuul.filters.endpoint.ProxyEndpoint	NO_RETRY_INCOMPLETE_BODY	newCounter(java.lang.String,java.lang.String)	com.netflix.zuul.netty.SpectatorUtils	SOURCE
com.netflix.zuul.filters.endpoint.ProxyEndpoint	NO_RETRY_RESP_STARTED	newCounter(java.lang.String,java.lang.String)	com.netflix.zuul.netty.SpectatorUtils	SOURCE
com.netflix.zuul.filters.endpoint.ProxyEndpoint	ProxyEndpoint(com.netflix.zuul.message.http.HttpRequestMessage,io.netty.channel.ChannelHandlerContext,com.netflix.zuul.netty.filter.FilterRunner<com.netflix.zuul.message.http.HttpResponseMessage,?>,com.netflix.zuul.netty.server.MethodBinding<?>)	ProxyEndpoint(com.netflix.zuul.message.http.HttpRequestMessage,io.netty.channel.ChannelHandlerContext,com.netflix.zuul.netty.filter.FilterRunner<com.netflix.zuul.message.http.HttpResponseMessage,?>,com.netflix.zuul.netty.server.MethodBinding<?>,com.netflix.zuul.netty.NettyRequestAttemptFactory)	com.netflix.zuul.filters.endpoint.ProxyEndpoint	SOURCE
com.netflix.zuul.filters.endpoint.ProxyEndpoint	ProxyEndpoint(com.netflix.zuul.message.http.HttpRequestMessage,io.netty.channel.ChannelHandlerContext,com.netflix.zuul.netty.filter.FilterRunner<com.netflix.zuul.message.http.HttpResponseMessage,?>,com.netflix.zuul.netty.server.MethodBinding<?>)	NettyRequestAttemptFactory()	com.netflix.zuul.netty.NettyRequestAttemptFactory	SOURCE
com.netflix.zuul.filters.endpoint.ProxyEndpoint	ProxyEndpoint(com.netflix.zuul.message.http.HttpRequestMessage,io.netty.channel.ChannelHandlerContext,com.netflix.zuul.netty.filter.FilterRunner<com.netflix.zuul.message.http.HttpResponseMessage,?>,com.netflix.zuul.netty.server.MethodBinding<?>,com.netflix.zuul.netty.NettyRequestAttemptFactory)	SyncZuulFilterAdapter()	com.netflix.zuul.filters.SyncZuulFilterAdapter	SOURCE
com.netflix.zuul.filters.endpoint.ProxyEndpoint	ProxyEndpoint(com.netflix.zuul.message.http.HttpRequestMessage,io.netty.channel.ChannelHandlerContext,com.netflix.zuul.netty.filter.FilterRunner<com.netflix.zuul.message.http.HttpResponseMessage,?>,com.netflix.zuul.netty.server.MethodBinding<?>,com.netflix.zuul.netty.NettyRequestAttemptFactory)	transformRequest(com.netflix.zuul.message.http.HttpRequestMessage)	com.netflix.zuul.filters.endpoint.ProxyEndpoint	SOURCE
com.netflix.zuul.filters.endpoint.ProxyEndpoint	ProxyEndpoint(com.netflix.zuul.message.http.HttpRequestMessage,io.netty.channel.ChannelHandlerContext,com.netflix.zuul.netty.filter.FilterRunner<com.netflix.zuul.message.http.HttpResponseMessage,?>,com.netflix.zuul.netty.server.MethodBinding<?>,com.netflix.zuul.netty.NettyRequestAttemptFactory)	getContext()	com.netflix.zuul.message.ZuulMessage	SOURCE
com.netflix.zuul.filters.endpoint.ProxyEndpoint	ProxyEndpoint(com.netflix.zuul.message.http.HttpRequestMessage,io.netty.channel.ChannelHandlerContext,com.netflix.zuul.netty.filter.FilterRunner<com.netflix.zuul.message.http.HttpResponseMessage,?>,com.netflix.zuul.netty.server.MethodBinding<?>,com.netflix.zuul.netty.NettyRequestAttemptFactory)	getOrigin(com.netflix.zuul.message.http.HttpRequestMessage)	com.netflix.zuul.filters.endpoint.ProxyEndpoint	SOURCE
com.netflix.zuul.filters.endpoint.ProxyEndpoint	ProxyEndpoint(com.netflix.zuul.message.http.HttpRequestMessage,io.netty.channel.ChannelHandlerContext,com.netflix.zuul.netty.filter.FilterRunner<com.netflix.zuul.message.http.HttpResponseMessage,?>,com.netflix.zuul.netty.server.MethodBinding<?>,com.netflix.zuul.netty.NettyRequestAttemptFactory)	getTimeoutManager(com.netflix.zuul.origins.NettyOrigin)	com.netflix.zuul.filters.endpoint.ProxyEndpoint	SOURCE
com.netflix.zuul.filters.endpoint.ProxyEndpoint	ProxyEndpoint(com.netflix.zuul.message.http.HttpRequestMessage,io.netty.channel.ChannelHandlerContext,com.netflix.zuul.netty.filter.FilterRunner<com.netflix.zuul.message.http.HttpResponseMessage,?>,com.netflix.zuul.netty.server.MethodBinding<?>,com.netflix.zuul.netty.NettyRequestAttemptFactory)	getFromSessionContext(com.netflix.zuul.context.SessionContext)	com.netflix.zuul.niws.RequestAttempts	SOURCE
com.netflix.zuul.filters.endpoint.ProxyEndpoint	ProxyEndpoint(com.netflix.zuul.message.http.HttpRequestMessage,io.netty.channel.ChannelHandlerContext,com.netflix.zuul.netty.filter.FilterRunner<com.netflix.zuul.message.http.HttpResponseMessage,?>,com.netflix.zuul.netty.server.MethodBinding<?>,com.netflix.zuul.netty.NettyRequestAttemptFactory)	fromSessionContext(com.netflix.zuul.context.SessionContext)	com.netflix.zuul.passport.CurrentPassport	SOURCE
com.netflix.zuul.filters.endpoint.ProxyEndpoint	ProxyEndpoint(com.netflix.zuul.message.http.HttpRequestMessage,io.netty.channel.ChannelHandlerContext,com.netflix.zuul.netty.filter.FilterRunner<com.netflix.zuul.message.http.HttpResponseMessage,?>,com.netflix.zuul.netty.server.MethodBinding<?>,com.netflix.zuul.netty.NettyRequestAttemptFactory)	AtomicReference(V)	java.util.concurrent.atomic.AtomicReference	SOURCE
com.netflix.zuul.filters.endpoint.ProxyEndpoint	ProxyEndpoint(com.netflix.zuul.message.http.HttpRequestMessage,io.netty.channel.ChannelHandlerContext,com.netflix.zuul.netty.filter.FilterRunner<com.netflix.zuul.message.http.HttpResponseMessage,?>,com.netflix.zuul.netty.server.MethodBinding<?>,com.netflix.zuul.netty.NettyRequestAttemptFactory)	AtomicReference()	java.util.concurrent.atomic.AtomicReference	SOURCE
com.netflix.zuul.filters.endpoint.ProxyEndpoint	unlinkFromOrigin()	unlinkFromClientRequest()	com.netflix.zuul.netty.server.OriginResponseReceiver	SOURCE
com.netflix.zuul.filters.endpoint.ProxyEndpoint	unlinkFromOrigin()	recordProxyRequestEnd()	com.netflix.zuul.origins.InstrumentedOrigin	SOURCE
com.netflix.zuul.filters.endpoint.ProxyEndpoint	unlinkFromOrigin()	getChannel()	com.netflix.zuul.netty.connectionpool.PooledConnection	SOURCE
com.netflix.zuul.filters.endpoint.ProxyEndpoint	finish(boolean)	unlinkFromOrigin()	com.netflix.zuul.filters.endpoint.ProxyEndpoint	SOURCE
com.netflix.zuul.filters.endpoint.ProxyEndpoint	finish(boolean)	recordProxyRequestEnd()	com.netflix.zuul.origins.InstrumentedOrigin	SOURCE
com.netflix.zuul.filters.endpoint.ProxyEndpoint	finish(boolean)	generalError()	com.netflix.zuul.netty.connectionpool.RequestStat	SOURCE
com.netflix.zuul.filters.endpoint.ProxyEndpoint	finish(boolean)	isEmpty()	java.util.List	SOURCE
com.netflix.zuul.filters.endpoint.ProxyEndpoint	finish(boolean)	size()	java.util.List	SOURCE
com.netflix.zuul.filters.endpoint.ProxyEndpoint	finish(boolean)	size()	java.util.List	SOURCE
com.netflix.zuul.filters.endpoint.ProxyEndpoint	finish(boolean)	get(int)	java.util.List	SOURCE
com.netflix.zuul.filters.endpoint.ProxyEndpoint	finish(boolean)	finalAttempt(boolean)	com.netflix.zuul.netty.connectionpool.RequestStat	SOURCE
com.netflix.zuul.filters.endpoint.ProxyEndpoint	finish(boolean)	finishIfNotAlready()	com.netflix.zuul.netty.connectionpool.RequestStat	SOURCE
com.netflix.zuul.filters.endpoint.ProxyEndpoint	finish(boolean)	close()	io.netty.channel.ChannelOutboundInvoker	SOURCE
com.netflix.zuul.filters.endpoint.ProxyEndpoint	apply(com.netflix.zuul.message.http.HttpRequestMessage)	handleNoOriginSelected()	com.netflix.zuul.filters.endpoint.ProxyEndpoint	SOURCE
com.netflix.zuul.filters.endpoint.ProxyEndpoint	apply(com.netflix.zuul.message.http.HttpRequestMessage)	onRequestExecutionStart(com.netflix.zuul.message.http.HttpRequestMessage)	com.netflix.zuul.origins.NettyOrigin	SOURCE
com.netflix.zuul.filters.endpoint.ProxyEndpoint	apply(com.netflix.zuul.message.http.HttpRequestMessage)	proxyRequestToOrigin()	com.netflix.zuul.filters.endpoint.ProxyEndpoint	SOURCE
com.netflix.zuul.filters.endpoint.ProxyEndpoint	apply(com.netflix.zuul.message.http.HttpRequestMessage)	handleError(java.lang.Throwable)	com.netflix.zuul.filters.endpoint.ProxyEndpoint	SOURCE
com.netflix.zuul.filters.endpoint.ProxyEndpoint	processContentChunk(com.netflix.zuul.message.ZuulMessage,io.netty.handler.codec.http.HttpContent)	touch(io.netty.util.ReferenceCounted,java.lang.String,com.netflix.zuul.message.ZuulMessage)	com.netflix.netty.common.ByteBufUtil	SOURCE
com.netflix.zuul.filters.endpoint.ProxyEndpoint	processContentChunk(com.netflix.zuul.message.ZuulMessage,io.netty.handler.codec.http.HttpContent)	writeAndFlush(java.lang.Object)	io.netty.channel.ChannelOutboundInvoker	SOURCE
com.netflix.zuul.filters.endpoint.ProxyEndpoint	processContentChunk(com.netflix.zuul.message.ZuulMessage,io.netty.handler.codec.http.HttpContent)	getChannel()	com.netflix.zuul.netty.connectionpool.PooledConnection	SOURCE
com.netflix.zuul.filters.endpoint.ProxyEndpoint	processContentChunk(com.netflix.zuul.message.ZuulMessage,io.netty.handler.codec.http.HttpContent)	touch(io.netty.util.ReferenceCounted,java.lang.String,com.netflix.zuul.message.ZuulMessage)	com.netflix.netty.common.ByteBufUtil	SOURCE
com.netflix.zuul.filters.endpoint.ProxyEndpoint	invokeNext(com.netflix.zuul.message.http.HttpResponseMessage)	bind(java.lang.Runnable)	com.netflix.zuul.netty.server.MethodBinding	SOURCE
com.netflix.zuul.filters.endpoint.ProxyEndpoint	invokeNext(com.netflix.zuul.message.http.HttpResponseMessage)	run()	java.lang.Runnable	SOURCE
com.netflix.zuul.filters.endpoint.ProxyEndpoint	invokeNext(com.netflix.zuul.message.http.HttpResponseMessage)	filterResponse(com.netflix.zuul.message.http.HttpResponseMessage)	com.netflix.zuul.filters.endpoint.ProxyEndpoint	SOURCE
com.netflix.zuul.filters.endpoint.ProxyEndpoint	invokeNext(com.netflix.zuul.message.http.HttpResponseMessage)	unlinkFromOrigin()	com.netflix.zuul.filters.endpoint.ProxyEndpoint	SOURCE
com.netflix.zuul.filters.endpoint.ProxyEndpoint	invokeNext(com.netflix.zuul.message.http.HttpResponseMessage)	error(java.lang.String,java.lang.Throwable)	org.slf4j.Logger	SOURCE
com.netflix.zuul.filters.endpoint.ProxyEndpoint	invokeNext(com.netflix.zuul.message.http.HttpResponseMessage)	fireExceptionCaught(java.lang.Throwable)	io.netty.channel.ChannelHandlerContext	SOURCE
com.netflix.zuul.filters.endpoint.ProxyEndpoint	filterResponse(com.netflix.zuul.message.http.HttpResponseMessage)	filter(I)	com.netflix.zuul.netty.filter.FilterRunner	SOURCE
com.netflix.zuul.filters.endpoint.ProxyEndpoint	filterResponse(com.netflix.zuul.message.http.HttpResponseMessage)	fireChannelRead(java.lang.Object)	io.netty.channel.ChannelHandlerContext	SOURCE
com.netflix.zuul.filters.endpoint.ProxyEndpoint	invokeNext(io.netty.handler.codec.http.HttpContent)	touch(io.netty.util.ReferenceCounted,java.lang.String,com.netflix.zuul.message.ZuulMessage)	com.netflix.netty.common.ByteBufUtil	SOURCE
com.netflix.zuul.filters.endpoint.ProxyEndpoint	invokeNext(io.netty.handler.codec.http.HttpContent)	bind(java.lang.Runnable)	com.netflix.zuul.netty.server.MethodBinding	SOURCE
com.netflix.zuul.filters.endpoint.ProxyEndpoint	invokeNext(io.netty.handler.codec.http.HttpContent)	run()	java.lang.Runnable	SOURCE
com.netflix.zuul.filters.endpoint.ProxyEndpoint	invokeNext(io.netty.handler.codec.http.HttpContent)	filterResponseChunk(io.netty.handler.codec.http.HttpContent)	com.netflix.zuul.filters.endpoint.ProxyEndpoint	SOURCE
com.netflix.zuul.filters.endpoint.ProxyEndpoint	invokeNext(io.netty.handler.codec.http.HttpContent)	touch(io.netty.util.ReferenceCounted,java.lang.String,com.netflix.zuul.message.ZuulMessage)	com.netflix.netty.common.ByteBufUtil	SOURCE
com.netflix.zuul.filters.endpoint.ProxyEndpoint	invokeNext(io.netty.handler.codec.http.HttpContent)	unlinkFromOrigin()	com.netflix.zuul.filters.endpoint.ProxyEndpoint	SOURCE
com.netflix.zuul.filters.endpoint.ProxyEndpoint	invokeNext(io.netty.handler.codec.http.HttpContent)	error(java.lang.String,java.lang.Throwable)	org.slf4j.Logger	SOURCE
com.netflix.zuul.filters.endpoint.ProxyEndpoint	invokeNext(io.netty.handler.codec.http.HttpContent)	fireExceptionCaught(java.lang.Throwable)	io.netty.channel.ChannelHandlerContext	SOURCE
com.netflix.zuul.filters.endpoint.ProxyEndpoint	filterResponseChunk(io.netty.handler.codec.http.HttpContent)	isCancelled()	com.netflix.zuul.context.SessionContext	SOURCE
com.netflix.zuul.filters.endpoint.ProxyEndpoint	filterResponseChunk(io.netty.handler.codec.http.HttpContent)	isActive()	io.netty.channel.Channel	SOURCE
com.netflix.zuul.filters.endpoint.ProxyEndpoint	filterResponseChunk(io.netty.handler.codec.http.HttpContent)	channel()	io.netty.channel.ChannelHandlerContext	SOURCE
com.netflix.zuul.filters.endpoint.ProxyEndpoint	filterResponseChunk(io.netty.handler.codec.http.HttpContent)	increment()	com.netflix.spectator.api.Counter	SOURCE
com.netflix.zuul.filters.endpoint.ProxyEndpoint	filterResponseChunk(io.netty.handler.codec.http.HttpContent)	newCounter(java.lang.String,java.lang.String)	com.netflix.zuul.netty.SpectatorUtils	SOURCE
com.netflix.zuul.filters.endpoint.ProxyEndpoint	filterResponseChunk(io.netty.handler.codec.http.HttpContent)	getMetricId()	com.netflix.zuul.origins.OriginName	SOURCE
com.netflix.zuul.filters.endpoint.ProxyEndpoint	filterResponseChunk(io.netty.handler.codec.http.HttpContent)	getName()	com.netflix.zuul.origins.Origin	SOURCE
com.netflix.zuul.filters.endpoint.ProxyEndpoint	filterResponseChunk(io.netty.handler.codec.http.HttpContent)	unlinkFromOrigin()	com.netflix.zuul.filters.endpoint.ProxyEndpoint	SOURCE
com.netflix.zuul.filters.endpoint.ProxyEndpoint	filterResponseChunk(io.netty.handler.codec.http.HttpContent)	safeRelease(java.lang.Object)	io.netty.util.ReferenceCountUtil	SOURCE
com.netflix.zuul.filters.endpoint.ProxyEndpoint	filterResponseChunk(io.netty.handler.codec.http.HttpContent)	unlinkFromOrigin()	com.netflix.zuul.filters.endpoint.ProxyEndpoint	SOURCE
com.netflix.zuul.filters.endpoint.ProxyEndpoint	filterResponseChunk(io.netty.handler.codec.http.HttpContent)	filter(I,io.netty.handler.codec.http.HttpContent)	com.netflix.zuul.netty.filter.FilterRunner	SOURCE
com.netflix.zuul.filters.endpoint.ProxyEndpoint	filterResponseChunk(io.netty.handler.codec.http.HttpContent)	fireChannelRead(java.lang.Object)	io.netty.channel.ChannelHandlerContext	SOURCE
com.netflix.zuul.filters.endpoint.ProxyEndpoint	storeAndLogOriginRequestInfo()	getEventProperties()	com.netflix.zuul.context.SessionContext	SOURCE
com.netflix.zuul.filters.endpoint.ProxyEndpoint	storeAndLogOriginRequestInfo()	get(java.lang.Object)	java.util.Map	SOURCE
com.netflix.zuul.filters.endpoint.ProxyEndpoint	storeAndLogOriginRequestInfo()	get(java.lang.Object)	java.util.Map	SOURCE
com.netflix.zuul.filters.endpoint.ProxyEndpoint	storeAndLogOriginRequestInfo()	name()	com.netflix.zuul.context.SessionContext$Key	SOURCE
com.netflix.zuul.filters.endpoint.ProxyEndpoint	storeAndLogOriginRequestInfo()	HashMap()	java.util.HashMap	SOURCE
com.netflix.zuul.filters.endpoint.ProxyEndpoint	storeAndLogOriginRequestInfo()	HashMap()	java.util.HashMap	SOURCE
com.netflix.zuul.filters.endpoint.ProxyEndpoint	storeAndLogOriginRequestInfo()	getIpAddrFromServer(com.netflix.zuul.discovery.DiscoveryResult)	com.netflix.zuul.origins.NettyOrigin	SOURCE
com.netflix.zuul.filters.endpoint.ProxyEndpoint	storeAndLogOriginRequestInfo()	get()	java.util.concurrent.atomic.AtomicReference	SOURCE
com.netflix.zuul.filters.endpoint.ProxyEndpoint	storeAndLogOriginRequestInfo()	put(K,V)	java.util.Map	SOURCE
com.netflix.zuul.filters.endpoint.ProxyEndpoint	storeAndLogOriginRequestInfo()	put(K,V)	java.util.Map	SOURCE
com.netflix.zuul.filters.endpoint.ProxyEndpoint	storeAndLogOriginRequestInfo()	get()	java.util.concurrent.atomic.AtomicReference	SOURCE
com.netflix.zuul.filters.endpoint.ProxyEndpoint	storeAndLogOriginRequestInfo()	put(K,V)	java.util.Map	SOURCE
com.netflix.zuul.filters.endpoint.ProxyEndpoint	storeAndLogOriginRequestInfo()	get()	java.util.concurrent.atomic.AtomicReference	SOURCE
com.netflix.zuul.filters.endpoint.ProxyEndpoint	storeAndLogOriginRequestInfo()	put(K,V)	java.util.Map	SOURCE
com.netflix.zuul.filters.endpoint.ProxyEndpoint	storeAndLogOriginRequestInfo()	name()	com.netflix.zuul.context.SessionContext$Key	SOURCE
com.netflix.zuul.filters.endpoint.ProxyEndpoint	storeAndLogOriginRequestInfo()	<T>put(com.netflix.zuul.context.SessionContext.Key<T>,T)	com.netflix.zuul.context.SessionContext	SOURCE
com.netflix.zuul.filters.endpoint.ProxyEndpoint	storeAndLogOriginRequestInfo()	put(K,V)	java.util.Map	SOURCE
com.netflix.zuul.filters.endpoint.ProxyEndpoint	storeAndLogOriginRequestInfo()	getPathAndQuery()	com.netflix.zuul.message.http.HttpRequestInfo	SOURCE
com.netflix.zuul.filters.endpoint.ProxyEndpoint	proxyRequestToOrigin()	computeReadTimeout(com.netflix.zuul.message.http.HttpRequestMessage,int)	com.netflix.zuul.netty.timeouts.OriginTimeoutManager	SOURCE
com.netflix.zuul.filters.endpoint.ProxyEndpoint	proxyRequestToOrigin()	createRequestStat()	com.netflix.zuul.filters.endpoint.ProxyEndpoint	SOURCE
com.netflix.zuul.filters.endpoint.ProxyEndpoint	proxyRequestToOrigin()	preRequestChecks(com.netflix.zuul.message.http.HttpRequestMessage)	com.netflix.zuul.origins.InstrumentedOrigin	SOURCE
com.netflix.zuul.filters.endpoint.ProxyEndpoint	proxyRequestToOrigin()	updateOriginRpsTrackers(com.netflix.zuul.origins.NettyOrigin,int)	com.netflix.zuul.filters.endpoint.ProxyEndpoint	SOURCE
com.netflix.zuul.filters.endpoint.ProxyEndpoint	proxyRequestToOrigin()	connectToOrigin(com.netflix.zuul.message.http.HttpRequestMessage,io.netty.channel.EventLoop,int,com.netflix.zuul.passport.CurrentPassport,java.util.concurrent.atomic.AtomicReference<com.netflix.zuul.discovery.DiscoveryResult>,java.util.concurrent.atomic.AtomicReference<? super java.net.InetAddress>)	com.netflix.zuul.origins.NettyOrigin	SOURCE
com.netflix.zuul.filters.endpoint.ProxyEndpoint	proxyRequestToOrigin()	eventLoop()	io.netty.channel.Channel	SOURCE
com.netflix.zuul.filters.endpoint.ProxyEndpoint	proxyRequestToOrigin()	channel()	io.netty.channel.ChannelHandlerContext	SOURCE
com.netflix.zuul.filters.endpoint.ProxyEndpoint	proxyRequestToOrigin()	storeAndLogOriginRequestInfo()	com.netflix.zuul.filters.endpoint.ProxyEndpoint	SOURCE
com.netflix.zuul.filters.endpoint.ProxyEndpoint	proxyRequestToOrigin()	newRequestAttempt(com.netflix.zuul.discovery.DiscoveryResult,com.netflix.zuul.context.SessionContext,int)	com.netflix.zuul.origins.NettyOrigin	SOURCE
com.netflix.zuul.filters.endpoint.ProxyEndpoint	proxyRequestToOrigin()	get()	java.util.concurrent.atomic.AtomicReference	SOURCE
com.netflix.zuul.filters.endpoint.ProxyEndpoint	proxyRequestToOrigin()	add(E)	java.util.ArrayList	SOURCE
com.netflix.zuul.filters.endpoint.ProxyEndpoint	proxyRequestToOrigin()	add(com.netflix.zuul.passport.PassportState)	com.netflix.zuul.passport.CurrentPassport	SOURCE
com.netflix.zuul.filters.endpoint.ProxyEndpoint	proxyRequestToOrigin()	isDone()	java.util.concurrent.Future	SOURCE
com.netflix.zuul.filters.endpoint.ProxyEndpoint	proxyRequestToOrigin()	operationComplete(io.netty.util.concurrent.Future<com.netflix.zuul.netty.connectionpool.PooledConnection>)	com.netflix.zuul.filters.endpoint.ProxyEndpoint	SOURCE
com.netflix.zuul.filters.endpoint.ProxyEndpoint	proxyRequestToOrigin()	addListener(io.netty.util.concurrent.GenericFutureListener<? extends io.netty.util.concurrent.Future<? super V>>)	io.netty.util.concurrent.Promise	SOURCE
com.netflix.zuul.filters.endpoint.ProxyEndpoint	proxyRequestToOrigin()	error(java.lang.String,java.lang.Object,java.lang.Object)	org.slf4j.Logger	SOURCE
com.netflix.zuul.filters.endpoint.ProxyEndpoint	proxyRequestToOrigin()	getUUID()	com.netflix.zuul.context.SessionContext	SOURCE
com.netflix.zuul.filters.endpoint.ProxyEndpoint	proxyRequestToOrigin()	storeAndLogOriginRequestInfo()	com.netflix.zuul.filters.endpoint.ProxyEndpoint	SOURCE
com.netflix.zuul.filters.endpoint.ProxyEndpoint	proxyRequestToOrigin()	isDone()	java.util.concurrent.Future	SOURCE
com.netflix.zuul.filters.endpoint.ProxyEndpoint	proxyRequestToOrigin()	setFailure(java.lang.Throwable)	io.netty.util.concurrent.Promise	SOURCE
com.netflix.zuul.filters.endpoint.ProxyEndpoint	proxyRequestToOrigin()	errorFromOrigin(java.lang.Throwable)	com.netflix.zuul.filters.endpoint.ProxyEndpoint	SOURCE
com.netflix.zuul.filters.endpoint.ProxyEndpoint	createRequestStat()	BasicRequestStat()	com.netflix.zuul.netty.connectionpool.BasicRequestStat	SOURCE
com.netflix.zuul.filters.endpoint.ProxyEndpoint	createRequestStat()	add(E)	java.util.List	SOURCE
com.netflix.zuul.filters.endpoint.ProxyEndpoint	createRequestStat()	putInSessionContext(com.netflix.zuul.netty.connectionpool.RequestStat,com.netflix.zuul.context.SessionContext)	com.netflix.zuul.netty.connectionpool.RequestStat	SOURCE
com.netflix.zuul.filters.endpoint.ProxyEndpoint	operationComplete(io.netty.util.concurrent.Future<com.netflix.zuul.netty.connectionpool.PooledConnection>)	bind(java.lang.Runnable)	com.netflix.zuul.netty.server.MethodBinding	SOURCE
com.netflix.zuul.filters.endpoint.ProxyEndpoint	operationComplete(io.netty.util.concurrent.Future<com.netflix.zuul.netty.connectionpool.PooledConnection>)	run()	java.lang.Runnable	SOURCE
com.netflix.zuul.filters.endpoint.ProxyEndpoint	operationComplete(io.netty.util.concurrent.Future<com.netflix.zuul.netty.connectionpool.PooledConnection>)	get()	java.util.concurrent.atomic.AtomicReference	SOURCE
com.netflix.zuul.filters.endpoint.ProxyEndpoint	operationComplete(io.netty.util.concurrent.Future<com.netflix.zuul.netty.connectionpool.PooledConnection>)	server(com.netflix.zuul.discovery.DiscoveryResult)	com.netflix.zuul.netty.connectionpool.RequestStat	SOURCE
com.netflix.zuul.filters.endpoint.ProxyEndpoint	operationComplete(io.netty.util.concurrent.Future<com.netflix.zuul.netty.connectionpool.PooledConnection>)	onRequestStartWithServer(com.netflix.zuul.message.http.HttpRequestMessage,com.netflix.zuul.discovery.DiscoveryResult,int)	com.netflix.zuul.origins.NettyOrigin	SOURCE
com.netflix.zuul.filters.endpoint.ProxyEndpoint	operationComplete(io.netty.util.concurrent.Future<com.netflix.zuul.netty.connectionpool.PooledConnection>)	isSuccess()	io.netty.util.concurrent.Future	SOURCE
com.netflix.zuul.filters.endpoint.ProxyEndpoint	operationComplete(io.netty.util.concurrent.Future<com.netflix.zuul.netty.connectionpool.PooledConnection>)	onOriginConnectSucceeded(com.netflix.zuul.netty.connectionpool.PooledConnection,java.time.Duration)	com.netflix.zuul.filters.endpoint.ProxyEndpoint	SOURCE
com.netflix.zuul.filters.endpoint.ProxyEndpoint	operationComplete(io.netty.util.concurrent.Future<com.netflix.zuul.netty.connectionpool.PooledConnection>)	getNow()	io.netty.util.concurrent.Future	SOURCE
com.netflix.zuul.filters.endpoint.ProxyEndpoint	operationComplete(io.netty.util.concurrent.Future<com.netflix.zuul.netty.connectionpool.PooledConnection>)	onOriginConnectFailed(java.lang.Throwable)	com.netflix.zuul.filters.endpoint.ProxyEndpoint	SOURCE
com.netflix.zuul.filters.endpoint.ProxyEndpoint	operationComplete(io.netty.util.concurrent.Future<com.netflix.zuul.netty.connectionpool.PooledConnection>)	cause()	io.netty.util.concurrent.Future	SOURCE
com.netflix.zuul.filters.endpoint.ProxyEndpoint	operationComplete(io.netty.util.concurrent.Future<com.netflix.zuul.netty.connectionpool.PooledConnection>)	error(java.lang.String,java.lang.Object,java.lang.Object)	org.slf4j.Logger	SOURCE
com.netflix.zuul.filters.endpoint.ProxyEndpoint	operationComplete(io.netty.util.concurrent.Future<com.netflix.zuul.netty.connectionpool.PooledConnection>)	channelInfoForLogging(io.netty.channel.Channel)	com.netflix.zuul.netty.ChannelUtils	SOURCE
com.netflix.zuul.filters.endpoint.ProxyEndpoint	operationComplete(io.netty.util.concurrent.Future<com.netflix.zuul.netty.connectionpool.PooledConnection>)	channel()	io.netty.channel.ChannelHandlerContext	SOURCE
com.netflix.zuul.filters.endpoint.ProxyEndpoint	operationComplete(io.netty.util.concurrent.Future<com.netflix.zuul.netty.connectionpool.PooledConnection>)	unlinkFromOrigin()	com.netflix.zuul.filters.endpoint.ProxyEndpoint	SOURCE
com.netflix.zuul.filters.endpoint.ProxyEndpoint	operationComplete(io.netty.util.concurrent.Future<com.netflix.zuul.netty.connectionpool.PooledConnection>)	fireExceptionCaught(java.lang.Throwable)	io.netty.channel.ChannelHandlerContext	SOURCE
com.netflix.zuul.filters.endpoint.ProxyEndpoint	onOriginConnectSucceeded(com.netflix.zuul.netty.connectionpool.PooledConnection,java.time.Duration)	add(com.netflix.zuul.passport.PassportState)	com.netflix.zuul.passport.CurrentPassport	SOURCE
com.netflix.zuul.filters.endpoint.ProxyEndpoint	onOriginConnectSucceeded(com.netflix.zuul.netty.connectionpool.PooledConnection,java.time.Duration)	isCancelled()	com.netflix.zuul.context.SessionContext	SOURCE
com.netflix.zuul.filters.endpoint.ProxyEndpoint	onOriginConnectSucceeded(com.netflix.zuul.netty.connectionpool.PooledConnection,java.time.Duration)	info(java.lang.String,java.lang.Object)	org.slf4j.Logger	SOURCE
com.netflix.zuul.filters.endpoint.ProxyEndpoint	onOriginConnectSucceeded(com.netflix.zuul.netty.connectionpool.PooledConnection,java.time.Duration)	getChannel()	com.netflix.zuul.netty.connectionpool.PooledConnection	SOURCE
com.netflix.zuul.filters.endpoint.ProxyEndpoint	onOriginConnectSucceeded(com.netflix.zuul.netty.connectionpool.PooledConnection,java.time.Duration)	setConnectionState(com.netflix.zuul.netty.connectionpool.PooledConnection.ConnectionState)	com.netflix.zuul.netty.connectionpool.PooledConnection	SOURCE
com.netflix.zuul.filters.endpoint.ProxyEndpoint	onOriginConnectSucceeded(com.netflix.zuul.netty.connectionpool.PooledConnection,java.time.Duration)	release()	com.netflix.zuul.netty.connectionpool.PooledConnection	SOURCE
com.netflix.zuul.filters.endpoint.ProxyEndpoint	onOriginConnectSucceeded(com.netflix.zuul.netty.connectionpool.PooledConnection,java.time.Duration)	setReadTimeout(long)	com.netflix.zuul.niws.RequestAttempt	SOURCE
com.netflix.zuul.filters.endpoint.ProxyEndpoint	onOriginConnectSucceeded(com.netflix.zuul.netty.connectionpool.PooledConnection,java.time.Duration)	toMillis()	java.time.Duration	SOURCE
com.netflix.zuul.filters.endpoint.ProxyEndpoint	onOriginConnectSucceeded(com.netflix.zuul.netty.connectionpool.PooledConnection,java.time.Duration)	writeClientRequestToOrigin(com.netflix.zuul.netty.connectionpool.PooledConnection,java.time.Duration)	com.netflix.zuul.filters.endpoint.ProxyEndpoint	SOURCE
com.netflix.zuul.filters.endpoint.ProxyEndpoint	onOriginConnectFailed(java.lang.Throwable)	add(com.netflix.zuul.passport.PassportState)	com.netflix.zuul.passport.CurrentPassport	SOURCE
com.netflix.zuul.filters.endpoint.ProxyEndpoint	onOriginConnectFailed(java.lang.Throwable)	isCancelled()	com.netflix.zuul.context.SessionContext	SOURCE
com.netflix.zuul.filters.endpoint.ProxyEndpoint	onOriginConnectFailed(java.lang.Throwable)	errorFromOrigin(java.lang.Throwable)	com.netflix.zuul.filters.endpoint.ProxyEndpoint	SOURCE
com.netflix.zuul.filters.endpoint.ProxyEndpoint	writeClientRequestToOrigin(com.netflix.zuul.netty.connectionpool.PooledConnection,java.time.Duration)	getChannel()	com.netflix.zuul.netty.connectionpool.PooledConnection	SOURCE
com.netflix.zuul.filters.endpoint.ProxyEndpoint	writeClientRequestToOrigin(com.netflix.zuul.netty.connectionpool.PooledConnection,java.time.Duration)	setOnChannel(io.netty.channel.Channel)	com.netflix.zuul.passport.CurrentPassport	SOURCE
com.netflix.zuul.filters.endpoint.ProxyEndpoint	writeClientRequestToOrigin(com.netflix.zuul.netty.connectionpool.PooledConnection,java.time.Duration)	set(T)	io.netty.util.Attribute	SOURCE
com.netflix.zuul.filters.endpoint.ProxyEndpoint	writeClientRequestToOrigin(com.netflix.zuul.netty.connectionpool.PooledConnection,java.time.Duration)	<T>attr(io.netty.util.AttributeKey<T>)	io.netty.util.AttributeMap	SOURCE
com.netflix.zuul.filters.endpoint.ProxyEndpoint	writeClientRequestToOrigin(com.netflix.zuul.netty.connectionpool.PooledConnection,java.time.Duration)	<T>put(com.netflix.zuul.context.SessionContext.Key<T>,T)	com.netflix.zuul.context.SessionContext	SOURCE
com.netflix.zuul.filters.endpoint.ProxyEndpoint	writeClientRequestToOrigin(com.netflix.zuul.netty.connectionpool.PooledConnection,java.time.Duration)	set(java.lang.String,java.lang.Object)	com.netflix.zuul.context.SessionContext	SOURCE
com.netflix.zuul.filters.endpoint.ProxyEndpoint	writeClientRequestToOrigin(com.netflix.zuul.netty.connectionpool.PooledConnection,java.time.Duration)	preWriteToOrigin(com.netflix.zuul.discovery.DiscoveryResult,com.netflix.zuul.message.http.HttpRequestMessage)	com.netflix.zuul.filters.endpoint.ProxyEndpoint	SOURCE
com.netflix.zuul.filters.endpoint.ProxyEndpoint	writeClientRequestToOrigin(com.netflix.zuul.netty.connectionpool.PooledConnection,java.time.Duration)	get()	java.util.concurrent.atomic.AtomicReference	SOURCE
com.netflix.zuul.filters.endpoint.ProxyEndpoint	writeClientRequestToOrigin(com.netflix.zuul.netty.connectionpool.PooledConnection,java.time.Duration)	pipeline()	io.netty.channel.Channel	SOURCE
com.netflix.zuul.filters.endpoint.ProxyEndpoint	writeClientRequestToOrigin(com.netflix.zuul.netty.connectionpool.PooledConnection,java.time.Duration)	getOriginResponseReceiver()	com.netflix.zuul.filters.endpoint.ProxyEndpoint	SOURCE
com.netflix.zuul.filters.endpoint.ProxyEndpoint	writeClientRequestToOrigin(com.netflix.zuul.netty.connectionpool.PooledConnection,java.time.Duration)	addBefore(java.lang.String,java.lang.String,io.netty.channel.ChannelHandler)	io.netty.channel.ChannelPipeline	SOURCE
com.netflix.zuul.filters.endpoint.ProxyEndpoint	writeClientRequestToOrigin(com.netflix.zuul.netty.connectionpool.PooledConnection,java.time.Duration)	write(java.lang.Object)	io.netty.channel.ChannelOutboundInvoker	SOURCE
com.netflix.zuul.filters.endpoint.ProxyEndpoint	writeClientRequestToOrigin(com.netflix.zuul.netty.connectionpool.PooledConnection,java.time.Duration)	writeBufferedBodyContent(com.netflix.zuul.message.http.HttpRequestMessage,io.netty.channel.Channel)	com.netflix.zuul.filters.endpoint.ProxyEndpoint	SOURCE
com.netflix.zuul.filters.endpoint.ProxyEndpoint	writeClientRequestToOrigin(com.netflix.zuul.netty.connectionpool.PooledConnection,java.time.Duration)	flush()	io.netty.channel.Channel	SOURCE
com.netflix.zuul.filters.endpoint.ProxyEndpoint	writeClientRequestToOrigin(com.netflix.zuul.netty.connectionpool.PooledConnection,java.time.Duration)	read()	io.netty.channel.Channel	SOURCE
com.netflix.zuul.filters.endpoint.ProxyEndpoint	writeClientRequestToOrigin(com.netflix.zuul.netty.connectionpool.PooledConnection,java.time.Duration)	read()	io.netty.channel.ChannelHandlerContext	SOURCE
com.netflix.zuul.filters.endpoint.ProxyEndpoint	getOriginResponseReceiver()	OriginResponseReceiver(com.netflix.zuul.filters.endpoint.ProxyEndpoint)	com.netflix.zuul.netty.server.OriginResponseReceiver	SOURCE
com.netflix.zuul.filters.endpoint.ProxyEndpoint	writeBufferedBodyContent(com.netflix.zuul.message.http.HttpRequestMessage,io.netty.channel.Channel)	forEach(java.util.function.Consumer<? super T>)	java.lang.Iterable	SOURCE
com.netflix.zuul.filters.endpoint.ProxyEndpoint	writeBufferedBodyContent(com.netflix.zuul.message.http.HttpRequestMessage,io.netty.channel.Channel)	getBodyContents()	com.netflix.zuul.message.ZuulMessage	SOURCE
com.netflix.zuul.filters.endpoint.ProxyEndpoint	writeBufferedBodyContent(com.netflix.zuul.message.http.HttpRequestMessage,io.netty.channel.Channel)	accept(T)	java.util.function.Consumer	SOURCE
com.netflix.zuul.filters.endpoint.ProxyEndpoint	writeBufferedBodyContent(com.netflix.zuul.message.http.HttpRequestMessage,io.netty.channel.Channel)	write(java.lang.Object)	io.netty.channel.ChannelOutboundInvoker	SOURCE
com.netflix.zuul.filters.endpoint.ProxyEndpoint	writeBufferedBodyContent(com.netflix.zuul.message.http.HttpRequestMessage,io.netty.channel.Channel)	retain()	io.netty.handler.codec.http.HttpContent	SOURCE
com.netflix.zuul.filters.endpoint.ProxyEndpoint	isBelowRetryLimit()	getMaxRetriesForRequest(com.netflix.zuul.context.SessionContext)	com.netflix.zuul.origins.NettyOrigin	SOURCE
com.netflix.zuul.filters.endpoint.ProxyEndpoint	isBelowRetryLimit()	isRemoteZuulRetriesBelowRetryLimit(int)	com.netflix.zuul.filters.endpoint.ProxyEndpoint	SOURCE
com.netflix.zuul.filters.endpoint.ProxyEndpoint	errorFromOrigin(java.lang.Throwable)	incrementSuccessiveConnectionFailureCount()	com.netflix.zuul.discovery.DiscoveryResult	SOURCE
com.netflix.zuul.filters.endpoint.ProxyEndpoint	errorFromOrigin(java.lang.Throwable)	getServer()	com.netflix.zuul.netty.connectionpool.PooledConnection	SOURCE
com.netflix.zuul.filters.endpoint.ProxyEndpoint	errorFromOrigin(java.lang.Throwable)	addToFailureCount()	com.netflix.zuul.discovery.DiscoveryResult	SOURCE
com.netflix.zuul.filters.endpoint.ProxyEndpoint	errorFromOrigin(java.lang.Throwable)	getServer()	com.netflix.zuul.netty.connectionpool.PooledConnection	SOURCE
com.netflix.zuul.filters.endpoint.ProxyEndpoint	errorFromOrigin(java.lang.Throwable)	flagShouldClose()	com.netflix.zuul.netty.connectionpool.PooledConnection	SOURCE
com.netflix.zuul.filters.endpoint.ProxyEndpoint	errorFromOrigin(java.lang.Throwable)	unlinkFromOrigin()	com.netflix.zuul.filters.endpoint.ProxyEndpoint	SOURCE
com.netflix.zuul.filters.endpoint.ProxyEndpoint	errorFromOrigin(java.lang.Throwable)	bind(java.lang.Runnable)	com.netflix.zuul.netty.server.MethodBinding	SOURCE
com.netflix.zuul.filters.endpoint.ProxyEndpoint	errorFromOrigin(java.lang.Throwable)	run()	java.lang.Runnable	SOURCE
com.netflix.zuul.filters.endpoint.ProxyEndpoint	errorFromOrigin(java.lang.Throwable)	processErrorFromOrigin(java.lang.Throwable,io.netty.channel.Channel)	com.netflix.zuul.filters.endpoint.ProxyEndpoint	SOURCE
com.netflix.zuul.filters.endpoint.ProxyEndpoint	errorFromOrigin(java.lang.Throwable)	fireExceptionCaught(java.lang.Throwable)	io.netty.channel.ChannelHandlerContext	SOURCE
com.netflix.zuul.filters.endpoint.ProxyEndpoint	processErrorFromOrigin(java.lang.Throwable,io.netty.channel.Channel)	mapNettyToOutboundErrorType(java.lang.Throwable)	com.netflix.zuul.netty.NettyRequestAttemptFactory	SOURCE
com.netflix.zuul.filters.endpoint.ProxyEndpoint	processErrorFromOrigin(java.lang.Throwable,io.netty.channel.Channel)	isInBrownoutMode()	com.netflix.zuul.context.SessionContext	SOURCE
com.netflix.zuul.filters.endpoint.ProxyEndpoint	processErrorFromOrigin(java.lang.Throwable,io.netty.channel.Channel)	warn(java.lang.String,java.lang.Object...)	org.slf4j.Logger	SOURCE
com.netflix.zuul.filters.endpoint.ProxyEndpoint	processErrorFromOrigin(java.lang.Throwable,io.netty.channel.Channel)	name()	com.netflix.zuul.stats.status.StatusCategory	SOURCE
com.netflix.zuul.filters.endpoint.ProxyEndpoint	processErrorFromOrigin(java.lang.Throwable,io.netty.channel.Channel)	getStatusCategory()	com.netflix.zuul.exception.ErrorType	SOURCE
com.netflix.zuul.filters.endpoint.ProxyEndpoint	processErrorFromOrigin(java.lang.Throwable,io.netty.channel.Channel)	getName()	com.netflix.zuul.origins.Origin	SOURCE
com.netflix.zuul.filters.endpoint.ProxyEndpoint	processErrorFromOrigin(java.lang.Throwable,io.netty.channel.Channel)	valueOf(java.lang.Object)	java.lang.String	SOURCE
com.netflix.zuul.filters.endpoint.ProxyEndpoint	processErrorFromOrigin(java.lang.Throwable,io.netty.channel.Channel)	channelInfoForLogging(io.netty.channel.Channel)	com.netflix.zuul.netty.ChannelUtils	SOURCE
com.netflix.zuul.filters.endpoint.ProxyEndpoint	processErrorFromOrigin(java.lang.Throwable,io.netty.channel.Channel)	isInfoEnabled()	org.slf4j.Logger	SOURCE
com.netflix.zuul.filters.endpoint.ProxyEndpoint	processErrorFromOrigin(java.lang.Throwable,io.netty.channel.Channel)	warn(java.lang.String,java.lang.Object...)	org.slf4j.Logger	SOURCE
com.netflix.zuul.filters.endpoint.ProxyEndpoint	processErrorFromOrigin(java.lang.Throwable,io.netty.channel.Channel)	name()	com.netflix.zuul.stats.status.StatusCategory	SOURCE
com.netflix.zuul.filters.endpoint.ProxyEndpoint	processErrorFromOrigin(java.lang.Throwable,io.netty.channel.Channel)	getStatusCategory()	com.netflix.zuul.exception.ErrorType	SOURCE
com.netflix.zuul.filters.endpoint.ProxyEndpoint	processErrorFromOrigin(java.lang.Throwable,io.netty.channel.Channel)	getName()	com.netflix.zuul.origins.Origin	SOURCE
com.netflix.zuul.filters.endpoint.ProxyEndpoint	processErrorFromOrigin(java.lang.Throwable,io.netty.channel.Channel)	warn(java.lang.String,java.lang.Object...)	org.slf4j.Logger	SOURCE
com.netflix.zuul.filters.endpoint.ProxyEndpoint	processErrorFromOrigin(java.lang.Throwable,io.netty.channel.Channel)	name()	com.netflix.zuul.stats.status.StatusCategory	SOURCE
com.netflix.zuul.filters.endpoint.ProxyEndpoint	processErrorFromOrigin(java.lang.Throwable,io.netty.channel.Channel)	getStatusCategory()	com.netflix.zuul.exception.ErrorType	SOURCE
com.netflix.zuul.filters.endpoint.ProxyEndpoint	processErrorFromOrigin(java.lang.Throwable,io.netty.channel.Channel)	getName()	com.netflix.zuul.origins.Origin	SOURCE
com.netflix.zuul.filters.endpoint.ProxyEndpoint	processErrorFromOrigin(java.lang.Throwable,io.netty.channel.Channel)	valueOf(java.lang.Object)	java.lang.String	SOURCE
com.netflix.zuul.filters.endpoint.ProxyEndpoint	processErrorFromOrigin(java.lang.Throwable,io.netty.channel.Channel)	failAndSetErrorCode(com.netflix.zuul.exception.ErrorType)	com.netflix.zuul.netty.connectionpool.RequestStat	SOURCE
com.netflix.zuul.filters.endpoint.ProxyEndpoint	processErrorFromOrigin(java.lang.Throwable,io.netty.channel.Channel)	complete(int,long,java.lang.Throwable)	com.netflix.zuul.niws.RequestAttempt	SOURCE
com.netflix.zuul.filters.endpoint.ProxyEndpoint	processErrorFromOrigin(java.lang.Throwable,io.netty.channel.Channel)	duration()	com.netflix.zuul.netty.connectionpool.RequestStat	SOURCE
com.netflix.zuul.filters.endpoint.ProxyEndpoint	processErrorFromOrigin(java.lang.Throwable,io.netty.channel.Channel)	postErrorProcessing(java.lang.Throwable,com.netflix.zuul.context.SessionContext,com.netflix.zuul.exception.ErrorType,com.netflix.zuul.discovery.DiscoveryResult,int)	com.netflix.zuul.filters.endpoint.ProxyEndpoint	SOURCE
com.netflix.zuul.filters.endpoint.ProxyEndpoint	processErrorFromOrigin(java.lang.Throwable,io.netty.channel.Channel)	get()	java.util.concurrent.atomic.AtomicReference	SOURCE
com.netflix.zuul.filters.endpoint.ProxyEndpoint	processErrorFromOrigin(java.lang.Throwable,io.netty.channel.Channel)	ClientException(com.netflix.client.ClientException.ErrorType)	com.netflix.client.ClientException	SOURCE
com.netflix.zuul.filters.endpoint.ProxyEndpoint	processErrorFromOrigin(java.lang.Throwable,io.netty.channel.Channel)	valueOf(java.lang.String)	com.netflix.client.ClientException$ErrorType	SOURCE
com.netflix.zuul.filters.endpoint.ProxyEndpoint	processErrorFromOrigin(java.lang.Throwable,io.netty.channel.Channel)	name()	java.lang.Enum	SOURCE
com.netflix.zuul.filters.endpoint.ProxyEndpoint	processErrorFromOrigin(java.lang.Throwable,io.netty.channel.Channel)	getClientErrorType()	com.netflix.zuul.exception.ErrorType	SOURCE
com.netflix.zuul.filters.endpoint.ProxyEndpoint	processErrorFromOrigin(java.lang.Throwable,io.netty.channel.Channel)	get()	java.util.concurrent.atomic.AtomicReference	SOURCE
com.netflix.zuul.filters.endpoint.ProxyEndpoint	processErrorFromOrigin(java.lang.Throwable,io.netty.channel.Channel)	onRequestExceptionWithServer(com.netflix.zuul.message.http.HttpRequestMessage,com.netflix.zuul.discovery.DiscoveryResult,int,java.lang.Throwable)	com.netflix.zuul.origins.NettyOrigin	SOURCE
com.netflix.zuul.filters.endpoint.ProxyEndpoint	processErrorFromOrigin(java.lang.Throwable,io.netty.channel.Channel)	get()	java.util.concurrent.atomic.AtomicReference	SOURCE
com.netflix.zuul.filters.endpoint.ProxyEndpoint	processErrorFromOrigin(java.lang.Throwable,io.netty.channel.Channel)	isBelowRetryLimit()	com.netflix.zuul.filters.endpoint.ProxyEndpoint	SOURCE
com.netflix.zuul.filters.endpoint.ProxyEndpoint	processErrorFromOrigin(java.lang.Throwable,io.netty.channel.Channel)	isRetryable(com.netflix.zuul.exception.ErrorType)	com.netflix.zuul.filters.endpoint.ProxyEndpoint	SOURCE
com.netflix.zuul.filters.endpoint.ProxyEndpoint	processErrorFromOrigin(java.lang.Throwable,io.netty.channel.Channel)	add(com.netflix.zuul.passport.PassportState)	com.netflix.zuul.passport.CurrentPassport	SOURCE
com.netflix.zuul.filters.endpoint.ProxyEndpoint	processErrorFromOrigin(java.lang.Throwable,io.netty.channel.Channel)	adjustRetryPolicyIfNeeded(com.netflix.zuul.message.http.HttpRequestMessage)	com.netflix.zuul.origins.InstrumentedOrigin	SOURCE
com.netflix.zuul.filters.endpoint.ProxyEndpoint	processErrorFromOrigin(java.lang.Throwable,io.netty.channel.Channel)	proxyRequestToOrigin()	com.netflix.zuul.filters.endpoint.ProxyEndpoint	SOURCE
com.netflix.zuul.filters.endpoint.ProxyEndpoint	processErrorFromOrigin(java.lang.Throwable,io.netty.channel.Channel)	setError(java.lang.Throwable)	com.netflix.zuul.context.SessionContext	SOURCE
com.netflix.zuul.filters.endpoint.ProxyEndpoint	processErrorFromOrigin(java.lang.Throwable,io.netty.channel.Channel)	setShouldSendErrorResponse(boolean)	com.netflix.zuul.context.SessionContext	SOURCE
com.netflix.zuul.filters.endpoint.ProxyEndpoint	processErrorFromOrigin(java.lang.Throwable,io.netty.channel.Channel)	storeStatusCategoryIfNotAlreadyFailure(com.netflix.zuul.context.SessionContext,com.netflix.zuul.stats.status.StatusCategory)	com.netflix.zuul.stats.status.StatusCategoryUtils	SOURCE
com.netflix.zuul.filters.endpoint.ProxyEndpoint	processErrorFromOrigin(java.lang.Throwable,io.netty.channel.Channel)	getStatusCategory()	com.netflix.zuul.exception.ErrorType	SOURCE
com.netflix.zuul.filters.endpoint.ProxyEndpoint	processErrorFromOrigin(java.lang.Throwable,io.netty.channel.Channel)	recordFinalError(com.netflix.zuul.message.http.HttpRequestMessage,java.lang.Throwable)	com.netflix.zuul.origins.NettyOrigin	SOURCE
com.netflix.zuul.filters.endpoint.ProxyEndpoint	processErrorFromOrigin(java.lang.Throwable,io.netty.channel.Channel)	onRequestExecutionFailed(com.netflix.zuul.message.http.HttpRequestMessage,com.netflix.zuul.discovery.DiscoveryResult,int,java.lang.Throwable)	com.netflix.zuul.origins.NettyOrigin	SOURCE
com.netflix.zuul.filters.endpoint.ProxyEndpoint	processErrorFromOrigin(java.lang.Throwable,io.netty.channel.Channel)	get()	java.util.concurrent.atomic.AtomicReference	SOURCE
com.netflix.zuul.filters.endpoint.ProxyEndpoint	processErrorFromOrigin(java.lang.Throwable,io.netty.channel.Channel)	handleError(java.lang.Throwable)	com.netflix.zuul.filters.endpoint.ProxyEndpoint	SOURCE
com.netflix.zuul.filters.endpoint.ProxyEndpoint	processErrorFromOrigin(java.lang.Throwable,io.netty.channel.Channel)	handleError(java.lang.Throwable)	com.netflix.zuul.filters.endpoint.ProxyEndpoint	SOURCE
com.netflix.zuul.filters.endpoint.ProxyEndpoint	handleError(java.lang.Throwable)	mapNettyToOutboundException(java.lang.Throwable,com.netflix.zuul.context.SessionContext)	com.netflix.zuul.netty.NettyRequestAttemptFactory	SOURCE
com.netflix.zuul.filters.endpoint.ProxyEndpoint	handleError(java.lang.Throwable)	debug(java.lang.String,java.lang.Throwable)	org.slf4j.Logger	SOURCE
com.netflix.zuul.filters.endpoint.ProxyEndpoint	handleError(java.lang.Throwable)	HttpResponseMessageImpl(com.netflix.zuul.context.SessionContext,com.netflix.zuul.message.http.HttpRequestMessage,int)	com.netflix.zuul.message.http.HttpResponseMessageImpl	SOURCE
com.netflix.zuul.filters.endpoint.ProxyEndpoint	handleError(java.lang.Throwable)	getStatusCode()	com.netflix.zuul.exception.ZuulException	SOURCE
com.netflix.zuul.filters.endpoint.ProxyEndpoint	handleError(java.lang.Throwable)	add(java.lang.String,java.lang.String)	com.netflix.zuul.message.Headers	SOURCE
com.netflix.zuul.filters.endpoint.ProxyEndpoint	handleError(java.lang.Throwable)	getHeaders()	com.netflix.zuul.message.ZuulMessage	SOURCE
com.netflix.zuul.filters.endpoint.ProxyEndpoint	handleError(java.lang.Throwable)	finishBufferedBodyIfIncomplete()	com.netflix.zuul.message.ZuulMessage	SOURCE
com.netflix.zuul.filters.endpoint.ProxyEndpoint	handleError(java.lang.Throwable)	invokeNext(com.netflix.zuul.message.http.HttpResponseMessage)	com.netflix.zuul.filters.endpoint.ProxyEndpoint	SOURCE
com.netflix.zuul.filters.endpoint.ProxyEndpoint	handleError(java.lang.Throwable)	fireExceptionCaught(java.lang.Throwable)	io.netty.channel.ChannelHandlerContext	SOURCE
com.netflix.zuul.filters.endpoint.ProxyEndpoint	handleNoOriginSelected()	setStatusCategory(com.netflix.zuul.context.SessionContext,com.netflix.zuul.stats.status.StatusCategory)	com.netflix.zuul.stats.status.StatusCategoryUtils	SOURCE
com.netflix.zuul.filters.endpoint.ProxyEndpoint	handleNoOriginSelected()	HttpResponseMessageImpl(com.netflix.zuul.context.SessionContext,com.netflix.zuul.message.http.HttpRequestMessage,int)	com.netflix.zuul.message.http.HttpResponseMessageImpl	SOURCE
com.netflix.zuul.filters.endpoint.ProxyEndpoint	handleNoOriginSelected()	finishBufferedBodyIfIncomplete()	com.netflix.zuul.message.ZuulMessage	SOURCE
com.netflix.zuul.filters.endpoint.ProxyEndpoint	handleNoOriginSelected()	invokeNext(com.netflix.zuul.message.http.HttpResponseMessage)	com.netflix.zuul.filters.endpoint.ProxyEndpoint	SOURCE
com.netflix.zuul.filters.endpoint.ProxyEndpoint	isRetryable(com.netflix.zuul.exception.ErrorType)	contains(java.lang.Object)	java.util.Set	SOURCE
com.netflix.zuul.filters.endpoint.ProxyEndpoint	isRetryable(com.netflix.zuul.exception.ErrorType)	toUpperCase()	java.lang.String	SOURCE
com.netflix.zuul.filters.endpoint.ProxyEndpoint	isRetryable(com.netflix.zuul.exception.ErrorType)	getMethod()	com.netflix.zuul.message.http.HttpRequestInfo	SOURCE
com.netflix.zuul.filters.endpoint.ProxyEndpoint	isRetryable(com.netflix.zuul.exception.ErrorType)	isRequestReplayable()	com.netflix.zuul.filters.endpoint.ProxyEndpoint	SOURCE
com.netflix.zuul.filters.endpoint.ProxyEndpoint	isRequestReplayable()	increment()	com.netflix.spectator.api.Counter	SOURCE
com.netflix.zuul.filters.endpoint.ProxyEndpoint	isRequestReplayable()	increment()	com.netflix.spectator.api.Counter	SOURCE
com.netflix.zuul.filters.endpoint.ProxyEndpoint	responseFromOrigin(io.netty.handler.codec.http.HttpResponse)	traceTask(java.lang.String)	io.perfmark.PerfMark	SOURCE
com.netflix.zuul.filters.endpoint.ProxyEndpoint	responseFromOrigin(io.netty.handler.codec.http.HttpResponse)	<T>attachTag(java.lang.String,T,io.perfmark.StringFunction<? super T>)	io.perfmark.PerfMark	SOURCE
com.netflix.zuul.filters.endpoint.ProxyEndpoint	responseFromOrigin(io.netty.handler.codec.http.HttpResponse)	apply(T)	io.perfmark.StringFunction	SOURCE
com.netflix.zuul.filters.endpoint.ProxyEndpoint	responseFromOrigin(io.netty.handler.codec.http.HttpResponse)	getUUID()	com.netflix.zuul.context.SessionContext	SOURCE
com.netflix.zuul.filters.endpoint.ProxyEndpoint	responseFromOrigin(io.netty.handler.codec.http.HttpResponse)	getContext()	com.netflix.zuul.message.ZuulMessage	SOURCE
com.netflix.zuul.filters.endpoint.ProxyEndpoint	responseFromOrigin(io.netty.handler.codec.http.HttpResponse)	<T>attachTag(java.lang.String,T,io.perfmark.StringFunction<? super T>)	io.perfmark.PerfMark	SOURCE
com.netflix.zuul.filters.endpoint.ProxyEndpoint	responseFromOrigin(io.netty.handler.codec.http.HttpResponse)	apply(T)	io.perfmark.StringFunction	SOURCE
com.netflix.zuul.filters.endpoint.ProxyEndpoint	responseFromOrigin(io.netty.handler.codec.http.HttpResponse)	getPath()	com.netflix.zuul.message.http.HttpRequestInfo	SOURCE
com.netflix.zuul.filters.endpoint.ProxyEndpoint	responseFromOrigin(io.netty.handler.codec.http.HttpResponse)	bind(java.lang.Runnable)	com.netflix.zuul.netty.server.MethodBinding	SOURCE
com.netflix.zuul.filters.endpoint.ProxyEndpoint	responseFromOrigin(io.netty.handler.codec.http.HttpResponse)	run()	java.lang.Runnable	SOURCE
com.netflix.zuul.filters.endpoint.ProxyEndpoint	responseFromOrigin(io.netty.handler.codec.http.HttpResponse)	processResponseFromOrigin(io.netty.handler.codec.http.HttpResponse)	com.netflix.zuul.filters.endpoint.ProxyEndpoint	SOURCE
com.netflix.zuul.filters.endpoint.ProxyEndpoint	responseFromOrigin(io.netty.handler.codec.http.HttpResponse)	unlinkFromOrigin()	com.netflix.zuul.filters.endpoint.ProxyEndpoint	SOURCE
com.netflix.zuul.filters.endpoint.ProxyEndpoint	responseFromOrigin(io.netty.handler.codec.http.HttpResponse)	error(java.lang.String,java.lang.Throwable)	org.slf4j.Logger	SOURCE
com.netflix.zuul.filters.endpoint.ProxyEndpoint	responseFromOrigin(io.netty.handler.codec.http.HttpResponse)	fireExceptionCaught(java.lang.Throwable)	io.netty.channel.ChannelHandlerContext	SOURCE
com.netflix.zuul.filters.endpoint.ProxyEndpoint	processResponseFromOrigin(io.netty.handler.codec.http.HttpResponse)	code()	io.netty.handler.codec.http.HttpResponseStatus	SOURCE
com.netflix.zuul.filters.endpoint.ProxyEndpoint	processResponseFromOrigin(io.netty.handler.codec.http.HttpResponse)	status()	io.netty.handler.codec.http.HttpResponse	SOURCE
com.netflix.zuul.filters.endpoint.ProxyEndpoint	processResponseFromOrigin(io.netty.handler.codec.http.HttpResponse)	handleOriginNonSuccessResponse(io.netty.handler.codec.http.HttpResponse,com.netflix.zuul.discovery.DiscoveryResult)	com.netflix.zuul.filters.endpoint.ProxyEndpoint	SOURCE
com.netflix.zuul.filters.endpoint.ProxyEndpoint	processResponseFromOrigin(io.netty.handler.codec.http.HttpResponse)	get()	java.util.concurrent.atomic.AtomicReference	SOURCE
com.netflix.zuul.filters.endpoint.ProxyEndpoint	processResponseFromOrigin(io.netty.handler.codec.http.HttpResponse)	handleOriginSuccessResponse(io.netty.handler.codec.http.HttpResponse,com.netflix.zuul.discovery.DiscoveryResult)	com.netflix.zuul.filters.endpoint.ProxyEndpoint	SOURCE
com.netflix.zuul.filters.endpoint.ProxyEndpoint	processResponseFromOrigin(io.netty.handler.codec.http.HttpResponse)	get()	java.util.concurrent.atomic.AtomicReference	SOURCE
com.netflix.zuul.filters.endpoint.ProxyEndpoint	handleOriginSuccessResponse(io.netty.handler.codec.http.HttpResponse,com.netflix.zuul.discovery.DiscoveryResult)	recordSuccessResponse()	com.netflix.zuul.origins.InstrumentedOrigin	SOURCE
com.netflix.zuul.filters.endpoint.ProxyEndpoint	handleOriginSuccessResponse(io.netty.handler.codec.http.HttpResponse,com.netflix.zuul.discovery.DiscoveryResult)	clearSuccessiveConnectionFailureCount()	com.netflix.zuul.discovery.DiscoveryResult	SOURCE
com.netflix.zuul.filters.endpoint.ProxyEndpoint	handleOriginSuccessResponse(io.netty.handler.codec.http.HttpResponse,com.netflix.zuul.discovery.DiscoveryResult)	getServer()	com.netflix.zuul.netty.connectionpool.PooledConnection	SOURCE
com.netflix.zuul.filters.endpoint.ProxyEndpoint	handleOriginSuccessResponse(io.netty.handler.codec.http.HttpResponse,com.netflix.zuul.discovery.DiscoveryResult)	code()	io.netty.handler.codec.http.HttpResponseStatus	SOURCE
com.netflix.zuul.filters.endpoint.ProxyEndpoint	handleOriginSuccessResponse(io.netty.handler.codec.http.HttpResponse,com.netflix.zuul.discovery.DiscoveryResult)	status()	io.netty.handler.codec.http.HttpResponse	SOURCE
com.netflix.zuul.filters.endpoint.ProxyEndpoint	handleOriginSuccessResponse(io.netty.handler.codec.http.HttpResponse,com.netflix.zuul.discovery.DiscoveryResult)	updateWithHttpStatusCode(int)	com.netflix.zuul.netty.connectionpool.RequestStat	SOURCE
com.netflix.zuul.filters.endpoint.ProxyEndpoint	handleOriginSuccessResponse(io.netty.handler.codec.http.HttpResponse,com.netflix.zuul.discovery.DiscoveryResult)	duration()	com.netflix.zuul.netty.connectionpool.RequestStat	SOURCE
com.netflix.zuul.filters.endpoint.ProxyEndpoint	handleOriginSuccessResponse(io.netty.handler.codec.http.HttpResponse,com.netflix.zuul.discovery.DiscoveryResult)	complete(int,long,java.lang.Throwable)	com.netflix.zuul.niws.RequestAttempt	SOURCE
com.netflix.zuul.filters.endpoint.ProxyEndpoint	handleOriginSuccessResponse(io.netty.handler.codec.http.HttpResponse,com.netflix.zuul.discovery.DiscoveryResult)	buildZuulHttpResponse(io.netty.handler.codec.http.HttpResponse,com.netflix.zuul.stats.status.StatusCategory,java.lang.Throwable)	com.netflix.zuul.filters.endpoint.ProxyEndpoint	SOURCE
com.netflix.zuul.filters.endpoint.ProxyEndpoint	handleOriginSuccessResponse(io.netty.handler.codec.http.HttpResponse,com.netflix.zuul.discovery.DiscoveryResult)	getError()	com.netflix.zuul.context.SessionContext	SOURCE
com.netflix.zuul.filters.endpoint.ProxyEndpoint	handleOriginSuccessResponse(io.netty.handler.codec.http.HttpResponse,com.netflix.zuul.discovery.DiscoveryResult)	invokeNext(com.netflix.zuul.message.http.HttpResponseMessage)	com.netflix.zuul.filters.endpoint.ProxyEndpoint	SOURCE
com.netflix.zuul.filters.endpoint.ProxyEndpoint	buildZuulHttpResponse(io.netty.handler.codec.http.HttpResponse,com.netflix.zuul.stats.status.StatusCategory,java.lang.Throwable)	code()	io.netty.handler.codec.http.HttpResponseStatus	SOURCE
com.netflix.zuul.filters.endpoint.ProxyEndpoint	buildZuulHttpResponse(io.netty.handler.codec.http.HttpResponse,com.netflix.zuul.stats.status.StatusCategory,java.lang.Throwable)	status()	io.netty.handler.codec.http.HttpResponse	SOURCE
com.netflix.zuul.filters.endpoint.ProxyEndpoint	buildZuulHttpResponse(io.netty.handler.codec.http.HttpResponse,com.netflix.zuul.stats.status.StatusCategory,java.lang.Throwable)	HttpResponseMessageImpl(com.netflix.zuul.context.SessionContext,com.netflix.zuul.message.http.HttpRequestMessage,int)	com.netflix.zuul.message.http.HttpResponseMessageImpl	SOURCE
com.netflix.zuul.filters.endpoint.ProxyEndpoint	buildZuulHttpResponse(io.netty.handler.codec.http.HttpResponse,com.netflix.zuul.stats.status.StatusCategory,java.lang.Throwable)	getHeaders()	com.netflix.zuul.message.ZuulMessage	SOURCE
com.netflix.zuul.filters.endpoint.ProxyEndpoint	buildZuulHttpResponse(io.netty.handler.codec.http.HttpResponse,com.netflix.zuul.stats.status.StatusCategory,java.lang.Throwable)	headers()	io.netty.handler.codec.http.HttpMessage	SOURCE
com.netflix.zuul.filters.endpoint.ProxyEndpoint	buildZuulHttpResponse(io.netty.handler.codec.http.HttpResponse,com.netflix.zuul.stats.status.StatusCategory,java.lang.Throwable)	add(java.lang.String,java.lang.String)	com.netflix.zuul.message.Headers	SOURCE
com.netflix.zuul.filters.endpoint.ProxyEndpoint	buildZuulHttpResponse(io.netty.handler.codec.http.HttpResponse,com.netflix.zuul.stats.status.StatusCategory,java.lang.Throwable)	getKey()	java.util.Map$Entry	SOURCE
com.netflix.zuul.filters.endpoint.ProxyEndpoint	buildZuulHttpResponse(io.netty.handler.codec.http.HttpResponse,com.netflix.zuul.stats.status.StatusCategory,java.lang.Throwable)	getValue()	java.util.Map$Entry	SOURCE
com.netflix.zuul.filters.endpoint.ProxyEndpoint	buildZuulHttpResponse(io.netty.handler.codec.http.HttpResponse,com.netflix.zuul.stats.status.StatusCategory,java.lang.Throwable)	hasChunkedTransferEncodingHeader(com.netflix.zuul.message.ZuulMessage)	com.netflix.zuul.util.HttpUtils	SOURCE
com.netflix.zuul.filters.endpoint.ProxyEndpoint	buildZuulHttpResponse(io.netty.handler.codec.http.HttpResponse,com.netflix.zuul.stats.status.StatusCategory,java.lang.Throwable)	hasNonZeroContentLengthHeader(com.netflix.zuul.message.ZuulMessage)	com.netflix.zuul.util.HttpUtils	SOURCE
com.netflix.zuul.filters.endpoint.ProxyEndpoint	buildZuulHttpResponse(io.netty.handler.codec.http.HttpResponse,com.netflix.zuul.stats.status.StatusCategory,java.lang.Throwable)	setHasBody(boolean)	com.netflix.zuul.message.ZuulMessage	SOURCE
com.netflix.zuul.filters.endpoint.ProxyEndpoint	buildZuulHttpResponse(io.netty.handler.codec.http.HttpResponse,com.netflix.zuul.stats.status.StatusCategory,java.lang.Throwable)	storeInboundResponse()	com.netflix.zuul.message.http.HttpResponseMessage	SOURCE
com.netflix.zuul.filters.endpoint.ProxyEndpoint	buildZuulHttpResponse(io.netty.handler.codec.http.HttpResponse,com.netflix.zuul.stats.status.StatusCategory,java.lang.Throwable)	set(T)	io.netty.util.Attribute	SOURCE
com.netflix.zuul.filters.endpoint.ProxyEndpoint	buildZuulHttpResponse(io.netty.handler.codec.http.HttpResponse,com.netflix.zuul.stats.status.StatusCategory,java.lang.Throwable)	<T>attr(io.netty.util.AttributeKey<T>)	io.netty.util.AttributeMap	SOURCE
com.netflix.zuul.filters.endpoint.ProxyEndpoint	buildZuulHttpResponse(io.netty.handler.codec.http.HttpResponse,com.netflix.zuul.stats.status.StatusCategory,java.lang.Throwable)	channel()	io.netty.channel.ChannelHandlerContext	SOURCE
com.netflix.zuul.filters.endpoint.ProxyEndpoint	buildZuulHttpResponse(io.netty.handler.codec.http.HttpResponse,com.netflix.zuul.stats.status.StatusCategory,java.lang.Throwable)	content()	io.netty.handler.codec.http.DefaultFullHttpResponse	SOURCE
com.netflix.zuul.filters.endpoint.ProxyEndpoint	buildZuulHttpResponse(io.netty.handler.codec.http.HttpResponse,com.netflix.zuul.stats.status.StatusCategory,java.lang.Throwable)	bufferBodyContents(io.netty.handler.codec.http.HttpContent)	com.netflix.zuul.message.ZuulMessage	SOURCE
com.netflix.zuul.filters.endpoint.ProxyEndpoint	buildZuulHttpResponse(io.netty.handler.codec.http.HttpResponse,com.netflix.zuul.stats.status.StatusCategory,java.lang.Throwable)	DefaultLastHttpContent(io.netty.buffer.ByteBuf)	io.netty.handler.codec.http.DefaultLastHttpContent	SOURCE
com.netflix.zuul.filters.endpoint.ProxyEndpoint	buildZuulHttpResponse(io.netty.handler.codec.http.HttpResponse,com.netflix.zuul.stats.status.StatusCategory,java.lang.Throwable)	onRequestExecutionFailed(com.netflix.zuul.message.http.HttpRequestMessage,com.netflix.zuul.discovery.DiscoveryResult,int,java.lang.Throwable)	com.netflix.zuul.origins.NettyOrigin	SOURCE
com.netflix.zuul.filters.endpoint.ProxyEndpoint	buildZuulHttpResponse(io.netty.handler.codec.http.HttpResponse,com.netflix.zuul.stats.status.StatusCategory,java.lang.Throwable)	getServer()	com.netflix.zuul.netty.connectionpool.PooledConnection	SOURCE
com.netflix.zuul.filters.endpoint.ProxyEndpoint	buildZuulHttpResponse(io.netty.handler.codec.http.HttpResponse,com.netflix.zuul.stats.status.StatusCategory,java.lang.Throwable)	ClientException(com.netflix.client.ClientException.ErrorType)	com.netflix.client.ClientException	SOURCE
com.netflix.zuul.filters.endpoint.ProxyEndpoint	buildZuulHttpResponse(io.netty.handler.codec.http.HttpResponse,com.netflix.zuul.stats.status.StatusCategory,java.lang.Throwable)	onRequestExecutionSuccess(com.netflix.zuul.message.http.HttpRequestMessage,com.netflix.zuul.message.http.HttpResponseMessage,com.netflix.zuul.discovery.DiscoveryResult,int)	com.netflix.zuul.origins.NettyOrigin	SOURCE
com.netflix.zuul.filters.endpoint.ProxyEndpoint	buildZuulHttpResponse(io.netty.handler.codec.http.HttpResponse,com.netflix.zuul.stats.status.StatusCategory,java.lang.Throwable)	getServer()	com.netflix.zuul.netty.connectionpool.PooledConnection	SOURCE
com.netflix.zuul.filters.endpoint.ProxyEndpoint	buildZuulHttpResponse(io.netty.handler.codec.http.HttpResponse,com.netflix.zuul.stats.status.StatusCategory,java.lang.Throwable)	recordFinalResponse(com.netflix.zuul.message.http.HttpResponseMessage)	com.netflix.zuul.origins.NettyOrigin	SOURCE
com.netflix.zuul.filters.endpoint.ProxyEndpoint	buildZuulHttpResponse(io.netty.handler.codec.http.HttpResponse,com.netflix.zuul.stats.status.StatusCategory,java.lang.Throwable)	recordFinalError(com.netflix.zuul.message.http.HttpRequestMessage,java.lang.Throwable)	com.netflix.zuul.origins.NettyOrigin	SOURCE
com.netflix.zuul.filters.endpoint.ProxyEndpoint	buildZuulHttpResponse(io.netty.handler.codec.http.HttpResponse,com.netflix.zuul.stats.status.StatusCategory,java.lang.Throwable)	<T>put(com.netflix.zuul.context.SessionContext.Key<T>,T)	com.netflix.zuul.context.SessionContext	SOURCE
com.netflix.zuul.filters.endpoint.ProxyEndpoint	buildZuulHttpResponse(io.netty.handler.codec.http.HttpResponse,com.netflix.zuul.stats.status.StatusCategory,java.lang.Throwable)	setError(java.lang.Throwable)	com.netflix.zuul.context.SessionContext	SOURCE
com.netflix.zuul.filters.endpoint.ProxyEndpoint	buildZuulHttpResponse(io.netty.handler.codec.http.HttpResponse,com.netflix.zuul.stats.status.StatusCategory,java.lang.Throwable)	put(java.lang.String,java.lang.Object)	com.netflix.zuul.context.SessionContext	SOURCE
com.netflix.zuul.filters.endpoint.ProxyEndpoint	buildZuulHttpResponse(io.netty.handler.codec.http.HttpResponse,com.netflix.zuul.stats.status.StatusCategory,java.lang.Throwable)	toString(int)	java.lang.Integer	SOURCE
com.netflix.zuul.filters.endpoint.ProxyEndpoint	buildZuulHttpResponse(io.netty.handler.codec.http.HttpResponse,com.netflix.zuul.stats.status.StatusCategory,java.lang.Throwable)	transformResponse(com.netflix.zuul.message.http.HttpResponseMessage)	com.netflix.zuul.filters.endpoint.ProxyEndpoint	SOURCE
com.netflix.zuul.filters.endpoint.ProxyEndpoint	transformResponse(com.netflix.zuul.message.http.HttpResponseMessage)	forEach(java.util.function.Consumer<? super T>)	java.util.stream.Stream	SOURCE
com.netflix.zuul.filters.endpoint.ProxyEndpoint	transformResponse(com.netflix.zuul.message.http.HttpResponseMessage)	stream()	java.util.Collection	SOURCE
com.netflix.zuul.filters.endpoint.ProxyEndpoint	transformResponse(com.netflix.zuul.message.http.HttpResponseMessage)	accept(T)	java.util.function.Consumer	SOURCE
com.netflix.zuul.filters.endpoint.ProxyEndpoint	transformResponse(com.netflix.zuul.message.http.HttpResponseMessage)	remove(com.netflix.zuul.message.HeaderName)	com.netflix.zuul.message.Headers	SOURCE
com.netflix.zuul.filters.endpoint.ProxyEndpoint	transformResponse(com.netflix.zuul.message.http.HttpResponseMessage)	getHeaders()	com.netflix.zuul.message.ZuulMessage	SOURCE
com.netflix.zuul.filters.endpoint.ProxyEndpoint	handleOriginNonSuccessResponse(io.netty.handler.codec.http.HttpResponse,com.netflix.zuul.discovery.DiscoveryResult)	code()	io.netty.handler.codec.http.HttpResponseStatus	SOURCE
com.netflix.zuul.filters.endpoint.ProxyEndpoint	handleOriginNonSuccessResponse(io.netty.handler.codec.http.HttpResponse,com.netflix.zuul.discovery.DiscoveryResult)	status()	io.netty.handler.codec.http.HttpResponse	SOURCE
com.netflix.zuul.filters.endpoint.ProxyEndpoint	handleOriginNonSuccessResponse(io.netty.handler.codec.http.HttpResponse,com.netflix.zuul.discovery.DiscoveryResult)	OutboundException(com.netflix.zuul.exception.ErrorType,com.netflix.zuul.niws.RequestAttempts)	com.netflix.zuul.exception.OutboundException	SOURCE
com.netflix.zuul.filters.endpoint.ProxyEndpoint	handleOriginNonSuccessResponse(io.netty.handler.codec.http.HttpResponse,com.netflix.zuul.discovery.DiscoveryResult)	updateWithHttpStatusCode(int)	com.netflix.zuul.netty.connectionpool.RequestStat	SOURCE
com.netflix.zuul.filters.endpoint.ProxyEndpoint	handleOriginNonSuccessResponse(io.netty.handler.codec.http.HttpResponse,com.netflix.zuul.discovery.DiscoveryResult)	serviceUnavailable()	com.netflix.zuul.netty.connectionpool.RequestStat	SOURCE
com.netflix.zuul.filters.endpoint.ProxyEndpoint	handleOriginNonSuccessResponse(io.netty.handler.codec.http.HttpResponse,com.netflix.zuul.discovery.DiscoveryResult)	OutboundException(com.netflix.zuul.exception.ErrorType,com.netflix.zuul.niws.RequestAttempts)	com.netflix.zuul.exception.OutboundException	SOURCE
com.netflix.zuul.filters.endpoint.ProxyEndpoint	handleOriginNonSuccessResponse(io.netty.handler.codec.http.HttpResponse,com.netflix.zuul.discovery.DiscoveryResult)	updateWithHttpStatusCode(int)	com.netflix.zuul.netty.connectionpool.RequestStat	SOURCE
com.netflix.zuul.filters.endpoint.ProxyEndpoint	handleOriginNonSuccessResponse(io.netty.handler.codec.http.HttpResponse,com.netflix.zuul.discovery.DiscoveryResult)	generalError()	com.netflix.zuul.netty.connectionpool.RequestStat	SOURCE
com.netflix.zuul.filters.endpoint.ProxyEndpoint	handleOriginNonSuccessResponse(io.netty.handler.codec.http.HttpResponse,com.netflix.zuul.discovery.DiscoveryResult)	setStatusCode(int)	com.netflix.zuul.exception.ZuulException	SOURCE
com.netflix.zuul.filters.endpoint.ProxyEndpoint	handleOriginNonSuccessResponse(io.netty.handler.codec.http.HttpResponse,com.netflix.zuul.discovery.DiscoveryResult)	duration()	com.netflix.zuul.netty.connectionpool.RequestStat	SOURCE
com.netflix.zuul.filters.endpoint.ProxyEndpoint	handleOriginNonSuccessResponse(io.netty.handler.codec.http.HttpResponse,com.netflix.zuul.discovery.DiscoveryResult)	complete(int,long,java.lang.Throwable)	com.netflix.zuul.niws.RequestAttempt	SOURCE
com.netflix.zuul.filters.endpoint.ProxyEndpoint	handleOriginNonSuccessResponse(io.netty.handler.codec.http.HttpResponse,com.netflix.zuul.discovery.DiscoveryResult)	onRequestExceptionWithServer(com.netflix.zuul.message.http.HttpRequestMessage,com.netflix.zuul.discovery.DiscoveryResult,int,java.lang.Throwable)	com.netflix.zuul.origins.NettyOrigin	SOURCE
com.netflix.zuul.filters.endpoint.ProxyEndpoint	handleOriginNonSuccessResponse(io.netty.handler.codec.http.HttpResponse,com.netflix.zuul.discovery.DiscoveryResult)	ClientException(com.netflix.client.ClientException.ErrorType)	com.netflix.client.ClientException	SOURCE
com.netflix.zuul.filters.endpoint.ProxyEndpoint	handleOriginNonSuccessResponse(io.netty.handler.codec.http.HttpResponse,com.netflix.zuul.discovery.DiscoveryResult)	isBelowRetryLimit()	com.netflix.zuul.filters.endpoint.ProxyEndpoint	SOURCE
com.netflix.zuul.filters.endpoint.ProxyEndpoint	handleOriginNonSuccessResponse(io.netty.handler.codec.http.HttpResponse,com.netflix.zuul.discovery.DiscoveryResult)	isRetryable5xxResponse(com.netflix.zuul.message.http.HttpRequestMessage,io.netty.handler.codec.http.HttpResponse)	com.netflix.zuul.filters.endpoint.ProxyEndpoint	SOURCE
com.netflix.zuul.filters.endpoint.ProxyEndpoint	handleOriginNonSuccessResponse(io.netty.handler.codec.http.HttpResponse,com.netflix.zuul.discovery.DiscoveryResult)	debug(java.lang.String,java.lang.Object...)	org.slf4j.Logger	SOURCE
com.netflix.zuul.filters.endpoint.ProxyEndpoint	handleOriginNonSuccessResponse(io.netty.handler.codec.http.HttpResponse,com.netflix.zuul.discovery.DiscoveryResult)	getMaxRetriesForRequest(com.netflix.zuul.context.SessionContext)	com.netflix.zuul.origins.NettyOrigin	SOURCE
com.netflix.zuul.filters.endpoint.ProxyEndpoint	handleOriginNonSuccessResponse(io.netty.handler.codec.http.HttpResponse,com.netflix.zuul.discovery.DiscoveryResult)	hasCompleteBody()	com.netflix.zuul.message.ZuulMessage	SOURCE
com.netflix.zuul.filters.endpoint.ProxyEndpoint	handleOriginNonSuccessResponse(io.netty.handler.codec.http.HttpResponse,com.netflix.zuul.discovery.DiscoveryResult)	getMethod()	com.netflix.zuul.message.http.HttpRequestInfo	SOURCE
com.netflix.zuul.filters.endpoint.ProxyEndpoint	handleOriginNonSuccessResponse(io.netty.handler.codec.http.HttpResponse,com.netflix.zuul.discovery.DiscoveryResult)	unlinkFromOrigin()	com.netflix.zuul.filters.endpoint.ProxyEndpoint	SOURCE
com.netflix.zuul.filters.endpoint.ProxyEndpoint	handleOriginNonSuccessResponse(io.netty.handler.codec.http.HttpResponse,com.netflix.zuul.discovery.DiscoveryResult)	resetBodyReader()	com.netflix.zuul.message.ZuulMessage	SOURCE
com.netflix.zuul.filters.endpoint.ProxyEndpoint	handleOriginNonSuccessResponse(io.netty.handler.codec.http.HttpResponse,com.netflix.zuul.discovery.DiscoveryResult)	add(com.netflix.zuul.passport.PassportState)	com.netflix.zuul.passport.CurrentPassport	SOURCE
com.netflix.zuul.filters.endpoint.ProxyEndpoint	handleOriginNonSuccessResponse(io.netty.handler.codec.http.HttpResponse,com.netflix.zuul.discovery.DiscoveryResult)	adjustRetryPolicyIfNeeded(com.netflix.zuul.message.http.HttpRequestMessage)	com.netflix.zuul.origins.InstrumentedOrigin	SOURCE
com.netflix.zuul.filters.endpoint.ProxyEndpoint	handleOriginNonSuccessResponse(io.netty.handler.codec.http.HttpResponse,com.netflix.zuul.discovery.DiscoveryResult)	proxyRequestToOrigin()	com.netflix.zuul.filters.endpoint.ProxyEndpoint	SOURCE
com.netflix.zuul.filters.endpoint.ProxyEndpoint	handleOriginNonSuccessResponse(io.netty.handler.codec.http.HttpResponse,com.netflix.zuul.discovery.DiscoveryResult)	info(java.lang.String,java.lang.Object...)	org.slf4j.Logger	SOURCE
com.netflix.zuul.filters.endpoint.ProxyEndpoint	handleOriginNonSuccessResponse(io.netty.handler.codec.http.HttpResponse,com.netflix.zuul.discovery.DiscoveryResult)	getMaxRetriesForRequest(com.netflix.zuul.context.SessionContext)	com.netflix.zuul.origins.NettyOrigin	SOURCE
com.netflix.zuul.filters.endpoint.ProxyEndpoint	handleOriginNonSuccessResponse(io.netty.handler.codec.http.HttpResponse,com.netflix.zuul.discovery.DiscoveryResult)	hasCompleteBody()	com.netflix.zuul.message.ZuulMessage	SOURCE
com.netflix.zuul.filters.endpoint.ProxyEndpoint	handleOriginNonSuccessResponse(io.netty.handler.codec.http.HttpResponse,com.netflix.zuul.discovery.DiscoveryResult)	getMethod()	com.netflix.zuul.message.http.HttpRequestInfo	SOURCE
com.netflix.zuul.filters.endpoint.ProxyEndpoint	handleOriginNonSuccessResponse(io.netty.handler.codec.http.HttpResponse,com.netflix.zuul.discovery.DiscoveryResult)	buildZuulHttpResponse(io.netty.handler.codec.http.HttpResponse,com.netflix.zuul.stats.status.StatusCategory,java.lang.Throwable)	com.netflix.zuul.filters.endpoint.ProxyEndpoint	SOURCE
com.netflix.zuul.filters.endpoint.ProxyEndpoint	handleOriginNonSuccessResponse(io.netty.handler.codec.http.HttpResponse,com.netflix.zuul.discovery.DiscoveryResult)	invokeNext(com.netflix.zuul.message.http.HttpResponseMessage)	com.netflix.zuul.filters.endpoint.ProxyEndpoint	SOURCE
com.netflix.zuul.filters.endpoint.ProxyEndpoint	isRetryable5xxResponse(com.netflix.zuul.message.http.HttpRequestMessage,io.netty.handler.codec.http.HttpResponse)	isRequestReplayable()	com.netflix.zuul.filters.endpoint.ProxyEndpoint	SOURCE
com.netflix.zuul.filters.endpoint.ProxyEndpoint	isRetryable5xxResponse(com.netflix.zuul.message.http.HttpRequestMessage,io.netty.handler.codec.http.HttpResponse)	code()	io.netty.handler.codec.http.HttpResponseStatus	SOURCE
com.netflix.zuul.filters.endpoint.ProxyEndpoint	isRetryable5xxResponse(com.netflix.zuul.message.http.HttpRequestMessage,io.netty.handler.codec.http.HttpResponse)	status()	io.netty.handler.codec.http.HttpResponse	SOURCE
com.netflix.zuul.filters.endpoint.ProxyEndpoint	isRetryable5xxResponse(com.netflix.zuul.message.http.HttpRequestMessage,io.netty.handler.codec.http.HttpResponse)	originIndicatesRetryableInternalServerError(io.netty.handler.codec.http.HttpResponse)	com.netflix.zuul.filters.endpoint.ProxyEndpoint	SOURCE
com.netflix.zuul.filters.endpoint.ProxyEndpoint	isRetryable5xxResponse(com.netflix.zuul.message.http.HttpRequestMessage,io.netty.handler.codec.http.HttpResponse)	contains(java.lang.Object)	java.util.Set	SOURCE
com.netflix.zuul.filters.endpoint.ProxyEndpoint	isRetryable5xxResponse(com.netflix.zuul.message.http.HttpRequestMessage,io.netty.handler.codec.http.HttpResponse)	get()	com.netflix.config.DynamicSetProperty	SOURCE
com.netflix.zuul.filters.endpoint.ProxyEndpoint	isRetryable5xxResponse(com.netflix.zuul.message.http.HttpRequestMessage,io.netty.handler.codec.http.HttpResponse)	contains(java.lang.Object)	java.util.Set	SOURCE
com.netflix.zuul.filters.endpoint.ProxyEndpoint	isRetryable5xxResponse(com.netflix.zuul.message.http.HttpRequestMessage,io.netty.handler.codec.http.HttpResponse)	toUpperCase()	java.lang.String	SOURCE
com.netflix.zuul.filters.endpoint.ProxyEndpoint	isRetryable5xxResponse(com.netflix.zuul.message.http.HttpRequestMessage,io.netty.handler.codec.http.HttpResponse)	getMethod()	com.netflix.zuul.message.http.HttpRequestInfo	SOURCE
com.netflix.zuul.filters.endpoint.ProxyEndpoint	transformRequest(com.netflix.zuul.message.http.HttpRequestMessage)	massageRequestURI(com.netflix.zuul.message.http.HttpRequestMessage)	com.netflix.zuul.filters.endpoint.ProxyEndpoint	SOURCE
com.netflix.zuul.filters.endpoint.ProxyEndpoint	transformRequest(com.netflix.zuul.message.http.HttpRequestMessage)	getHeaders()	com.netflix.zuul.message.http.HttpRequestInfo	SOURCE
com.netflix.zuul.filters.endpoint.ProxyEndpoint	transformRequest(com.netflix.zuul.message.http.HttpRequestMessage)	forEach(java.util.function.Consumer<? super T>)	java.lang.Iterable	SOURCE
com.netflix.zuul.filters.endpoint.ProxyEndpoint	transformRequest(com.netflix.zuul.message.http.HttpRequestMessage)	accept(T)	java.util.function.Consumer	SOURCE
com.netflix.zuul.filters.endpoint.ProxyEndpoint	transformRequest(com.netflix.zuul.message.http.HttpRequestMessage)	remove(java.lang.String)	com.netflix.zuul.message.Headers	SOURCE
com.netflix.zuul.filters.endpoint.ProxyEndpoint	transformRequest(com.netflix.zuul.message.http.HttpRequestMessage)	getName()	com.netflix.zuul.message.HeaderName	SOURCE
com.netflix.zuul.filters.endpoint.ProxyEndpoint	transformRequest(com.netflix.zuul.message.http.HttpRequestMessage)	addCustomRequestHeaders(com.netflix.zuul.message.Headers)	com.netflix.zuul.filters.endpoint.ProxyEndpoint	SOURCE
com.netflix.zuul.filters.endpoint.ProxyEndpoint	transformRequest(com.netflix.zuul.message.http.HttpRequestMessage)	addXForwardedHeaders(com.netflix.zuul.message.http.HttpRequestMessage)	com.netflix.zuul.util.ProxyUtils	SOURCE
com.netflix.zuul.filters.endpoint.ProxyEndpoint	massageRequestURI(com.netflix.zuul.message.http.HttpRequestMessage)	getContext()	com.netflix.zuul.message.ZuulMessage	SOURCE
com.netflix.zuul.filters.endpoint.ProxyEndpoint	massageRequestURI(com.netflix.zuul.message.http.HttpRequestMessage)	get(java.lang.Object)	com.netflix.zuul.context.SessionContext	SOURCE
com.netflix.zuul.filters.endpoint.ProxyEndpoint	massageRequestURI(com.netflix.zuul.message.http.HttpRequestMessage)	get(java.lang.Object)	com.netflix.zuul.context.SessionContext	SOURCE
com.netflix.zuul.filters.endpoint.ProxyEndpoint	massageRequestURI(com.netflix.zuul.message.http.HttpRequestMessage)	get(java.lang.Object)	com.netflix.zuul.context.SessionContext	SOURCE
com.netflix.zuul.filters.endpoint.ProxyEndpoint	massageRequestURI(com.netflix.zuul.message.http.HttpRequestMessage)	toString()	java.lang.Object	SOURCE
com.netflix.zuul.filters.endpoint.ProxyEndpoint	massageRequestURI(com.netflix.zuul.message.http.HttpRequestMessage)	indexOf(int)	java.lang.String	SOURCE
com.netflix.zuul.filters.endpoint.ProxyEndpoint	massageRequestURI(com.netflix.zuul.message.http.HttpRequestMessage)	substring(int)	java.lang.String	SOURCE
com.netflix.zuul.filters.endpoint.ProxyEndpoint	massageRequestURI(com.netflix.zuul.message.http.HttpRequestMessage)	substring(int,int)	java.lang.String	SOURCE
com.netflix.zuul.filters.endpoint.ProxyEndpoint	massageRequestURI(com.netflix.zuul.message.http.HttpRequestMessage)	decode(java.lang.String,java.lang.String)	java.net.URLDecoder	SOURCE
com.netflix.zuul.filters.endpoint.ProxyEndpoint	massageRequestURI(com.netflix.zuul.message.http.HttpRequestMessage)	HttpQueryParams()	com.netflix.zuul.message.http.HttpQueryParams	SOURCE
com.netflix.zuul.filters.endpoint.ProxyEndpoint	massageRequestURI(com.netflix.zuul.message.http.HttpRequestMessage)	StringTokenizer(java.lang.String,java.lang.String)	java.util.StringTokenizer	SOURCE
com.netflix.zuul.filters.endpoint.ProxyEndpoint	massageRequestURI(com.netflix.zuul.message.http.HttpRequestMessage)	hasMoreTokens()	java.util.StringTokenizer	SOURCE
com.netflix.zuul.filters.endpoint.ProxyEndpoint	massageRequestURI(com.netflix.zuul.message.http.HttpRequestMessage)	nextToken()	java.util.StringTokenizer	SOURCE
com.netflix.zuul.filters.endpoint.ProxyEndpoint	massageRequestURI(com.netflix.zuul.message.http.HttpRequestMessage)	indexOf(java.lang.String)	java.lang.String	SOURCE
com.netflix.zuul.filters.endpoint.ProxyEndpoint	massageRequestURI(com.netflix.zuul.message.http.HttpRequestMessage)	substring(int,int)	java.lang.String	SOURCE
com.netflix.zuul.filters.endpoint.ProxyEndpoint	massageRequestURI(com.netflix.zuul.message.http.HttpRequestMessage)	substring(int)	java.lang.String	SOURCE
com.netflix.zuul.filters.endpoint.ProxyEndpoint	massageRequestURI(com.netflix.zuul.message.http.HttpRequestMessage)	add(java.lang.String,java.lang.String)	com.netflix.zuul.message.http.HttpQueryParams	SOURCE
com.netflix.zuul.filters.endpoint.ProxyEndpoint	massageRequestURI(com.netflix.zuul.message.http.HttpRequestMessage)	error(java.lang.String,java.lang.Object,java.lang.Object)	org.slf4j.Logger	SOURCE
com.netflix.zuul.filters.endpoint.ProxyEndpoint	massageRequestURI(com.netflix.zuul.message.http.HttpRequestMessage)	setPath(java.lang.String)	com.netflix.zuul.message.http.HttpRequestMessage	SOURCE
com.netflix.zuul.filters.endpoint.ProxyEndpoint	massageRequestURI(com.netflix.zuul.message.http.HttpRequestMessage)	setQueryParams(com.netflix.zuul.message.http.HttpQueryParams)	com.netflix.zuul.message.http.HttpRequestMessage	SOURCE
com.netflix.zuul.filters.endpoint.ProxyEndpoint	getOrigin(com.netflix.zuul.message.http.HttpRequestMessage)	getContext()	com.netflix.zuul.message.ZuulMessage	SOURCE
com.netflix.zuul.filters.endpoint.ProxyEndpoint	getOrigin(com.netflix.zuul.message.http.HttpRequestMessage)	get(java.lang.Object)	com.netflix.zuul.context.SessionContext	SOURCE
com.netflix.zuul.filters.endpoint.ProxyEndpoint	getOrigin(com.netflix.zuul.message.http.HttpRequestMessage)	debugRequest(com.netflix.zuul.context.SessionContext)	com.netflix.zuul.context.Debug	SOURCE
com.netflix.zuul.filters.endpoint.ProxyEndpoint	getOrigin(com.netflix.zuul.message.http.HttpRequestMessage)	<T>get(com.netflix.zuul.context.SessionContext.Key<T>)	com.netflix.zuul.context.SessionContext	SOURCE
com.netflix.zuul.filters.endpoint.ProxyEndpoint	getOrigin(com.netflix.zuul.message.http.HttpRequestMessage)	build()	com.google.common.collect.ImmutableList$Builder	SOURCE
com.netflix.zuul.filters.endpoint.ProxyEndpoint	getOrigin(com.netflix.zuul.message.http.HttpRequestMessage)	addRequestDebug(com.netflix.zuul.context.SessionContext,java.lang.String)	com.netflix.zuul.context.Debug	SOURCE
com.netflix.zuul.filters.endpoint.ProxyEndpoint	getOrigin(com.netflix.zuul.message.http.HttpRequestMessage)	getRouteVIP()	com.netflix.zuul.context.SessionContext	SOURCE
com.netflix.zuul.filters.endpoint.ProxyEndpoint	getOrigin(com.netflix.zuul.message.http.HttpRequestMessage)	isNullOrEmpty(java.lang.String)	com.google.common.base.Strings	SOURCE
com.netflix.zuul.filters.endpoint.ProxyEndpoint	getOrigin(com.netflix.zuul.message.http.HttpRequestMessage)	getBoolean(java.lang.String)	com.netflix.zuul.context.SessionContext	SOURCE
com.netflix.zuul.filters.endpoint.ProxyEndpoint	getOrigin(com.netflix.zuul.message.http.HttpRequestMessage)	getVIPPrefix(java.lang.String)	com.netflix.zuul.util.VipUtils	SOURCE
com.netflix.zuul.filters.endpoint.ProxyEndpoint	getOrigin(com.netflix.zuul.message.http.HttpRequestMessage)	injectCustomOriginName(com.netflix.zuul.message.http.HttpRequestMessage)	com.netflix.zuul.filters.endpoint.ProxyEndpoint	SOURCE
com.netflix.zuul.filters.endpoint.ProxyEndpoint	getOrigin(com.netflix.zuul.message.http.HttpRequestMessage)	getOrCreateOrigin(com.netflix.zuul.origins.OriginManager<com.netflix.zuul.origins.NettyOrigin>,com.netflix.zuul.origins.OriginName,java.lang.String,com.netflix.zuul.context.SessionContext)	com.netflix.zuul.filters.endpoint.ProxyEndpoint	SOURCE
com.netflix.zuul.filters.endpoint.ProxyEndpoint	getOrigin(com.netflix.zuul.message.http.HttpRequestMessage)	reconstructURI()	com.netflix.zuul.message.http.HttpRequestInfo	SOURCE
com.netflix.zuul.filters.endpoint.ProxyEndpoint	getOrigin(com.netflix.zuul.message.http.HttpRequestMessage)	fromVip(java.lang.String,java.lang.String)	com.netflix.zuul.origins.OriginName	SOURCE
com.netflix.zuul.filters.endpoint.ProxyEndpoint	getOrigin(com.netflix.zuul.message.http.HttpRequestMessage)	getOrCreateOrigin(com.netflix.zuul.origins.OriginManager<com.netflix.zuul.origins.NettyOrigin>,com.netflix.zuul.origins.OriginName,java.lang.String,com.netflix.zuul.context.SessionContext)	com.netflix.zuul.filters.endpoint.ProxyEndpoint	SOURCE
com.netflix.zuul.filters.endpoint.ProxyEndpoint	getOrigin(com.netflix.zuul.message.http.HttpRequestMessage)	reconstructURI()	com.netflix.zuul.message.http.HttpRequestInfo	SOURCE
com.netflix.zuul.filters.endpoint.ProxyEndpoint	getOrigin(com.netflix.zuul.message.http.HttpRequestMessage)	verifyOrigin(com.netflix.zuul.context.SessionContext,com.netflix.zuul.message.http.HttpRequestMessage,java.lang.String,com.netflix.zuul.origins.Origin)	com.netflix.zuul.filters.endpoint.ProxyEndpoint	SOURCE
com.netflix.zuul.filters.endpoint.ProxyEndpoint	getOrigin(com.netflix.zuul.message.http.HttpRequestMessage)	set(java.lang.String,java.lang.Object)	com.netflix.zuul.context.SessionContext	SOURCE
com.netflix.zuul.filters.endpoint.ProxyEndpoint	getOrigin(com.netflix.zuul.message.http.HttpRequestMessage)	<T>get(com.netflix.client.config.IClientConfigKey<T>)	com.netflix.client.config.IClientConfig	SOURCE
com.netflix.zuul.filters.endpoint.ProxyEndpoint	getOrigin(com.netflix.zuul.message.http.HttpRequestMessage)	getClientConfig()	com.netflix.zuul.origins.NettyOrigin	SOURCE
com.netflix.zuul.filters.endpoint.ProxyEndpoint	getOrigin(com.netflix.zuul.message.http.HttpRequestMessage)	set(java.lang.String,java.lang.Object)	com.netflix.zuul.context.SessionContext	SOURCE
com.netflix.zuul.filters.endpoint.ProxyEndpoint	getOrigin(com.netflix.zuul.message.http.HttpRequestMessage)	<T>get(com.netflix.client.config.IClientConfigKey<T>)	com.netflix.client.config.IClientConfig	SOURCE
com.netflix.zuul.filters.endpoint.ProxyEndpoint	getOrigin(com.netflix.zuul.message.http.HttpRequestMessage)	getClientConfig()	com.netflix.zuul.origins.NettyOrigin	SOURCE
com.netflix.zuul.filters.endpoint.ProxyEndpoint	getOrCreateOrigin(com.netflix.zuul.origins.OriginManager<com.netflix.zuul.origins.NettyOrigin>,com.netflix.zuul.origins.OriginName,java.lang.String,com.netflix.zuul.context.SessionContext)	getOrigin(com.netflix.zuul.origins.OriginName,java.lang.String,com.netflix.zuul.context.SessionContext)	com.netflix.zuul.origins.OriginManager	SOURCE
com.netflix.zuul.filters.endpoint.ProxyEndpoint	getOrCreateOrigin(com.netflix.zuul.origins.OriginManager<com.netflix.zuul.origins.NettyOrigin>,com.netflix.zuul.origins.OriginName,java.lang.String,com.netflix.zuul.context.SessionContext)	warn(java.lang.String,java.lang.Object,java.lang.Object)	org.slf4j.Logger	SOURCE
com.netflix.zuul.filters.endpoint.ProxyEndpoint	getOrCreateOrigin(com.netflix.zuul.origins.OriginManager<com.netflix.zuul.origins.NettyOrigin>,com.netflix.zuul.origins.OriginName,java.lang.String,com.netflix.zuul.context.SessionContext)	createOrigin(com.netflix.zuul.origins.OriginName,java.lang.String,com.netflix.zuul.context.SessionContext)	com.netflix.zuul.origins.OriginManager	SOURCE
com.netflix.zuul.filters.endpoint.ProxyEndpoint	verifyOrigin(com.netflix.zuul.context.SessionContext,com.netflix.zuul.message.http.HttpRequestMessage,java.lang.String,com.netflix.zuul.origins.Origin)	<T>put(com.netflix.zuul.context.SessionContext.Key<T>,T)	com.netflix.zuul.context.SessionContext	SOURCE
com.netflix.zuul.filters.endpoint.ProxyEndpoint	verifyOrigin(com.netflix.zuul.context.SessionContext,com.netflix.zuul.message.http.HttpRequestMessage,java.lang.String,com.netflix.zuul.origins.Origin)	originNotFound(com.netflix.zuul.context.SessionContext,java.lang.String)	com.netflix.zuul.filters.endpoint.ProxyEndpoint	SOURCE
com.netflix.zuul.filters.endpoint.ProxyEndpoint	verifyOrigin(com.netflix.zuul.context.SessionContext,com.netflix.zuul.message.http.HttpRequestMessage,java.lang.String,com.netflix.zuul.origins.Origin)	ZuulException(java.lang.String,java.lang.String)	com.netflix.zuul.exception.ZuulException	SOURCE
com.netflix.zuul.filters.endpoint.ProxyEndpoint	verifyOrigin(com.netflix.zuul.context.SessionContext,com.netflix.zuul.message.http.HttpRequestMessage,java.lang.String,com.netflix.zuul.origins.Origin)	reconstructURI()	com.netflix.zuul.message.http.HttpRequestInfo	SOURCE
com.netflix.zuul.filters.endpoint.ProxyEndpoint	verifyOrigin(com.netflix.zuul.context.SessionContext,com.netflix.zuul.message.http.HttpRequestMessage,java.lang.String,com.netflix.zuul.origins.Origin)	setStatusCode(int)	com.netflix.zuul.exception.ZuulException	SOURCE
com.netflix.zuul.filters.endpoint.ProxyEndpoint	getTimeoutManager(com.netflix.zuul.origins.NettyOrigin)	OriginTimeoutManager(com.netflix.zuul.origins.NettyOrigin)	com.netflix.zuul.netty.timeouts.OriginTimeoutManager	SOURCE
com.netflix.zuul.netty.connectionpool.PooledConnection	CHANNEL_ATTR	<T>newInstance(java.lang.String)	io.netty.util.AttributeKey	SOURCE
com.netflix.zuul.netty.connectionpool.PooledConnection	LOG	getLogger(java.lang.Class<?>)	org.slf4j.LoggerFactory	SOURCE
com.netflix.zuul.netty.connectionpool.PooledConnection$ConnectionState	WRITE_READY	ConnectionState()	com.netflix.zuul.netty.connectionpool.PooledConnection$ConnectionState	SOURCE
com.netflix.zuul.netty.connectionpool.PooledConnection$ConnectionState	WRITE_BUSY	ConnectionState()	com.netflix.zuul.netty.connectionpool.PooledConnection$ConnectionState	SOURCE
com.netflix.zuul.netty.connectionpool.PooledConnection	PooledConnection(io.netty.channel.Channel,com.netflix.zuul.discovery.DiscoveryResult,com.netflix.zuul.netty.connectionpool.ClientChannelManager,com.netflix.spectator.api.Counter,com.netflix.spectator.api.Counter)	Object()	java.lang.Object	SOURCE
com.netflix.zuul.netty.connectionpool.PooledConnection	PooledConnection(io.netty.channel.Channel,com.netflix.zuul.discovery.DiscoveryResult,com.netflix.zuul.netty.connectionpool.ClientChannelManager,com.netflix.spectator.api.Counter,com.netflix.spectator.api.Counter)	currentTimeMillis()	java.lang.System	SOURCE
com.netflix.zuul.netty.connectionpool.PooledConnection	PooledConnection(io.netty.channel.Channel,com.netflix.zuul.discovery.DiscoveryResult,com.netflix.zuul.netty.connectionpool.ClientChannelManager,com.netflix.spectator.api.Counter,com.netflix.spectator.api.Counter)	set(T)	io.netty.util.Attribute	SOURCE
com.netflix.zuul.netty.connectionpool.PooledConnection	PooledConnection(io.netty.channel.Channel,com.netflix.zuul.discovery.DiscoveryResult,com.netflix.zuul.netty.connectionpool.ClientChannelManager,com.netflix.spectator.api.Counter,com.netflix.spectator.api.Counter)	<T>attr(io.netty.util.AttributeKey<T>)	io.netty.util.AttributeMap	SOURCE
com.netflix.zuul.netty.connectionpool.PooledConnection	getFromChannel(io.netty.channel.Channel)	get()	io.netty.util.Attribute	SOURCE
com.netflix.zuul.netty.connectionpool.PooledConnection	getFromChannel(io.netty.channel.Channel)	<T>attr(io.netty.util.AttributeKey<T>)	io.netty.util.AttributeMap	SOURCE
com.netflix.zuul.netty.connectionpool.PooledConnection	getConfig()	getConfig()	com.netflix.zuul.netty.connectionpool.ClientChannelManager	SOURCE
com.netflix.zuul.netty.connectionpool.PooledConnection	getAgeInMillis()	currentTimeMillis()	java.lang.System	SOURCE
com.netflix.zuul.netty.connectionpool.PooledConnection	startRequestTimer()	nanoTime()	java.lang.System	SOURCE
com.netflix.zuul.netty.connectionpool.PooledConnection	stopRequestTimer()	toMillis(long)	java.util.concurrent.TimeUnit	SOURCE
com.netflix.zuul.netty.connectionpool.PooledConnection	stopRequestTimer()	nanoTime()	java.lang.System	SOURCE
com.netflix.zuul.netty.connectionpool.PooledConnection	stopRequestTimer()	noteResponseTime(double)	com.netflix.zuul.discovery.DiscoveryResult	SOURCE
com.netflix.zuul.netty.connectionpool.PooledConnection	isActive()	isActive()	io.netty.channel.Channel	SOURCE
com.netflix.zuul.netty.connectionpool.PooledConnection	isActive()	isRegistered()	io.netty.channel.Channel	SOURCE
com.netflix.zuul.netty.connectionpool.PooledConnection	close()	decrementOpenConnectionsCount()	com.netflix.zuul.discovery.DiscoveryResult	SOURCE
com.netflix.zuul.netty.connectionpool.PooledConnection	close()	increment()	com.netflix.spectator.api.Counter	SOURCE
com.netflix.zuul.netty.connectionpool.PooledConnection	close()	close()	io.netty.channel.ChannelOutboundInvoker	SOURCE
com.netflix.zuul.netty.connectionpool.PooledConnection	updateServerStats()	decrementOpenConnectionsCount()	com.netflix.zuul.discovery.DiscoveryResult	SOURCE
com.netflix.zuul.netty.connectionpool.PooledConnection	updateServerStats()	stopPublishingStats()	com.netflix.zuul.discovery.DiscoveryResult	SOURCE
com.netflix.zuul.netty.connectionpool.PooledConnection	closeAndRemoveFromPool()	remove(com.netflix.zuul.netty.connectionpool.PooledConnection)	com.netflix.zuul.netty.connectionpool.ClientChannelManager	SOURCE
com.netflix.zuul.netty.connectionpool.PooledConnection	closeAndRemoveFromPool()	close()	com.netflix.zuul.netty.connectionpool.PooledConnection	SOURCE
com.netflix.zuul.netty.connectionpool.PooledConnection	release()	isActive()	com.netflix.zuul.netty.connectionpool.PooledConnection	SOURCE
com.netflix.zuul.netty.connectionpool.PooledConnection	release()	increment()	com.netflix.spectator.api.Counter	SOURCE
com.netflix.zuul.netty.connectionpool.PooledConnection	release()	isShouldClose()	com.netflix.zuul.netty.connectionpool.PooledConnection	SOURCE
com.netflix.zuul.netty.connectionpool.PooledConnection	release()	fromChannel(io.netty.channel.Channel)	com.netflix.zuul.passport.CurrentPassport	SOURCE
com.netflix.zuul.netty.connectionpool.PooledConnection	release()	info(java.lang.String,java.lang.Object,java.lang.Object)	org.slf4j.Logger	SOURCE
com.netflix.zuul.netty.connectionpool.PooledConnection	release()	toString()	com.netflix.zuul.netty.connectionpool.PooledConnection	SOURCE
com.netflix.zuul.netty.connectionpool.PooledConnection	release()	valueOf(java.lang.Object)	java.lang.String	SOURCE
com.netflix.zuul.netty.connectionpool.PooledConnection	release()	release(com.netflix.zuul.netty.connectionpool.PooledConnection)	com.netflix.zuul.netty.connectionpool.ClientChannelManager	SOURCE
com.netflix.zuul.netty.connectionpool.PooledConnection	removeReadTimeoutHandler()	pipeline()	io.netty.channel.Channel	SOURCE
com.netflix.zuul.netty.connectionpool.PooledConnection	removeReadTimeoutHandler()	getChannel()	com.netflix.zuul.netty.connectionpool.PooledConnection	SOURCE
com.netflix.zuul.netty.connectionpool.PooledConnection	removeReadTimeoutHandler()	removeHandlerFromPipeline(java.lang.String,io.netty.channel.ChannelPipeline)	com.netflix.zuul.netty.connectionpool.PooledConnection	SOURCE
com.netflix.zuul.netty.connectionpool.PooledConnection	removeHandlerFromPipeline(java.lang.String,io.netty.channel.ChannelPipeline)	get(java.lang.String)	io.netty.channel.ChannelPipeline	SOURCE
com.netflix.zuul.netty.connectionpool.PooledConnection	removeHandlerFromPipeline(java.lang.String,io.netty.channel.ChannelPipeline)	remove(java.lang.String)	io.netty.channel.ChannelPipeline	SOURCE
com.netflix.zuul.netty.connectionpool.PooledConnection	startReadTimeoutHandler(java.time.Duration)	addBefore(java.lang.String,java.lang.String,io.netty.channel.ChannelHandler)	io.netty.channel.ChannelPipeline	SOURCE
com.netflix.zuul.netty.connectionpool.PooledConnection	startReadTimeoutHandler(java.time.Duration)	pipeline()	io.netty.channel.Channel	SOURCE
com.netflix.zuul.netty.connectionpool.PooledConnection	startReadTimeoutHandler(java.time.Duration)	getChannel()	com.netflix.zuul.netty.connectionpool.PooledConnection	SOURCE
com.netflix.zuul.netty.connectionpool.PooledConnection	startReadTimeoutHandler(java.time.Duration)	ReadTimeoutHandler(long,java.util.concurrent.TimeUnit)	io.netty.handler.timeout.ReadTimeoutHandler	SOURCE
com.netflix.zuul.netty.connectionpool.PooledConnection	startReadTimeoutHandler(java.time.Duration)	toMillis()	java.time.Duration	SOURCE
com.netflix.zuul.niws.RequestAttempts	LOG	getLogger(java.lang.Class<?>)	org.slf4j.LoggerFactory	SOURCE
com.netflix.zuul.niws.RequestAttempts	JACKSON_MAPPER	ObjectMapper()	com.fasterxml.jackson.databind.ObjectMapper	SOURCE
com.netflix.zuul.niws.RequestAttempts	RequestAttempts()	ArrayList()	java.util.ArrayList	SOURCE
com.netflix.zuul.niws.RequestAttempts	getFinalAttempt()	size()	java.util.ArrayList	SOURCE
com.netflix.zuul.niws.RequestAttempts	getFinalAttempt()	get(int)	java.util.ArrayList	SOURCE
com.netflix.zuul.niws.RequestAttempts	getFinalAttempt()	size()	java.util.ArrayList	SOURCE
com.netflix.zuul.niws.RequestAttempts	getFromSessionContext(com.netflix.zuul.context.SessionContext)	<T>get(com.netflix.zuul.context.SessionContext.Key<T>)	com.netflix.zuul.context.SessionContext	SOURCE
com.netflix.zuul.niws.RequestAttempts	parse(java.lang.String)	<T>readValue(java.lang.String,java.lang.Class<T>)	com.fasterxml.jackson.databind.ObjectMapper	SOURCE
com.netflix.zuul.niws.RequestAttempts	toJSON()	createArrayNode()	com.fasterxml.jackson.databind.ObjectMapper	SOURCE
com.netflix.zuul.niws.RequestAttempts	toJSON()	add(com.fasterxml.jackson.databind.JsonNode)	com.fasterxml.jackson.databind.node.ArrayNode	SOURCE
com.netflix.zuul.niws.RequestAttempts	toJSON()	toJsonNode()	com.netflix.zuul.niws.RequestAttempt	SOURCE
com.netflix.zuul.niws.RequestAttempts	toJSON()	writeValueAsString(java.lang.Object)	com.fasterxml.jackson.databind.ObjectMapper	SOURCE
com.netflix.zuul.niws.RequestAttempts	toJSON()	RuntimeException(java.lang.String,java.lang.Throwable)	java.lang.RuntimeException	SOURCE
com.netflix.zuul.niws.RequestAttempts	toString()	toJSON()	com.netflix.zuul.niws.RequestAttempts	SOURCE
com.netflix.zuul.niws.RequestAttempts	toString()	error(java.lang.String,java.lang.Throwable)	org.slf4j.Logger	SOURCE
com.netflix.zuul.niws.RequestAttempts	toString()	getMessage()	java.lang.Throwable	SOURCE
com.netflix.zuul.niws.RequestAttempt	JACKSON_MAPPER	ObjectMapper()	com.fasterxml.jackson.databind.ObjectMapper	SOURCE
com.netflix.zuul.niws.RequestAttempt	RequestAttempt(int,com.netflix.appinfo.InstanceInfo,java.lang.String,java.lang.String,int,java.lang.String,java.lang.String,int,int,int)	Object()	java.lang.Object	SOURCE
com.netflix.zuul.niws.RequestAttempt	RequestAttempt(int,com.netflix.appinfo.InstanceInfo,java.lang.String,java.lang.String,int,java.lang.String,java.lang.String,int,int,int)	IllegalArgumentException(java.lang.String)	java.lang.IllegalArgumentException	SOURCE
com.netflix.zuul.niws.RequestAttempt	RequestAttempt(int,com.netflix.appinfo.InstanceInfo,java.lang.String,java.lang.String,int,java.lang.String,java.lang.String,int,int,int)	toLowerCase()	java.lang.String	SOURCE
com.netflix.zuul.niws.RequestAttempt	RequestAttempt(int,com.netflix.appinfo.InstanceInfo,java.lang.String,java.lang.String,int,java.lang.String,java.lang.String,int,int,int)	getAppName()	com.netflix.appinfo.InstanceInfo	SOURCE
com.netflix.zuul.niws.RequestAttempt	RequestAttempt(int,com.netflix.appinfo.InstanceInfo,java.lang.String,java.lang.String,int,java.lang.String,java.lang.String,int,int,int)	getASGName()	com.netflix.appinfo.InstanceInfo	SOURCE
com.netflix.zuul.niws.RequestAttempt	RequestAttempt(int,com.netflix.appinfo.InstanceInfo,java.lang.String,java.lang.String,int,java.lang.String,java.lang.String,int,int,int)	getInstanceId()	com.netflix.appinfo.InstanceInfo	SOURCE
com.netflix.zuul.niws.RequestAttempt	RequestAttempt(int,com.netflix.appinfo.InstanceInfo,java.lang.String,java.lang.String,int,java.lang.String,java.lang.String,int,int,int)	getHostName()	com.netflix.appinfo.InstanceInfo	SOURCE
com.netflix.zuul.niws.RequestAttempt	RequestAttempt(int,com.netflix.appinfo.InstanceInfo,java.lang.String,java.lang.String,int,java.lang.String,java.lang.String,int,int,int)	getPort()	com.netflix.appinfo.InstanceInfo	SOURCE
com.netflix.zuul.niws.RequestAttempt	RequestAttempt(int,com.netflix.appinfo.InstanceInfo,java.lang.String,java.lang.String,int,java.lang.String,java.lang.String,int,int,int)	getVIPAddress()	com.netflix.appinfo.InstanceInfo	SOURCE
com.netflix.zuul.niws.RequestAttempt	RequestAttempt(int,com.netflix.appinfo.InstanceInfo,java.lang.String,java.lang.String,int,java.lang.String,java.lang.String,int,int,int)	getDataCenterInfo()	com.netflix.appinfo.InstanceInfo	SOURCE
com.netflix.zuul.niws.RequestAttempt	RequestAttempt(int,com.netflix.appinfo.InstanceInfo,java.lang.String,java.lang.String,int,java.lang.String,java.lang.String,int,int,int)	get(java.lang.Object)	java.util.Map	SOURCE
com.netflix.zuul.niws.RequestAttempt	RequestAttempt(int,com.netflix.appinfo.InstanceInfo,java.lang.String,java.lang.String,int,java.lang.String,java.lang.String,int,int,int)	getMetadata()	com.netflix.appinfo.AmazonInfo	SOURCE
com.netflix.zuul.niws.RequestAttempt	RequestAttempt(int,com.netflix.appinfo.InstanceInfo,java.lang.String,java.lang.String,int,java.lang.String,java.lang.String,int,int,int)	getDataCenterInfo()	com.netflix.appinfo.InstanceInfo	SOURCE
com.netflix.zuul.niws.RequestAttempt	RequestAttempt(int,com.netflix.appinfo.InstanceInfo,java.lang.String,java.lang.String,int,java.lang.String,java.lang.String,int,int,int)	getAvailabilityZone()	com.netflix.zuul.niws.RequestAttempt	SOURCE
com.netflix.zuul.niws.RequestAttempt	RequestAttempt(int,com.netflix.appinfo.InstanceInfo,java.lang.String,java.lang.String,int,java.lang.String,java.lang.String,int,int,int)	length()	java.lang.String	SOURCE
com.netflix.zuul.niws.RequestAttempt	RequestAttempt(int,com.netflix.appinfo.InstanceInfo,java.lang.String,java.lang.String,int,java.lang.String,java.lang.String,int,int,int)	substring(int,int)	java.lang.String	SOURCE
com.netflix.zuul.niws.RequestAttempt	RequestAttempt(int,com.netflix.appinfo.InstanceInfo,java.lang.String,java.lang.String,int,java.lang.String,java.lang.String,int,int,int)	length()	java.lang.String	SOURCE
com.netflix.zuul.niws.RequestAttempt	RequestAttempt(com.netflix.zuul.discovery.DiscoveryResult,com.netflix.client.config.IClientConfig,int,int)	Object()	java.lang.Object	SOURCE
com.netflix.zuul.niws.RequestAttempt	RequestAttempt(com.netflix.zuul.discovery.DiscoveryResult,com.netflix.client.config.IClientConfig,int,int)	getHost()	com.netflix.zuul.discovery.DiscoveryResult	SOURCE
com.netflix.zuul.niws.RequestAttempt	RequestAttempt(com.netflix.zuul.discovery.DiscoveryResult,com.netflix.client.config.IClientConfig,int,int)	getPort()	com.netflix.zuul.discovery.DiscoveryResult	SOURCE
com.netflix.zuul.niws.RequestAttempt	RequestAttempt(com.netflix.zuul.discovery.DiscoveryResult,com.netflix.client.config.IClientConfig,int,int)	getZone()	com.netflix.zuul.discovery.DiscoveryResult	SOURCE
com.netflix.zuul.niws.RequestAttempt	RequestAttempt(com.netflix.zuul.discovery.DiscoveryResult,com.netflix.client.config.IClientConfig,int,int)	isDiscoveryEnabled()	com.netflix.zuul.discovery.DiscoveryResult	SOURCE
com.netflix.zuul.niws.RequestAttempt	RequestAttempt(com.netflix.zuul.discovery.DiscoveryResult,com.netflix.client.config.IClientConfig,int,int)	toLowerCase()	java.lang.String	SOURCE
com.netflix.zuul.niws.RequestAttempt	RequestAttempt(com.netflix.zuul.discovery.DiscoveryResult,com.netflix.client.config.IClientConfig,int,int)	getAppName()	com.netflix.zuul.discovery.DiscoveryResult	SOURCE
com.netflix.zuul.niws.RequestAttempt	RequestAttempt(com.netflix.zuul.discovery.DiscoveryResult,com.netflix.client.config.IClientConfig,int,int)	getASGName()	com.netflix.zuul.discovery.DiscoveryResult	SOURCE
com.netflix.zuul.niws.RequestAttempt	RequestAttempt(com.netflix.zuul.discovery.DiscoveryResult,com.netflix.client.config.IClientConfig,int,int)	getServerId()	com.netflix.zuul.discovery.DiscoveryResult	SOURCE
com.netflix.zuul.niws.RequestAttempt	RequestAttempt(com.netflix.zuul.discovery.DiscoveryResult,com.netflix.client.config.IClientConfig,int,int)	getHost()	com.netflix.zuul.discovery.DiscoveryResult	SOURCE
com.netflix.zuul.niws.RequestAttempt	RequestAttempt(com.netflix.zuul.discovery.DiscoveryResult,com.netflix.client.config.IClientConfig,int,int)	getPort()	com.netflix.zuul.discovery.DiscoveryResult	SOURCE
com.netflix.zuul.niws.RequestAttempt	RequestAttempt(com.netflix.zuul.discovery.DiscoveryResult,com.netflix.client.config.IClientConfig,int,int)	getTarget()	com.netflix.zuul.discovery.DiscoveryResult	SOURCE
com.netflix.zuul.niws.RequestAttempt	RequestAttempt(com.netflix.zuul.discovery.DiscoveryResult,com.netflix.client.config.IClientConfig,int,int)	getAvailabilityZone()	com.netflix.zuul.discovery.DiscoveryResult	SOURCE
com.netflix.zuul.niws.RequestAttempt	RequestAttempt(com.netflix.zuul.discovery.DiscoveryResult,com.netflix.client.config.IClientConfig,int,int)	getMetaInfo()	com.netflix.zuul.discovery.DiscoveryResult	SOURCE
com.netflix.zuul.niws.RequestAttempt	RequestAttempt(com.netflix.zuul.discovery.DiscoveryResult,com.netflix.client.config.IClientConfig,int,int)	getServerGroup()	com.netflix.zuul.discovery.SimpleMetaInfo	SOURCE
com.netflix.zuul.niws.RequestAttempt	RequestAttempt(com.netflix.zuul.discovery.DiscoveryResult,com.netflix.client.config.IClientConfig,int,int)	getServiceIdForDiscovery()	com.netflix.zuul.discovery.SimpleMetaInfo	SOURCE
com.netflix.zuul.niws.RequestAttempt	RequestAttempt(com.netflix.zuul.discovery.DiscoveryResult,com.netflix.client.config.IClientConfig,int,int)	getInstanceId()	com.netflix.zuul.discovery.SimpleMetaInfo	SOURCE
com.netflix.zuul.niws.RequestAttempt	RequestAttempt(com.netflix.zuul.discovery.DiscoveryResult,com.netflix.client.config.IClientConfig,int,int)	length()	java.lang.String	SOURCE
com.netflix.zuul.niws.RequestAttempt	RequestAttempt(com.netflix.zuul.discovery.DiscoveryResult,com.netflix.client.config.IClientConfig,int,int)	substring(int,int)	java.lang.String	SOURCE
com.netflix.zuul.niws.RequestAttempt	RequestAttempt(com.netflix.zuul.discovery.DiscoveryResult,com.netflix.client.config.IClientConfig,int,int)	length()	java.lang.String	SOURCE
com.netflix.zuul.niws.RequestAttempt	RequestAttempt(com.netflix.zuul.discovery.DiscoveryResult,com.netflix.client.config.IClientConfig,int,int)	<T>get(com.netflix.client.config.IClientConfigKey<T>)	com.netflix.client.config.IClientConfig	SOURCE
com.netflix.zuul.niws.RequestAttempt	RequestAttempt()	Object()	java.lang.Object	SOURCE
com.netflix.zuul.niws.RequestAttempt	complete(int,long,java.lang.Throwable)	setStatus(int)	com.netflix.zuul.niws.RequestAttempt	SOURCE
com.netflix.zuul.niws.RequestAttempt	complete(int,long,java.lang.Throwable)	setException(java.lang.Throwable)	com.netflix.zuul.niws.RequestAttempt	SOURCE
com.netflix.zuul.niws.RequestAttempt	setException(java.lang.Throwable)	getSimpleName()	java.lang.Class	SOURCE
com.netflix.zuul.niws.RequestAttempt	setException(java.lang.Throwable)	getClass()	java.lang.Object	SOURCE
com.netflix.zuul.niws.RequestAttempt	setException(java.lang.Throwable)	getErrorType()	com.netflix.zuul.netty.connectionpool.OriginConnectException	SOURCE
com.netflix.zuul.niws.RequestAttempt	setException(java.lang.Throwable)	toString()	java.lang.Object	SOURCE
com.netflix.zuul.niws.RequestAttempt	setException(java.lang.Throwable)	getErrorType()	com.netflix.zuul.netty.connectionpool.OriginConnectException	SOURCE
com.netflix.zuul.niws.RequestAttempt	setException(java.lang.Throwable)	getCause()	java.lang.Throwable	SOURCE
com.netflix.zuul.niws.RequestAttempt	setException(java.lang.Throwable)	getSimpleName()	java.lang.Class	SOURCE
com.netflix.zuul.niws.RequestAttempt	setException(java.lang.Throwable)	getClass()	java.lang.Object	SOURCE
com.netflix.zuul.niws.RequestAttempt	setException(java.lang.Throwable)	getCause()	java.lang.Throwable	SOURCE
com.netflix.zuul.niws.RequestAttempt	setException(java.lang.Throwable)	getSimpleName()	java.lang.Class	SOURCE
com.netflix.zuul.niws.RequestAttempt	setException(java.lang.Throwable)	getClass()	java.lang.Object	SOURCE
com.netflix.zuul.niws.RequestAttempt	setException(java.lang.Throwable)	toString()	java.lang.Object	SOURCE
com.netflix.zuul.niws.RequestAttempt	setException(java.lang.Throwable)	getOutboundErrorType()	com.netflix.zuul.exception.OutboundException	SOURCE
com.netflix.zuul.niws.RequestAttempt	setException(java.lang.Throwable)	getSimpleName()	java.lang.Class	SOURCE
com.netflix.zuul.niws.RequestAttempt	setException(java.lang.Throwable)	getMessage()	java.lang.Throwable	SOURCE
com.netflix.zuul.niws.RequestAttempt	setException(java.lang.Throwable)	getSimpleName()	java.lang.Class	SOURCE
com.netflix.zuul.niws.RequestAttempt	setException(java.lang.Throwable)	getClass()	java.lang.Object	SOURCE
com.netflix.zuul.niws.RequestAttempt	setException(java.lang.Throwable)	getMessage()	java.lang.Throwable	SOURCE
com.netflix.zuul.niws.RequestAttempt	setException(java.lang.Throwable)	getCause()	java.lang.Throwable	SOURCE
com.netflix.zuul.niws.RequestAttempt	setException(java.lang.Throwable)	getMessage()	java.lang.Throwable	SOURCE
com.netflix.zuul.niws.RequestAttempt	setException(java.lang.Throwable)	getSimpleName()	java.lang.Class	SOURCE
com.netflix.zuul.niws.RequestAttempt	setException(java.lang.Throwable)	getClass()	java.lang.Object	SOURCE
com.netflix.zuul.niws.RequestAttempt	setException(java.lang.Throwable)	getStackTraceAsString(java.lang.Throwable)	com.google.common.base.Throwables	SOURCE
com.netflix.zuul.niws.RequestAttempt	toString()	writeValueAsString(java.lang.Object)	com.fasterxml.jackson.databind.ObjectMapper	SOURCE
com.netflix.zuul.niws.RequestAttempt	toString()	toJsonNode()	com.netflix.zuul.niws.RequestAttempt	SOURCE
com.netflix.zuul.niws.RequestAttempt	toString()	RuntimeException(java.lang.String,java.lang.Throwable)	java.lang.RuntimeException	SOURCE
com.netflix.zuul.niws.RequestAttempt	toJsonNode()	createObjectNode()	com.fasterxml.jackson.databind.ObjectMapper	SOURCE
com.netflix.zuul.niws.RequestAttempt	toJsonNode()	put(java.lang.String,int)	com.fasterxml.jackson.databind.node.ObjectNode	SOURCE
com.netflix.zuul.niws.RequestAttempt	toJsonNode()	put(java.lang.String,long)	com.fasterxml.jackson.databind.node.ObjectNode	SOURCE
com.netflix.zuul.niws.RequestAttempt	toJsonNode()	put(java.lang.String,int)	com.fasterxml.jackson.databind.node.ObjectNode	SOURCE
com.netflix.zuul.niws.RequestAttempt	toJsonNode()	putNullableAttribute(com.fasterxml.jackson.databind.node.ObjectNode,java.lang.String,java.lang.String)	com.netflix.zuul.niws.RequestAttempt	SOURCE
com.netflix.zuul.niws.RequestAttempt	toJsonNode()	putNullableAttribute(com.fasterxml.jackson.databind.node.ObjectNode,java.lang.String,java.lang.String)	com.netflix.zuul.niws.RequestAttempt	SOURCE
com.netflix.zuul.niws.RequestAttempt	toJsonNode()	putNullableAttribute(com.fasterxml.jackson.databind.node.ObjectNode,java.lang.String,java.lang.String)	com.netflix.zuul.niws.RequestAttempt	SOURCE
com.netflix.zuul.niws.RequestAttempt	toJsonNode()	putNullableAttribute(com.fasterxml.jackson.databind.node.ObjectNode,java.lang.String,java.lang.String)	com.netflix.zuul.niws.RequestAttempt	SOURCE
com.netflix.zuul.niws.RequestAttempt	toJsonNode()	putNullableAttribute(com.fasterxml.jackson.databind.node.ObjectNode,java.lang.String,java.lang.String)	com.netflix.zuul.niws.RequestAttempt	SOURCE
com.netflix.zuul.niws.RequestAttempt	toJsonNode()	putNullableAttribute(com.fasterxml.jackson.databind.node.ObjectNode,java.lang.String,java.lang.String)	com.netflix.zuul.niws.RequestAttempt	SOURCE
com.netflix.zuul.niws.RequestAttempt	toJsonNode()	putNullableAttribute(com.fasterxml.jackson.databind.node.ObjectNode,java.lang.String,java.lang.String)	com.netflix.zuul.niws.RequestAttempt	SOURCE
com.netflix.zuul.niws.RequestAttempt	toJsonNode()	put(java.lang.String,long)	com.fasterxml.jackson.databind.node.ObjectNode	SOURCE
com.netflix.zuul.niws.RequestAttempt	toJsonNode()	put(java.lang.String,int)	com.fasterxml.jackson.databind.node.ObjectNode	SOURCE
com.netflix.zuul.niws.RequestAttempt	putNullableAttribute(com.fasterxml.jackson.databind.node.ObjectNode,java.lang.String,java.lang.String)	put(java.lang.String,java.lang.String)	com.fasterxml.jackson.databind.node.ObjectNode	SOURCE
com.netflix.zuul.netty.NettyRequestAttemptFactory	LOG	getLogger(java.lang.Class<?>)	org.slf4j.LoggerFactory	SOURCE
com.netflix.zuul.netty.NettyRequestAttemptFactory	mapNettyToOutboundErrorType(java.lang.Throwable)	getErrorType()	com.netflix.zuul.netty.connectionpool.OriginConnectException	SOURCE
com.netflix.zuul.netty.NettyRequestAttemptFactory	mapNettyToOutboundErrorType(java.lang.Throwable)	getOutboundErrorType()	com.netflix.zuul.exception.OutboundException	SOURCE
com.netflix.zuul.netty.NettyRequestAttemptFactory	mapNettyToOutboundErrorType(java.lang.Throwable)	expectedErr()	io.netty.channel.unix.Errors$NativeIoException	SOURCE
com.netflix.zuul.netty.NettyRequestAttemptFactory	mapNettyToOutboundErrorType(java.lang.Throwable)	warn(java.lang.String,java.lang.Throwable)	org.slf4j.Logger	SOURCE
com.netflix.zuul.netty.NettyRequestAttemptFactory	mapNettyToOutboundErrorType(java.lang.Throwable)	getCause()	java.lang.Throwable	SOURCE
com.netflix.zuul.netty.NettyRequestAttemptFactory	mapNettyToOutboundErrorType(java.lang.Throwable)	contains(java.lang.CharSequence)	java.lang.String	SOURCE
com.netflix.zuul.netty.NettyRequestAttemptFactory	mapNettyToOutboundErrorType(java.lang.Throwable)	getMessage()	java.lang.Throwable	SOURCE
com.netflix.zuul.netty.NettyRequestAttemptFactory	mapNettyToOutboundErrorType(java.lang.Throwable)	warn(java.lang.String,java.lang.Throwable)	org.slf4j.Logger	SOURCE
com.netflix.zuul.netty.NettyRequestAttemptFactory	mapNettyToOutboundException(java.lang.Throwable,com.netflix.zuul.context.SessionContext)	mapNettyToOutboundErrorType(java.lang.Throwable)	com.netflix.zuul.netty.NettyRequestAttemptFactory	SOURCE
com.netflix.zuul.netty.NettyRequestAttemptFactory	mapNettyToOutboundException(java.lang.Throwable,com.netflix.zuul.context.SessionContext)	getFromSessionContext(com.netflix.zuul.context.SessionContext)	com.netflix.zuul.niws.RequestAttempts	SOURCE
com.netflix.zuul.netty.NettyRequestAttemptFactory	mapNettyToOutboundException(java.lang.Throwable,com.netflix.zuul.context.SessionContext)	OutboundException(com.netflix.zuul.exception.ErrorType,com.netflix.zuul.niws.RequestAttempts,java.lang.Throwable)	com.netflix.zuul.exception.OutboundException	SOURCE
com.netflix.zuul.netty.NettyRequestAttemptFactory	mapNettyToOutboundException(java.lang.Throwable,com.netflix.zuul.context.SessionContext)	OutboundException(com.netflix.zuul.exception.ErrorType,com.netflix.zuul.niws.RequestAttempts)	com.netflix.zuul.exception.OutboundException	SOURCE
com.netflix.zuul.netty.timeouts.OriginTimeoutManager	OriginTimeoutManager(com.netflix.zuul.origins.NettyOrigin)	Object()	java.lang.Object	SOURCE
com.netflix.zuul.netty.timeouts.OriginTimeoutManager	OriginTimeoutManager(com.netflix.zuul.origins.NettyOrigin)	<T>requireNonNull(T)	java.util.Objects	SOURCE
com.netflix.zuul.netty.timeouts.OriginTimeoutManager	MAX_OUTBOUND_READ_TIMEOUT_MS	DynamicLongProperty(java.lang.String,long)	com.netflix.config.DynamicLongProperty	SOURCE
com.netflix.zuul.netty.timeouts.OriginTimeoutManager	MAX_OUTBOUND_READ_TIMEOUT_MS	toMillis()	java.time.Duration	SOURCE
com.netflix.zuul.netty.timeouts.OriginTimeoutManager	MAX_OUTBOUND_READ_TIMEOUT_MS	ofSeconds(long)	java.time.Duration	SOURCE
com.netflix.zuul.netty.timeouts.OriginTimeoutManager	computeReadTimeout(com.netflix.zuul.message.http.HttpRequestMessage,int)	getRequestClientConfig(com.netflix.zuul.message.http.HttpRequestMessage)	com.netflix.zuul.netty.timeouts.OriginTimeoutManager	SOURCE
com.netflix.zuul.netty.timeouts.OriginTimeoutManager	computeReadTimeout(com.netflix.zuul.message.http.HttpRequestMessage,int)	getOriginReadTimeout()	com.netflix.zuul.netty.timeouts.OriginTimeoutManager	SOURCE
com.netflix.zuul.netty.timeouts.OriginTimeoutManager	computeReadTimeout(com.netflix.zuul.message.http.HttpRequestMessage,int)	getRequestReadTimeout(com.netflix.client.config.IClientConfig)	com.netflix.zuul.netty.timeouts.OriginTimeoutManager	SOURCE
com.netflix.zuul.netty.timeouts.OriginTimeoutManager	computeReadTimeout(com.netflix.zuul.message.http.HttpRequestMessage,int)	get()	com.netflix.config.DynamicLongProperty	SOURCE
com.netflix.zuul.netty.timeouts.OriginTimeoutManager	computeReadTimeout(com.netflix.zuul.message.http.HttpRequestMessage,int)	min(long,long)	java.lang.Math	SOURCE
com.netflix.zuul.netty.timeouts.OriginTimeoutManager	computeReadTimeout(com.netflix.zuul.message.http.HttpRequestMessage,int)	ofMillis(long)	java.time.Duration	SOURCE
com.netflix.zuul.netty.timeouts.OriginTimeoutManager	computeReadTimeout(com.netflix.zuul.message.http.HttpRequestMessage,int)	min(long,long)	java.lang.Math	SOURCE
com.netflix.zuul.netty.timeouts.OriginTimeoutManager	computeReadTimeout(com.netflix.zuul.message.http.HttpRequestMessage,int)	get()	com.netflix.config.DynamicLongProperty	SOURCE
com.netflix.zuul.netty.timeouts.OriginTimeoutManager	getRequestClientConfig(com.netflix.zuul.message.http.HttpRequestMessage)	<T>get(com.netflix.zuul.context.SessionContext.Key<T>)	com.netflix.zuul.context.SessionContext	SOURCE
com.netflix.zuul.netty.timeouts.OriginTimeoutManager	getRequestClientConfig(com.netflix.zuul.message.http.HttpRequestMessage)	getContext()	com.netflix.zuul.message.ZuulMessage	SOURCE
com.netflix.zuul.netty.timeouts.OriginTimeoutManager	getRequestClientConfig(com.netflix.zuul.message.http.HttpRequestMessage)	DefaultClientConfigImpl()	com.netflix.client.config.DefaultClientConfigImpl	SOURCE
com.netflix.zuul.netty.timeouts.OriginTimeoutManager	getRequestClientConfig(com.netflix.zuul.message.http.HttpRequestMessage)	<T>put(com.netflix.zuul.context.SessionContext.Key<T>,T)	com.netflix.zuul.context.SessionContext	SOURCE
com.netflix.zuul.netty.timeouts.OriginTimeoutManager	getRequestClientConfig(com.netflix.zuul.message.http.HttpRequestMessage)	getContext()	com.netflix.zuul.message.ZuulMessage	SOURCE
com.netflix.zuul.netty.timeouts.OriginTimeoutManager	getRequestReadTimeout(com.netflix.client.config.IClientConfig)	orElse(T)	java.util.Optional	SOURCE
com.netflix.zuul.netty.timeouts.OriginTimeoutManager	getRequestReadTimeout(com.netflix.client.config.IClientConfig)	<U>map(java.util.function.Function<? super T,? extends U>)	java.util.Optional	SOURCE
com.netflix.zuul.netty.timeouts.OriginTimeoutManager	getRequestReadTimeout(com.netflix.client.config.IClientConfig)	<T>ofNullable(T)	java.util.Optional	SOURCE
com.netflix.zuul.netty.timeouts.OriginTimeoutManager	getRequestReadTimeout(com.netflix.client.config.IClientConfig)	<T>get(com.netflix.client.config.IClientConfigKey<T>)	com.netflix.client.config.IClientConfig	SOURCE
com.netflix.zuul.netty.timeouts.OriginTimeoutManager	getRequestReadTimeout(com.netflix.client.config.IClientConfig)	apply(T)	java.util.function.Function	SOURCE
com.netflix.zuul.netty.timeouts.OriginTimeoutManager	getRequestReadTimeout(com.netflix.client.config.IClientConfig)	valueOf(long)	java.lang.Long	SOURCE
com.netflix.zuul.netty.timeouts.OriginTimeoutManager	getOriginReadTimeout()	orElse(T)	java.util.Optional	SOURCE
com.netflix.zuul.netty.timeouts.OriginTimeoutManager	getOriginReadTimeout()	<U>map(java.util.function.Function<? super T,? extends U>)	java.util.Optional	SOURCE
com.netflix.zuul.netty.timeouts.OriginTimeoutManager	getOriginReadTimeout()	<T>ofNullable(T)	java.util.Optional	SOURCE
com.netflix.zuul.netty.timeouts.OriginTimeoutManager	getOriginReadTimeout()	<T>get(com.netflix.client.config.IClientConfigKey<T>)	com.netflix.client.config.IClientConfig	SOURCE
com.netflix.zuul.netty.timeouts.OriginTimeoutManager	getOriginReadTimeout()	getClientConfig()	com.netflix.zuul.origins.NettyOrigin	SOURCE
com.netflix.zuul.netty.timeouts.OriginTimeoutManager	getOriginReadTimeout()	apply(T)	java.util.function.Function	SOURCE
com.netflix.zuul.netty.timeouts.OriginTimeoutManager	getOriginReadTimeout()	valueOf(long)	java.lang.Long	SOURCE
com.netflix.zuul.netty.server.OriginResponseReceiver	LOG	getLogger(java.lang.Class<?>)	org.slf4j.LoggerFactory	SOURCE
com.netflix.zuul.netty.server.OriginResponseReceiver	SSL_HANDSHAKE_UNSUCCESS_FROM_ORIGIN_THROWABLE	<T>newInstance(java.lang.String)	io.netty.util.AttributeKey	SOURCE
com.netflix.zuul.netty.server.OriginResponseReceiver	OriginResponseReceiver(com.netflix.zuul.filters.endpoint.ProxyEndpoint)	ChannelDuplexHandler()	io.netty.channel.ChannelDuplexHandler	SOURCE
com.netflix.zuul.netty.server.OriginResponseReceiver	channelRead(io.netty.channel.ChannelHandlerContext,java.lang.Object)	traceTask(java.lang.String)	io.perfmark.PerfMark	SOURCE
com.netflix.zuul.netty.server.OriginResponseReceiver	channelRead(io.netty.channel.ChannelHandlerContext,java.lang.Object)	channelReadInternal(io.netty.channel.ChannelHandlerContext,java.lang.Object)	com.netflix.zuul.netty.server.OriginResponseReceiver	SOURCE
com.netflix.zuul.netty.server.OriginResponseReceiver	channelReadInternal(io.netty.channel.ChannelHandlerContext,java.lang.Object)	responseFromOrigin(io.netty.handler.codec.http.HttpResponse)	com.netflix.zuul.filters.endpoint.ProxyEndpoint	SOURCE
com.netflix.zuul.netty.server.OriginResponseReceiver	channelReadInternal(io.netty.channel.ChannelHandlerContext,java.lang.Object)	read()	io.netty.channel.Channel	SOURCE
com.netflix.zuul.netty.server.OriginResponseReceiver	channelReadInternal(io.netty.channel.ChannelHandlerContext,java.lang.Object)	channel()	io.netty.channel.ChannelHandlerContext	SOURCE
com.netflix.zuul.netty.server.OriginResponseReceiver	channelReadInternal(io.netty.channel.ChannelHandlerContext,java.lang.Object)	invokeNext(io.netty.handler.codec.http.HttpContent)	com.netflix.zuul.filters.endpoint.ProxyEndpoint	SOURCE
com.netflix.zuul.netty.server.OriginResponseReceiver	channelReadInternal(io.netty.channel.ChannelHandlerContext,java.lang.Object)	release()	io.netty.util.ReferenceCounted	SOURCE
com.netflix.zuul.netty.server.OriginResponseReceiver	channelReadInternal(io.netty.channel.ChannelHandlerContext,java.lang.Object)	read()	io.netty.channel.Channel	SOURCE
com.netflix.zuul.netty.server.OriginResponseReceiver	channelReadInternal(io.netty.channel.ChannelHandlerContext,java.lang.Object)	channel()	io.netty.channel.ChannelHandlerContext	SOURCE
com.netflix.zuul.netty.server.OriginResponseReceiver	channelReadInternal(io.netty.channel.ChannelHandlerContext,java.lang.Object)	release(java.lang.Object)	io.netty.util.ReferenceCountUtil	SOURCE
com.netflix.zuul.netty.server.OriginResponseReceiver	channelReadInternal(io.netty.channel.ChannelHandlerContext,java.lang.Object)	IllegalStateException(java.lang.String)	java.lang.IllegalStateException	SOURCE
com.netflix.zuul.netty.server.OriginResponseReceiver	channelReadInternal(io.netty.channel.ChannelHandlerContext,java.lang.Object)	errorFromOrigin(java.lang.Throwable)	com.netflix.zuul.filters.endpoint.ProxyEndpoint	SOURCE
com.netflix.zuul.netty.server.OriginResponseReceiver	channelReadInternal(io.netty.channel.ChannelHandlerContext,java.lang.Object)	fireExceptionCaught(java.lang.Throwable)	io.netty.channel.ChannelHandlerContext	SOURCE
com.netflix.zuul.netty.server.OriginResponseReceiver	userEventTriggered(io.netty.channel.ChannelHandlerContext,java.lang.Object)	getReason()	com.netflix.netty.common.HttpLifecycleChannelHandler$CompleteEvent	SOURCE
com.netflix.zuul.netty.server.OriginResponseReceiver	userEventTriggered(io.netty.channel.ChannelHandlerContext,java.lang.Object)	error(java.lang.String,java.lang.Object,java.lang.Object)	org.slf4j.Logger	SOURCE
com.netflix.zuul.netty.server.OriginResponseReceiver	userEventTriggered(io.netty.channel.ChannelHandlerContext,java.lang.Object)	name()	java.lang.Enum	SOURCE
com.netflix.zuul.netty.server.OriginResponseReceiver	userEventTriggered(io.netty.channel.ChannelHandlerContext,java.lang.Object)	channelInfoForLogging(io.netty.channel.Channel)	com.netflix.zuul.netty.ChannelUtils	SOURCE
com.netflix.zuul.netty.server.OriginResponseReceiver	userEventTriggered(io.netty.channel.ChannelHandlerContext,java.lang.Object)	channel()	io.netty.channel.ChannelHandlerContext	SOURCE
com.netflix.zuul.netty.server.OriginResponseReceiver	userEventTriggered(io.netty.channel.ChannelHandlerContext,java.lang.Object)	ZuulException(java.lang.String,java.lang.String,boolean)	com.netflix.zuul.exception.ZuulException	SOURCE
com.netflix.zuul.netty.server.OriginResponseReceiver	userEventTriggered(io.netty.channel.ChannelHandlerContext,java.lang.Object)	name()	java.lang.Enum	SOURCE
com.netflix.zuul.netty.server.OriginResponseReceiver	userEventTriggered(io.netty.channel.ChannelHandlerContext,java.lang.Object)	errorFromOrigin(java.lang.Throwable)	com.netflix.zuul.filters.endpoint.ProxyEndpoint	SOURCE
com.netflix.zuul.netty.server.OriginResponseReceiver	userEventTriggered(io.netty.channel.ChannelHandlerContext,java.lang.Object)	userEventTriggered(io.netty.channel.ChannelHandlerContext,java.lang.Object)	io.netty.channel.ChannelInboundHandlerAdapter	SOURCE
com.netflix.zuul.netty.server.OriginResponseReceiver	userEventTriggered(io.netty.channel.ChannelHandlerContext,java.lang.Object)	postCompleteHook(io.netty.channel.ChannelHandlerContext,java.lang.Object)	com.netflix.zuul.netty.server.OriginResponseReceiver	SOURCE
com.netflix.zuul.netty.server.OriginResponseReceiver	userEventTriggered(io.netty.channel.ChannelHandlerContext,java.lang.Object)	isSuccess()	io.netty.handler.ssl.SslCompletionEvent	SOURCE
com.netflix.zuul.netty.server.OriginResponseReceiver	userEventTriggered(io.netty.channel.ChannelHandlerContext,java.lang.Object)	cause()	io.netty.handler.ssl.SslCompletionEvent	SOURCE
com.netflix.zuul.netty.server.OriginResponseReceiver	userEventTriggered(io.netty.channel.ChannelHandlerContext,java.lang.Object)	set(T)	io.netty.util.Attribute	SOURCE
com.netflix.zuul.netty.server.OriginResponseReceiver	userEventTriggered(io.netty.channel.ChannelHandlerContext,java.lang.Object)	<T>attr(io.netty.util.AttributeKey<T>)	io.netty.util.AttributeMap	SOURCE
com.netflix.zuul.netty.server.OriginResponseReceiver	userEventTriggered(io.netty.channel.ChannelHandlerContext,java.lang.Object)	channel()	io.netty.channel.ChannelHandlerContext	SOURCE
com.netflix.zuul.netty.server.OriginResponseReceiver	userEventTriggered(io.netty.channel.ChannelHandlerContext,java.lang.Object)	error(java.lang.String,java.lang.Object)	org.slf4j.Logger	SOURCE
com.netflix.zuul.netty.server.OriginResponseReceiver	userEventTriggered(io.netty.channel.ChannelHandlerContext,java.lang.Object)	channelInfoForLogging(io.netty.channel.Channel)	com.netflix.zuul.netty.ChannelUtils	SOURCE
com.netflix.zuul.netty.server.OriginResponseReceiver	userEventTriggered(io.netty.channel.ChannelHandlerContext,java.lang.Object)	channel()	io.netty.channel.ChannelHandlerContext	SOURCE
com.netflix.zuul.netty.server.OriginResponseReceiver	userEventTriggered(io.netty.channel.ChannelHandlerContext,java.lang.Object)	errorFromOrigin(java.lang.Throwable)	com.netflix.zuul.filters.endpoint.ProxyEndpoint	SOURCE
com.netflix.zuul.netty.server.OriginResponseReceiver	userEventTriggered(io.netty.channel.ChannelHandlerContext,java.lang.Object)	OutboundException(com.netflix.zuul.exception.ErrorType,com.netflix.zuul.niws.RequestAttempts)	com.netflix.zuul.exception.OutboundException	SOURCE
com.netflix.zuul.netty.server.OriginResponseReceiver	userEventTriggered(io.netty.channel.ChannelHandlerContext,java.lang.Object)	getRequestAttempts()	com.netflix.zuul.filters.endpoint.ProxyEndpoint	SOURCE
com.netflix.zuul.netty.server.OriginResponseReceiver	userEventTriggered(io.netty.channel.ChannelHandlerContext,java.lang.Object)	userEventTriggered(io.netty.channel.ChannelHandlerContext,java.lang.Object)	io.netty.channel.ChannelInboundHandlerAdapter	SOURCE
com.netflix.zuul.netty.server.OriginResponseReceiver	userEventTriggered(io.netty.channel.ChannelHandlerContext,java.lang.Object)	userEventTriggered(io.netty.channel.ChannelHandlerContext,java.lang.Object)	io.netty.channel.ChannelInboundHandlerAdapter	SOURCE
com.netflix.zuul.netty.server.OriginResponseReceiver	buildOriginHttpRequest(com.netflix.zuul.message.http.HttpRequestMessage)	toUpperCase()	java.lang.String	SOURCE
com.netflix.zuul.netty.server.OriginResponseReceiver	buildOriginHttpRequest(com.netflix.zuul.message.http.HttpRequestMessage)	getMethod()	com.netflix.zuul.message.http.HttpRequestInfo	SOURCE
com.netflix.zuul.netty.server.OriginResponseReceiver	buildOriginHttpRequest(com.netflix.zuul.message.http.HttpRequestMessage)	pathAndQueryString(com.netflix.zuul.message.http.HttpRequestMessage)	com.netflix.zuul.netty.server.OriginResponseReceiver	SOURCE
com.netflix.zuul.netty.server.OriginResponseReceiver	buildOriginHttpRequest(com.netflix.zuul.message.http.HttpRequestMessage)	customRequestProcessing(com.netflix.zuul.message.http.HttpRequestMessage)	com.netflix.zuul.netty.server.OriginResponseReceiver	SOURCE
com.netflix.zuul.netty.server.OriginResponseReceiver	buildOriginHttpRequest(com.netflix.zuul.message.http.HttpRequestMessage)	DefaultHttpRequest(io.netty.handler.codec.http.HttpVersion,io.netty.handler.codec.http.HttpMethod,java.lang.String,boolean)	io.netty.handler.codec.http.DefaultHttpRequest	SOURCE
com.netflix.zuul.netty.server.OriginResponseReceiver	buildOriginHttpRequest(com.netflix.zuul.message.http.HttpRequestMessage)	valueOf(java.lang.String)	io.netty.handler.codec.http.HttpMethod	SOURCE
com.netflix.zuul.netty.server.OriginResponseReceiver	buildOriginHttpRequest(com.netflix.zuul.message.http.HttpRequestMessage)	entries()	com.netflix.zuul.message.Headers	SOURCE
com.netflix.zuul.netty.server.OriginResponseReceiver	buildOriginHttpRequest(com.netflix.zuul.message.http.HttpRequestMessage)	getHeaders()	com.netflix.zuul.message.http.HttpRequestInfo	SOURCE
com.netflix.zuul.netty.server.OriginResponseReceiver	buildOriginHttpRequest(com.netflix.zuul.message.http.HttpRequestMessage)	add(java.lang.String,java.lang.Object)	io.netty.handler.codec.http.HttpHeaders	SOURCE
com.netflix.zuul.netty.server.OriginResponseReceiver	buildOriginHttpRequest(com.netflix.zuul.message.http.HttpRequestMessage)	headers()	io.netty.handler.codec.http.DefaultHttpMessage	SOURCE
com.netflix.zuul.netty.server.OriginResponseReceiver	buildOriginHttpRequest(com.netflix.zuul.message.http.HttpRequestMessage)	getKey()	com.netflix.zuul.message.Header	SOURCE
com.netflix.zuul.netty.server.OriginResponseReceiver	buildOriginHttpRequest(com.netflix.zuul.message.http.HttpRequestMessage)	getValue()	com.netflix.zuul.message.Header	SOURCE
com.netflix.zuul.netty.server.OriginResponseReceiver	pathAndQueryString(com.netflix.zuul.message.http.HttpRequestMessage)	parse(java.lang.String)	com.netflix.zuul.message.http.HttpQueryParams	SOURCE
com.netflix.zuul.netty.server.OriginResponseReceiver	pathAndQueryString(com.netflix.zuul.message.http.HttpRequestMessage)	toEncodedString()	com.netflix.zuul.message.http.HttpQueryParams	SOURCE
com.netflix.zuul.netty.server.OriginResponseReceiver	pathAndQueryString(com.netflix.zuul.message.http.HttpRequestMessage)	getQueryParams()	com.netflix.zuul.message.http.HttpRequestInfo	SOURCE
com.netflix.zuul.netty.server.OriginResponseReceiver	pathAndQueryString(com.netflix.zuul.message.http.HttpRequestMessage)	toEncodedString()	com.netflix.zuul.message.http.HttpQueryParams	SOURCE
com.netflix.zuul.netty.server.OriginResponseReceiver	pathAndQueryString(com.netflix.zuul.message.http.HttpRequestMessage)	isEmpty()	java.lang.String	SOURCE
com.netflix.zuul.netty.server.OriginResponseReceiver	pathAndQueryString(com.netflix.zuul.message.http.HttpRequestMessage)	getPath()	com.netflix.zuul.message.http.HttpRequestInfo	SOURCE
com.netflix.zuul.netty.server.OriginResponseReceiver	pathAndQueryString(com.netflix.zuul.message.http.HttpRequestMessage)	getPath()	com.netflix.zuul.message.http.HttpRequestInfo	SOURCE
com.netflix.zuul.netty.server.OriginResponseReceiver	pathAndQueryString(com.netflix.zuul.message.http.HttpRequestMessage)	toEncodedString()	com.netflix.zuul.message.http.HttpQueryParams	SOURCE
com.netflix.zuul.netty.server.OriginResponseReceiver	write(io.netty.channel.ChannelHandlerContext,java.lang.Object,io.netty.channel.ChannelPromise)	traceTask(java.lang.String)	io.perfmark.PerfMark	SOURCE
com.netflix.zuul.netty.server.OriginResponseReceiver	write(io.netty.channel.ChannelHandlerContext,java.lang.Object,io.netty.channel.ChannelPromise)	writeInternal(io.netty.channel.ChannelHandlerContext,java.lang.Object,io.netty.channel.ChannelPromise)	com.netflix.zuul.netty.server.OriginResponseReceiver	SOURCE
com.netflix.zuul.netty.server.OriginResponseReceiver	writeInternal(io.netty.channel.ChannelHandlerContext,java.lang.Object,io.netty.channel.ChannelPromise)	isActive()	io.netty.channel.Channel	SOURCE
com.netflix.zuul.netty.server.OriginResponseReceiver	writeInternal(io.netty.channel.ChannelHandlerContext,java.lang.Object,io.netty.channel.ChannelPromise)	channel()	io.netty.channel.ChannelHandlerContext	SOURCE
com.netflix.zuul.netty.server.OriginResponseReceiver	writeInternal(io.netty.channel.ChannelHandlerContext,java.lang.Object,io.netty.channel.ChannelPromise)	release(java.lang.Object)	io.netty.util.ReferenceCountUtil	SOURCE
com.netflix.zuul.netty.server.OriginResponseReceiver	writeInternal(io.netty.channel.ChannelHandlerContext,java.lang.Object,io.netty.channel.ChannelPromise)	addListener(io.netty.util.concurrent.GenericFutureListener<? extends io.netty.util.concurrent.Future<? super java.lang.Void>>)	io.netty.channel.ChannelPromise	SOURCE
com.netflix.zuul.netty.server.OriginResponseReceiver	writeInternal(io.netty.channel.ChannelHandlerContext,java.lang.Object,io.netty.channel.ChannelPromise)	operationComplete(F)	io.netty.util.concurrent.GenericFutureListener	SOURCE
com.netflix.zuul.netty.server.OriginResponseReceiver	writeInternal(io.netty.channel.ChannelHandlerContext,java.lang.Object,io.netty.channel.ChannelPromise)	isSuccess()	io.netty.util.concurrent.Future	SOURCE
com.netflix.zuul.netty.server.OriginResponseReceiver	writeInternal(io.netty.channel.ChannelHandlerContext,java.lang.Object,io.netty.channel.ChannelPromise)	get()	io.netty.util.Attribute	SOURCE
com.netflix.zuul.netty.server.OriginResponseReceiver	writeInternal(io.netty.channel.ChannelHandlerContext,java.lang.Object,io.netty.channel.ChannelPromise)	<T>attr(io.netty.util.AttributeKey<T>)	io.netty.util.AttributeMap	SOURCE
com.netflix.zuul.netty.server.OriginResponseReceiver	writeInternal(io.netty.channel.ChannelHandlerContext,java.lang.Object,io.netty.channel.ChannelPromise)	channel()	io.netty.channel.ChannelHandlerContext	SOURCE
com.netflix.zuul.netty.server.OriginResponseReceiver	writeInternal(io.netty.channel.ChannelHandlerContext,java.lang.Object,io.netty.channel.ChannelPromise)	set(T)	io.netty.util.Attribute	SOURCE
com.netflix.zuul.netty.server.OriginResponseReceiver	writeInternal(io.netty.channel.ChannelHandlerContext,java.lang.Object,io.netty.channel.ChannelPromise)	<T>attr(io.netty.util.AttributeKey<T>)	io.netty.util.AttributeMap	SOURCE
com.netflix.zuul.netty.server.OriginResponseReceiver	writeInternal(io.netty.channel.ChannelHandlerContext,java.lang.Object,io.netty.channel.ChannelPromise)	channel()	io.netty.channel.ChannelHandlerContext	SOURCE
com.netflix.zuul.netty.server.OriginResponseReceiver	writeInternal(io.netty.channel.ChannelHandlerContext,java.lang.Object,io.netty.channel.ChannelPromise)	fireWriteError(java.lang.String,java.lang.Throwable,io.netty.channel.ChannelHandlerContext)	com.netflix.zuul.netty.server.OriginResponseReceiver	SOURCE
com.netflix.zuul.netty.server.OriginResponseReceiver	writeInternal(io.netty.channel.ChannelHandlerContext,java.lang.Object,io.netty.channel.ChannelPromise)	debug(java.lang.String,java.lang.Throwable)	org.slf4j.Logger	SOURCE
com.netflix.zuul.netty.server.OriginResponseReceiver	writeInternal(io.netty.channel.ChannelHandlerContext,java.lang.Object,io.netty.channel.ChannelPromise)	cause()	io.netty.util.concurrent.Future	SOURCE
com.netflix.zuul.netty.server.OriginResponseReceiver	writeInternal(io.netty.channel.ChannelHandlerContext,java.lang.Object,io.netty.channel.ChannelPromise)	fireWriteError(java.lang.String,java.lang.Throwable,io.netty.channel.ChannelHandlerContext)	com.netflix.zuul.netty.server.OriginResponseReceiver	SOURCE
com.netflix.zuul.netty.server.OriginResponseReceiver	writeInternal(io.netty.channel.ChannelHandlerContext,java.lang.Object,io.netty.channel.ChannelPromise)	cause()	io.netty.util.concurrent.Future	SOURCE
com.netflix.zuul.netty.server.OriginResponseReceiver	writeInternal(io.netty.channel.ChannelHandlerContext,java.lang.Object,io.netty.channel.ChannelPromise)	preWriteHook(io.netty.channel.ChannelHandlerContext,com.netflix.zuul.message.http.HttpRequestMessage)	com.netflix.zuul.netty.server.OriginResponseReceiver	SOURCE
com.netflix.zuul.netty.server.OriginResponseReceiver	writeInternal(io.netty.channel.ChannelHandlerContext,java.lang.Object,io.netty.channel.ChannelPromise)	write(io.netty.channel.ChannelHandlerContext,java.lang.Object,io.netty.channel.ChannelPromise)	io.netty.channel.ChannelDuplexHandler	SOURCE
com.netflix.zuul.netty.server.OriginResponseReceiver	writeInternal(io.netty.channel.ChannelHandlerContext,java.lang.Object,io.netty.channel.ChannelPromise)	buildOriginHttpRequest(com.netflix.zuul.message.http.HttpRequestMessage)	com.netflix.zuul.netty.server.OriginResponseReceiver	SOURCE
com.netflix.zuul.netty.server.OriginResponseReceiver	writeInternal(io.netty.channel.ChannelHandlerContext,java.lang.Object,io.netty.channel.ChannelPromise)	addListener(io.netty.util.concurrent.GenericFutureListener<? extends io.netty.util.concurrent.Future<? super java.lang.Void>>)	io.netty.channel.ChannelPromise	SOURCE
com.netflix.zuul.netty.server.OriginResponseReceiver	writeInternal(io.netty.channel.ChannelHandlerContext,java.lang.Object,io.netty.channel.ChannelPromise)	operationComplete(F)	io.netty.util.concurrent.GenericFutureListener	SOURCE
com.netflix.zuul.netty.server.OriginResponseReceiver	writeInternal(io.netty.channel.ChannelHandlerContext,java.lang.Object,io.netty.channel.ChannelPromise)	isSuccess()	io.netty.util.concurrent.Future	SOURCE
com.netflix.zuul.netty.server.OriginResponseReceiver	writeInternal(io.netty.channel.ChannelHandlerContext,java.lang.Object,io.netty.channel.ChannelPromise)	fireWriteError(java.lang.String,java.lang.Throwable,io.netty.channel.ChannelHandlerContext)	com.netflix.zuul.netty.server.OriginResponseReceiver	SOURCE
com.netflix.zuul.netty.server.OriginResponseReceiver	writeInternal(io.netty.channel.ChannelHandlerContext,java.lang.Object,io.netty.channel.ChannelPromise)	cause()	io.netty.util.concurrent.Future	SOURCE
com.netflix.zuul.netty.server.OriginResponseReceiver	writeInternal(io.netty.channel.ChannelHandlerContext,java.lang.Object,io.netty.channel.ChannelPromise)	write(io.netty.channel.ChannelHandlerContext,java.lang.Object,io.netty.channel.ChannelPromise)	io.netty.channel.ChannelDuplexHandler	SOURCE
com.netflix.zuul.netty.server.OriginResponseReceiver	writeInternal(io.netty.channel.ChannelHandlerContext,java.lang.Object,io.netty.channel.ChannelPromise)	release(java.lang.Object)	io.netty.util.ReferenceCountUtil	SOURCE
com.netflix.zuul.netty.server.OriginResponseReceiver	writeInternal(io.netty.channel.ChannelHandlerContext,java.lang.Object,io.netty.channel.ChannelPromise)	ZuulException(java.lang.String,boolean)	com.netflix.zuul.exception.ZuulException	SOURCE
com.netflix.zuul.netty.server.OriginResponseReceiver	fireWriteError(java.lang.String,java.lang.Throwable,io.netty.channel.ChannelHandlerContext)	getName()	com.netflix.zuul.origins.Origin	SOURCE
com.netflix.zuul.netty.server.OriginResponseReceiver	fireWriteError(java.lang.String,java.lang.Throwable,io.netty.channel.ChannelHandlerContext)	getOrigin()	com.netflix.zuul.filters.endpoint.ProxyEndpoint	SOURCE
com.netflix.zuul.netty.server.OriginResponseReceiver	fireWriteError(java.lang.String,java.lang.Throwable,io.netty.channel.ChannelHandlerContext)	errorFromOrigin(java.lang.Throwable)	com.netflix.zuul.filters.endpoint.ProxyEndpoint	SOURCE
com.netflix.zuul.netty.server.OriginResponseReceiver	fireWriteError(java.lang.String,java.lang.Throwable,io.netty.channel.ChannelHandlerContext)	fireExceptionCaught(java.lang.Throwable)	io.netty.channel.ChannelHandlerContext	SOURCE
com.netflix.zuul.netty.server.OriginResponseReceiver	fireWriteError(java.lang.String,java.lang.Throwable,io.netty.channel.ChannelHandlerContext)	ZuulException(java.lang.Throwable,java.lang.String,boolean)	com.netflix.zuul.exception.ZuulException	SOURCE
com.netflix.zuul.netty.server.OriginResponseReceiver	exceptionCaught(io.netty.channel.ChannelHandlerContext,java.lang.Throwable)	error(java.lang.String,java.lang.Throwable)	org.slf4j.Logger	SOURCE
com.netflix.zuul.netty.server.OriginResponseReceiver	exceptionCaught(io.netty.channel.ChannelHandlerContext,java.lang.Throwable)	add(com.netflix.zuul.passport.PassportState)	com.netflix.zuul.passport.CurrentPassport	SOURCE
com.netflix.zuul.netty.server.OriginResponseReceiver	exceptionCaught(io.netty.channel.ChannelHandlerContext,java.lang.Throwable)	getPassport()	com.netflix.zuul.filters.endpoint.ProxyEndpoint	SOURCE
com.netflix.zuul.netty.server.OriginResponseReceiver	exceptionCaught(io.netty.channel.ChannelHandlerContext,java.lang.Throwable)	add(com.netflix.zuul.passport.PassportState)	com.netflix.zuul.passport.CurrentPassport	SOURCE
com.netflix.zuul.netty.server.OriginResponseReceiver	exceptionCaught(io.netty.channel.ChannelHandlerContext,java.lang.Throwable)	getPassport()	com.netflix.zuul.filters.endpoint.ProxyEndpoint	SOURCE
com.netflix.zuul.netty.server.OriginResponseReceiver	exceptionCaught(io.netty.channel.ChannelHandlerContext,java.lang.Throwable)	errorFromOrigin(java.lang.Throwable)	com.netflix.zuul.filters.endpoint.ProxyEndpoint	SOURCE
com.netflix.zuul.netty.server.OriginResponseReceiver	exceptionCaught(io.netty.channel.ChannelHandlerContext,java.lang.Throwable)	fireExceptionCaught(java.lang.Throwable)	io.netty.channel.ChannelHandlerContext	SOURCE
com.netflix.zuul.netty.server.OriginResponseReceiver	channelInactive(io.netty.channel.ChannelHandlerContext)	debug(java.lang.String,java.lang.Object)	org.slf4j.Logger	SOURCE
com.netflix.zuul.netty.server.OriginResponseReceiver	channelInactive(io.netty.channel.ChannelHandlerContext)	channelInfoForLogging(io.netty.channel.Channel)	com.netflix.zuul.netty.ChannelUtils	SOURCE
com.netflix.zuul.netty.server.OriginResponseReceiver	channelInactive(io.netty.channel.ChannelHandlerContext)	channel()	io.netty.channel.ChannelHandlerContext	SOURCE
com.netflix.zuul.netty.server.OriginResponseReceiver	channelInactive(io.netty.channel.ChannelHandlerContext)	OriginConnectException(java.lang.String,com.netflix.zuul.exception.ErrorType)	com.netflix.zuul.netty.connectionpool.OriginConnectException	SOURCE
com.netflix.zuul.netty.server.OriginResponseReceiver	channelInactive(io.netty.channel.ChannelHandlerContext)	errorFromOrigin(java.lang.Throwable)	com.netflix.zuul.filters.endpoint.ProxyEndpoint	SOURCE
com.netflix.zuul.netty.server.OriginResponseReceiver	channelInactive(io.netty.channel.ChannelHandlerContext)	channelInactive(io.netty.channel.ChannelHandlerContext)	io.netty.channel.ChannelInboundHandlerAdapter	SOURCE
com.netflix.zuul.netty.server.OriginResponseReceiver	channelInactive(io.netty.channel.ChannelHandlerContext)	close()	io.netty.channel.ChannelOutboundInvoker	SOURCE
com.netflix.zuul.netty.connectionpool.RequestStat	putInSessionContext(com.netflix.zuul.netty.connectionpool.RequestStat,com.netflix.zuul.context.SessionContext)	put(java.lang.String,java.lang.Object)	com.netflix.zuul.context.SessionContext	SOURCE
com.netflix.zuul.netty.connectionpool.RequestStat	getFromSessionContext(com.netflix.zuul.context.SessionContext)	get(java.lang.Object)	com.netflix.zuul.context.SessionContext	SOURCE
com.netflix.zuul.exception.OutboundException	OutboundException(com.netflix.zuul.exception.ErrorType,com.netflix.zuul.niws.RequestAttempts)	ZuulException(java.lang.String,java.lang.String,boolean)	com.netflix.zuul.exception.ZuulException	SOURCE
com.netflix.zuul.exception.OutboundException	OutboundException(com.netflix.zuul.exception.ErrorType,com.netflix.zuul.niws.RequestAttempts)	toString()	java.lang.Object	SOURCE
com.netflix.zuul.exception.OutboundException	OutboundException(com.netflix.zuul.exception.ErrorType,com.netflix.zuul.niws.RequestAttempts)	toString()	java.lang.Object	SOURCE
com.netflix.zuul.exception.OutboundException	OutboundException(com.netflix.zuul.exception.ErrorType,com.netflix.zuul.niws.RequestAttempts)	setStatusCode(int)	com.netflix.zuul.exception.ZuulException	SOURCE
com.netflix.zuul.exception.OutboundException	OutboundException(com.netflix.zuul.exception.ErrorType,com.netflix.zuul.niws.RequestAttempts)	getStatusCodeToReturn()	com.netflix.zuul.exception.ErrorType	SOURCE
com.netflix.zuul.exception.OutboundException	OutboundException(com.netflix.zuul.exception.ErrorType,com.netflix.zuul.niws.RequestAttempts)	dontLogAsError()	com.netflix.zuul.exception.ZuulException	SOURCE
com.netflix.zuul.exception.OutboundException	OutboundException(com.netflix.zuul.exception.ErrorType,com.netflix.zuul.niws.RequestAttempts,java.lang.Throwable)	ZuulException(java.lang.String,java.lang.String,boolean)	com.netflix.zuul.exception.ZuulException	SOURCE
com.netflix.zuul.exception.OutboundException	OutboundException(com.netflix.zuul.exception.ErrorType,com.netflix.zuul.niws.RequestAttempts,java.lang.Throwable)	toString()	java.lang.Object	SOURCE
com.netflix.zuul.exception.OutboundException	OutboundException(com.netflix.zuul.exception.ErrorType,com.netflix.zuul.niws.RequestAttempts,java.lang.Throwable)	getMessage()	java.lang.Throwable	SOURCE
com.netflix.zuul.exception.OutboundException	OutboundException(com.netflix.zuul.exception.ErrorType,com.netflix.zuul.niws.RequestAttempts,java.lang.Throwable)	setStatusCode(int)	com.netflix.zuul.exception.ZuulException	SOURCE
com.netflix.zuul.exception.OutboundException	OutboundException(com.netflix.zuul.exception.ErrorType,com.netflix.zuul.niws.RequestAttempts,java.lang.Throwable)	getStatusCodeToReturn()	com.netflix.zuul.exception.ErrorType	SOURCE
com.netflix.zuul.exception.OutboundException	OutboundException(com.netflix.zuul.exception.ErrorType,com.netflix.zuul.niws.RequestAttempts,java.lang.Throwable)	dontLogAsError()	com.netflix.zuul.exception.ZuulException	SOURCE
com.netflix.zuul.exception.OutboundException	getFinalRequestAttempt()	getFinalAttempt()	com.netflix.zuul.niws.RequestAttempts	SOURCE
com.netflix.zuul.netty.connectionpool.ConnectionPoolHandler	LOG	getLogger(java.lang.Class<?>)	org.slf4j.LoggerFactory	SOURCE
com.netflix.zuul.netty.connectionpool.ConnectionPoolHandler	ConnectionPoolHandler(com.netflix.zuul.origins.OriginName)	ChannelDuplexHandler()	io.netty.channel.ChannelDuplexHandler	SOURCE
com.netflix.zuul.netty.connectionpool.ConnectionPoolHandler	ConnectionPoolHandler(com.netflix.zuul.origins.OriginName)	IllegalArgumentException(java.lang.String)	java.lang.IllegalArgumentException	SOURCE
com.netflix.zuul.netty.connectionpool.ConnectionPoolHandler	ConnectionPoolHandler(com.netflix.zuul.origins.OriginName)	newCounter(java.lang.String,java.lang.String)	com.netflix.zuul.netty.SpectatorUtils	SOURCE
com.netflix.zuul.netty.connectionpool.ConnectionPoolHandler	ConnectionPoolHandler(com.netflix.zuul.origins.OriginName)	getMetricId()	com.netflix.zuul.origins.OriginName	SOURCE
com.netflix.zuul.netty.connectionpool.ConnectionPoolHandler	ConnectionPoolHandler(com.netflix.zuul.origins.OriginName)	newCounter(java.lang.String,java.lang.String)	com.netflix.zuul.netty.SpectatorUtils	SOURCE
com.netflix.zuul.netty.connectionpool.ConnectionPoolHandler	ConnectionPoolHandler(com.netflix.zuul.origins.OriginName)	getMetricId()	com.netflix.zuul.origins.OriginName	SOURCE
com.netflix.zuul.netty.connectionpool.ConnectionPoolHandler	ConnectionPoolHandler(com.netflix.zuul.origins.OriginName)	newCounter(java.lang.String,java.lang.String)	com.netflix.zuul.netty.SpectatorUtils	SOURCE
com.netflix.zuul.netty.connectionpool.ConnectionPoolHandler	ConnectionPoolHandler(com.netflix.zuul.origins.OriginName)	getMetricId()	com.netflix.zuul.origins.OriginName	SOURCE
com.netflix.zuul.netty.connectionpool.ConnectionPoolHandler	ConnectionPoolHandler(com.netflix.zuul.origins.OriginName)	newCounter(java.lang.String,java.lang.String)	com.netflix.zuul.netty.SpectatorUtils	SOURCE
com.netflix.zuul.netty.connectionpool.ConnectionPoolHandler	ConnectionPoolHandler(com.netflix.zuul.origins.OriginName)	getMetricId()	com.netflix.zuul.origins.OriginName	SOURCE
com.netflix.zuul.netty.connectionpool.ConnectionPoolHandler	userEventTriggered(io.netty.channel.ChannelHandlerContext,java.lang.Object)	increment()	com.netflix.spectator.api.Counter	SOURCE
com.netflix.zuul.netty.connectionpool.ConnectionPoolHandler	userEventTriggered(io.netty.channel.ChannelHandlerContext,java.lang.Object)	channelInfoForLogging(io.netty.channel.Channel)	com.netflix.zuul.netty.ChannelUtils	SOURCE
com.netflix.zuul.netty.connectionpool.ConnectionPoolHandler	userEventTriggered(io.netty.channel.ChannelHandlerContext,java.lang.Object)	channel()	io.netty.channel.ChannelHandlerContext	SOURCE
com.netflix.zuul.netty.connectionpool.ConnectionPoolHandler	userEventTriggered(io.netty.channel.ChannelHandlerContext,java.lang.Object)	closeConnection(io.netty.channel.ChannelHandlerContext,java.lang.String)	com.netflix.zuul.netty.connectionpool.ConnectionPoolHandler	SOURCE
com.netflix.zuul.netty.connectionpool.ConnectionPoolHandler	userEventTriggered(io.netty.channel.ChannelHandlerContext,java.lang.Object)	getReason()	com.netflix.netty.common.HttpLifecycleChannelHandler$CompleteEvent	SOURCE
com.netflix.zuul.netty.connectionpool.ConnectionPoolHandler	userEventTriggered(io.netty.channel.ChannelHandlerContext,java.lang.Object)	getFromChannel(io.netty.channel.Channel)	com.netflix.zuul.netty.connectionpool.PooledConnection	SOURCE
com.netflix.zuul.netty.connectionpool.ConnectionPoolHandler	userEventTriggered(io.netty.channel.ChannelHandlerContext,java.lang.Object)	channel()	io.netty.channel.ChannelHandlerContext	SOURCE
com.netflix.zuul.netty.connectionpool.ConnectionPoolHandler	userEventTriggered(io.netty.channel.ChannelHandlerContext,java.lang.Object)	equalsIgnoreCase(java.lang.String)	java.lang.String	SOURCE
com.netflix.zuul.netty.connectionpool.ConnectionPoolHandler	userEventTriggered(io.netty.channel.ChannelHandlerContext,java.lang.Object)	getConnectionHeader(com.netflix.netty.common.HttpLifecycleChannelHandler.CompleteEvent)	com.netflix.zuul.netty.connectionpool.ConnectionPoolHandler	SOURCE
com.netflix.zuul.netty.connectionpool.ConnectionPoolHandler	userEventTriggered(io.netty.channel.ChannelHandlerContext,java.lang.Object)	channelInfoForLogging(io.netty.channel.Channel)	com.netflix.zuul.netty.ChannelUtils	SOURCE
com.netflix.zuul.netty.connectionpool.ConnectionPoolHandler	userEventTriggered(io.netty.channel.ChannelHandlerContext,java.lang.Object)	channel()	io.netty.channel.ChannelHandlerContext	SOURCE
com.netflix.zuul.netty.connectionpool.ConnectionPoolHandler	userEventTriggered(io.netty.channel.ChannelHandlerContext,java.lang.Object)	increment()	com.netflix.spectator.api.Counter	SOURCE
com.netflix.zuul.netty.connectionpool.ConnectionPoolHandler	userEventTriggered(io.netty.channel.ChannelHandlerContext,java.lang.Object)	closeConnection(io.netty.channel.ChannelHandlerContext,java.lang.String)	com.netflix.zuul.netty.connectionpool.ConnectionPoolHandler	SOURCE
com.netflix.zuul.netty.connectionpool.ConnectionPoolHandler	userEventTriggered(io.netty.channel.ChannelHandlerContext,java.lang.Object)	setConnectionState(com.netflix.zuul.netty.connectionpool.PooledConnection.ConnectionState)	com.netflix.zuul.netty.connectionpool.PooledConnection	SOURCE
com.netflix.zuul.netty.connectionpool.ConnectionPoolHandler	userEventTriggered(io.netty.channel.ChannelHandlerContext,java.lang.Object)	release()	com.netflix.zuul.netty.connectionpool.PooledConnection	SOURCE
com.netflix.zuul.netty.connectionpool.ConnectionPoolHandler	userEventTriggered(io.netty.channel.ChannelHandlerContext,java.lang.Object)	name()	java.lang.Enum	SOURCE
com.netflix.zuul.netty.connectionpool.ConnectionPoolHandler	userEventTriggered(io.netty.channel.ChannelHandlerContext,java.lang.Object)	channelInfoForLogging(io.netty.channel.Channel)	com.netflix.zuul.netty.ChannelUtils	SOURCE
com.netflix.zuul.netty.connectionpool.ConnectionPoolHandler	userEventTriggered(io.netty.channel.ChannelHandlerContext,java.lang.Object)	channel()	io.netty.channel.ChannelHandlerContext	SOURCE
com.netflix.zuul.netty.connectionpool.ConnectionPoolHandler	userEventTriggered(io.netty.channel.ChannelHandlerContext,java.lang.Object)	closeConnection(io.netty.channel.ChannelHandlerContext,java.lang.String)	com.netflix.zuul.netty.connectionpool.ConnectionPoolHandler	SOURCE
com.netflix.zuul.netty.connectionpool.ConnectionPoolHandler	exceptionCaught(io.netty.channel.ChannelHandlerContext,java.lang.Throwable)	increment()	com.netflix.spectator.api.Counter	SOURCE
com.netflix.zuul.netty.connectionpool.ConnectionPoolHandler	exceptionCaught(io.netty.channel.ChannelHandlerContext,java.lang.Throwable)	channelInfoForLogging(io.netty.channel.Channel)	com.netflix.zuul.netty.ChannelUtils	SOURCE
com.netflix.zuul.netty.connectionpool.ConnectionPoolHandler	exceptionCaught(io.netty.channel.ChannelHandlerContext,java.lang.Throwable)	channel()	io.netty.channel.ChannelHandlerContext	SOURCE
com.netflix.zuul.netty.connectionpool.ConnectionPoolHandler	exceptionCaught(io.netty.channel.ChannelHandlerContext,java.lang.Throwable)	getCanonicalName()	java.lang.Class	SOURCE
com.netflix.zuul.netty.connectionpool.ConnectionPoolHandler	exceptionCaught(io.netty.channel.ChannelHandlerContext,java.lang.Throwable)	getClass()	java.lang.Object	SOURCE
com.netflix.zuul.netty.connectionpool.ConnectionPoolHandler	exceptionCaught(io.netty.channel.ChannelHandlerContext,java.lang.Throwable)	getMessage()	java.lang.Throwable	SOURCE
com.netflix.zuul.netty.connectionpool.ConnectionPoolHandler	exceptionCaught(io.netty.channel.ChannelHandlerContext,java.lang.Throwable)	closeConnection(io.netty.channel.ChannelHandlerContext,java.lang.String)	com.netflix.zuul.netty.connectionpool.ConnectionPoolHandler	SOURCE
com.netflix.zuul.netty.connectionpool.ConnectionPoolHandler	exceptionCaught(io.netty.channel.ChannelHandlerContext,java.lang.Throwable)	isDebugEnabled()	org.slf4j.Logger	SOURCE
com.netflix.zuul.netty.connectionpool.ConnectionPoolHandler	exceptionCaught(io.netty.channel.ChannelHandlerContext,java.lang.Throwable)	debug(java.lang.String,java.lang.Throwable)	org.slf4j.Logger	SOURCE
com.netflix.zuul.netty.connectionpool.ConnectionPoolHandler	channelInactive(io.netty.channel.ChannelHandlerContext)	increment()	com.netflix.spectator.api.Counter	SOURCE
com.netflix.zuul.netty.connectionpool.ConnectionPoolHandler	channelInactive(io.netty.channel.ChannelHandlerContext)	channelInfoForLogging(io.netty.channel.Channel)	com.netflix.zuul.netty.ChannelUtils	SOURCE
com.netflix.zuul.netty.connectionpool.ConnectionPoolHandler	channelInactive(io.netty.channel.ChannelHandlerContext)	channel()	io.netty.channel.ChannelHandlerContext	SOURCE
com.netflix.zuul.netty.connectionpool.ConnectionPoolHandler	channelInactive(io.netty.channel.ChannelHandlerContext)	closeConnection(io.netty.channel.ChannelHandlerContext,java.lang.String)	com.netflix.zuul.netty.connectionpool.ConnectionPoolHandler	SOURCE
com.netflix.zuul.netty.connectionpool.ConnectionPoolHandler	closeConnection(io.netty.channel.ChannelHandlerContext,java.lang.String)	getFromChannel(io.netty.channel.Channel)	com.netflix.zuul.netty.connectionpool.PooledConnection	SOURCE
com.netflix.zuul.netty.connectionpool.ConnectionPoolHandler	closeConnection(io.netty.channel.ChannelHandlerContext,java.lang.String)	channel()	io.netty.channel.ChannelHandlerContext	SOURCE
com.netflix.zuul.netty.connectionpool.ConnectionPoolHandler	closeConnection(io.netty.channel.ChannelHandlerContext,java.lang.String)	isDebugEnabled()	org.slf4j.Logger	SOURCE
com.netflix.zuul.netty.connectionpool.ConnectionPoolHandler	closeConnection(io.netty.channel.ChannelHandlerContext,java.lang.String)	debug(java.lang.String,java.lang.Object)	org.slf4j.Logger	SOURCE
com.netflix.zuul.netty.connectionpool.ConnectionPoolHandler	closeConnection(io.netty.channel.ChannelHandlerContext,java.lang.String)	flagCloseAndReleaseConnection(com.netflix.zuul.netty.connectionpool.PooledConnection)	com.netflix.zuul.netty.connectionpool.ConnectionPoolHandler	SOURCE
com.netflix.zuul.netty.connectionpool.ConnectionPoolHandler	closeConnection(io.netty.channel.ChannelHandlerContext,java.lang.String)	warn(java.lang.String,java.lang.Object)	org.slf4j.Logger	SOURCE
com.netflix.zuul.netty.connectionpool.ConnectionPoolHandler	closeConnection(io.netty.channel.ChannelHandlerContext,java.lang.String)	close()	io.netty.channel.ChannelOutboundInvoker	SOURCE
com.netflix.zuul.netty.connectionpool.ConnectionPoolHandler	flagCloseAndReleaseConnection(com.netflix.zuul.netty.connectionpool.PooledConnection)	isInPool()	com.netflix.zuul.netty.connectionpool.PooledConnection	SOURCE
com.netflix.zuul.netty.connectionpool.ConnectionPoolHandler	flagCloseAndReleaseConnection(com.netflix.zuul.netty.connectionpool.PooledConnection)	closeAndRemoveFromPool()	com.netflix.zuul.netty.connectionpool.PooledConnection	SOURCE
com.netflix.zuul.netty.connectionpool.ConnectionPoolHandler	flagCloseAndReleaseConnection(com.netflix.zuul.netty.connectionpool.PooledConnection)	flagShouldClose()	com.netflix.zuul.netty.connectionpool.PooledConnection	SOURCE
com.netflix.zuul.netty.connectionpool.ConnectionPoolHandler	flagCloseAndReleaseConnection(com.netflix.zuul.netty.connectionpool.PooledConnection)	release()	com.netflix.zuul.netty.connectionpool.PooledConnection	SOURCE
com.netflix.zuul.netty.connectionpool.ConnectionPoolHandler	getConnectionHeader(com.netflix.netty.common.HttpLifecycleChannelHandler.CompleteEvent)	getResponse()	com.netflix.netty.common.HttpLifecycleChannelHandler$CompleteEvent	SOURCE
com.netflix.zuul.netty.connectionpool.ConnectionPoolHandler	getConnectionHeader(com.netflix.netty.common.HttpLifecycleChannelHandler.CompleteEvent)	get(java.lang.CharSequence)	io.netty.handler.codec.http.HttpHeaders	SOURCE
com.netflix.zuul.netty.connectionpool.ConnectionPoolHandler	getConnectionHeader(com.netflix.netty.common.HttpLifecycleChannelHandler.CompleteEvent)	headers()	io.netty.handler.codec.http.HttpMessage	SOURCE
com.netflix.zuul.netty.insights.PassportLoggingHandler	LOG	getLogger(java.lang.Class<?>)	org.slf4j.LoggerFactory	SOURCE
com.netflix.zuul.netty.insights.PassportLoggingHandler	WARN_REQ_PROCESSING_TIME_NS	CachedDynamicLongProperty(java.lang.String,long)	com.netflix.config.CachedDynamicLongProperty	SOURCE
com.netflix.zuul.netty.insights.PassportLoggingHandler	WARN_RESP_PROCESSING_TIME_NS	CachedDynamicLongProperty(java.lang.String,long)	com.netflix.config.CachedDynamicLongProperty	SOURCE
com.netflix.zuul.netty.insights.PassportLoggingHandler	PassportLoggingHandler(com.netflix.spectator.api.Registry)	ChannelInboundHandlerAdapter()	io.netty.channel.ChannelInboundHandlerAdapter	SOURCE
com.netflix.zuul.netty.insights.PassportLoggingHandler	PassportLoggingHandler(com.netflix.spectator.api.Registry)	counter(java.lang.String)	com.netflix.spectator.api.Registry	SOURCE
com.netflix.zuul.netty.insights.PassportLoggingHandler	userEventTriggered(io.netty.channel.ChannelHandlerContext,java.lang.Object)	userEventTriggered(io.netty.channel.ChannelHandlerContext,java.lang.Object)	io.netty.channel.ChannelInboundHandlerAdapter	SOURCE
com.netflix.zuul.netty.insights.PassportLoggingHandler	userEventTriggered(io.netty.channel.ChannelHandlerContext,java.lang.Object)	logPassport(io.netty.channel.Channel)	com.netflix.zuul.netty.insights.PassportLoggingHandler	SOURCE
com.netflix.zuul.netty.insights.PassportLoggingHandler	userEventTriggered(io.netty.channel.ChannelHandlerContext,java.lang.Object)	channel()	io.netty.channel.ChannelHandlerContext	SOURCE
com.netflix.zuul.netty.insights.PassportLoggingHandler	userEventTriggered(io.netty.channel.ChannelHandlerContext,java.lang.Object)	error(java.lang.String,java.lang.Throwable)	org.slf4j.Logger	SOURCE
com.netflix.zuul.netty.insights.PassportLoggingHandler	logPassport(io.netty.channel.Channel)	fromChannel(io.netty.channel.Channel)	com.netflix.zuul.passport.CurrentPassport	SOURCE
com.netflix.zuul.netty.insights.PassportLoggingHandler	logPassport(io.netty.channel.Channel)	getRequestFromChannel(io.netty.channel.Channel)	com.netflix.zuul.netty.server.ClientRequestReceiver	SOURCE
com.netflix.zuul.netty.insights.PassportLoggingHandler	logPassport(io.netty.channel.Channel)	getResponseFromChannel(io.netty.channel.Channel)	com.netflix.zuul.netty.server.ClientRequestReceiver	SOURCE
com.netflix.zuul.netty.insights.PassportLoggingHandler	logPassport(io.netty.channel.Channel)	getContext()	com.netflix.zuul.message.ZuulMessage	SOURCE
com.netflix.zuul.netty.insights.PassportLoggingHandler	logPassport(io.netty.channel.Channel)	getRequestId(io.netty.channel.Channel,com.netflix.zuul.context.SessionContext)	com.netflix.zuul.netty.insights.PassportLoggingHandler	SOURCE
com.netflix.zuul.netty.insights.PassportLoggingHandler	logPassport(io.netty.channel.Channel)	isDebugEnabled()	org.slf4j.Logger	SOURCE
com.netflix.zuul.netty.insights.PassportLoggingHandler	logPassport(io.netty.channel.Channel)	debug(java.lang.String,java.lang.Object...)	org.slf4j.Logger	SOURCE
com.netflix.zuul.netty.insights.PassportLoggingHandler	logPassport(io.netty.channel.Channel)	getCurrentActiveConns()	com.netflix.zuul.monitoring.ConnCounter	SOURCE
com.netflix.zuul.netty.insights.PassportLoggingHandler	logPassport(io.netty.channel.Channel)	from(io.netty.channel.Channel)	com.netflix.zuul.monitoring.ConnCounter	SOURCE
com.netflix.zuul.netty.insights.PassportLoggingHandler	logPassport(io.netty.channel.Channel)	getInflightRequestCountFromChannel(io.netty.channel.Channel)	com.netflix.netty.common.metrics.HttpMetricsChannelHandler	SOURCE
com.netflix.zuul.netty.insights.PassportLoggingHandler	logPassport(io.netty.channel.Channel)	getRequestId(io.netty.channel.Channel,com.netflix.zuul.context.SessionContext)	com.netflix.zuul.netty.insights.PassportLoggingHandler	SOURCE
com.netflix.zuul.netty.insights.PassportLoggingHandler	logPassport(io.netty.channel.Channel)	getStatus()	com.netflix.zuul.message.http.HttpResponseInfo	SOURCE
com.netflix.zuul.netty.insights.PassportLoggingHandler	logPassport(io.netty.channel.Channel)	valueOf(java.lang.Object)	java.lang.String	SOURCE
com.netflix.zuul.netty.insights.PassportLoggingHandler	logPassport(io.netty.channel.Channel)	getStatusCategory(com.netflix.zuul.context.SessionContext)	com.netflix.zuul.stats.status.StatusCategoryUtils	SOURCE
com.netflix.zuul.netty.insights.PassportLoggingHandler	logPassport(io.netty.channel.Channel)	getInfoForLogging()	com.netflix.zuul.message.http.HttpRequestInfo	SOURCE
com.netflix.zuul.netty.insights.PassportLoggingHandler	logPassport(io.netty.channel.Channel)	valueOf(java.lang.Object)	java.lang.String	SOURCE
com.netflix.zuul.netty.insights.PassportLoggingHandler	logPassport(io.netty.channel.Channel)	isInfoEnabled()	org.slf4j.Logger	SOURCE
com.netflix.zuul.netty.insights.PassportLoggingHandler	logPassport(io.netty.channel.Channel)	wasProxyAttempt()	com.netflix.zuul.passport.CurrentPassport	SOURCE
com.netflix.zuul.netty.insights.PassportLoggingHandler	logPassport(io.netty.channel.Channel)	findStateBackwards(com.netflix.zuul.passport.PassportState)	com.netflix.zuul.passport.CurrentPassport	SOURCE
com.netflix.zuul.netty.insights.PassportLoggingHandler	logPassport(io.netty.channel.Channel)	increment()	com.netflix.spectator.api.Counter	SOURCE
com.netflix.zuul.netty.insights.PassportLoggingHandler	logPassport(io.netty.channel.Channel)	info(java.lang.String,java.lang.Object,java.lang.Object)	org.slf4j.Logger	SOURCE
com.netflix.zuul.netty.insights.PassportLoggingHandler	logPassport(io.netty.channel.Channel)	channelInfoForLogging(io.netty.channel.Channel)	com.netflix.zuul.netty.ChannelUtils	SOURCE
com.netflix.zuul.netty.insights.PassportLoggingHandler	logPassport(io.netty.channel.Channel)	wasProxyAttempt()	com.netflix.zuul.passport.CurrentPassport	SOURCE
com.netflix.zuul.netty.insights.PassportLoggingHandler	logPassport(io.netty.channel.Channel)	isHealthcheckRequest(com.netflix.zuul.message.http.HttpRequestMessage)	com.netflix.zuul.netty.insights.PassportLoggingHandler	SOURCE
com.netflix.zuul.netty.insights.PassportLoggingHandler	logPassport(io.netty.channel.Channel)	getFromSessionContext(com.netflix.zuul.context.SessionContext)	com.netflix.zuul.niws.RequestAttempts	SOURCE
com.netflix.zuul.netty.insights.PassportLoggingHandler	logPassport(io.netty.channel.Channel)	debug(java.lang.String,java.lang.Object...)	org.slf4j.Logger	SOURCE
com.netflix.zuul.netty.insights.PassportLoggingHandler	logPassport(io.netty.channel.Channel)	valueOf(java.lang.Object)	java.lang.String	SOURCE
com.netflix.zuul.netty.insights.PassportLoggingHandler	logPassport(io.netty.channel.Channel)	getError()	com.netflix.zuul.context.SessionContext	SOURCE
com.netflix.zuul.netty.insights.PassportLoggingHandler	logPassport(io.netty.channel.Channel)	getInflightRequestCountFromChannel(io.netty.channel.Channel)	com.netflix.netty.common.metrics.HttpMetricsChannelHandler	SOURCE
com.netflix.zuul.netty.insights.PassportLoggingHandler	logPassport(io.netty.channel.Channel)	getInfoForLogging()	com.netflix.zuul.message.http.HttpRequestInfo	SOURCE
com.netflix.zuul.netty.insights.PassportLoggingHandler	logPassport(io.netty.channel.Channel)	valueOf(java.lang.Object)	java.lang.String	SOURCE
com.netflix.zuul.netty.insights.PassportLoggingHandler	logPassport(io.netty.channel.Channel)	valueOf(java.lang.Object)	java.lang.String	SOURCE
com.netflix.zuul.netty.insights.PassportLoggingHandler	logPassport(io.netty.channel.Channel)	findFirstStartAndLastEndStates(com.netflix.zuul.passport.PassportState,com.netflix.zuul.passport.PassportState)	com.netflix.zuul.passport.CurrentPassport	SOURCE
com.netflix.zuul.netty.insights.PassportLoggingHandler	logPassport(io.netty.channel.Channel)	calculateTimeBetween(com.netflix.zuul.passport.StartAndEnd)	com.netflix.zuul.passport.CurrentPassport	SOURCE
com.netflix.zuul.netty.insights.PassportLoggingHandler	logPassport(io.netty.channel.Channel)	get()	com.netflix.config.CachedDynamicLongProperty	SOURCE
com.netflix.zuul.netty.insights.PassportLoggingHandler	logPassport(io.netty.channel.Channel)	info(java.lang.String,java.lang.Object,java.lang.Object)	org.slf4j.Logger	SOURCE
com.netflix.zuul.netty.insights.PassportLoggingHandler	logPassport(io.netty.channel.Channel)	channelInfoForLogging(io.netty.channel.Channel)	com.netflix.zuul.netty.ChannelUtils	SOURCE
com.netflix.zuul.netty.insights.PassportLoggingHandler	logPassport(io.netty.channel.Channel)	findLastStartAndFirstEndStates(com.netflix.zuul.passport.PassportState,com.netflix.zuul.passport.PassportState)	com.netflix.zuul.passport.CurrentPassport	SOURCE
com.netflix.zuul.netty.insights.PassportLoggingHandler	logPassport(io.netty.channel.Channel)	calculateTimeBetween(com.netflix.zuul.passport.StartAndEnd)	com.netflix.zuul.passport.CurrentPassport	SOURCE
com.netflix.zuul.netty.insights.PassportLoggingHandler	logPassport(io.netty.channel.Channel)	get()	com.netflix.config.CachedDynamicLongProperty	SOURCE
com.netflix.zuul.netty.insights.PassportLoggingHandler	logPassport(io.netty.channel.Channel)	info(java.lang.String,java.lang.Object,java.lang.Object)	org.slf4j.Logger	SOURCE
com.netflix.zuul.netty.insights.PassportLoggingHandler	logPassport(io.netty.channel.Channel)	channelInfoForLogging(io.netty.channel.Channel)	com.netflix.zuul.netty.ChannelUtils	SOURCE
com.netflix.zuul.netty.insights.PassportLoggingHandler	isHealthcheckRequest(com.netflix.zuul.message.http.HttpRequestMessage)	equals(java.lang.Object)	java.lang.String	SOURCE
com.netflix.zuul.netty.insights.PassportLoggingHandler	isHealthcheckRequest(com.netflix.zuul.message.http.HttpRequestMessage)	getPath()	com.netflix.zuul.message.http.HttpRequestInfo	SOURCE
com.netflix.zuul.netty.insights.PassportLoggingHandler	getRequestId(io.netty.channel.Channel,com.netflix.zuul.context.SessionContext)	getUUID()	com.netflix.zuul.context.SessionContext	SOURCE
com.netflix.zuul.netty.filter.ZuulFilterChainRunner	ZuulFilterChainRunner(com.netflix.zuul.filters.ZuulFilter<T,T>[],com.netflix.zuul.FilterUsageNotifier,com.netflix.zuul.netty.filter.FilterRunner<T,?>,com.netflix.spectator.api.Registry)	BaseZuulFilterRunner(com.netflix.zuul.filters.FilterType,com.netflix.zuul.FilterUsageNotifier,com.netflix.zuul.netty.filter.FilterRunner<O,?>,com.netflix.spectator.api.Registry)	com.netflix.zuul.netty.filter.BaseZuulFilterRunner	SOURCE
com.netflix.zuul.netty.filter.ZuulFilterChainRunner	ZuulFilterChainRunner(com.netflix.zuul.filters.ZuulFilter<T,T>[],com.netflix.zuul.FilterUsageNotifier,com.netflix.zuul.netty.filter.FilterRunner<T,?>,com.netflix.spectator.api.Registry)	filterType()	com.netflix.zuul.filters.ZuulFilter	SOURCE
com.netflix.zuul.netty.filter.ZuulFilterChainRunner	ZuulFilterChainRunner(com.netflix.zuul.filters.ZuulFilter<T,T>[],com.netflix.zuul.FilterUsageNotifier,com.netflix.spectator.api.Registry)	ZuulFilterChainRunner(com.netflix.zuul.filters.ZuulFilter<T,T>[],com.netflix.zuul.FilterUsageNotifier,com.netflix.zuul.netty.filter.FilterRunner<T,?>,com.netflix.spectator.api.Registry)	com.netflix.zuul.netty.filter.ZuulFilterChainRunner	SOURCE
com.netflix.zuul.netty.filter.ZuulFilterChainRunner	filter(T)	<T>traceTask(T,io.perfmark.StringFunction<? super T>)	io.perfmark.PerfMark	SOURCE
com.netflix.zuul.netty.filter.ZuulFilterChainRunner	filter(T)	apply(T)	io.perfmark.StringFunction	SOURCE
com.netflix.zuul.netty.filter.ZuulFilterChainRunner	filter(T)	getSimpleName()	java.lang.Class	SOURCE
com.netflix.zuul.netty.filter.ZuulFilterChainRunner	filter(T)	getClass()	java.lang.Object	SOURCE
com.netflix.zuul.netty.filter.ZuulFilterChainRunner	filter(T)	addPerfMarkTags(com.netflix.zuul.message.ZuulMessage)	com.netflix.zuul.netty.filter.BaseZuulFilterRunner	SOURCE
com.netflix.zuul.netty.filter.ZuulFilterChainRunner	filter(T)	runFilters(T,java.util.concurrent.atomic.AtomicInteger)	com.netflix.zuul.netty.filter.ZuulFilterChainRunner	SOURCE
com.netflix.zuul.netty.filter.ZuulFilterChainRunner	filter(T)	initRunningFilterIndex(I)	com.netflix.zuul.netty.filter.BaseZuulFilterRunner	SOURCE
com.netflix.zuul.netty.filter.ZuulFilterChainRunner	resume(T)	<T>traceTask(T,io.perfmark.StringFunction<? super T>)	io.perfmark.PerfMark	SOURCE
com.netflix.zuul.netty.filter.ZuulFilterChainRunner	resume(T)	apply(T)	io.perfmark.StringFunction	SOURCE
com.netflix.zuul.netty.filter.ZuulFilterChainRunner	resume(T)	getSimpleName()	java.lang.Class	SOURCE
com.netflix.zuul.netty.filter.ZuulFilterChainRunner	resume(T)	getClass()	java.lang.Object	SOURCE
com.netflix.zuul.netty.filter.ZuulFilterChainRunner	resume(T)	getRunningFilterIndex(I)	com.netflix.zuul.netty.filter.BaseZuulFilterRunner	SOURCE
com.netflix.zuul.netty.filter.ZuulFilterChainRunner	resume(T)	incrementAndGet()	java.util.concurrent.atomic.AtomicInteger	SOURCE
com.netflix.zuul.netty.filter.ZuulFilterChainRunner	resume(T)	runFilters(T,java.util.concurrent.atomic.AtomicInteger)	com.netflix.zuul.netty.filter.ZuulFilterChainRunner	SOURCE
com.netflix.zuul.netty.filter.ZuulFilterChainRunner	runFilters(T,java.util.concurrent.atomic.AtomicInteger)	<T>checkNotNull(T,java.lang.String)	com.netflix.spectator.impl.Preconditions	SOURCE
com.netflix.zuul.netty.filter.ZuulFilterChainRunner	runFilters(T,java.util.concurrent.atomic.AtomicInteger)	get()	java.util.concurrent.atomic.AtomicInteger	SOURCE
com.netflix.zuul.netty.filter.ZuulFilterChainRunner	runFilters(T,java.util.concurrent.atomic.AtomicInteger)	filterName()	com.netflix.zuul.filters.ZuulFilter	SOURCE
com.netflix.zuul.netty.filter.ZuulFilterChainRunner	runFilters(T,java.util.concurrent.atomic.AtomicInteger)	filter(com.netflix.zuul.filters.ZuulFilter<I,O>,I)	com.netflix.zuul.netty.filter.BaseZuulFilterRunner	SOURCE
com.netflix.zuul.netty.filter.ZuulFilterChainRunner	runFilters(T,java.util.concurrent.atomic.AtomicInteger)	incrementAndGet()	java.util.concurrent.atomic.AtomicInteger	SOURCE
com.netflix.zuul.netty.filter.ZuulFilterChainRunner	runFilters(T,java.util.concurrent.atomic.AtomicInteger)	invokeNextStage(O)	com.netflix.zuul.netty.filter.BaseZuulFilterRunner	SOURCE
com.netflix.zuul.netty.filter.ZuulFilterChainRunner	runFilters(T,java.util.concurrent.atomic.AtomicInteger)	handleException(com.netflix.zuul.message.ZuulMessage,java.lang.String,java.lang.Exception)	com.netflix.zuul.netty.filter.BaseZuulFilterRunner	SOURCE
com.netflix.zuul.netty.filter.ZuulFilterChainRunner	filter(T,io.netty.handler.codec.http.HttpContent)	<T>traceTask(T,io.perfmark.StringFunction<? super T>)	io.perfmark.PerfMark	SOURCE
com.netflix.zuul.netty.filter.ZuulFilterChainRunner	filter(T,io.netty.handler.codec.http.HttpContent)	apply(T)	io.perfmark.StringFunction	SOURCE
com.netflix.zuul.netty.filter.ZuulFilterChainRunner	filter(T,io.netty.handler.codec.http.HttpContent)	getSimpleName()	java.lang.Class	SOURCE
com.netflix.zuul.netty.filter.ZuulFilterChainRunner	filter(T,io.netty.handler.codec.http.HttpContent)	getClass()	java.lang.Object	SOURCE
com.netflix.zuul.netty.filter.ZuulFilterChainRunner	filter(T,io.netty.handler.codec.http.HttpContent)	addPerfMarkTags(com.netflix.zuul.message.ZuulMessage)	com.netflix.zuul.netty.filter.BaseZuulFilterRunner	SOURCE
com.netflix.zuul.netty.filter.ZuulFilterChainRunner	filter(T,io.netty.handler.codec.http.HttpContent)	<T>checkNotNull(T,java.lang.String)	com.netflix.spectator.impl.Preconditions	SOURCE
com.netflix.zuul.netty.filter.ZuulFilterChainRunner	filter(T,io.netty.handler.codec.http.HttpContent)	getRunningFilterIndex(I)	com.netflix.zuul.netty.filter.BaseZuulFilterRunner	SOURCE
com.netflix.zuul.netty.filter.ZuulFilterChainRunner	filter(T,io.netty.handler.codec.http.HttpContent)	get()	java.util.concurrent.atomic.AtomicInteger	SOURCE
com.netflix.zuul.netty.filter.ZuulFilterChainRunner	filter(T,io.netty.handler.codec.http.HttpContent)	filterName()	com.netflix.zuul.filters.ZuulFilter	SOURCE
com.netflix.zuul.netty.filter.ZuulFilterChainRunner	filter(T,io.netty.handler.codec.http.HttpContent)	isDisabled()	com.netflix.zuul.filters.ZuulFilter	SOURCE
com.netflix.zuul.netty.filter.ZuulFilterChainRunner	filter(T,io.netty.handler.codec.http.HttpContent)	shouldSkipFilter(I,com.netflix.zuul.filters.ZuulFilter<I,O>)	com.netflix.zuul.netty.filter.BaseZuulFilterRunner	SOURCE
com.netflix.zuul.netty.filter.ZuulFilterChainRunner	filter(T,io.netty.handler.codec.http.HttpContent)	touch(io.netty.util.ReferenceCounted,java.lang.String)	com.netflix.netty.common.ByteBufUtil	SOURCE
com.netflix.zuul.netty.filter.ZuulFilterChainRunner	filter(T,io.netty.handler.codec.http.HttpContent)	filterName()	com.netflix.zuul.filters.ZuulFilter	SOURCE
com.netflix.zuul.netty.filter.ZuulFilterChainRunner	filter(T,io.netty.handler.codec.http.HttpContent)	processContentChunk(com.netflix.zuul.message.ZuulMessage,io.netty.handler.codec.http.HttpContent)	com.netflix.zuul.filters.ZuulFilter	SOURCE
com.netflix.zuul.netty.filter.ZuulFilterChainRunner	filter(T,io.netty.handler.codec.http.HttpContent)	refCnt()	io.netty.util.ReferenceCounted	SOURCE
com.netflix.zuul.netty.filter.ZuulFilterChainRunner	filter(T,io.netty.handler.codec.http.HttpContent)	touch(io.netty.util.ReferenceCounted,java.lang.String)	com.netflix.netty.common.ByteBufUtil	SOURCE
com.netflix.zuul.netty.filter.ZuulFilterChainRunner	filter(T,io.netty.handler.codec.http.HttpContent)	filterName()	com.netflix.zuul.filters.ZuulFilter	SOURCE
com.netflix.zuul.netty.filter.ZuulFilterChainRunner	filter(T,io.netty.handler.codec.http.HttpContent)	release(int)	io.netty.util.ReferenceCounted	SOURCE
com.netflix.zuul.netty.filter.ZuulFilterChainRunner	filter(T,io.netty.handler.codec.http.HttpContent)	refCnt()	io.netty.util.ReferenceCounted	SOURCE
com.netflix.zuul.netty.filter.ZuulFilterChainRunner	filter(T,io.netty.handler.codec.http.HttpContent)	touch(io.netty.util.ReferenceCounted,java.lang.String,com.netflix.zuul.message.ZuulMessage)	com.netflix.netty.common.ByteBufUtil	SOURCE
com.netflix.zuul.netty.filter.ZuulFilterChainRunner	filter(T,io.netty.handler.codec.http.HttpContent)	invokeNextStage(O,io.netty.handler.codec.http.HttpContent)	com.netflix.zuul.netty.filter.BaseZuulFilterRunner	SOURCE
com.netflix.zuul.netty.filter.ZuulFilterChainRunner	filter(T,io.netty.handler.codec.http.HttpContent)	touch(io.netty.util.ReferenceCounted,java.lang.String,com.netflix.zuul.message.ZuulMessage)	com.netflix.netty.common.ByteBufUtil	SOURCE
com.netflix.zuul.netty.filter.ZuulFilterChainRunner	filter(T,io.netty.handler.codec.http.HttpContent)	bufferBodyContents(io.netty.handler.codec.http.HttpContent)	com.netflix.zuul.message.ZuulMessage	SOURCE
com.netflix.zuul.netty.filter.ZuulFilterChainRunner	filter(T,io.netty.handler.codec.http.HttpContent)	isFilterAwaitingBody(com.netflix.zuul.context.SessionContext)	com.netflix.zuul.netty.filter.BaseZuulFilterRunner	SOURCE
com.netflix.zuul.netty.filter.ZuulFilterChainRunner	filter(T,io.netty.handler.codec.http.HttpContent)	getContext()	com.netflix.zuul.message.ZuulMessage	SOURCE
com.netflix.zuul.netty.filter.ZuulFilterChainRunner	filter(T,io.netty.handler.codec.http.HttpContent)	fromSessionContext(com.netflix.zuul.context.SessionContext)	com.netflix.zuul.passport.CurrentPassport	SOURCE
com.netflix.zuul.netty.filter.ZuulFilterChainRunner	filter(T,io.netty.handler.codec.http.HttpContent)	getContext()	com.netflix.zuul.message.ZuulMessage	SOURCE
com.netflix.zuul.netty.filter.ZuulFilterChainRunner	filter(T,io.netty.handler.codec.http.HttpContent)	hasCompleteBody()	com.netflix.zuul.message.ZuulMessage	SOURCE
com.netflix.zuul.netty.filter.ZuulFilterChainRunner	filter(T,io.netty.handler.codec.http.HttpContent)	addIfNotAlready(com.netflix.zuul.passport.PassportState)	com.netflix.zuul.passport.CurrentPassport	SOURCE
com.netflix.zuul.netty.filter.ZuulFilterChainRunner	filter(T,io.netty.handler.codec.http.HttpContent)	addIfNotAlready(com.netflix.zuul.passport.PassportState)	com.netflix.zuul.passport.CurrentPassport	SOURCE
com.netflix.zuul.netty.filter.ZuulFilterChainRunner	filter(T,io.netty.handler.codec.http.HttpContent)	addIfNotAlready(com.netflix.zuul.passport.PassportState)	com.netflix.zuul.passport.CurrentPassport	SOURCE
com.netflix.zuul.netty.filter.ZuulFilterChainRunner	filter(T,io.netty.handler.codec.http.HttpContent)	addIfNotAlready(com.netflix.zuul.passport.PassportState)	com.netflix.zuul.passport.CurrentPassport	SOURCE
com.netflix.zuul.netty.filter.ZuulFilterChainRunner	filter(T,io.netty.handler.codec.http.HttpContent)	hasCompleteBody()	com.netflix.zuul.message.ZuulMessage	SOURCE
com.netflix.zuul.netty.filter.ZuulFilterChainRunner	filter(T,io.netty.handler.codec.http.HttpContent)	touch(io.netty.util.ReferenceCounted,java.lang.String,com.netflix.zuul.message.ZuulMessage)	com.netflix.netty.common.ByteBufUtil	SOURCE
com.netflix.zuul.netty.filter.ZuulFilterChainRunner	filter(T,io.netty.handler.codec.http.HttpContent)	runFilters(T,java.util.concurrent.atomic.AtomicInteger)	com.netflix.zuul.netty.filter.ZuulFilterChainRunner	SOURCE
com.netflix.zuul.netty.filter.ZuulFilterChainRunner	filter(T,io.netty.handler.codec.http.HttpContent)	safeRelease(java.lang.Object)	io.netty.util.ReferenceCountUtil	SOURCE
com.netflix.zuul.netty.filter.ZuulFilterChainRunner	filter(T,io.netty.handler.codec.http.HttpContent)	handleException(com.netflix.zuul.message.ZuulMessage,java.lang.String,java.lang.Exception)	com.netflix.zuul.netty.filter.BaseZuulFilterRunner	SOURCE
com.netflix.zuul.netty.filter.BaseZuulFilterRunner	logger	getLogger(java.lang.Class<?>)	org.slf4j.LoggerFactory	SOURCE
com.netflix.zuul.netty.filter.BaseZuulFilterRunner	FILTER_EXCESSIVE_EXEC_TIME	CachedDynamicIntProperty(java.lang.String,int)	com.netflix.config.CachedDynamicIntProperty	SOURCE
com.netflix.zuul.netty.filter.BaseZuulFilterRunner	BaseZuulFilterRunner(com.netflix.zuul.filters.FilterType,com.netflix.zuul.FilterUsageNotifier,com.netflix.zuul.netty.filter.FilterRunner<O,?>,com.netflix.spectator.api.Registry)	Object()	java.lang.Object	SOURCE
com.netflix.zuul.netty.filter.BaseZuulFilterRunner	BaseZuulFilterRunner(com.netflix.zuul.filters.FilterType,com.netflix.zuul.FilterUsageNotifier,com.netflix.zuul.netty.filter.FilterRunner<O,?>,com.netflix.spectator.api.Registry)	<T>checkNotNull(T,java.lang.String)	com.netflix.spectator.impl.Preconditions	SOURCE
com.netflix.zuul.netty.filter.BaseZuulFilterRunner	BaseZuulFilterRunner(com.netflix.zuul.filters.FilterType,com.netflix.zuul.FilterUsageNotifier,com.netflix.zuul.netty.filter.FilterRunner<O,?>,com.netflix.spectator.api.Registry)	createId(java.lang.String)	com.netflix.spectator.api.Registry	SOURCE
com.netflix.zuul.netty.filter.BaseZuulFilterRunner	getChannelHandlerContext(com.netflix.zuul.message.ZuulMessage)	<T>checkNotNull(T,java.lang.Object)	com.google.common.base.Preconditions	SOURCE
com.netflix.zuul.netty.filter.BaseZuulFilterRunner	getChannelHandlerContext(com.netflix.zuul.message.ZuulMessage)	get(java.lang.Object)	com.netflix.zuul.context.SessionContext	SOURCE
com.netflix.zuul.netty.filter.BaseZuulFilterRunner	getChannelHandlerContext(com.netflix.zuul.message.ZuulMessage)	getContext()	com.netflix.zuul.message.ZuulMessage	SOURCE
com.netflix.zuul.netty.filter.BaseZuulFilterRunner	initRunningFilterIndex(I)	AtomicInteger(int)	java.util.concurrent.atomic.AtomicInteger	SOURCE
com.netflix.zuul.netty.filter.BaseZuulFilterRunner	initRunningFilterIndex(I)	put(java.lang.String,java.lang.Object)	com.netflix.zuul.context.SessionContext	SOURCE
com.netflix.zuul.netty.filter.BaseZuulFilterRunner	initRunningFilterIndex(I)	getContext()	com.netflix.zuul.message.ZuulMessage	SOURCE
com.netflix.zuul.netty.filter.BaseZuulFilterRunner	getRunningFilterIndex(I)	getContext()	com.netflix.zuul.message.ZuulMessage	SOURCE
com.netflix.zuul.netty.filter.BaseZuulFilterRunner	getRunningFilterIndex(I)	<T>checkNotNull(T,java.lang.String)	com.netflix.spectator.impl.Preconditions	SOURCE
com.netflix.zuul.netty.filter.BaseZuulFilterRunner	getRunningFilterIndex(I)	get(java.lang.Object)	com.netflix.zuul.context.SessionContext	SOURCE
com.netflix.zuul.netty.filter.BaseZuulFilterRunner	isFilterAwaitingBody(com.netflix.zuul.context.SessionContext)	containsKey(java.lang.Object)	java.util.HashMap	SOURCE
com.netflix.zuul.netty.filter.BaseZuulFilterRunner	setFilterAwaitingBody(I,boolean)	put(java.lang.String,java.lang.Object)	com.netflix.zuul.context.SessionContext	SOURCE
com.netflix.zuul.netty.filter.BaseZuulFilterRunner	setFilterAwaitingBody(I,boolean)	getContext()	com.netflix.zuul.message.ZuulMessage	SOURCE
com.netflix.zuul.netty.filter.BaseZuulFilterRunner	setFilterAwaitingBody(I,boolean)	remove(java.lang.Object)	com.netflix.zuul.context.SessionContext	SOURCE
com.netflix.zuul.netty.filter.BaseZuulFilterRunner	setFilterAwaitingBody(I,boolean)	getContext()	com.netflix.zuul.message.ZuulMessage	SOURCE
com.netflix.zuul.netty.filter.BaseZuulFilterRunner	invokeNextStage(O,io.netty.handler.codec.http.HttpContent)	<T>traceTask(T,io.perfmark.StringFunction<? super T>)	io.perfmark.PerfMark	SOURCE
com.netflix.zuul.netty.filter.BaseZuulFilterRunner	invokeNextStage(O,io.netty.handler.codec.http.HttpContent)	apply(T)	io.perfmark.StringFunction	SOURCE
com.netflix.zuul.netty.filter.BaseZuulFilterRunner	invokeNextStage(O,io.netty.handler.codec.http.HttpContent)	getSimpleName()	java.lang.Class	SOURCE
com.netflix.zuul.netty.filter.BaseZuulFilterRunner	invokeNextStage(O,io.netty.handler.codec.http.HttpContent)	getClass()	java.lang.Object	SOURCE
com.netflix.zuul.netty.filter.BaseZuulFilterRunner	invokeNextStage(O,io.netty.handler.codec.http.HttpContent)	addPerfMarkTags(com.netflix.zuul.message.ZuulMessage)	com.netflix.zuul.netty.filter.BaseZuulFilterRunner	SOURCE
com.netflix.zuul.netty.filter.BaseZuulFilterRunner	invokeNextStage(O,io.netty.handler.codec.http.HttpContent)	filter(I,io.netty.handler.codec.http.HttpContent)	com.netflix.zuul.netty.filter.FilterRunner	SOURCE
com.netflix.zuul.netty.filter.BaseZuulFilterRunner	invokeNextStage(O,io.netty.handler.codec.http.HttpContent)	<T>traceTask(T,io.perfmark.StringFunction<? super T>)	io.perfmark.PerfMark	SOURCE
com.netflix.zuul.netty.filter.BaseZuulFilterRunner	invokeNextStage(O,io.netty.handler.codec.http.HttpContent)	apply(T)	io.perfmark.StringFunction	SOURCE
com.netflix.zuul.netty.filter.BaseZuulFilterRunner	invokeNextStage(O,io.netty.handler.codec.http.HttpContent)	getSimpleName()	java.lang.Class	SOURCE
com.netflix.zuul.netty.filter.BaseZuulFilterRunner	invokeNextStage(O,io.netty.handler.codec.http.HttpContent)	getClass()	java.lang.Object	SOURCE
com.netflix.zuul.netty.filter.BaseZuulFilterRunner	invokeNextStage(O,io.netty.handler.codec.http.HttpContent)	addPerfMarkTags(com.netflix.zuul.message.ZuulMessage)	com.netflix.zuul.netty.filter.BaseZuulFilterRunner	SOURCE
com.netflix.zuul.netty.filter.BaseZuulFilterRunner	invokeNextStage(O,io.netty.handler.codec.http.HttpContent)	getChannelHandlerContext(com.netflix.zuul.message.ZuulMessage)	com.netflix.zuul.netty.filter.BaseZuulFilterRunner	SOURCE
com.netflix.zuul.netty.filter.BaseZuulFilterRunner	invokeNextStage(O,io.netty.handler.codec.http.HttpContent)	isActive()	io.netty.channel.Channel	SOURCE
com.netflix.zuul.netty.filter.BaseZuulFilterRunner	invokeNextStage(O,io.netty.handler.codec.http.HttpContent)	channel()	io.netty.channel.ChannelHandlerContext	SOURCE
com.netflix.zuul.netty.filter.BaseZuulFilterRunner	invokeNextStage(O,io.netty.handler.codec.http.HttpContent)	cancel()	com.netflix.zuul.context.SessionContext	SOURCE
com.netflix.zuul.netty.filter.BaseZuulFilterRunner	invokeNextStage(O,io.netty.handler.codec.http.HttpContent)	getContext()	com.netflix.zuul.message.ZuulMessage	SOURCE
com.netflix.zuul.netty.filter.BaseZuulFilterRunner	invokeNextStage(O,io.netty.handler.codec.http.HttpContent)	disposeBufferedBody()	com.netflix.zuul.message.ZuulMessage	SOURCE
com.netflix.zuul.netty.filter.BaseZuulFilterRunner	invokeNextStage(O,io.netty.handler.codec.http.HttpContent)	increment()	com.netflix.spectator.api.Counter	SOURCE
com.netflix.zuul.netty.filter.BaseZuulFilterRunner	invokeNextStage(O,io.netty.handler.codec.http.HttpContent)	newCounter(java.lang.String,java.lang.String)	com.netflix.zuul.netty.SpectatorUtils	SOURCE
com.netflix.zuul.netty.filter.BaseZuulFilterRunner	invokeNextStage(O,io.netty.handler.codec.http.HttpContent)	getSimpleName()	java.lang.Class	SOURCE
com.netflix.zuul.netty.filter.BaseZuulFilterRunner	invokeNextStage(O,io.netty.handler.codec.http.HttpContent)	getClass()	java.lang.Object	SOURCE
com.netflix.zuul.netty.filter.BaseZuulFilterRunner	invokeNextStage(O,io.netty.handler.codec.http.HttpContent)	fireChannelRead(java.lang.Object)	io.netty.channel.ChannelHandlerContext	SOURCE
com.netflix.zuul.netty.filter.BaseZuulFilterRunner	invokeNextStage(O)	<T>traceTask(T,io.perfmark.StringFunction<? super T>)	io.perfmark.PerfMark	SOURCE
com.netflix.zuul.netty.filter.BaseZuulFilterRunner	invokeNextStage(O)	apply(T)	io.perfmark.StringFunction	SOURCE
com.netflix.zuul.netty.filter.BaseZuulFilterRunner	invokeNextStage(O)	getSimpleName()	java.lang.Class	SOURCE
com.netflix.zuul.netty.filter.BaseZuulFilterRunner	invokeNextStage(O)	getClass()	java.lang.Object	SOURCE
com.netflix.zuul.netty.filter.BaseZuulFilterRunner	invokeNextStage(O)	addPerfMarkTags(com.netflix.zuul.message.ZuulMessage)	com.netflix.zuul.netty.filter.BaseZuulFilterRunner	SOURCE
com.netflix.zuul.netty.filter.BaseZuulFilterRunner	invokeNextStage(O)	filter(I)	com.netflix.zuul.netty.filter.FilterRunner	SOURCE
com.netflix.zuul.netty.filter.BaseZuulFilterRunner	invokeNextStage(O)	<T>traceTask(T,io.perfmark.StringFunction<? super T>)	io.perfmark.PerfMark	SOURCE
com.netflix.zuul.netty.filter.BaseZuulFilterRunner	invokeNextStage(O)	apply(T)	io.perfmark.StringFunction	SOURCE
com.netflix.zuul.netty.filter.BaseZuulFilterRunner	invokeNextStage(O)	getSimpleName()	java.lang.Class	SOURCE
com.netflix.zuul.netty.filter.BaseZuulFilterRunner	invokeNextStage(O)	getClass()	java.lang.Object	SOURCE
com.netflix.zuul.netty.filter.BaseZuulFilterRunner	invokeNextStage(O)	addPerfMarkTags(com.netflix.zuul.message.ZuulMessage)	com.netflix.zuul.netty.filter.BaseZuulFilterRunner	SOURCE
com.netflix.zuul.netty.filter.BaseZuulFilterRunner	invokeNextStage(O)	getChannelHandlerContext(com.netflix.zuul.message.ZuulMessage)	com.netflix.zuul.netty.filter.BaseZuulFilterRunner	SOURCE
com.netflix.zuul.netty.filter.BaseZuulFilterRunner	invokeNextStage(O)	isActive()	io.netty.channel.Channel	SOURCE
com.netflix.zuul.netty.filter.BaseZuulFilterRunner	invokeNextStage(O)	channel()	io.netty.channel.ChannelHandlerContext	SOURCE
com.netflix.zuul.netty.filter.BaseZuulFilterRunner	invokeNextStage(O)	cancel()	com.netflix.zuul.context.SessionContext	SOURCE
com.netflix.zuul.netty.filter.BaseZuulFilterRunner	invokeNextStage(O)	getContext()	com.netflix.zuul.message.ZuulMessage	SOURCE
com.netflix.zuul.netty.filter.BaseZuulFilterRunner	invokeNextStage(O)	disposeBufferedBody()	com.netflix.zuul.message.ZuulMessage	SOURCE
com.netflix.zuul.netty.filter.BaseZuulFilterRunner	invokeNextStage(O)	increment()	com.netflix.spectator.api.Counter	SOURCE
com.netflix.zuul.netty.filter.BaseZuulFilterRunner	invokeNextStage(O)	newCounter(java.lang.String,java.lang.String)	com.netflix.zuul.netty.SpectatorUtils	SOURCE
com.netflix.zuul.netty.filter.BaseZuulFilterRunner	invokeNextStage(O)	getSimpleName()	java.lang.Class	SOURCE
com.netflix.zuul.netty.filter.BaseZuulFilterRunner	invokeNextStage(O)	getClass()	java.lang.Object	SOURCE
com.netflix.zuul.netty.filter.BaseZuulFilterRunner	invokeNextStage(O)	fireChannelRead(java.lang.Object)	io.netty.channel.ChannelHandlerContext	SOURCE
com.netflix.zuul.netty.filter.BaseZuulFilterRunner	addPerfMarkTags(com.netflix.zuul.message.ZuulMessage)	getOutboundRequest()	com.netflix.zuul.message.http.HttpResponseMessage	SOURCE
com.netflix.zuul.netty.filter.BaseZuulFilterRunner	addPerfMarkTags(com.netflix.zuul.message.ZuulMessage)	attachTag(java.lang.String,long)	io.perfmark.PerfMark	SOURCE
com.netflix.zuul.netty.filter.BaseZuulFilterRunner	addPerfMarkTags(com.netflix.zuul.message.ZuulMessage)	getStatus()	com.netflix.zuul.message.http.HttpResponseInfo	SOURCE
com.netflix.zuul.netty.filter.BaseZuulFilterRunner	addPerfMarkTags(com.netflix.zuul.message.ZuulMessage)	<T>attachTag(java.lang.String,T,io.perfmark.StringFunction<? super T>)	io.perfmark.PerfMark	SOURCE
com.netflix.zuul.netty.filter.BaseZuulFilterRunner	addPerfMarkTags(com.netflix.zuul.message.ZuulMessage)	apply(T)	io.perfmark.StringFunction	SOURCE
com.netflix.zuul.netty.filter.BaseZuulFilterRunner	addPerfMarkTags(com.netflix.zuul.message.ZuulMessage)	getPath()	com.netflix.zuul.message.http.HttpRequestInfo	SOURCE
com.netflix.zuul.netty.filter.BaseZuulFilterRunner	addPerfMarkTags(com.netflix.zuul.message.ZuulMessage)	<T>attachTag(java.lang.String,T,io.perfmark.StringFunction<? super T>)	io.perfmark.PerfMark	SOURCE
com.netflix.zuul.netty.filter.BaseZuulFilterRunner	addPerfMarkTags(com.netflix.zuul.message.ZuulMessage)	apply(T)	io.perfmark.StringFunction	SOURCE
com.netflix.zuul.netty.filter.BaseZuulFilterRunner	addPerfMarkTags(com.netflix.zuul.message.ZuulMessage)	getOriginalHost()	com.netflix.zuul.message.http.HttpRequestInfo	SOURCE
com.netflix.zuul.netty.filter.BaseZuulFilterRunner	addPerfMarkTags(com.netflix.zuul.message.ZuulMessage)	<T>attachTag(java.lang.String,T,io.perfmark.StringFunction<? super T>)	io.perfmark.PerfMark	SOURCE
com.netflix.zuul.netty.filter.BaseZuulFilterRunner	addPerfMarkTags(com.netflix.zuul.message.ZuulMessage)	apply(T)	io.perfmark.StringFunction	SOURCE
com.netflix.zuul.netty.filter.BaseZuulFilterRunner	addPerfMarkTags(com.netflix.zuul.message.ZuulMessage)	getUUID()	com.netflix.zuul.context.SessionContext	SOURCE
com.netflix.zuul.netty.filter.BaseZuulFilterRunner	addPerfMarkTags(com.netflix.zuul.message.ZuulMessage)	getContext()	com.netflix.zuul.message.ZuulMessage	SOURCE
com.netflix.zuul.netty.filter.BaseZuulFilterRunner	filter(com.netflix.zuul.filters.ZuulFilter<I,O>,I)	nanoTime()	java.lang.System	SOURCE
com.netflix.zuul.netty.filter.BaseZuulFilterRunner	filter(com.netflix.zuul.filters.ZuulFilter<I,O>,I)	debugRouting()	com.netflix.zuul.context.SessionContext	SOURCE
com.netflix.zuul.netty.filter.BaseZuulFilterRunner	filter(com.netflix.zuul.filters.ZuulFilter<I,O>,I)	getContext()	com.netflix.zuul.message.ZuulMessage	SOURCE
com.netflix.zuul.netty.filter.BaseZuulFilterRunner	filter(com.netflix.zuul.filters.ZuulFilter<I,O>,I)	clone()	com.netflix.zuul.message.ZuulMessage	SOURCE
com.netflix.zuul.netty.filter.BaseZuulFilterRunner	filter(com.netflix.zuul.filters.ZuulFilter<I,O>,I)	<T>traceTask(T,io.perfmark.StringFunction<? super T>)	io.perfmark.PerfMark	SOURCE
com.netflix.zuul.netty.filter.BaseZuulFilterRunner	filter(com.netflix.zuul.filters.ZuulFilter<I,O>,I)	apply(T)	io.perfmark.StringFunction	SOURCE
com.netflix.zuul.netty.filter.BaseZuulFilterRunner	filter(com.netflix.zuul.filters.ZuulFilter<I,O>,I)	filterName()	com.netflix.zuul.filters.ZuulFilter	SOURCE
com.netflix.zuul.netty.filter.BaseZuulFilterRunner	filter(com.netflix.zuul.filters.ZuulFilter<I,O>,I)	addPerfMarkTags(com.netflix.zuul.message.ZuulMessage)	com.netflix.zuul.netty.filter.BaseZuulFilterRunner	SOURCE
com.netflix.zuul.netty.filter.BaseZuulFilterRunner	filter(com.netflix.zuul.filters.ZuulFilter<I,O>,I)	filterType()	com.netflix.zuul.filters.ZuulFilter	SOURCE
com.netflix.zuul.netty.filter.BaseZuulFilterRunner	filter(com.netflix.zuul.filters.ZuulFilter<I,O>,I)	shouldSendErrorResponse()	com.netflix.zuul.context.SessionContext	SOURCE
com.netflix.zuul.netty.filter.BaseZuulFilterRunner	filter(com.netflix.zuul.filters.ZuulFilter<I,O>,I)	getContext()	com.netflix.zuul.message.ZuulMessage	SOURCE
com.netflix.zuul.netty.filter.BaseZuulFilterRunner	filter(com.netflix.zuul.filters.ZuulFilter<I,O>,I)	<T>traceTask(T,io.perfmark.StringFunction<? super T>)	io.perfmark.PerfMark	SOURCE
com.netflix.zuul.netty.filter.BaseZuulFilterRunner	filter(com.netflix.zuul.filters.ZuulFilter<I,O>,I)	apply(T)	io.perfmark.StringFunction	SOURCE
com.netflix.zuul.netty.filter.BaseZuulFilterRunner	filter(com.netflix.zuul.filters.ZuulFilter<I,O>,I)	filterName()	com.netflix.zuul.filters.ZuulFilter	SOURCE
com.netflix.zuul.netty.filter.BaseZuulFilterRunner	filter(com.netflix.zuul.filters.ZuulFilter<I,O>,I)	shouldSkipFilter(I,com.netflix.zuul.filters.ZuulFilter<I,O>)	com.netflix.zuul.netty.filter.BaseZuulFilterRunner	SOURCE
com.netflix.zuul.netty.filter.BaseZuulFilterRunner	filter(com.netflix.zuul.filters.ZuulFilter<I,O>,I)	isDisabled()	com.netflix.zuul.filters.ZuulFilter	SOURCE
com.netflix.zuul.netty.filter.BaseZuulFilterRunner	filter(com.netflix.zuul.filters.ZuulFilter<I,O>,I)	recordFilterCompletion(com.netflix.zuul.ExecutionStatus,com.netflix.zuul.filters.ZuulFilter<I,O>,long,com.netflix.zuul.message.ZuulMessage,com.netflix.zuul.message.ZuulMessage)	com.netflix.zuul.netty.filter.BaseZuulFilterRunner	SOURCE
com.netflix.zuul.netty.filter.BaseZuulFilterRunner	filter(com.netflix.zuul.filters.ZuulFilter<I,O>,I)	getDefaultOutput(I)	com.netflix.zuul.filters.ZuulFilter	SOURCE
com.netflix.zuul.netty.filter.BaseZuulFilterRunner	filter(com.netflix.zuul.filters.ZuulFilter<I,O>,I)	isMessageBodyReadyForFilter(com.netflix.zuul.filters.ZuulFilter,I)	com.netflix.zuul.netty.filter.BaseZuulFilterRunner	SOURCE
com.netflix.zuul.netty.filter.BaseZuulFilterRunner	filter(com.netflix.zuul.filters.ZuulFilter<I,O>,I)	setFilterAwaitingBody(I,boolean)	com.netflix.zuul.netty.filter.BaseZuulFilterRunner	SOURCE
com.netflix.zuul.netty.filter.BaseZuulFilterRunner	filter(com.netflix.zuul.filters.ZuulFilter<I,O>,I)	debug(java.lang.String,java.lang.Object,java.lang.Object)	org.slf4j.Logger	SOURCE
com.netflix.zuul.netty.filter.BaseZuulFilterRunner	filter(com.netflix.zuul.filters.ZuulFilter<I,O>,I)	filterName()	com.netflix.zuul.filters.ZuulFilter	SOURCE
com.netflix.zuul.netty.filter.BaseZuulFilterRunner	filter(com.netflix.zuul.filters.ZuulFilter<I,O>,I)	getUUID()	com.netflix.zuul.context.SessionContext	SOURCE
com.netflix.zuul.netty.filter.BaseZuulFilterRunner	filter(com.netflix.zuul.filters.ZuulFilter<I,O>,I)	getContext()	com.netflix.zuul.message.ZuulMessage	SOURCE
com.netflix.zuul.netty.filter.BaseZuulFilterRunner	filter(com.netflix.zuul.filters.ZuulFilter<I,O>,I)	setFilterAwaitingBody(I,boolean)	com.netflix.zuul.netty.filter.BaseZuulFilterRunner	SOURCE
com.netflix.zuul.netty.filter.BaseZuulFilterRunner	filter(com.netflix.zuul.filters.ZuulFilter<I,O>,I)	addRoutingDebug(com.netflix.zuul.context.SessionContext,java.lang.String)	com.netflix.zuul.context.Debug	SOURCE
com.netflix.zuul.netty.filter.BaseZuulFilterRunner	filter(com.netflix.zuul.filters.ZuulFilter<I,O>,I)	getContext()	com.netflix.zuul.message.ZuulMessage	SOURCE
com.netflix.zuul.netty.filter.BaseZuulFilterRunner	filter(com.netflix.zuul.filters.ZuulFilter<I,O>,I)	toString()	com.netflix.zuul.filters.FilterType	SOURCE
com.netflix.zuul.netty.filter.BaseZuulFilterRunner	filter(com.netflix.zuul.filters.ZuulFilter<I,O>,I)	filterType()	com.netflix.zuul.filters.ZuulFilter	SOURCE
com.netflix.zuul.netty.filter.BaseZuulFilterRunner	filter(com.netflix.zuul.filters.ZuulFilter<I,O>,I)	filterOrder()	com.netflix.zuul.filters.ZuulFilter	SOURCE
com.netflix.zuul.netty.filter.BaseZuulFilterRunner	filter(com.netflix.zuul.filters.ZuulFilter<I,O>,I)	filterName()	com.netflix.zuul.filters.ZuulFilter	SOURCE
com.netflix.zuul.netty.filter.BaseZuulFilterRunner	filter(com.netflix.zuul.filters.ZuulFilter<I,O>,I)	runBufferedBodyContentThroughFilter(com.netflix.zuul.filters.ZuulFilter<?,?>)	com.netflix.zuul.message.ZuulMessage	SOURCE
com.netflix.zuul.netty.filter.BaseZuulFilterRunner	filter(com.netflix.zuul.filters.ZuulFilter<I,O>,I)	getSyncType()	com.netflix.zuul.filters.ZuulFilter	SOURCE
com.netflix.zuul.netty.filter.BaseZuulFilterRunner	filter(com.netflix.zuul.filters.ZuulFilter<I,O>,I)	<T>traceTask(T,io.perfmark.StringFunction<? super T>)	io.perfmark.PerfMark	SOURCE
com.netflix.zuul.netty.filter.BaseZuulFilterRunner	filter(com.netflix.zuul.filters.ZuulFilter<I,O>,I)	apply(T)	io.perfmark.StringFunction	SOURCE
com.netflix.zuul.netty.filter.BaseZuulFilterRunner	filter(com.netflix.zuul.filters.ZuulFilter<I,O>,I)	filterName()	com.netflix.zuul.filters.ZuulFilter	SOURCE
com.netflix.zuul.netty.filter.BaseZuulFilterRunner	filter(com.netflix.zuul.filters.ZuulFilter<I,O>,I)	addPerfMarkTags(com.netflix.zuul.message.ZuulMessage)	com.netflix.zuul.netty.filter.BaseZuulFilterRunner	SOURCE
com.netflix.zuul.netty.filter.BaseZuulFilterRunner	filter(com.netflix.zuul.filters.ZuulFilter<I,O>,I)	apply(I)	com.netflix.zuul.filters.SyncZuulFilter	SOURCE
com.netflix.zuul.netty.filter.BaseZuulFilterRunner	filter(com.netflix.zuul.filters.ZuulFilter<I,O>,I)	recordFilterCompletion(com.netflix.zuul.ExecutionStatus,com.netflix.zuul.filters.ZuulFilter<I,O>,long,com.netflix.zuul.message.ZuulMessage,com.netflix.zuul.message.ZuulMessage)	com.netflix.zuul.netty.filter.BaseZuulFilterRunner	SOURCE
com.netflix.zuul.netty.filter.BaseZuulFilterRunner	filter(com.netflix.zuul.filters.ZuulFilter<I,O>,I)	getDefaultOutput(I)	com.netflix.zuul.filters.ZuulFilter	SOURCE
com.netflix.zuul.netty.filter.BaseZuulFilterRunner	filter(com.netflix.zuul.filters.ZuulFilter<I,O>,I)	<T>traceTask(T,io.perfmark.StringFunction<? super T>)	io.perfmark.PerfMark	SOURCE
com.netflix.zuul.netty.filter.BaseZuulFilterRunner	filter(com.netflix.zuul.filters.ZuulFilter<I,O>,I)	apply(T)	io.perfmark.StringFunction	SOURCE
com.netflix.zuul.netty.filter.BaseZuulFilterRunner	filter(com.netflix.zuul.filters.ZuulFilter<I,O>,I)	filterName()	com.netflix.zuul.filters.ZuulFilter	SOURCE
com.netflix.zuul.netty.filter.BaseZuulFilterRunner	filter(com.netflix.zuul.filters.ZuulFilter<I,O>,I)	linkOut()	io.perfmark.PerfMark	SOURCE
com.netflix.zuul.netty.filter.BaseZuulFilterRunner	filter(com.netflix.zuul.filters.ZuulFilter<I,O>,I)	incrementConcurrency()	com.netflix.zuul.filters.ZuulFilter	SOURCE
com.netflix.zuul.netty.filter.BaseZuulFilterRunner	filter(com.netflix.zuul.filters.ZuulFilter<I,O>,I)	FilterChainResumer(I,com.netflix.zuul.filters.ZuulFilter<I,O>,com.netflix.zuul.message.ZuulMessage,long)	com.netflix.zuul.netty.filter.BaseZuulFilterRunner$FilterChainResumer	SOURCE
com.netflix.zuul.netty.filter.BaseZuulFilterRunner	filter(com.netflix.zuul.filters.ZuulFilter<I,O>,I)	subscribe(rx.Observer<? super T>)	rx.Observable	SOURCE
com.netflix.zuul.netty.filter.BaseZuulFilterRunner	filter(com.netflix.zuul.filters.ZuulFilter<I,O>,I)	doOnUnsubscribe(rx.functions.Action0)	rx.Observable	SOURCE
com.netflix.zuul.netty.filter.BaseZuulFilterRunner	filter(com.netflix.zuul.filters.ZuulFilter<I,O>,I)	observeOn(rx.Scheduler)	rx.Observable	SOURCE
com.netflix.zuul.netty.filter.BaseZuulFilterRunner	filter(com.netflix.zuul.filters.ZuulFilter<I,O>,I)	doOnCompleted(rx.functions.Action0)	rx.Observable	SOURCE
com.netflix.zuul.netty.filter.BaseZuulFilterRunner	filter(com.netflix.zuul.filters.ZuulFilter<I,O>,I)	doOnError(rx.functions.Action1<? super java.lang.Throwable>)	rx.Observable	SOURCE
com.netflix.zuul.netty.filter.BaseZuulFilterRunner	filter(com.netflix.zuul.filters.ZuulFilter<I,O>,I)	doOnNext(rx.functions.Action1<? super T>)	rx.Observable	SOURCE
com.netflix.zuul.netty.filter.BaseZuulFilterRunner	filter(com.netflix.zuul.filters.ZuulFilter<I,O>,I)	doOnSubscribe(rx.functions.Action0)	rx.Observable	SOURCE
com.netflix.zuul.netty.filter.BaseZuulFilterRunner	filter(com.netflix.zuul.filters.ZuulFilter<I,O>,I)	applyAsync(I)	com.netflix.zuul.filters.ZuulFilter	SOURCE
com.netflix.zuul.netty.filter.BaseZuulFilterRunner	filter(com.netflix.zuul.filters.ZuulFilter<I,O>,I)	call()	rx.functions.Action0	SOURCE
com.netflix.zuul.netty.filter.BaseZuulFilterRunner	filter(com.netflix.zuul.filters.ZuulFilter<I,O>,I)	<T>traceTask(T,io.perfmark.StringFunction<? super T>)	io.perfmark.PerfMark	SOURCE
com.netflix.zuul.netty.filter.BaseZuulFilterRunner	filter(com.netflix.zuul.filters.ZuulFilter<I,O>,I)	apply(T)	io.perfmark.StringFunction	SOURCE
com.netflix.zuul.netty.filter.BaseZuulFilterRunner	filter(com.netflix.zuul.filters.ZuulFilter<I,O>,I)	filterName()	com.netflix.zuul.filters.ZuulFilter	SOURCE
com.netflix.zuul.netty.filter.BaseZuulFilterRunner	filter(com.netflix.zuul.filters.ZuulFilter<I,O>,I)	linkIn(io.perfmark.Link)	io.perfmark.PerfMark	SOURCE
com.netflix.zuul.netty.filter.BaseZuulFilterRunner	filter(com.netflix.zuul.filters.ZuulFilter<I,O>,I)	onNextStarted(io.perfmark.Link)	com.netflix.zuul.netty.filter.BaseZuulFilterRunner$FilterChainResumer	SOURCE
com.netflix.zuul.netty.filter.BaseZuulFilterRunner	filter(com.netflix.zuul.filters.ZuulFilter<I,O>,I)	onErrorStarted(io.perfmark.Link)	com.netflix.zuul.netty.filter.BaseZuulFilterRunner$FilterChainResumer	SOURCE
com.netflix.zuul.netty.filter.BaseZuulFilterRunner	filter(com.netflix.zuul.filters.ZuulFilter<I,O>,I)	onCompletedStarted(io.perfmark.Link)	com.netflix.zuul.netty.filter.BaseZuulFilterRunner$FilterChainResumer	SOURCE
com.netflix.zuul.netty.filter.BaseZuulFilterRunner	filter(com.netflix.zuul.filters.ZuulFilter<I,O>,I)	from(java.util.concurrent.Executor)	rx.schedulers.Schedulers	SOURCE
com.netflix.zuul.netty.filter.BaseZuulFilterRunner	filter(com.netflix.zuul.filters.ZuulFilter<I,O>,I)	executor()	io.netty.channel.ChannelHandlerContext	SOURCE
com.netflix.zuul.netty.filter.BaseZuulFilterRunner	filter(com.netflix.zuul.filters.ZuulFilter<I,O>,I)	getChannelHandlerContext(com.netflix.zuul.message.ZuulMessage)	com.netflix.zuul.netty.filter.BaseZuulFilterRunner	SOURCE
com.netflix.zuul.netty.filter.BaseZuulFilterRunner	filter(com.netflix.zuul.filters.ZuulFilter<I,O>,I)	call()	rx.functions.Action0	SOURCE
com.netflix.zuul.netty.filter.BaseZuulFilterRunner	filter(com.netflix.zuul.filters.ZuulFilter<I,O>,I)	decrementConcurrency()	com.netflix.zuul.netty.filter.BaseZuulFilterRunner$FilterChainResumer	SOURCE
com.netflix.zuul.netty.filter.BaseZuulFilterRunner	filter(com.netflix.zuul.filters.ZuulFilter<I,O>,I)	decrementConcurrency()	com.netflix.zuul.netty.filter.BaseZuulFilterRunner$FilterChainResumer	SOURCE
com.netflix.zuul.netty.filter.BaseZuulFilterRunner	filter(com.netflix.zuul.filters.ZuulFilter<I,O>,I)	handleFilterException(I,com.netflix.zuul.filters.ZuulFilter<I,O>,java.lang.Throwable)	com.netflix.zuul.netty.filter.BaseZuulFilterRunner	SOURCE
com.netflix.zuul.netty.filter.BaseZuulFilterRunner	filter(com.netflix.zuul.filters.ZuulFilter<I,O>,I)	finishBufferedBodyIfIncomplete()	com.netflix.zuul.message.ZuulMessage	SOURCE
com.netflix.zuul.netty.filter.BaseZuulFilterRunner	filter(com.netflix.zuul.filters.ZuulFilter<I,O>,I)	recordFilterCompletion(com.netflix.zuul.ExecutionStatus,com.netflix.zuul.filters.ZuulFilter<I,O>,long,com.netflix.zuul.message.ZuulMessage,com.netflix.zuul.message.ZuulMessage)	com.netflix.zuul.netty.filter.BaseZuulFilterRunner	SOURCE
com.netflix.zuul.netty.filter.BaseZuulFilterRunner	shouldSkipFilter(I,com.netflix.zuul.filters.ZuulFilter<I,O>)	filterType()	com.netflix.zuul.filters.ZuulFilter	SOURCE
com.netflix.zuul.netty.filter.BaseZuulFilterRunner	shouldSkipFilter(I,com.netflix.zuul.filters.ZuulFilter<I,O>)	getContext()	com.netflix.zuul.message.ZuulMessage	SOURCE
com.netflix.zuul.netty.filter.BaseZuulFilterRunner	shouldSkipFilter(I,com.netflix.zuul.filters.ZuulFilter<I,O>)	shouldStopFilterProcessing()	com.netflix.zuul.context.SessionContext	SOURCE
com.netflix.zuul.netty.filter.BaseZuulFilterRunner	shouldSkipFilter(I,com.netflix.zuul.filters.ZuulFilter<I,O>)	overrideStopFilterProcessing()	com.netflix.zuul.filters.ZuulFilter	SOURCE
com.netflix.zuul.netty.filter.BaseZuulFilterRunner	shouldSkipFilter(I,com.netflix.zuul.filters.ZuulFilter<I,O>)	isCancelled()	com.netflix.zuul.context.SessionContext	SOURCE
com.netflix.zuul.netty.filter.BaseZuulFilterRunner	shouldSkipFilter(I,com.netflix.zuul.filters.ZuulFilter<I,O>)	shouldFilter(T)	com.netflix.zuul.filters.ShouldFilter	SOURCE
com.netflix.zuul.netty.filter.BaseZuulFilterRunner	isMessageBodyReadyForFilter(com.netflix.zuul.filters.ZuulFilter,I)	needsBodyBuffered(I)	com.netflix.zuul.filters.ZuulFilter	SOURCE
com.netflix.zuul.netty.filter.BaseZuulFilterRunner	isMessageBodyReadyForFilter(com.netflix.zuul.filters.ZuulFilter,I)	hasCompleteBody()	com.netflix.zuul.message.ZuulMessage	SOURCE
com.netflix.zuul.netty.filter.BaseZuulFilterRunner	handleFilterException(I,com.netflix.zuul.filters.ZuulFilter<I,O>,java.lang.Throwable)	setError(java.lang.Throwable)	com.netflix.zuul.context.SessionContext	SOURCE
com.netflix.zuul.netty.filter.BaseZuulFilterRunner	handleFilterException(I,com.netflix.zuul.filters.ZuulFilter<I,O>,java.lang.Throwable)	getContext()	com.netflix.zuul.message.ZuulMessage	SOURCE
com.netflix.zuul.netty.filter.BaseZuulFilterRunner	handleFilterException(I,com.netflix.zuul.filters.ZuulFilter<I,O>,java.lang.Throwable)	filterType()	com.netflix.zuul.filters.ZuulFilter	SOURCE
com.netflix.zuul.netty.filter.BaseZuulFilterRunner	handleFilterException(I,com.netflix.zuul.filters.ZuulFilter<I,O>,java.lang.Throwable)	setShouldSendErrorResponse(boolean)	com.netflix.zuul.context.SessionContext	SOURCE
com.netflix.zuul.netty.filter.BaseZuulFilterRunner	handleFilterException(I,com.netflix.zuul.filters.ZuulFilter<I,O>,java.lang.Throwable)	getContext()	com.netflix.zuul.message.ZuulMessage	SOURCE
com.netflix.zuul.netty.filter.BaseZuulFilterRunner	handleFilterException(I,com.netflix.zuul.filters.ZuulFilter<I,O>,java.lang.Throwable)	recordFilterError(I,com.netflix.zuul.filters.ZuulFilter<I,O>,java.lang.Throwable)	com.netflix.zuul.netty.filter.BaseZuulFilterRunner	SOURCE
com.netflix.zuul.netty.filter.BaseZuulFilterRunner	handleFilterException(I,com.netflix.zuul.filters.ZuulFilter<I,O>,java.lang.Throwable)	getDefaultOutput(I)	com.netflix.zuul.filters.ZuulFilter	SOURCE
com.netflix.zuul.netty.filter.BaseZuulFilterRunner	recordFilterError(I,com.netflix.zuul.filters.ZuulFilter<I,O>,java.lang.Throwable)	filterName()	com.netflix.zuul.filters.ZuulFilter	SOURCE
com.netflix.zuul.netty.filter.BaseZuulFilterRunner	recordFilterError(I,com.netflix.zuul.filters.ZuulFilter<I,O>,java.lang.Throwable)	getInfoForLogging()	com.netflix.zuul.message.ZuulMessage	SOURCE
com.netflix.zuul.netty.filter.BaseZuulFilterRunner	recordFilterError(I,com.netflix.zuul.filters.ZuulFilter<I,O>,java.lang.Throwable)	valueOf(java.lang.Object)	java.lang.String	SOURCE
com.netflix.zuul.netty.filter.BaseZuulFilterRunner	recordFilterError(I,com.netflix.zuul.filters.ZuulFilter<I,O>,java.lang.Throwable)	getMessage()	java.lang.Throwable	SOURCE
com.netflix.zuul.netty.filter.BaseZuulFilterRunner	recordFilterError(I,com.netflix.zuul.filters.ZuulFilter<I,O>,java.lang.Throwable)	shouldLogAsError()	com.netflix.zuul.exception.ZuulException	SOURCE
com.netflix.zuul.netty.filter.BaseZuulFilterRunner	recordFilterError(I,com.netflix.zuul.filters.ZuulFilter<I,O>,java.lang.Throwable)	warn(java.lang.String)	org.slf4j.Logger	SOURCE
com.netflix.zuul.netty.filter.BaseZuulFilterRunner	recordFilterError(I,com.netflix.zuul.filters.ZuulFilter<I,O>,java.lang.Throwable)	error(java.lang.String,java.lang.Throwable)	org.slf4j.Logger	SOURCE
com.netflix.zuul.netty.filter.BaseZuulFilterRunner	recordFilterError(I,com.netflix.zuul.filters.ZuulFilter<I,O>,java.lang.Throwable)	getContext()	com.netflix.zuul.message.ZuulMessage	SOURCE
com.netflix.zuul.netty.filter.BaseZuulFilterRunner	recordFilterError(I,com.netflix.zuul.filters.ZuulFilter<I,O>,java.lang.Throwable)	add(E)	java.util.List	SOURCE
com.netflix.zuul.netty.filter.BaseZuulFilterRunner	recordFilterError(I,com.netflix.zuul.filters.ZuulFilter<I,O>,java.lang.Throwable)	getFilterErrors()	com.netflix.zuul.context.SessionContext	SOURCE
com.netflix.zuul.netty.filter.BaseZuulFilterRunner	recordFilterError(I,com.netflix.zuul.filters.ZuulFilter<I,O>,java.lang.Throwable)	FilterError(java.lang.String,java.lang.String,java.lang.Throwable)	com.netflix.zuul.filters.FilterError	SOURCE
com.netflix.zuul.netty.filter.BaseZuulFilterRunner	recordFilterError(I,com.netflix.zuul.filters.ZuulFilter<I,O>,java.lang.Throwable)	filterName()	com.netflix.zuul.filters.ZuulFilter	SOURCE
com.netflix.zuul.netty.filter.BaseZuulFilterRunner	recordFilterError(I,com.netflix.zuul.filters.ZuulFilter<I,O>,java.lang.Throwable)	toString()	com.netflix.zuul.filters.FilterType	SOURCE
com.netflix.zuul.netty.filter.BaseZuulFilterRunner	recordFilterError(I,com.netflix.zuul.filters.ZuulFilter<I,O>,java.lang.Throwable)	filterType()	com.netflix.zuul.filters.ZuulFilter	SOURCE
com.netflix.zuul.netty.filter.BaseZuulFilterRunner	recordFilterError(I,com.netflix.zuul.filters.ZuulFilter<I,O>,java.lang.Throwable)	debugRouting()	com.netflix.zuul.context.SessionContext	SOURCE
com.netflix.zuul.netty.filter.BaseZuulFilterRunner	recordFilterError(I,com.netflix.zuul.filters.ZuulFilter<I,O>,java.lang.Throwable)	addRoutingDebug(com.netflix.zuul.context.SessionContext,java.lang.String)	com.netflix.zuul.context.Debug	SOURCE
com.netflix.zuul.netty.filter.BaseZuulFilterRunner	recordFilterError(I,com.netflix.zuul.filters.ZuulFilter<I,O>,java.lang.Throwable)	filterName()	com.netflix.zuul.filters.ZuulFilter	SOURCE
com.netflix.zuul.netty.filter.BaseZuulFilterRunner	recordFilterError(I,com.netflix.zuul.filters.ZuulFilter<I,O>,java.lang.Throwable)	filterType()	com.netflix.zuul.filters.ZuulFilter	SOURCE
com.netflix.zuul.netty.filter.BaseZuulFilterRunner	recordFilterError(I,com.netflix.zuul.filters.ZuulFilter<I,O>,java.lang.Throwable)	filterOrder()	com.netflix.zuul.filters.ZuulFilter	SOURCE
com.netflix.zuul.netty.filter.BaseZuulFilterRunner	recordFilterError(I,com.netflix.zuul.filters.ZuulFilter<I,O>,java.lang.Throwable)	getMessage()	java.lang.Throwable	SOURCE
com.netflix.zuul.netty.filter.BaseZuulFilterRunner	recordFilterCompletion(com.netflix.zuul.ExecutionStatus,com.netflix.zuul.filters.ZuulFilter<I,O>,long,com.netflix.zuul.message.ZuulMessage,com.netflix.zuul.message.ZuulMessage)	getContext()	com.netflix.zuul.message.ZuulMessage	SOURCE
com.netflix.zuul.netty.filter.BaseZuulFilterRunner	recordFilterCompletion(com.netflix.zuul.ExecutionStatus,com.netflix.zuul.filters.ZuulFilter<I,O>,long,com.netflix.zuul.message.ZuulMessage,com.netflix.zuul.message.ZuulMessage)	nanoTime()	java.lang.System	SOURCE
com.netflix.zuul.netty.filter.BaseZuulFilterRunner	recordFilterCompletion(com.netflix.zuul.ExecutionStatus,com.netflix.zuul.filters.ZuulFilter<I,O>,long,com.netflix.zuul.message.ZuulMessage,com.netflix.zuul.message.ZuulMessage)	get()	com.netflix.config.CachedDynamicIntProperty	SOURCE
com.netflix.zuul.netty.filter.BaseZuulFilterRunner	recordFilterCompletion(com.netflix.zuul.ExecutionStatus,com.netflix.zuul.filters.ZuulFilter<I,O>,long,com.netflix.zuul.message.ZuulMessage,com.netflix.zuul.message.ZuulMessage)	record(long,java.util.concurrent.TimeUnit)	com.netflix.spectator.api.Timer	SOURCE
com.netflix.zuul.netty.filter.BaseZuulFilterRunner	recordFilterCompletion(com.netflix.zuul.ExecutionStatus,com.netflix.zuul.filters.ZuulFilter<I,O>,long,com.netflix.zuul.message.ZuulMessage,com.netflix.zuul.message.ZuulMessage)	timer(com.netflix.spectator.api.Id)	com.netflix.spectator.api.Registry	SOURCE
com.netflix.zuul.netty.filter.BaseZuulFilterRunner	recordFilterCompletion(com.netflix.zuul.ExecutionStatus,com.netflix.zuul.filters.ZuulFilter<I,O>,long,com.netflix.zuul.message.ZuulMessage,com.netflix.zuul.message.ZuulMessage)	withTag(java.lang.String,java.lang.String)	com.netflix.spectator.api.Id	SOURCE
com.netflix.zuul.netty.filter.BaseZuulFilterRunner	recordFilterCompletion(com.netflix.zuul.ExecutionStatus,com.netflix.zuul.filters.ZuulFilter<I,O>,long,com.netflix.zuul.message.ZuulMessage,com.netflix.zuul.message.ZuulMessage)	withTag(java.lang.String,java.lang.String)	com.netflix.spectator.api.Id	SOURCE
com.netflix.zuul.netty.filter.BaseZuulFilterRunner	recordFilterCompletion(com.netflix.zuul.ExecutionStatus,com.netflix.zuul.filters.ZuulFilter<I,O>,long,com.netflix.zuul.message.ZuulMessage,com.netflix.zuul.message.ZuulMessage)	filterName()	com.netflix.zuul.filters.ZuulFilter	SOURCE
com.netflix.zuul.netty.filter.BaseZuulFilterRunner	recordFilterCompletion(com.netflix.zuul.ExecutionStatus,com.netflix.zuul.filters.ZuulFilter<I,O>,long,com.netflix.zuul.message.ZuulMessage,com.netflix.zuul.message.ZuulMessage)	name()	java.lang.Enum	SOURCE
com.netflix.zuul.netty.filter.BaseZuulFilterRunner	recordFilterCompletion(com.netflix.zuul.ExecutionStatus,com.netflix.zuul.filters.ZuulFilter<I,O>,long,com.netflix.zuul.message.ZuulMessage,com.netflix.zuul.message.ZuulMessage)	isDebugEnabled()	org.slf4j.Logger	SOURCE
com.netflix.zuul.netty.filter.BaseZuulFilterRunner	recordFilterCompletion(com.netflix.zuul.ExecutionStatus,com.netflix.zuul.filters.ZuulFilter<I,O>,long,com.netflix.zuul.message.ZuulMessage,com.netflix.zuul.message.ZuulMessage)	addFilterExecutionSummary(java.lang.String,java.lang.String,long)	com.netflix.zuul.context.SessionContext	SOURCE
com.netflix.zuul.netty.filter.BaseZuulFilterRunner	recordFilterCompletion(com.netflix.zuul.ExecutionStatus,com.netflix.zuul.filters.ZuulFilter<I,O>,long,com.netflix.zuul.message.ZuulMessage,com.netflix.zuul.message.ZuulMessage)	filterName()	com.netflix.zuul.filters.ZuulFilter	SOURCE
com.netflix.zuul.netty.filter.BaseZuulFilterRunner	recordFilterCompletion(com.netflix.zuul.ExecutionStatus,com.netflix.zuul.filters.ZuulFilter<I,O>,long,com.netflix.zuul.message.ZuulMessage,com.netflix.zuul.message.ZuulMessage)	name()	java.lang.Enum	SOURCE
com.netflix.zuul.netty.filter.BaseZuulFilterRunner	recordFilterCompletion(com.netflix.zuul.ExecutionStatus,com.netflix.zuul.filters.ZuulFilter<I,O>,long,com.netflix.zuul.message.ZuulMessage,com.netflix.zuul.message.ZuulMessage)	isDebugEnabled()	org.slf4j.Logger	SOURCE
com.netflix.zuul.netty.filter.BaseZuulFilterRunner	recordFilterCompletion(com.netflix.zuul.ExecutionStatus,com.netflix.zuul.filters.ZuulFilter<I,O>,long,com.netflix.zuul.message.ZuulMessage,com.netflix.zuul.message.ZuulMessage)	addFilterExecutionSummary(java.lang.String,java.lang.String,long)	com.netflix.zuul.context.SessionContext	SOURCE
com.netflix.zuul.netty.filter.BaseZuulFilterRunner	recordFilterCompletion(com.netflix.zuul.ExecutionStatus,com.netflix.zuul.filters.ZuulFilter<I,O>,long,com.netflix.zuul.message.ZuulMessage,com.netflix.zuul.message.ZuulMessage)	filterName()	com.netflix.zuul.filters.ZuulFilter	SOURCE
com.netflix.zuul.netty.filter.BaseZuulFilterRunner	recordFilterCompletion(com.netflix.zuul.ExecutionStatus,com.netflix.zuul.filters.ZuulFilter<I,O>,long,com.netflix.zuul.message.ZuulMessage,com.netflix.zuul.message.ZuulMessage)	name()	java.lang.Enum	SOURCE
com.netflix.zuul.netty.filter.BaseZuulFilterRunner	recordFilterCompletion(com.netflix.zuul.ExecutionStatus,com.netflix.zuul.filters.ZuulFilter<I,O>,long,com.netflix.zuul.message.ZuulMessage,com.netflix.zuul.message.ZuulMessage)	addRoutingDebug(com.netflix.zuul.context.SessionContext,java.lang.String)	com.netflix.zuul.context.Debug	SOURCE
com.netflix.zuul.netty.filter.BaseZuulFilterRunner	recordFilterCompletion(com.netflix.zuul.ExecutionStatus,com.netflix.zuul.filters.ZuulFilter<I,O>,long,com.netflix.zuul.message.ZuulMessage,com.netflix.zuul.message.ZuulMessage)	filterName()	com.netflix.zuul.filters.ZuulFilter	SOURCE
com.netflix.zuul.netty.filter.BaseZuulFilterRunner	recordFilterCompletion(com.netflix.zuul.ExecutionStatus,com.netflix.zuul.filters.ZuulFilter<I,O>,long,com.netflix.zuul.message.ZuulMessage,com.netflix.zuul.message.ZuulMessage)	toString()	com.netflix.zuul.filters.FilterType	SOURCE
com.netflix.zuul.netty.filter.BaseZuulFilterRunner	recordFilterCompletion(com.netflix.zuul.ExecutionStatus,com.netflix.zuul.filters.ZuulFilter<I,O>,long,com.netflix.zuul.message.ZuulMessage,com.netflix.zuul.message.ZuulMessage)	filterType()	com.netflix.zuul.filters.ZuulFilter	SOURCE
com.netflix.zuul.netty.filter.BaseZuulFilterRunner	recordFilterCompletion(com.netflix.zuul.ExecutionStatus,com.netflix.zuul.filters.ZuulFilter<I,O>,long,com.netflix.zuul.message.ZuulMessage,com.netflix.zuul.message.ZuulMessage)	filterOrder()	com.netflix.zuul.filters.ZuulFilter	SOURCE
com.netflix.zuul.netty.filter.BaseZuulFilterRunner	recordFilterCompletion(com.netflix.zuul.ExecutionStatus,com.netflix.zuul.filters.ZuulFilter<I,O>,long,com.netflix.zuul.message.ZuulMessage,com.netflix.zuul.message.ZuulMessage)	compareContextState(java.lang.String,com.netflix.zuul.context.SessionContext,com.netflix.zuul.context.SessionContext)	com.netflix.zuul.context.Debug	SOURCE
com.netflix.zuul.netty.filter.BaseZuulFilterRunner	recordFilterCompletion(com.netflix.zuul.ExecutionStatus,com.netflix.zuul.filters.ZuulFilter<I,O>,long,com.netflix.zuul.message.ZuulMessage,com.netflix.zuul.message.ZuulMessage)	filterName()	com.netflix.zuul.filters.ZuulFilter	SOURCE
com.netflix.zuul.netty.filter.BaseZuulFilterRunner	recordFilterCompletion(com.netflix.zuul.ExecutionStatus,com.netflix.zuul.filters.ZuulFilter<I,O>,long,com.netflix.zuul.message.ZuulMessage,com.netflix.zuul.message.ZuulMessage)	getContext()	com.netflix.zuul.message.ZuulMessage	SOURCE
com.netflix.zuul.netty.filter.BaseZuulFilterRunner	recordFilterCompletion(com.netflix.zuul.ExecutionStatus,com.netflix.zuul.filters.ZuulFilter<I,O>,long,com.netflix.zuul.message.ZuulMessage,com.netflix.zuul.message.ZuulMessage)	debug(java.lang.String,java.lang.Object...)	org.slf4j.Logger	SOURCE
com.netflix.zuul.netty.filter.BaseZuulFilterRunner	recordFilterCompletion(com.netflix.zuul.ExecutionStatus,com.netflix.zuul.filters.ZuulFilter<I,O>,long,com.netflix.zuul.message.ZuulMessage,com.netflix.zuul.message.ZuulMessage)	filterName()	com.netflix.zuul.filters.ZuulFilter	SOURCE
com.netflix.zuul.netty.filter.BaseZuulFilterRunner	recordFilterCompletion(com.netflix.zuul.ExecutionStatus,com.netflix.zuul.filters.ZuulFilter<I,O>,long,com.netflix.zuul.message.ZuulMessage,com.netflix.zuul.message.ZuulMessage)	name()	java.lang.Enum	SOURCE
com.netflix.zuul.netty.filter.BaseZuulFilterRunner	recordFilterCompletion(com.netflix.zuul.ExecutionStatus,com.netflix.zuul.filters.ZuulFilter<I,O>,long,com.netflix.zuul.message.ZuulMessage,com.netflix.zuul.message.ZuulMessage)	getUUID()	com.netflix.zuul.context.SessionContext	SOURCE
com.netflix.zuul.netty.filter.BaseZuulFilterRunner	recordFilterCompletion(com.netflix.zuul.ExecutionStatus,com.netflix.zuul.filters.ZuulFilter<I,O>,long,com.netflix.zuul.message.ZuulMessage,com.netflix.zuul.message.ZuulMessage)	getContext()	com.netflix.zuul.message.ZuulMessage	SOURCE
com.netflix.zuul.netty.filter.BaseZuulFilterRunner	recordFilterCompletion(com.netflix.zuul.ExecutionStatus,com.netflix.zuul.filters.ZuulFilter<I,O>,long,com.netflix.zuul.message.ZuulMessage,com.netflix.zuul.message.ZuulMessage)	notify(com.netflix.zuul.filters.ZuulFilter<?,?>,com.netflix.zuul.ExecutionStatus)	com.netflix.zuul.FilterUsageNotifier	SOURCE
com.netflix.zuul.netty.filter.BaseZuulFilterRunner	handleException(com.netflix.zuul.message.ZuulMessage,java.lang.String,java.lang.Exception)	getInboundRequest()	com.netflix.zuul.message.http.HttpResponseInfo	SOURCE
com.netflix.zuul.netty.filter.BaseZuulFilterRunner	handleException(com.netflix.zuul.message.ZuulMessage,java.lang.String,java.lang.Exception)	getPathAndQuery()	com.netflix.zuul.message.http.HttpRequestInfo	SOURCE
com.netflix.zuul.netty.filter.BaseZuulFilterRunner	handleException(com.netflix.zuul.message.ZuulMessage,java.lang.String,java.lang.Exception)	getMethod()	com.netflix.zuul.message.http.HttpRequestInfo	SOURCE
com.netflix.zuul.netty.filter.BaseZuulFilterRunner	handleException(com.netflix.zuul.message.ZuulMessage,java.lang.String,java.lang.Exception)	error(java.lang.String,java.lang.Throwable)	org.slf4j.Logger	SOURCE
com.netflix.zuul.netty.filter.BaseZuulFilterRunner	handleException(com.netflix.zuul.message.ZuulMessage,java.lang.String,java.lang.Exception)	fireExceptionCaught(java.lang.Throwable)	io.netty.channel.ChannelHandlerContext	SOURCE
com.netflix.zuul.netty.filter.BaseZuulFilterRunner	handleException(com.netflix.zuul.message.ZuulMessage,java.lang.String,java.lang.Exception)	getChannelHandlerContext(com.netflix.zuul.message.ZuulMessage)	com.netflix.zuul.netty.filter.BaseZuulFilterRunner	SOURCE
com.netflix.zuul.netty.filter.BaseZuulFilterRunner	resumeInBindingContext(O,java.lang.String)	bind(java.lang.Runnable)	com.netflix.zuul.netty.server.MethodBinding	SOURCE
com.netflix.zuul.netty.filter.BaseZuulFilterRunner	resumeInBindingContext(O,java.lang.String)	methodBinding(com.netflix.zuul.message.ZuulMessage)	com.netflix.zuul.netty.filter.BaseZuulFilterRunner	SOURCE
com.netflix.zuul.netty.filter.BaseZuulFilterRunner	resumeInBindingContext(O,java.lang.String)	run()	java.lang.Runnable	SOURCE
com.netflix.zuul.netty.filter.BaseZuulFilterRunner	resumeInBindingContext(O,java.lang.String)	resume(O)	com.netflix.zuul.netty.filter.BaseZuulFilterRunner	SOURCE
com.netflix.zuul.netty.filter.BaseZuulFilterRunner	resumeInBindingContext(O,java.lang.String)	handleException(com.netflix.zuul.message.ZuulMessage,java.lang.String,java.lang.Exception)	com.netflix.zuul.netty.filter.BaseZuulFilterRunner	SOURCE
com.netflix.zuul.netty.filter.BaseZuulFilterRunner$FilterChainResumer	onNextLinkOut	AtomicReference()	java.util.concurrent.atomic.AtomicReference	SOURCE
com.netflix.zuul.netty.filter.BaseZuulFilterRunner$FilterChainResumer	onErrorLinkOut	AtomicReference()	java.util.concurrent.atomic.AtomicReference	SOURCE
com.netflix.zuul.netty.filter.BaseZuulFilterRunner$FilterChainResumer	onCompletedLinkOut	AtomicReference()	java.util.concurrent.atomic.AtomicReference	SOURCE
com.netflix.zuul.netty.filter.BaseZuulFilterRunner$FilterChainResumer	FilterChainResumer(I,com.netflix.zuul.filters.ZuulFilter<I,O>,com.netflix.zuul.message.ZuulMessage,long)	Object()	java.lang.Object	SOURCE
com.netflix.zuul.netty.filter.BaseZuulFilterRunner$FilterChainResumer	FilterChainResumer(I,com.netflix.zuul.filters.ZuulFilter<I,O>,com.netflix.zuul.message.ZuulMessage,long)	<T>checkNotNull(T,java.lang.String)	com.netflix.spectator.impl.Preconditions	SOURCE
com.netflix.zuul.netty.filter.BaseZuulFilterRunner$FilterChainResumer	FilterChainResumer(I,com.netflix.zuul.filters.ZuulFilter<I,O>,com.netflix.zuul.message.ZuulMessage,long)	<T>checkNotNull(T,java.lang.String)	com.netflix.spectator.impl.Preconditions	SOURCE
com.netflix.zuul.netty.filter.BaseZuulFilterRunner$FilterChainResumer	FilterChainResumer(I,com.netflix.zuul.filters.ZuulFilter<I,O>,com.netflix.zuul.message.ZuulMessage,long)	AtomicBoolean(boolean)	java.util.concurrent.atomic.AtomicBoolean	SOURCE
com.netflix.zuul.netty.filter.BaseZuulFilterRunner$FilterChainResumer	decrementConcurrency()	compareAndSet(boolean,boolean)	java.util.concurrent.atomic.AtomicBoolean	SOURCE
com.netflix.zuul.netty.filter.BaseZuulFilterRunner$FilterChainResumer	decrementConcurrency()	decrementConcurrency()	com.netflix.zuul.filters.ZuulFilter	SOURCE
com.netflix.zuul.netty.filter.BaseZuulFilterRunner$FilterChainResumer	onNext(O)	<T>traceTask(T,io.perfmark.StringFunction<? super T>)	io.perfmark.PerfMark	SOURCE
com.netflix.zuul.netty.filter.BaseZuulFilterRunner$FilterChainResumer	onNext(O)	apply(T)	io.perfmark.StringFunction	SOURCE
com.netflix.zuul.netty.filter.BaseZuulFilterRunner$FilterChainResumer	onNext(O)	filterName()	com.netflix.zuul.filters.ZuulFilter	SOURCE
com.netflix.zuul.netty.filter.BaseZuulFilterRunner$FilterChainResumer	onNext(O)	linkIn(io.perfmark.Link)	io.perfmark.PerfMark	SOURCE
com.netflix.zuul.netty.filter.BaseZuulFilterRunner$FilterChainResumer	onNext(O)	get()	java.util.concurrent.atomic.AtomicReference	SOURCE
com.netflix.zuul.netty.filter.BaseZuulFilterRunner$FilterChainResumer	onNext(O)	addPerfMarkTags(com.netflix.zuul.message.ZuulMessage)	com.netflix.zuul.netty.filter.BaseZuulFilterRunner	SOURCE
com.netflix.zuul.netty.filter.BaseZuulFilterRunner$FilterChainResumer	onNext(O)	recordFilterCompletion(com.netflix.zuul.ExecutionStatus,com.netflix.zuul.filters.ZuulFilter<I,O>,long,com.netflix.zuul.message.ZuulMessage,com.netflix.zuul.message.ZuulMessage)	com.netflix.zuul.netty.filter.BaseZuulFilterRunner	SOURCE
com.netflix.zuul.netty.filter.BaseZuulFilterRunner$FilterChainResumer	onNext(O)	getDefaultOutput(I)	com.netflix.zuul.filters.ZuulFilter	SOURCE
com.netflix.zuul.netty.filter.BaseZuulFilterRunner$FilterChainResumer	onNext(O)	resumeInBindingContext(O,java.lang.String)	com.netflix.zuul.netty.filter.BaseZuulFilterRunner	SOURCE
com.netflix.zuul.netty.filter.BaseZuulFilterRunner$FilterChainResumer	onNext(O)	filterName()	com.netflix.zuul.filters.ZuulFilter	SOURCE
com.netflix.zuul.netty.filter.BaseZuulFilterRunner$FilterChainResumer	onNext(O)	decrementConcurrency()	com.netflix.zuul.netty.filter.BaseZuulFilterRunner$FilterChainResumer	SOURCE
com.netflix.zuul.netty.filter.BaseZuulFilterRunner$FilterChainResumer	onNext(O)	handleException(com.netflix.zuul.message.ZuulMessage,java.lang.String,java.lang.Exception)	com.netflix.zuul.netty.filter.BaseZuulFilterRunner	SOURCE
com.netflix.zuul.netty.filter.BaseZuulFilterRunner$FilterChainResumer	onNext(O)	filterName()	com.netflix.zuul.filters.ZuulFilter	SOURCE
com.netflix.zuul.netty.filter.BaseZuulFilterRunner$FilterChainResumer	onError(java.lang.Throwable)	<T>traceTask(T,io.perfmark.StringFunction<? super T>)	io.perfmark.PerfMark	SOURCE
com.netflix.zuul.netty.filter.BaseZuulFilterRunner$FilterChainResumer	onError(java.lang.Throwable)	apply(T)	io.perfmark.StringFunction	SOURCE
com.netflix.zuul.netty.filter.BaseZuulFilterRunner$FilterChainResumer	onError(java.lang.Throwable)	filterName()	com.netflix.zuul.filters.ZuulFilter	SOURCE
com.netflix.zuul.netty.filter.BaseZuulFilterRunner$FilterChainResumer	onError(java.lang.Throwable)	linkIn(io.perfmark.Link)	io.perfmark.PerfMark	SOURCE
com.netflix.zuul.netty.filter.BaseZuulFilterRunner$FilterChainResumer	onError(java.lang.Throwable)	get()	java.util.concurrent.atomic.AtomicReference	SOURCE
com.netflix.zuul.netty.filter.BaseZuulFilterRunner$FilterChainResumer	onError(java.lang.Throwable)	decrementConcurrency()	com.netflix.zuul.netty.filter.BaseZuulFilterRunner$FilterChainResumer	SOURCE
com.netflix.zuul.netty.filter.BaseZuulFilterRunner$FilterChainResumer	onError(java.lang.Throwable)	recordFilterCompletion(com.netflix.zuul.ExecutionStatus,com.netflix.zuul.filters.ZuulFilter<I,O>,long,com.netflix.zuul.message.ZuulMessage,com.netflix.zuul.message.ZuulMessage)	com.netflix.zuul.netty.filter.BaseZuulFilterRunner	SOURCE
com.netflix.zuul.netty.filter.BaseZuulFilterRunner$FilterChainResumer	onError(java.lang.Throwable)	handleFilterException(I,com.netflix.zuul.filters.ZuulFilter<I,O>,java.lang.Throwable)	com.netflix.zuul.netty.filter.BaseZuulFilterRunner	SOURCE
com.netflix.zuul.netty.filter.BaseZuulFilterRunner$FilterChainResumer	onError(java.lang.Throwable)	resumeInBindingContext(O,java.lang.String)	com.netflix.zuul.netty.filter.BaseZuulFilterRunner	SOURCE
com.netflix.zuul.netty.filter.BaseZuulFilterRunner$FilterChainResumer	onError(java.lang.Throwable)	filterName()	com.netflix.zuul.filters.ZuulFilter	SOURCE
com.netflix.zuul.netty.filter.BaseZuulFilterRunner$FilterChainResumer	onError(java.lang.Throwable)	handleException(com.netflix.zuul.message.ZuulMessage,java.lang.String,java.lang.Exception)	com.netflix.zuul.netty.filter.BaseZuulFilterRunner	SOURCE
com.netflix.zuul.netty.filter.BaseZuulFilterRunner$FilterChainResumer	onError(java.lang.Throwable)	filterName()	com.netflix.zuul.filters.ZuulFilter	SOURCE
com.netflix.zuul.netty.filter.BaseZuulFilterRunner$FilterChainResumer	onCompleted()	<T>traceTask(T,io.perfmark.StringFunction<? super T>)	io.perfmark.PerfMark	SOURCE
com.netflix.zuul.netty.filter.BaseZuulFilterRunner$FilterChainResumer	onCompleted()	apply(T)	io.perfmark.StringFunction	SOURCE
com.netflix.zuul.netty.filter.BaseZuulFilterRunner$FilterChainResumer	onCompleted()	filterName()	com.netflix.zuul.filters.ZuulFilter	SOURCE
com.netflix.zuul.netty.filter.BaseZuulFilterRunner$FilterChainResumer	onCompleted()	linkIn(io.perfmark.Link)	io.perfmark.PerfMark	SOURCE
com.netflix.zuul.netty.filter.BaseZuulFilterRunner$FilterChainResumer	onCompleted()	get()	java.util.concurrent.atomic.AtomicReference	SOURCE
com.netflix.zuul.netty.filter.BaseZuulFilterRunner$FilterChainResumer	onCompleted()	decrementConcurrency()	com.netflix.zuul.netty.filter.BaseZuulFilterRunner$FilterChainResumer	SOURCE
com.netflix.zuul.netty.filter.BaseZuulFilterRunner$FilterChainResumer	onNextStarted(io.perfmark.Link)	call(T)	rx.functions.Action1	SOURCE
com.netflix.zuul.netty.filter.BaseZuulFilterRunner$FilterChainResumer	onNextStarted(io.perfmark.Link)	<T>traceTask(T,io.perfmark.StringFunction<? super T>)	io.perfmark.PerfMark	SOURCE
com.netflix.zuul.netty.filter.BaseZuulFilterRunner$FilterChainResumer	onNextStarted(io.perfmark.Link)	apply(T)	io.perfmark.StringFunction	SOURCE
com.netflix.zuul.netty.filter.BaseZuulFilterRunner$FilterChainResumer	onNextStarted(io.perfmark.Link)	filterName()	com.netflix.zuul.filters.ZuulFilter	SOURCE
com.netflix.zuul.netty.filter.BaseZuulFilterRunner$FilterChainResumer	onNextStarted(io.perfmark.Link)	linkIn(io.perfmark.Link)	io.perfmark.PerfMark	SOURCE
com.netflix.zuul.netty.filter.BaseZuulFilterRunner$FilterChainResumer	onNextStarted(io.perfmark.Link)	compareAndSet(V,V)	java.util.concurrent.atomic.AtomicReference	SOURCE
com.netflix.zuul.netty.filter.BaseZuulFilterRunner$FilterChainResumer	onNextStarted(io.perfmark.Link)	linkOut()	io.perfmark.PerfMark	SOURCE
com.netflix.zuul.netty.filter.BaseZuulFilterRunner$FilterChainResumer	onErrorStarted(io.perfmark.Link)	call(T)	rx.functions.Action1	SOURCE
com.netflix.zuul.netty.filter.BaseZuulFilterRunner$FilterChainResumer	onErrorStarted(io.perfmark.Link)	<T>traceTask(T,io.perfmark.StringFunction<? super T>)	io.perfmark.PerfMark	SOURCE
com.netflix.zuul.netty.filter.BaseZuulFilterRunner$FilterChainResumer	onErrorStarted(io.perfmark.Link)	apply(T)	io.perfmark.StringFunction	SOURCE
com.netflix.zuul.netty.filter.BaseZuulFilterRunner$FilterChainResumer	onErrorStarted(io.perfmark.Link)	filterName()	com.netflix.zuul.filters.ZuulFilter	SOURCE
com.netflix.zuul.netty.filter.BaseZuulFilterRunner$FilterChainResumer	onErrorStarted(io.perfmark.Link)	linkIn(io.perfmark.Link)	io.perfmark.PerfMark	SOURCE
com.netflix.zuul.netty.filter.BaseZuulFilterRunner$FilterChainResumer	onErrorStarted(io.perfmark.Link)	compareAndSet(V,V)	java.util.concurrent.atomic.AtomicReference	SOURCE
com.netflix.zuul.netty.filter.BaseZuulFilterRunner$FilterChainResumer	onErrorStarted(io.perfmark.Link)	linkOut()	io.perfmark.PerfMark	SOURCE
com.netflix.zuul.netty.filter.BaseZuulFilterRunner$FilterChainResumer	onCompletedStarted(io.perfmark.Link)	call()	rx.functions.Action0	SOURCE
com.netflix.zuul.netty.filter.BaseZuulFilterRunner$FilterChainResumer	onCompletedStarted(io.perfmark.Link)	<T>traceTask(T,io.perfmark.StringFunction<? super T>)	io.perfmark.PerfMark	SOURCE
com.netflix.zuul.netty.filter.BaseZuulFilterRunner$FilterChainResumer	onCompletedStarted(io.perfmark.Link)	apply(T)	io.perfmark.StringFunction	SOURCE
com.netflix.zuul.netty.filter.BaseZuulFilterRunner$FilterChainResumer	onCompletedStarted(io.perfmark.Link)	filterName()	com.netflix.zuul.filters.ZuulFilter	SOURCE
com.netflix.zuul.netty.filter.BaseZuulFilterRunner$FilterChainResumer	onCompletedStarted(io.perfmark.Link)	linkIn(io.perfmark.Link)	io.perfmark.PerfMark	SOURCE
com.netflix.zuul.netty.filter.BaseZuulFilterRunner$FilterChainResumer	onCompletedStarted(io.perfmark.Link)	compareAndSet(V,V)	java.util.concurrent.atomic.AtomicReference	SOURCE
com.netflix.zuul.netty.filter.BaseZuulFilterRunner$FilterChainResumer	onCompletedStarted(io.perfmark.Link)	linkOut()	io.perfmark.PerfMark	SOURCE
com.netflix.zuul.netty.filter.ZuulEndPointRunner	logger	getLogger(java.lang.Class<?>)	org.slf4j.LoggerFactory	SOURCE
com.netflix.zuul.netty.filter.ZuulEndPointRunner	PROXY_ENDPOINT_FILTER_NAME	getCanonicalName()	java.lang.Class	SOURCE
com.netflix.zuul.netty.filter.ZuulEndPointRunner	DEFAULT_ERROR_ENDPOINT	DynamicStringProperty(java.lang.String,java.lang.String)	com.netflix.config.DynamicStringProperty	SOURCE
com.netflix.zuul.netty.filter.ZuulEndPointRunner	ZuulEndPointRunner(com.netflix.zuul.FilterUsageNotifier,com.netflix.zuul.FilterLoader,com.netflix.zuul.netty.filter.FilterRunner<com.netflix.zuul.message.http.HttpResponseMessage,com.netflix.zuul.message.http.HttpResponseMessage>,com.netflix.spectator.api.Registry)	BaseZuulFilterRunner(com.netflix.zuul.filters.FilterType,com.netflix.zuul.FilterUsageNotifier,com.netflix.zuul.netty.filter.FilterRunner<O,?>,com.netflix.spectator.api.Registry)	com.netflix.zuul.netty.filter.BaseZuulFilterRunner	SOURCE
com.netflix.zuul.netty.filter.ZuulEndPointRunner	getEndpoint(com.netflix.zuul.message.http.HttpRequestMessage)	<T>get(com.netflix.zuul.context.SessionContext.Key<T>)	com.netflix.zuul.context.SessionContext	SOURCE
com.netflix.zuul.netty.filter.ZuulEndPointRunner	getEndpoint(com.netflix.zuul.message.http.HttpRequestMessage)	getContext()	com.netflix.zuul.message.ZuulMessage	SOURCE
com.netflix.zuul.netty.filter.ZuulEndPointRunner	setEndpoint(com.netflix.zuul.message.http.HttpRequestMessage,com.netflix.zuul.filters.ZuulFilter<com.netflix.zuul.message.http.HttpRequestMessage,com.netflix.zuul.message.http.HttpResponseMessage>)	<T>put(com.netflix.zuul.context.SessionContext.Key<T>,T)	com.netflix.zuul.context.SessionContext	SOURCE
com.netflix.zuul.netty.filter.ZuulEndPointRunner	setEndpoint(com.netflix.zuul.message.http.HttpRequestMessage,com.netflix.zuul.filters.ZuulFilter<com.netflix.zuul.message.http.HttpRequestMessage,com.netflix.zuul.message.http.HttpResponseMessage>)	getContext()	com.netflix.zuul.message.ZuulMessage	SOURCE
com.netflix.zuul.netty.filter.ZuulEndPointRunner	filter(com.netflix.zuul.message.http.HttpRequestMessage)	isCancelled()	com.netflix.zuul.context.SessionContext	SOURCE
com.netflix.zuul.netty.filter.ZuulEndPointRunner	filter(com.netflix.zuul.message.http.HttpRequestMessage)	getContext()	com.netflix.zuul.message.ZuulMessage	SOURCE
com.netflix.zuul.netty.filter.ZuulEndPointRunner	filter(com.netflix.zuul.message.http.HttpRequestMessage)	event(java.lang.String,java.lang.String)	io.perfmark.PerfMark	SOURCE
com.netflix.zuul.netty.filter.ZuulEndPointRunner	filter(com.netflix.zuul.message.http.HttpRequestMessage)	getName()	java.lang.Class	SOURCE
com.netflix.zuul.netty.filter.ZuulEndPointRunner	filter(com.netflix.zuul.message.http.HttpRequestMessage)	getClass()	java.lang.Object	SOURCE
com.netflix.zuul.netty.filter.ZuulEndPointRunner	filter(com.netflix.zuul.message.http.HttpRequestMessage)	disposeBufferedBody()	com.netflix.zuul.message.ZuulMessage	SOURCE
com.netflix.zuul.netty.filter.ZuulEndPointRunner	filter(com.netflix.zuul.message.http.HttpRequestMessage)	debug(java.lang.String,java.lang.Object)	org.slf4j.Logger	SOURCE
com.netflix.zuul.netty.filter.ZuulEndPointRunner	filter(com.netflix.zuul.message.http.HttpRequestMessage)	getUUID()	com.netflix.zuul.context.SessionContext	SOURCE
com.netflix.zuul.netty.filter.ZuulEndPointRunner	filter(com.netflix.zuul.message.http.HttpRequestMessage)	getContext()	com.netflix.zuul.message.ZuulMessage	SOURCE
com.netflix.zuul.netty.filter.ZuulEndPointRunner	filter(com.netflix.zuul.message.http.HttpRequestMessage)	getEndPointName(com.netflix.zuul.context.SessionContext)	com.netflix.zuul.netty.filter.ZuulEndPointRunner	SOURCE
com.netflix.zuul.netty.filter.ZuulEndPointRunner	filter(com.netflix.zuul.message.http.HttpRequestMessage)	getContext()	com.netflix.zuul.message.ZuulMessage	SOURCE
com.netflix.zuul.netty.filter.ZuulEndPointRunner	filter(com.netflix.zuul.message.http.HttpRequestMessage)	<T>traceTask(T,io.perfmark.StringFunction<? super T>)	io.perfmark.PerfMark	SOURCE
com.netflix.zuul.netty.filter.ZuulEndPointRunner	filter(com.netflix.zuul.message.http.HttpRequestMessage)	apply(T)	io.perfmark.StringFunction	SOURCE
com.netflix.zuul.netty.filter.ZuulEndPointRunner	filter(com.netflix.zuul.message.http.HttpRequestMessage)	getSimpleName()	java.lang.Class	SOURCE
com.netflix.zuul.netty.filter.ZuulEndPointRunner	filter(com.netflix.zuul.message.http.HttpRequestMessage)	getClass()	java.lang.Object	SOURCE
com.netflix.zuul.netty.filter.ZuulEndPointRunner	filter(com.netflix.zuul.message.http.HttpRequestMessage)	<T>checkNotNull(T,java.lang.String)	com.netflix.spectator.impl.Preconditions	SOURCE
com.netflix.zuul.netty.filter.ZuulEndPointRunner	filter(com.netflix.zuul.message.http.HttpRequestMessage)	addPerfMarkTags(com.netflix.zuul.message.ZuulMessage)	com.netflix.zuul.netty.filter.BaseZuulFilterRunner	SOURCE
com.netflix.zuul.netty.filter.ZuulEndPointRunner	filter(com.netflix.zuul.message.http.HttpRequestMessage)	getEndpoint(java.lang.String,com.netflix.zuul.message.http.HttpRequestMessage)	com.netflix.zuul.netty.filter.ZuulEndPointRunner	SOURCE
com.netflix.zuul.netty.filter.ZuulEndPointRunner	filter(com.netflix.zuul.message.http.HttpRequestMessage)	debug(java.lang.String,java.lang.Object,java.lang.Object)	org.slf4j.Logger	SOURCE
com.netflix.zuul.netty.filter.ZuulEndPointRunner	filter(com.netflix.zuul.message.http.HttpRequestMessage)	filterName()	com.netflix.zuul.filters.ZuulFilter	SOURCE
com.netflix.zuul.netty.filter.ZuulEndPointRunner	filter(com.netflix.zuul.message.http.HttpRequestMessage)	getUUID()	com.netflix.zuul.context.SessionContext	SOURCE
com.netflix.zuul.netty.filter.ZuulEndPointRunner	filter(com.netflix.zuul.message.http.HttpRequestMessage)	getContext()	com.netflix.zuul.message.ZuulMessage	SOURCE
com.netflix.zuul.netty.filter.ZuulEndPointRunner	filter(com.netflix.zuul.message.http.HttpRequestMessage)	setEndpoint(com.netflix.zuul.message.http.HttpRequestMessage,com.netflix.zuul.filters.ZuulFilter<com.netflix.zuul.message.http.HttpRequestMessage,com.netflix.zuul.message.http.HttpResponseMessage>)	com.netflix.zuul.netty.filter.ZuulEndPointRunner	SOURCE
com.netflix.zuul.netty.filter.ZuulEndPointRunner	filter(com.netflix.zuul.message.http.HttpRequestMessage)	filter(com.netflix.zuul.filters.ZuulFilter<I,O>,I)	com.netflix.zuul.netty.filter.BaseZuulFilterRunner	SOURCE
com.netflix.zuul.netty.filter.ZuulEndPointRunner	filter(com.netflix.zuul.message.http.HttpRequestMessage)	debug(java.lang.String,java.lang.Object)	org.slf4j.Logger	SOURCE
com.netflix.zuul.netty.filter.ZuulEndPointRunner	filter(com.netflix.zuul.message.http.HttpRequestMessage)	getUUID()	com.netflix.zuul.context.SessionContext	SOURCE
com.netflix.zuul.netty.filter.ZuulEndPointRunner	filter(com.netflix.zuul.message.http.HttpRequestMessage)	getContext()	com.netflix.zuul.message.ZuulMessage	SOURCE
com.netflix.zuul.netty.filter.ZuulEndPointRunner	filter(com.netflix.zuul.message.http.HttpRequestMessage)	invokeNextStage(O)	com.netflix.zuul.netty.filter.BaseZuulFilterRunner	SOURCE
com.netflix.zuul.netty.filter.ZuulEndPointRunner	filter(com.netflix.zuul.message.http.HttpRequestMessage)	handleException(com.netflix.zuul.message.ZuulMessage,java.lang.String,java.lang.Exception)	com.netflix.zuul.netty.filter.BaseZuulFilterRunner	SOURCE
com.netflix.zuul.netty.filter.ZuulEndPointRunner	resume(com.netflix.zuul.message.http.HttpResponseMessage)	<T>traceTask(T,io.perfmark.StringFunction<? super T>)	io.perfmark.PerfMark	SOURCE
com.netflix.zuul.netty.filter.ZuulEndPointRunner	resume(com.netflix.zuul.message.http.HttpResponseMessage)	apply(T)	io.perfmark.StringFunction	SOURCE
com.netflix.zuul.netty.filter.ZuulEndPointRunner	resume(com.netflix.zuul.message.http.HttpResponseMessage)	getSimpleName()	java.lang.Class	SOURCE
com.netflix.zuul.netty.filter.ZuulEndPointRunner	resume(com.netflix.zuul.message.http.HttpResponseMessage)	getClass()	java.lang.Object	SOURCE
com.netflix.zuul.netty.filter.ZuulEndPointRunner	resume(com.netflix.zuul.message.http.HttpResponseMessage)	isCancelled()	com.netflix.zuul.context.SessionContext	SOURCE
com.netflix.zuul.netty.filter.ZuulEndPointRunner	resume(com.netflix.zuul.message.http.HttpResponseMessage)	getContext()	com.netflix.zuul.message.ZuulMessage	SOURCE
com.netflix.zuul.netty.filter.ZuulEndPointRunner	resume(com.netflix.zuul.message.http.HttpResponseMessage)	invokeNextStage(O)	com.netflix.zuul.netty.filter.BaseZuulFilterRunner	SOURCE
com.netflix.zuul.netty.filter.ZuulEndPointRunner	filter(com.netflix.zuul.message.http.HttpRequestMessage,io.netty.handler.codec.http.HttpContent)	isCancelled()	com.netflix.zuul.context.SessionContext	SOURCE
com.netflix.zuul.netty.filter.ZuulEndPointRunner	filter(com.netflix.zuul.message.http.HttpRequestMessage,io.netty.handler.codec.http.HttpContent)	getContext()	com.netflix.zuul.message.ZuulMessage	SOURCE
com.netflix.zuul.netty.filter.ZuulEndPointRunner	filter(com.netflix.zuul.message.http.HttpRequestMessage,io.netty.handler.codec.http.HttpContent)	release()	io.netty.util.ReferenceCounted	SOURCE
com.netflix.zuul.netty.filter.ZuulEndPointRunner	filter(com.netflix.zuul.message.http.HttpRequestMessage,io.netty.handler.codec.http.HttpContent)	<T>traceTask(T,io.perfmark.StringFunction<? super T>)	io.perfmark.PerfMark	SOURCE
com.netflix.zuul.netty.filter.ZuulEndPointRunner	filter(com.netflix.zuul.message.http.HttpRequestMessage,io.netty.handler.codec.http.HttpContent)	apply(T)	io.perfmark.StringFunction	SOURCE
com.netflix.zuul.netty.filter.ZuulEndPointRunner	filter(com.netflix.zuul.message.http.HttpRequestMessage,io.netty.handler.codec.http.HttpContent)	getSimpleName()	java.lang.Class	SOURCE
com.netflix.zuul.netty.filter.ZuulEndPointRunner	filter(com.netflix.zuul.message.http.HttpRequestMessage,io.netty.handler.codec.http.HttpContent)	getClass()	java.lang.Object	SOURCE
com.netflix.zuul.netty.filter.ZuulEndPointRunner	filter(com.netflix.zuul.message.http.HttpRequestMessage,io.netty.handler.codec.http.HttpContent)	addPerfMarkTags(com.netflix.zuul.message.ZuulMessage)	com.netflix.zuul.netty.filter.BaseZuulFilterRunner	SOURCE
com.netflix.zuul.netty.filter.ZuulEndPointRunner	filter(com.netflix.zuul.message.http.HttpRequestMessage,io.netty.handler.codec.http.HttpContent)	<T>checkNotNull(T,java.lang.String)	com.netflix.spectator.impl.Preconditions	SOURCE
com.netflix.zuul.netty.filter.ZuulEndPointRunner	filter(com.netflix.zuul.message.http.HttpRequestMessage,io.netty.handler.codec.http.HttpContent)	getEndpoint(com.netflix.zuul.message.http.HttpRequestMessage)	com.netflix.zuul.netty.filter.ZuulEndPointRunner	SOURCE
com.netflix.zuul.netty.filter.ZuulEndPointRunner	filter(com.netflix.zuul.message.http.HttpRequestMessage,io.netty.handler.codec.http.HttpContent)	filterName()	com.netflix.zuul.filters.ZuulFilter	SOURCE
com.netflix.zuul.netty.filter.ZuulEndPointRunner	filter(com.netflix.zuul.message.http.HttpRequestMessage,io.netty.handler.codec.http.HttpContent)	touch(io.netty.util.ReferenceCounted,java.lang.String,com.netflix.zuul.message.ZuulMessage)	com.netflix.netty.common.ByteBufUtil	SOURCE
com.netflix.zuul.netty.filter.ZuulEndPointRunner	filter(com.netflix.zuul.message.http.HttpRequestMessage,io.netty.handler.codec.http.HttpContent)	processContentChunk(com.netflix.zuul.message.ZuulMessage,io.netty.handler.codec.http.HttpContent)	com.netflix.zuul.filters.ZuulFilter	SOURCE
com.netflix.zuul.netty.filter.ZuulEndPointRunner	filter(com.netflix.zuul.message.http.HttpRequestMessage,io.netty.handler.codec.http.HttpContent)	touch(io.netty.util.ReferenceCounted,java.lang.String,com.netflix.zuul.message.ZuulMessage)	com.netflix.netty.common.ByteBufUtil	SOURCE
com.netflix.zuul.netty.filter.ZuulEndPointRunner	filter(com.netflix.zuul.message.http.HttpRequestMessage,io.netty.handler.codec.http.HttpContent)	bufferBodyContents(io.netty.handler.codec.http.HttpContent)	com.netflix.zuul.message.ZuulMessage	SOURCE
com.netflix.zuul.netty.filter.ZuulEndPointRunner	filter(com.netflix.zuul.message.http.HttpRequestMessage,io.netty.handler.codec.http.HttpContent)	release()	io.netty.util.ReferenceCounted	SOURCE
com.netflix.zuul.netty.filter.ZuulEndPointRunner	filter(com.netflix.zuul.message.http.HttpRequestMessage,io.netty.handler.codec.http.HttpContent)	isFilterAwaitingBody(com.netflix.zuul.context.SessionContext)	com.netflix.zuul.netty.filter.BaseZuulFilterRunner	SOURCE
com.netflix.zuul.netty.filter.ZuulEndPointRunner	filter(com.netflix.zuul.message.http.HttpRequestMessage,io.netty.handler.codec.http.HttpContent)	getContext()	com.netflix.zuul.message.ZuulMessage	SOURCE
com.netflix.zuul.netty.filter.ZuulEndPointRunner	filter(com.netflix.zuul.message.http.HttpRequestMessage,io.netty.handler.codec.http.HttpContent)	hasCompleteBody()	com.netflix.zuul.message.ZuulMessage	SOURCE
com.netflix.zuul.netty.filter.ZuulEndPointRunner	filter(com.netflix.zuul.message.http.HttpRequestMessage,io.netty.handler.codec.http.HttpContent)	touch(io.netty.util.ReferenceCounted,java.lang.String,com.netflix.zuul.message.ZuulMessage)	com.netflix.netty.common.ByteBufUtil	SOURCE
com.netflix.zuul.netty.filter.ZuulEndPointRunner	filter(com.netflix.zuul.message.http.HttpRequestMessage,io.netty.handler.codec.http.HttpContent)	invokeNextStage(O)	com.netflix.zuul.netty.filter.BaseZuulFilterRunner	SOURCE
com.netflix.zuul.netty.filter.ZuulEndPointRunner	filter(com.netflix.zuul.message.http.HttpRequestMessage,io.netty.handler.codec.http.HttpContent)	filter(com.netflix.zuul.filters.ZuulFilter<I,O>,I)	com.netflix.zuul.netty.filter.BaseZuulFilterRunner	SOURCE
com.netflix.zuul.netty.filter.ZuulEndPointRunner	filter(com.netflix.zuul.message.http.HttpRequestMessage,io.netty.handler.codec.http.HttpContent)	safeRelease(java.lang.Object)	io.netty.util.ReferenceCountUtil	SOURCE
com.netflix.zuul.netty.filter.ZuulEndPointRunner	filter(com.netflix.zuul.message.http.HttpRequestMessage,io.netty.handler.codec.http.HttpContent)	handleException(com.netflix.zuul.message.ZuulMessage,java.lang.String,java.lang.Exception)	com.netflix.zuul.netty.filter.BaseZuulFilterRunner	SOURCE
com.netflix.zuul.netty.filter.ZuulEndPointRunner	getEndPointName(com.netflix.zuul.context.SessionContext)	shouldSendErrorResponse()	com.netflix.zuul.context.SessionContext	SOURCE
com.netflix.zuul.netty.filter.ZuulEndPointRunner	getEndPointName(com.netflix.zuul.context.SessionContext)	setShouldSendErrorResponse(boolean)	com.netflix.zuul.context.SessionContext	SOURCE
com.netflix.zuul.netty.filter.ZuulEndPointRunner	getEndPointName(com.netflix.zuul.context.SessionContext)	setErrorResponseSent(boolean)	com.netflix.zuul.context.SessionContext	SOURCE
com.netflix.zuul.netty.filter.ZuulEndPointRunner	getEndPointName(com.netflix.zuul.context.SessionContext)	getErrorEndpoint()	com.netflix.zuul.context.SessionContext	SOURCE
com.netflix.zuul.netty.filter.ZuulEndPointRunner	getEndPointName(com.netflix.zuul.context.SessionContext)	isNullOrEmpty(java.lang.String)	com.google.common.base.Strings	SOURCE
com.netflix.zuul.netty.filter.ZuulEndPointRunner	getEndPointName(com.netflix.zuul.context.SessionContext)	get()	com.netflix.config.DynamicStringProperty	SOURCE
com.netflix.zuul.netty.filter.ZuulEndPointRunner	getEndPointName(com.netflix.zuul.context.SessionContext)	getEndpoint()	com.netflix.zuul.context.SessionContext	SOURCE
com.netflix.zuul.netty.filter.ZuulEndPointRunner	getEndpoint(java.lang.String,com.netflix.zuul.message.http.HttpRequestMessage)	getContext()	com.netflix.zuul.message.ZuulMessage	SOURCE
com.netflix.zuul.netty.filter.ZuulEndPointRunner	getEndpoint(java.lang.String,com.netflix.zuul.message.http.HttpRequestMessage)	getStaticResponse()	com.netflix.zuul.context.SessionContext	SOURCE
com.netflix.zuul.netty.filter.ZuulEndPointRunner	getEndpoint(java.lang.String,com.netflix.zuul.message.http.HttpRequestMessage)	MissingEndpointHandlingFilter(java.lang.String)	com.netflix.zuul.filters.endpoint.MissingEndpointHandlingFilter	SOURCE
com.netflix.zuul.netty.filter.ZuulEndPointRunner	getEndpoint(java.lang.String,com.netflix.zuul.message.http.HttpRequestMessage)	equals(java.lang.Object)	java.lang.String	SOURCE
com.netflix.zuul.netty.filter.ZuulEndPointRunner	getEndpoint(java.lang.String,com.netflix.zuul.message.http.HttpRequestMessage)	newProxyEndpoint(com.netflix.zuul.message.http.HttpRequestMessage)	com.netflix.zuul.netty.filter.ZuulEndPointRunner	SOURCE
com.netflix.zuul.netty.filter.ZuulEndPointRunner	getEndpoint(java.lang.String,com.netflix.zuul.message.http.HttpRequestMessage)	<I,O>getEndpointFilter(java.lang.String)	com.netflix.zuul.netty.filter.ZuulEndPointRunner	SOURCE
com.netflix.zuul.netty.filter.ZuulEndPointRunner	getEndpoint(java.lang.String,com.netflix.zuul.message.http.HttpRequestMessage)	MissingEndpointHandlingFilter(java.lang.String)	com.netflix.zuul.filters.endpoint.MissingEndpointHandlingFilter	SOURCE
com.netflix.zuul.netty.filter.ZuulEndPointRunner	newProxyEndpoint(com.netflix.zuul.message.http.HttpRequestMessage)	ProxyEndpoint(com.netflix.zuul.message.http.HttpRequestMessage,io.netty.channel.ChannelHandlerContext,com.netflix.zuul.netty.filter.FilterRunner<com.netflix.zuul.message.http.HttpResponseMessage,?>,com.netflix.zuul.netty.server.MethodBinding<?>)	com.netflix.zuul.filters.endpoint.ProxyEndpoint	SOURCE
com.netflix.zuul.netty.filter.ZuulEndPointRunner	newProxyEndpoint(com.netflix.zuul.message.http.HttpRequestMessage)	getChannelHandlerContext(com.netflix.zuul.message.ZuulMessage)	com.netflix.zuul.netty.filter.BaseZuulFilterRunner	SOURCE
com.netflix.zuul.netty.filter.ZuulEndPointRunner	newProxyEndpoint(com.netflix.zuul.message.http.HttpRequestMessage)	getNextStage()	com.netflix.zuul.netty.filter.BaseZuulFilterRunner	SOURCE
com.netflix.zuul.netty.filter.ZuulEndPointRunner	<I,O>getEndpointFilter(java.lang.String)	getFilterByNameAndType(java.lang.String,com.netflix.zuul.filters.FilterType)	com.netflix.zuul.FilterLoader	SOURCE
com.netflix.zuul.netty.filter.ZuulEndPointRunner	STATIC_RESPONSE_ENDPOINT	()	com.netflix.zuul.netty.filter.ZuulEndPointRunner$1	SOURCE
com.netflix.zuul.netty.filter.ZuulEndPointRunner$1	apply(com.netflix.zuul.message.http.HttpRequestMessage)	getStaticResponse()	com.netflix.zuul.context.SessionContext	SOURCE
com.netflix.zuul.netty.filter.ZuulEndPointRunner$1	apply(com.netflix.zuul.message.http.HttpRequestMessage)	getContext()	com.netflix.zuul.message.ZuulMessage	SOURCE
com.netflix.zuul.netty.filter.ZuulEndPointRunner$1	apply(com.netflix.zuul.message.http.HttpRequestMessage)	finishBufferedBodyIfIncomplete()	com.netflix.zuul.message.ZuulMessage	SOURCE
com.netflix.zuul.netty.filter.ZuulEndPointRunner$1	getDefaultOutput(com.netflix.zuul.message.http.HttpRequestMessage)	defaultErrorResponse(com.netflix.zuul.message.http.HttpRequestMessage)	com.netflix.zuul.message.http.HttpResponseMessageImpl	SOURCE
com.netflix.zuul.filters.endpoint.MissingEndpointHandlingFilter	LOG	getLogger(java.lang.Class<?>)	org.slf4j.LoggerFactory	SOURCE
com.netflix.zuul.filters.endpoint.MissingEndpointHandlingFilter	MissingEndpointHandlingFilter(java.lang.String)	SyncZuulFilterAdapter()	com.netflix.zuul.filters.SyncZuulFilterAdapter	SOURCE
com.netflix.zuul.filters.endpoint.MissingEndpointHandlingFilter	apply(com.netflix.zuul.message.http.HttpRequestMessage)	getContext()	com.netflix.zuul.message.ZuulMessage	SOURCE
com.netflix.zuul.filters.endpoint.MissingEndpointHandlingFilter	apply(com.netflix.zuul.message.http.HttpRequestMessage)	setErrorResponseSent(boolean)	com.netflix.zuul.context.SessionContext	SOURCE
com.netflix.zuul.filters.endpoint.MissingEndpointHandlingFilter	apply(com.netflix.zuul.message.http.HttpRequestMessage)	setError(java.lang.Throwable)	com.netflix.zuul.context.SessionContext	SOURCE
com.netflix.zuul.filters.endpoint.MissingEndpointHandlingFilter	apply(com.netflix.zuul.message.http.HttpRequestMessage)	ZuulException(java.lang.String,boolean)	com.netflix.zuul.exception.ZuulException	SOURCE
com.netflix.zuul.filters.endpoint.MissingEndpointHandlingFilter	apply(com.netflix.zuul.message.http.HttpRequestMessage)	error(java.lang.String)	org.slf4j.Logger	SOURCE
com.netflix.zuul.filters.endpoint.MissingEndpointHandlingFilter	apply(com.netflix.zuul.message.http.HttpRequestMessage)	HttpResponseMessageImpl(com.netflix.zuul.context.SessionContext,com.netflix.zuul.message.http.HttpRequestMessage,int)	com.netflix.zuul.message.http.HttpResponseMessageImpl	SOURCE
com.netflix.zuul.filters.endpoint.MissingEndpointHandlingFilter	getDefaultOutput(com.netflix.zuul.message.http.HttpRequestMessage)	defaultErrorResponse(com.netflix.zuul.message.http.HttpRequestMessage)	com.netflix.zuul.message.http.HttpResponseMessageImpl	SOURCE
com.netflix.zuul.context.ZuulSessionContextDecorator	UUID_FACTORY	ConcurrentUUIDFactory()	com.netflix.util.concurrent.ConcurrentUUIDFactory	SOURCE
com.netflix.zuul.context.ZuulSessionContextDecorator	ZuulSessionContextDecorator(com.netflix.zuul.origins.OriginManager)	Object()	java.lang.Object	SOURCE
com.netflix.zuul.context.ZuulSessionContextDecorator	decorate(com.netflix.zuul.context.SessionContext)	get(java.lang.Object)	com.netflix.zuul.context.SessionContext	SOURCE
com.netflix.zuul.context.ZuulSessionContextDecorator	decorate(com.netflix.zuul.context.SessionContext)	channel()	io.netty.channel.ChannelHandlerContext	SOURCE
com.netflix.zuul.context.ZuulSessionContextDecorator	decorate(com.netflix.zuul.context.SessionContext)	put(java.lang.String,java.lang.Object)	com.netflix.zuul.context.SessionContext	SOURCE
com.netflix.zuul.context.ZuulSessionContextDecorator	decorate(com.netflix.zuul.context.SessionContext)	<T>put(com.netflix.zuul.context.SessionContext.Key<T>,T)	com.netflix.zuul.context.SessionContext	SOURCE
com.netflix.zuul.context.ZuulSessionContextDecorator	decorate(com.netflix.zuul.context.SessionContext)	RequestAttempts()	com.netflix.zuul.niws.RequestAttempts	SOURCE
com.netflix.zuul.context.ZuulSessionContextDecorator	decorate(com.netflix.zuul.context.SessionContext)	<T>put(com.netflix.zuul.context.SessionContext.Key<T>,T)	com.netflix.zuul.context.SessionContext	SOURCE
com.netflix.zuul.context.ZuulSessionContextDecorator	decorate(com.netflix.zuul.context.SessionContext)	getCurrentInboundBodySize(io.netty.channel.Channel)	com.netflix.netty.common.metrics.HttpBodySizeRecordingChannelHandler	SOURCE
com.netflix.zuul.context.ZuulSessionContextDecorator	decorate(com.netflix.zuul.context.SessionContext)	<T>put(com.netflix.zuul.context.SessionContext.Key<T>,T)	com.netflix.zuul.context.SessionContext	SOURCE
com.netflix.zuul.context.ZuulSessionContextDecorator	decorate(com.netflix.zuul.context.SessionContext)	getCurrentOutboundBodySize(io.netty.channel.Channel)	com.netflix.netty.common.metrics.HttpBodySizeRecordingChannelHandler	SOURCE
com.netflix.zuul.context.ZuulSessionContextDecorator	decorate(com.netflix.zuul.context.SessionContext)	fromChannel(io.netty.channel.Channel)	com.netflix.zuul.passport.CurrentPassport	SOURCE
com.netflix.zuul.context.ZuulSessionContextDecorator	decorate(com.netflix.zuul.context.SessionContext)	<T>put(com.netflix.zuul.context.SessionContext.Key<T>,T)	com.netflix.zuul.context.SessionContext	SOURCE
com.netflix.zuul.context.ZuulSessionContextDecorator	decorate(com.netflix.zuul.context.SessionContext)	setUUID(java.lang.String)	com.netflix.zuul.context.SessionContext	SOURCE
com.netflix.zuul.context.ZuulSessionContextDecorator	decorate(com.netflix.zuul.context.SessionContext)	toString()	java.util.UUID	SOURCE
com.netflix.zuul.context.ZuulSessionContextDecorator	decorate(com.netflix.zuul.context.SessionContext)	generateRandomUuid()	com.netflix.util.UUIDFactory	SOURCE
com.netflix.zuul.context.Debug	LOG	getLogger(java.lang.Class<?>)	org.slf4j.LoggerFactory	SOURCE
com.netflix.zuul.context.Debug	setDebugRequest(com.netflix.zuul.context.SessionContext,boolean)	setDebugRequest(boolean)	com.netflix.zuul.context.SessionContext	SOURCE
com.netflix.zuul.context.Debug	setDebugRequestHeadersOnly(com.netflix.zuul.context.SessionContext,boolean)	setDebugRequestHeadersOnly(boolean)	com.netflix.zuul.context.SessionContext	SOURCE
com.netflix.zuul.context.Debug	debugRequestHeadersOnly(com.netflix.zuul.context.SessionContext)	debugRequestHeadersOnly()	com.netflix.zuul.context.SessionContext	SOURCE
com.netflix.zuul.context.Debug	setDebugRouting(com.netflix.zuul.context.SessionContext,boolean)	setDebugRouting(boolean)	com.netflix.zuul.context.SessionContext	SOURCE
com.netflix.zuul.context.Debug	debugRequest(com.netflix.zuul.context.SessionContext)	debugRequest()	com.netflix.zuul.context.SessionContext	SOURCE
com.netflix.zuul.context.Debug	debugRouting(com.netflix.zuul.context.SessionContext)	debugRouting()	com.netflix.zuul.context.SessionContext	SOURCE
com.netflix.zuul.context.Debug	addRoutingDebug(com.netflix.zuul.context.SessionContext,java.lang.String)	getRoutingDebug(com.netflix.zuul.context.SessionContext)	com.netflix.zuul.context.Debug	SOURCE
com.netflix.zuul.context.Debug	addRoutingDebug(com.netflix.zuul.context.SessionContext,java.lang.String)	add(E)	java.util.List	SOURCE
com.netflix.zuul.context.Debug	addRequestDebugForMessage(com.netflix.zuul.context.SessionContext,com.netflix.zuul.message.ZuulMessage,java.lang.String)	entries()	com.netflix.zuul.message.Headers	SOURCE
com.netflix.zuul.context.Debug	addRequestDebugForMessage(com.netflix.zuul.context.SessionContext,com.netflix.zuul.message.ZuulMessage,java.lang.String)	getHeaders()	com.netflix.zuul.message.ZuulMessage	SOURCE
com.netflix.zuul.context.Debug	addRequestDebugForMessage(com.netflix.zuul.context.SessionContext,com.netflix.zuul.message.ZuulMessage,java.lang.String)	addRequestDebug(com.netflix.zuul.context.SessionContext,java.lang.String)	com.netflix.zuul.context.Debug	SOURCE
com.netflix.zuul.context.Debug	addRequestDebugForMessage(com.netflix.zuul.context.SessionContext,com.netflix.zuul.message.ZuulMessage,java.lang.String)	getKey()	com.netflix.zuul.message.Header	SOURCE
com.netflix.zuul.context.Debug	addRequestDebugForMessage(com.netflix.zuul.context.SessionContext,com.netflix.zuul.message.ZuulMessage,java.lang.String)	getValue()	com.netflix.zuul.message.Header	SOURCE
com.netflix.zuul.context.Debug	addRequestDebugForMessage(com.netflix.zuul.context.SessionContext,com.netflix.zuul.message.ZuulMessage,java.lang.String)	hasBody()	com.netflix.zuul.message.ZuulMessage	SOURCE
com.netflix.zuul.context.Debug	addRequestDebugForMessage(com.netflix.zuul.context.SessionContext,com.netflix.zuul.message.ZuulMessage,java.lang.String)	getBodyAsText()	com.netflix.zuul.message.ZuulMessage	SOURCE
com.netflix.zuul.context.Debug	addRequestDebugForMessage(com.netflix.zuul.context.SessionContext,com.netflix.zuul.message.ZuulMessage,java.lang.String)	addRequestDebug(com.netflix.zuul.context.SessionContext,java.lang.String)	com.netflix.zuul.context.Debug	SOURCE
com.netflix.zuul.context.Debug	getRoutingDebug(com.netflix.zuul.context.SessionContext)	get(java.lang.Object)	com.netflix.zuul.context.SessionContext	SOURCE
com.netflix.zuul.context.Debug	getRoutingDebug(com.netflix.zuul.context.SessionContext)	ArrayList()	java.util.ArrayList	SOURCE
com.netflix.zuul.context.Debug	getRoutingDebug(com.netflix.zuul.context.SessionContext)	set(java.lang.String,java.lang.Object)	com.netflix.zuul.context.SessionContext	SOURCE
com.netflix.zuul.context.Debug	addRequestDebug(com.netflix.zuul.context.SessionContext,java.lang.String)	getRequestDebug(com.netflix.zuul.context.SessionContext)	com.netflix.zuul.context.Debug	SOURCE
com.netflix.zuul.context.Debug	addRequestDebug(com.netflix.zuul.context.SessionContext,java.lang.String)	add(E)	java.util.List	SOURCE
com.netflix.zuul.context.Debug	getRequestDebug(com.netflix.zuul.context.SessionContext)	get(java.lang.Object)	com.netflix.zuul.context.SessionContext	SOURCE
com.netflix.zuul.context.Debug	getRequestDebug(com.netflix.zuul.context.SessionContext)	ArrayList()	java.util.ArrayList	SOURCE
com.netflix.zuul.context.Debug	getRequestDebug(com.netflix.zuul.context.SessionContext)	set(java.lang.String,java.lang.Object)	com.netflix.zuul.context.SessionContext	SOURCE
com.netflix.zuul.context.Debug	compareContextState(java.lang.String,com.netflix.zuul.context.SessionContext,com.netflix.zuul.context.SessionContext)	getRoutingDebug(com.netflix.zuul.context.SessionContext)	com.netflix.zuul.context.Debug	SOURCE
com.netflix.zuul.context.Debug	compareContextState(java.lang.String,com.netflix.zuul.context.SessionContext,com.netflix.zuul.context.SessionContext)	iterator()	java.util.Set	SOURCE
com.netflix.zuul.context.Debug	compareContextState(java.lang.String,com.netflix.zuul.context.SessionContext,com.netflix.zuul.context.SessionContext)	keySet()	java.util.HashMap	SOURCE
com.netflix.zuul.context.Debug	compareContextState(java.lang.String,com.netflix.zuul.context.SessionContext,com.netflix.zuul.context.SessionContext)	next()	java.util.Iterator	SOURCE
com.netflix.zuul.context.Debug	compareContextState(java.lang.String,com.netflix.zuul.context.SessionContext,com.netflix.zuul.context.SessionContext)	equals(java.lang.Object)	java.lang.String	SOURCE
com.netflix.zuul.context.Debug	compareContextState(java.lang.String,com.netflix.zuul.context.SessionContext,com.netflix.zuul.context.SessionContext)	equals(java.lang.Object)	java.lang.String	SOURCE
com.netflix.zuul.context.Debug	compareContextState(java.lang.String,com.netflix.zuul.context.SessionContext,com.netflix.zuul.context.SessionContext)	get(java.lang.Object)	com.netflix.zuul.context.SessionContext	SOURCE
com.netflix.zuul.context.Debug	compareContextState(java.lang.String,com.netflix.zuul.context.SessionContext,com.netflix.zuul.context.SessionContext)	get(java.lang.Object)	com.netflix.zuul.context.SessionContext	SOURCE
com.netflix.zuul.context.Debug	compareContextState(java.lang.String,com.netflix.zuul.context.SessionContext,com.netflix.zuul.context.SessionContext)	addRoutingDebug(com.netflix.zuul.context.SessionContext,java.lang.String)	com.netflix.zuul.context.Debug	SOURCE
com.netflix.zuul.context.Debug	compareContextState(java.lang.String,com.netflix.zuul.context.SessionContext,com.netflix.zuul.context.SessionContext)	toString()	java.lang.Object	SOURCE
com.netflix.zuul.context.Debug	compareContextState(java.lang.String,com.netflix.zuul.context.SessionContext,com.netflix.zuul.context.SessionContext)	equals(java.lang.Object)	java.lang.Object	SOURCE
com.netflix.zuul.context.Debug	compareContextState(java.lang.String,com.netflix.zuul.context.SessionContext,com.netflix.zuul.context.SessionContext)	addRoutingDebug(com.netflix.zuul.context.SessionContext,java.lang.String)	com.netflix.zuul.context.Debug	SOURCE
com.netflix.zuul.context.Debug	compareContextState(java.lang.String,com.netflix.zuul.context.SessionContext,com.netflix.zuul.context.SessionContext)	toString()	java.lang.Object	SOURCE
com.netflix.zuul.context.Debug	compareContextState(java.lang.String,com.netflix.zuul.context.SessionContext,com.netflix.zuul.context.SessionContext)	hasNext()	java.util.Iterator	SOURCE
com.netflix.zuul.context.Debug	compareContextState(java.lang.String,com.netflix.zuul.context.SessionContext,com.netflix.zuul.context.SessionContext)	next()	java.util.Iterator	SOURCE
com.netflix.zuul.context.Debug	writeDebugRequest(com.netflix.zuul.context.SessionContext,com.netflix.zuul.message.http.HttpRequestInfo,boolean)	debugRequest(com.netflix.zuul.context.SessionContext)	com.netflix.zuul.context.Debug	SOURCE
com.netflix.zuul.context.Debug	writeDebugRequest(com.netflix.zuul.context.SessionContext,com.netflix.zuul.message.http.HttpRequestInfo,boolean)	addRequestDebug(com.netflix.zuul.context.SessionContext,java.lang.String)	com.netflix.zuul.context.Debug	SOURCE
com.netflix.zuul.context.Debug	writeDebugRequest(com.netflix.zuul.context.SessionContext,com.netflix.zuul.message.http.HttpRequestInfo,boolean)	format(java.lang.String,java.lang.Object...)	java.lang.String	SOURCE
com.netflix.zuul.context.Debug	writeDebugRequest(com.netflix.zuul.context.SessionContext,com.netflix.zuul.message.http.HttpRequestInfo,boolean)	toUpperCase()	java.lang.String	SOURCE
com.netflix.zuul.context.Debug	writeDebugRequest(com.netflix.zuul.context.SessionContext,com.netflix.zuul.message.http.HttpRequestInfo,boolean)	getMethod()	com.netflix.zuul.message.http.HttpRequestInfo	SOURCE
com.netflix.zuul.context.Debug	writeDebugRequest(com.netflix.zuul.context.SessionContext,com.netflix.zuul.message.http.HttpRequestInfo,boolean)	getPathAndQuery()	com.netflix.zuul.message.http.HttpRequestInfo	SOURCE
com.netflix.zuul.context.Debug	writeDebugRequest(com.netflix.zuul.context.SessionContext,com.netflix.zuul.message.http.HttpRequestInfo,boolean)	getProtocol()	com.netflix.zuul.message.http.HttpRequestInfo	SOURCE
com.netflix.zuul.context.Debug	writeDebugRequest(com.netflix.zuul.context.SessionContext,com.netflix.zuul.message.http.HttpRequestInfo,boolean)	writeDebugMessage(com.netflix.zuul.context.SessionContext,com.netflix.zuul.message.ZuulMessage,java.lang.String,java.lang.String)	com.netflix.zuul.context.Debug	SOURCE
com.netflix.zuul.context.Debug	writeDebugRequest(com.netflix.zuul.context.SessionContext,com.netflix.zuul.message.http.HttpRequestInfo,boolean)	<T>just(T)	rx.Observable	SOURCE
com.netflix.zuul.context.Debug	writeDebugResponse(com.netflix.zuul.context.SessionContext,com.netflix.zuul.message.http.HttpResponseInfo,boolean)	debugRequest(com.netflix.zuul.context.SessionContext)	com.netflix.zuul.context.Debug	SOURCE
com.netflix.zuul.context.Debug	writeDebugResponse(com.netflix.zuul.context.SessionContext,com.netflix.zuul.message.http.HttpResponseInfo,boolean)	addRequestDebug(com.netflix.zuul.context.SessionContext,java.lang.String)	com.netflix.zuul.context.Debug	SOURCE
com.netflix.zuul.context.Debug	writeDebugResponse(com.netflix.zuul.context.SessionContext,com.netflix.zuul.message.http.HttpResponseInfo,boolean)	format(java.lang.String,java.lang.Object...)	java.lang.String	SOURCE
com.netflix.zuul.context.Debug	writeDebugResponse(com.netflix.zuul.context.SessionContext,com.netflix.zuul.message.http.HttpResponseInfo,boolean)	getStatus()	com.netflix.zuul.message.http.HttpResponseInfo	SOURCE
com.netflix.zuul.context.Debug	writeDebugResponse(com.netflix.zuul.context.SessionContext,com.netflix.zuul.message.http.HttpResponseInfo,boolean)	writeDebugMessage(com.netflix.zuul.context.SessionContext,com.netflix.zuul.message.ZuulMessage,java.lang.String,java.lang.String)	com.netflix.zuul.context.Debug	SOURCE
com.netflix.zuul.context.Debug	writeDebugResponse(com.netflix.zuul.context.SessionContext,com.netflix.zuul.message.http.HttpResponseInfo,boolean)	<T>just(T)	rx.Observable	SOURCE
com.netflix.zuul.context.Debug	writeDebugMessage(com.netflix.zuul.context.SessionContext,com.netflix.zuul.message.ZuulMessage,java.lang.String,java.lang.String)	entries()	com.netflix.zuul.message.Headers	SOURCE
com.netflix.zuul.context.Debug	writeDebugMessage(com.netflix.zuul.context.SessionContext,com.netflix.zuul.message.ZuulMessage,java.lang.String,java.lang.String)	getHeaders()	com.netflix.zuul.message.ZuulMessage	SOURCE
com.netflix.zuul.context.Debug	writeDebugMessage(com.netflix.zuul.context.SessionContext,com.netflix.zuul.message.ZuulMessage,java.lang.String,java.lang.String)	addRequestDebug(com.netflix.zuul.context.SessionContext,java.lang.String)	com.netflix.zuul.context.Debug	SOURCE
com.netflix.zuul.context.Debug	writeDebugMessage(com.netflix.zuul.context.SessionContext,com.netflix.zuul.message.ZuulMessage,java.lang.String,java.lang.String)	format(java.lang.String,java.lang.Object...)	java.lang.String	SOURCE
com.netflix.zuul.context.Debug	writeDebugMessage(com.netflix.zuul.context.SessionContext,com.netflix.zuul.message.ZuulMessage,java.lang.String,java.lang.String)	getKey()	com.netflix.zuul.message.Header	SOURCE
com.netflix.zuul.context.Debug	writeDebugMessage(com.netflix.zuul.context.SessionContext,com.netflix.zuul.message.ZuulMessage,java.lang.String,java.lang.String)	getValue()	com.netflix.zuul.message.Header	SOURCE
com.netflix.zuul.context.Debug	writeDebugMessage(com.netflix.zuul.context.SessionContext,com.netflix.zuul.message.ZuulMessage,java.lang.String,java.lang.String)	hasBody()	com.netflix.zuul.message.ZuulMessage	SOURCE
com.netflix.zuul.context.Debug	writeDebugMessage(com.netflix.zuul.context.SessionContext,com.netflix.zuul.message.ZuulMessage,java.lang.String,java.lang.String)	debugRequestHeadersOnly(com.netflix.zuul.context.SessionContext)	com.netflix.zuul.context.Debug	SOURCE
com.netflix.zuul.context.Debug	writeDebugMessage(com.netflix.zuul.context.SessionContext,com.netflix.zuul.message.ZuulMessage,java.lang.String,java.lang.String)	getBodyAsText()	com.netflix.zuul.message.ZuulMessage	SOURCE
com.netflix.zuul.context.Debug	writeDebugMessage(com.netflix.zuul.context.SessionContext,com.netflix.zuul.message.ZuulMessage,java.lang.String,java.lang.String)	addRequestDebug(com.netflix.zuul.context.SessionContext,java.lang.String)	com.netflix.zuul.context.Debug	SOURCE
com.netflix.zuul.context.Debug	writeDebugMessage(com.netflix.zuul.context.SessionContext,com.netflix.zuul.message.ZuulMessage,java.lang.String,java.lang.String)	format(java.lang.String,java.lang.Object...)	java.lang.String	SOURCE
com.netflix.zuul.context.Debug	writeDebugMessage(com.netflix.zuul.context.SessionContext,com.netflix.zuul.message.ZuulMessage,java.lang.String,java.lang.String)	<T>just(T)	rx.Observable	SOURCE
com.netflix.zuul.BasicFilterUsageNotifier	BasicFilterUsageNotifier(com.netflix.spectator.api.Registry)	Object()	java.lang.Object	SOURCE
com.netflix.zuul.BasicFilterUsageNotifier	notify(com.netflix.zuul.filters.ZuulFilter<?,?>,com.netflix.zuul.ExecutionStatus)	increment()	com.netflix.spectator.api.Counter	SOURCE
com.netflix.zuul.BasicFilterUsageNotifier	notify(com.netflix.zuul.filters.ZuulFilter<?,?>,com.netflix.zuul.ExecutionStatus)	counter(java.lang.String,java.lang.String...)	com.netflix.spectator.api.Registry	SOURCE
com.netflix.zuul.BasicFilterUsageNotifier	notify(com.netflix.zuul.filters.ZuulFilter<?,?>,com.netflix.zuul.ExecutionStatus)	getSimpleName()	java.lang.Class	SOURCE
com.netflix.zuul.BasicFilterUsageNotifier	notify(com.netflix.zuul.filters.ZuulFilter<?,?>,com.netflix.zuul.ExecutionStatus)	getClass()	java.lang.Object	SOURCE
com.netflix.zuul.BasicFilterUsageNotifier	notify(com.netflix.zuul.filters.ZuulFilter<?,?>,com.netflix.zuul.ExecutionStatus)	name()	java.lang.Enum	SOURCE
com.netflix.zuul.BasicFilterUsageNotifier	notify(com.netflix.zuul.filters.ZuulFilter<?,?>,com.netflix.zuul.ExecutionStatus)	toString()	com.netflix.zuul.filters.FilterType	SOURCE
com.netflix.zuul.BasicFilterUsageNotifier	notify(com.netflix.zuul.filters.ZuulFilter<?,?>,com.netflix.zuul.ExecutionStatus)	filterType()	com.netflix.zuul.filters.ZuulFilter	SOURCE
com.netflix.zuul.util.HttpUtils	LOG	getLogger(java.lang.Class<?>)	org.slf4j.LoggerFactory	SOURCE
com.netflix.zuul.util.HttpUtils	getClientIP(com.netflix.zuul.message.http.HttpRequestInfo)	getFirst(com.netflix.zuul.message.HeaderName)	com.netflix.zuul.message.Headers	SOURCE
com.netflix.zuul.util.HttpUtils	getClientIP(com.netflix.zuul.message.http.HttpRequestInfo)	getHeaders()	com.netflix.zuul.message.http.HttpRequestInfo	SOURCE
com.netflix.zuul.util.HttpUtils	getClientIP(com.netflix.zuul.message.http.HttpRequestInfo)	getClientIp()	com.netflix.zuul.message.http.HttpRequestInfo	SOURCE
com.netflix.zuul.util.HttpUtils	getClientIP(com.netflix.zuul.message.http.HttpRequestInfo)	extractClientIpFromXForwardedFor(java.lang.String)	com.netflix.zuul.util.HttpUtils	SOURCE
com.netflix.zuul.util.HttpUtils	extractClientIpFromXForwardedFor(java.lang.String)	trim()	java.lang.String	SOURCE
com.netflix.zuul.util.HttpUtils	extractClientIpFromXForwardedFor(java.lang.String)	split(java.lang.String)	java.lang.String	SOURCE
com.netflix.zuul.util.HttpUtils	extractClientIpFromXForwardedFor(java.lang.String)	trim()	java.lang.String	SOURCE
com.netflix.zuul.util.HttpUtils	isCompressed(java.lang.String)	contains(java.lang.CharSequence)	java.lang.String	SOURCE
com.netflix.zuul.util.HttpUtils	isCompressed(java.lang.String)	toString()	io.netty.util.AsciiString	SOURCE
com.netflix.zuul.util.HttpUtils	isCompressed(java.lang.String)	contains(java.lang.CharSequence)	java.lang.String	SOURCE
com.netflix.zuul.util.HttpUtils	isCompressed(java.lang.String)	toString()	io.netty.util.AsciiString	SOURCE
com.netflix.zuul.util.HttpUtils	isCompressed(java.lang.String)	contains(java.lang.CharSequence)	java.lang.String	SOURCE
com.netflix.zuul.util.HttpUtils	isCompressed(java.lang.String)	toString()	io.netty.util.AsciiString	SOURCE
com.netflix.zuul.util.HttpUtils	isCompressed(java.lang.String)	contains(java.lang.CharSequence)	java.lang.String	SOURCE
com.netflix.zuul.util.HttpUtils	isCompressed(java.lang.String)	toString()	io.netty.util.AsciiString	SOURCE
com.netflix.zuul.util.HttpUtils	isCompressed(com.netflix.zuul.message.Headers)	getFirst(com.netflix.zuul.message.HeaderName)	com.netflix.zuul.message.Headers	SOURCE
com.netflix.zuul.util.HttpUtils	isCompressed(com.netflix.zuul.message.Headers)	isCompressed(java.lang.String)	com.netflix.zuul.util.HttpUtils	SOURCE
com.netflix.zuul.util.HttpUtils	acceptsGzip(com.netflix.zuul.message.Headers)	getFirst(com.netflix.zuul.message.HeaderName)	com.netflix.zuul.message.Headers	SOURCE
com.netflix.zuul.util.HttpUtils	acceptsGzip(com.netflix.zuul.message.Headers)	contains(java.lang.CharSequence)	java.lang.String	SOURCE
com.netflix.zuul.util.HttpUtils	acceptsGzip(com.netflix.zuul.message.Headers)	toString()	io.netty.util.AsciiString	SOURCE
com.netflix.zuul.util.HttpUtils	stripMaliciousHeaderChars(java.lang.String)	indexOf(int)	java.lang.String	SOURCE
com.netflix.zuul.util.HttpUtils	stripMaliciousHeaderChars(java.lang.String)	replace(java.lang.CharSequence,java.lang.CharSequence)	java.lang.String	SOURCE
com.netflix.zuul.util.HttpUtils	stripMaliciousHeaderChars(java.lang.String)	toString(char)	java.lang.Character	SOURCE
com.netflix.zuul.util.HttpUtils	hasNonZeroContentLengthHeader(com.netflix.zuul.message.ZuulMessage)	getContentLengthIfPresent(com.netflix.zuul.message.ZuulMessage)	com.netflix.zuul.util.HttpUtils	SOURCE
com.netflix.zuul.util.HttpUtils	hasNonZeroContentLengthHeader(com.netflix.zuul.message.ZuulMessage)	intValue()	java.lang.Integer	SOURCE
com.netflix.zuul.util.HttpUtils	getContentLengthIfPresent(com.netflix.zuul.message.ZuulMessage)	getFirst(com.netflix.zuul.message.HeaderName)	com.netflix.zuul.message.Headers	SOURCE
com.netflix.zuul.util.HttpUtils	getContentLengthIfPresent(com.netflix.zuul.message.ZuulMessage)	getHeaders()	com.netflix.zuul.message.ZuulMessage	SOURCE
com.netflix.zuul.util.HttpUtils	getContentLengthIfPresent(com.netflix.zuul.message.ZuulMessage)	isNullOrEmpty(java.lang.String)	com.google.common.base.Strings	SOURCE
com.netflix.zuul.util.HttpUtils	getContentLengthIfPresent(com.netflix.zuul.message.ZuulMessage)	valueOf(java.lang.String)	java.lang.Integer	SOURCE
com.netflix.zuul.util.HttpUtils	getContentLengthIfPresent(com.netflix.zuul.message.ZuulMessage)	info(java.lang.String,java.lang.Object,java.lang.Object)	org.slf4j.Logger	SOURCE
com.netflix.zuul.util.HttpUtils	getBodySizeIfKnown(com.netflix.zuul.message.ZuulMessage)	getContentLengthIfPresent(com.netflix.zuul.message.ZuulMessage)	com.netflix.zuul.util.HttpUtils	SOURCE
com.netflix.zuul.util.HttpUtils	getBodySizeIfKnown(com.netflix.zuul.message.ZuulMessage)	hasCompleteBody()	com.netflix.zuul.message.ZuulMessage	SOURCE
com.netflix.zuul.util.HttpUtils	getBodySizeIfKnown(com.netflix.zuul.message.ZuulMessage)	getBodyLength()	com.netflix.zuul.message.ZuulMessage	SOURCE
com.netflix.zuul.util.HttpUtils	hasChunkedTransferEncodingHeader(com.netflix.zuul.message.ZuulMessage)	getFirst(com.netflix.zuul.message.HeaderName)	com.netflix.zuul.message.Headers	SOURCE
com.netflix.zuul.util.HttpUtils	hasChunkedTransferEncodingHeader(com.netflix.zuul.message.ZuulMessage)	getHeaders()	com.netflix.zuul.message.ZuulMessage	SOURCE
com.netflix.zuul.util.HttpUtils	hasChunkedTransferEncodingHeader(com.netflix.zuul.message.ZuulMessage)	isNullOrEmpty(java.lang.String)	com.google.common.base.Strings	SOURCE
com.netflix.zuul.util.HttpUtils	hasChunkedTransferEncodingHeader(com.netflix.zuul.message.ZuulMessage)	equals(java.lang.Object)	java.lang.String	SOURCE
com.netflix.zuul.util.HttpUtils	hasChunkedTransferEncodingHeader(com.netflix.zuul.message.ZuulMessage)	toLowerCase()	java.lang.String	SOURCE
com.netflix.zuul.util.HttpUtils	getMainChannel(io.netty.channel.ChannelHandlerContext)	getMainChannel(io.netty.channel.Channel)	com.netflix.zuul.util.HttpUtils	SOURCE
com.netflix.zuul.util.HttpUtils	getMainChannel(io.netty.channel.ChannelHandlerContext)	channel()	io.netty.channel.ChannelHandlerContext	SOURCE
com.netflix.zuul.util.HttpUtils	getMainChannel(io.netty.channel.Channel)	parent()	io.netty.channel.Channel	SOURCE
com.netflix.zuul.util.ProxyUtils	OVERWRITE_XF_HEADERS	CachedDynamicBooleanProperty(java.lang.String,boolean)	com.netflix.config.CachedDynamicBooleanProperty	SOURCE
com.netflix.zuul.util.ProxyUtils	RESP_HEADERS_TO_STRIP	HashSet()	java.util.HashSet	SOURCE
com.netflix.zuul.util.ProxyUtils	null	add(E)	java.util.Set	SOURCE
com.netflix.zuul.util.ProxyUtils	null	add(E)	java.util.Set	SOURCE
com.netflix.zuul.util.ProxyUtils	null	add(E)	java.util.Set	SOURCE
com.netflix.zuul.util.ProxyUtils	REQ_HEADERS_TO_STRIP	HashSet()	java.util.HashSet	SOURCE
com.netflix.zuul.util.ProxyUtils	null	add(E)	java.util.Set	SOURCE
com.netflix.zuul.util.ProxyUtils	null	add(E)	java.util.Set	SOURCE
com.netflix.zuul.util.ProxyUtils	null	add(E)	java.util.Set	SOURCE
com.netflix.zuul.util.ProxyUtils	null	add(E)	java.util.Set	SOURCE
com.netflix.zuul.util.ProxyUtils	isValidRequestHeader(com.netflix.zuul.message.HeaderName)	contains(java.lang.Object)	java.util.Set	SOURCE
com.netflix.zuul.util.ProxyUtils	isValidResponseHeader(com.netflix.zuul.message.HeaderName)	contains(java.lang.Object)	java.util.Set	SOURCE
com.netflix.zuul.util.ProxyUtils	addXForwardedHeaders(com.netflix.zuul.message.http.HttpRequestMessage)	getHeaders()	com.netflix.zuul.message.http.HttpRequestInfo	SOURCE
com.netflix.zuul.util.ProxyUtils	addXForwardedHeaders(com.netflix.zuul.message.http.HttpRequestMessage)	addXForwardedHeader(com.netflix.zuul.message.Headers,com.netflix.zuul.message.HeaderName,java.lang.String)	com.netflix.zuul.util.ProxyUtils	SOURCE
com.netflix.zuul.util.ProxyUtils	addXForwardedHeaders(com.netflix.zuul.message.http.HttpRequestMessage)	getOriginalHost()	com.netflix.zuul.message.http.HttpRequestInfo	SOURCE
com.netflix.zuul.util.ProxyUtils	addXForwardedHeaders(com.netflix.zuul.message.http.HttpRequestMessage)	addXForwardedHeader(com.netflix.zuul.message.Headers,com.netflix.zuul.message.HeaderName,java.lang.String)	com.netflix.zuul.util.ProxyUtils	SOURCE
com.netflix.zuul.util.ProxyUtils	addXForwardedHeaders(com.netflix.zuul.message.http.HttpRequestMessage)	toString(int)	java.lang.Integer	SOURCE
com.netflix.zuul.util.ProxyUtils	addXForwardedHeaders(com.netflix.zuul.message.http.HttpRequestMessage)	getPort()	com.netflix.zuul.message.http.HttpRequestInfo	SOURCE
com.netflix.zuul.util.ProxyUtils	addXForwardedHeaders(com.netflix.zuul.message.http.HttpRequestMessage)	addXForwardedHeader(com.netflix.zuul.message.Headers,com.netflix.zuul.message.HeaderName,java.lang.String)	com.netflix.zuul.util.ProxyUtils	SOURCE
com.netflix.zuul.util.ProxyUtils	addXForwardedHeaders(com.netflix.zuul.message.http.HttpRequestMessage)	getScheme()	com.netflix.zuul.message.http.HttpRequestInfo	SOURCE
com.netflix.zuul.util.ProxyUtils	addXForwardedHeaders(com.netflix.zuul.message.http.HttpRequestMessage)	addXForwardedHeader(com.netflix.zuul.message.Headers,com.netflix.zuul.message.HeaderName,java.lang.String)	com.netflix.zuul.util.ProxyUtils	SOURCE
com.netflix.zuul.util.ProxyUtils	addXForwardedHeaders(com.netflix.zuul.message.http.HttpRequestMessage)	getClientIp()	com.netflix.zuul.message.http.HttpRequestInfo	SOURCE
com.netflix.zuul.util.ProxyUtils	addXForwardedHeader(com.netflix.zuul.message.Headers,com.netflix.zuul.message.HeaderName,java.lang.String)	get()	com.netflix.config.CachedDynamicBooleanProperty	SOURCE
com.netflix.zuul.util.ProxyUtils	addXForwardedHeader(com.netflix.zuul.message.Headers,com.netflix.zuul.message.HeaderName,java.lang.String)	set(com.netflix.zuul.message.HeaderName,java.lang.String)	com.netflix.zuul.message.Headers	SOURCE
com.netflix.zuul.util.ProxyUtils	addXForwardedHeader(com.netflix.zuul.message.Headers,com.netflix.zuul.message.HeaderName,java.lang.String)	getFirst(com.netflix.zuul.message.HeaderName)	com.netflix.zuul.message.Headers	SOURCE
com.netflix.zuul.util.ProxyUtils	addXForwardedHeader(com.netflix.zuul.message.Headers,com.netflix.zuul.message.HeaderName,java.lang.String)	set(com.netflix.zuul.message.HeaderName,java.lang.String)	com.netflix.zuul.message.Headers	SOURCE
com.netflix.zuul.message.util.HttpRequestBuilder	HttpRequestBuilder(com.netflix.zuul.context.SessionContext)	Object()	java.lang.Object	SOURCE
com.netflix.zuul.message.util.HttpRequestBuilder	HttpRequestBuilder(com.netflix.zuul.context.SessionContext)	<T>requireNonNull(T)	java.util.Objects	SOURCE
com.netflix.zuul.message.util.HttpRequestBuilder	HttpRequestBuilder(com.netflix.zuul.context.SessionContext)	text()	io.netty.handler.codec.http.HttpVersion	SOURCE
com.netflix.zuul.message.util.HttpRequestBuilder	HttpRequestBuilder(com.netflix.zuul.context.SessionContext)	HttpQueryParams()	com.netflix.zuul.message.http.HttpQueryParams	SOURCE
com.netflix.zuul.message.util.HttpRequestBuilder	HttpRequestBuilder(com.netflix.zuul.context.SessionContext)	Headers()	com.netflix.zuul.message.Headers	SOURCE
com.netflix.zuul.message.util.HttpRequestBuilder	withDefaults()	build()	com.netflix.zuul.message.util.HttpRequestBuilder	SOURCE
com.netflix.zuul.message.util.HttpRequestBuilder	withHost(java.lang.String)	<T>requireNonNull(T)	java.util.Objects	SOURCE
com.netflix.zuul.message.util.HttpRequestBuilder	withHeaders(com.netflix.zuul.message.Headers)	<T>requireNonNull(T)	java.util.Objects	SOURCE
com.netflix.zuul.message.util.HttpRequestBuilder	withQueryParams(com.netflix.zuul.message.http.HttpQueryParams)	<T>requireNonNull(T)	java.util.Objects	SOURCE
com.netflix.zuul.message.util.HttpRequestBuilder	withMethod(io.netty.handler.codec.http.HttpMethod)	name()	io.netty.handler.codec.http.HttpMethod	SOURCE
com.netflix.zuul.message.util.HttpRequestBuilder	withMethod(io.netty.handler.codec.http.HttpMethod)	<T>requireNonNull(T)	java.util.Objects	SOURCE
com.netflix.zuul.message.util.HttpRequestBuilder	withUri(java.lang.String)	<T>requireNonNull(T)	java.util.Objects	SOURCE
com.netflix.zuul.message.util.HttpRequestBuilder	build()	IllegalStateException(java.lang.String)	java.lang.IllegalStateException	SOURCE
com.netflix.zuul.message.util.HttpRequestBuilder	build()	HttpRequestMessageImpl(com.netflix.zuul.context.SessionContext,java.lang.String,java.lang.String,java.lang.String,com.netflix.zuul.message.http.HttpQueryParams,com.netflix.zuul.message.Headers,java.lang.String,java.lang.String,int,java.lang.String)	com.netflix.zuul.message.http.HttpRequestMessageImpl	SOURCE
com.netflix.zuul.message.http.HttpResponseMessageImpl	MAX_BODY_SIZE_PROP	getIntProperty(java.lang.String,int)	com.netflix.config.DynamicPropertyFactory	SOURCE
com.netflix.zuul.message.http.HttpResponseMessageImpl	MAX_BODY_SIZE_PROP	getInstance()	com.netflix.config.DynamicPropertyFactory	SOURCE
com.netflix.zuul.message.http.HttpResponseMessageImpl	LOG	getLogger(java.lang.Class<?>)	org.slf4j.LoggerFactory	SOURCE
com.netflix.zuul.message.http.HttpResponseMessageImpl	HttpResponseMessageImpl(com.netflix.zuul.context.SessionContext,com.netflix.zuul.message.http.HttpRequestMessage,int)	HttpResponseMessageImpl(com.netflix.zuul.context.SessionContext,com.netflix.zuul.message.Headers,com.netflix.zuul.message.http.HttpRequestMessage,int)	com.netflix.zuul.message.http.HttpResponseMessageImpl	SOURCE
com.netflix.zuul.message.http.HttpResponseMessageImpl	HttpResponseMessageImpl(com.netflix.zuul.context.SessionContext,com.netflix.zuul.message.http.HttpRequestMessage,int)	Headers()	com.netflix.zuul.message.Headers	SOURCE
com.netflix.zuul.message.http.HttpResponseMessageImpl	HttpResponseMessageImpl(com.netflix.zuul.context.SessionContext,com.netflix.zuul.message.Headers,com.netflix.zuul.message.http.HttpRequestMessage,int)	Object()	java.lang.Object	SOURCE
com.netflix.zuul.message.http.HttpResponseMessageImpl	HttpResponseMessageImpl(com.netflix.zuul.context.SessionContext,com.netflix.zuul.message.Headers,com.netflix.zuul.message.http.HttpRequestMessage,int)	ZuulMessageImpl(com.netflix.zuul.context.SessionContext,com.netflix.zuul.message.Headers)	com.netflix.zuul.message.ZuulMessageImpl	SOURCE
com.netflix.zuul.message.http.HttpResponseMessageImpl	HttpResponseMessageImpl(com.netflix.zuul.context.SessionContext,com.netflix.zuul.message.Headers,com.netflix.zuul.message.http.HttpRequestMessage,int)	getInboundRequest()	com.netflix.zuul.message.http.HttpRequestMessage	SOURCE
com.netflix.zuul.message.http.HttpResponseMessageImpl	HttpResponseMessageImpl(com.netflix.zuul.context.SessionContext,com.netflix.zuul.message.Headers,com.netflix.zuul.message.http.HttpRequestMessage,int)	warn(java.lang.String,java.lang.Throwable)	org.slf4j.Logger	SOURCE
com.netflix.zuul.message.http.HttpResponseMessageImpl	HttpResponseMessageImpl(com.netflix.zuul.context.SessionContext,com.netflix.zuul.message.Headers,com.netflix.zuul.message.http.HttpRequestMessage,int)	RuntimeException(java.lang.String)	java.lang.RuntimeException	SOURCE
com.netflix.zuul.message.http.HttpResponseMessageImpl	defaultErrorResponse(com.netflix.zuul.message.http.HttpRequestMessage)	HttpResponseMessageImpl(com.netflix.zuul.context.SessionContext,com.netflix.zuul.message.http.HttpRequestMessage,int)	com.netflix.zuul.message.http.HttpResponseMessageImpl	SOURCE
com.netflix.zuul.message.http.HttpResponseMessageImpl	defaultErrorResponse(com.netflix.zuul.message.http.HttpRequestMessage)	getContext()	com.netflix.zuul.message.ZuulMessage	SOURCE
com.netflix.zuul.message.http.HttpResponseMessageImpl	defaultErrorResponse(com.netflix.zuul.message.http.HttpRequestMessage)	finishBufferedBodyIfIncomplete()	com.netflix.zuul.message.ZuulMessage	SOURCE
com.netflix.zuul.message.http.HttpResponseMessageImpl	getHeaders()	getHeaders()	com.netflix.zuul.message.ZuulMessage	SOURCE
com.netflix.zuul.message.http.HttpResponseMessageImpl	getContext()	getContext()	com.netflix.zuul.message.ZuulMessage	SOURCE
com.netflix.zuul.message.http.HttpResponseMessageImpl	setHeaders(com.netflix.zuul.message.Headers)	setHeaders(com.netflix.zuul.message.Headers)	com.netflix.zuul.message.ZuulMessage	SOURCE
com.netflix.zuul.message.http.HttpResponseMessageImpl	setHasBody(boolean)	setHasBody(boolean)	com.netflix.zuul.message.ZuulMessage	SOURCE
com.netflix.zuul.message.http.HttpResponseMessageImpl	hasBody()	hasBody()	com.netflix.zuul.message.ZuulMessage	SOURCE
com.netflix.zuul.message.http.HttpResponseMessageImpl	bufferBodyContents(io.netty.handler.codec.http.HttpContent)	bufferBodyContents(io.netty.handler.codec.http.HttpContent)	com.netflix.zuul.message.ZuulMessage	SOURCE
com.netflix.zuul.message.http.HttpResponseMessageImpl	setBodyAsText(java.lang.String)	setBodyAsText(java.lang.String)	com.netflix.zuul.message.ZuulMessage	SOURCE
com.netflix.zuul.message.http.HttpResponseMessageImpl	setBody(byte[])	setBody(byte[])	com.netflix.zuul.message.ZuulMessage	SOURCE
com.netflix.zuul.message.http.HttpResponseMessageImpl	getBodyAsText()	getBodyAsText()	com.netflix.zuul.message.ZuulMessage	SOURCE
com.netflix.zuul.message.http.HttpResponseMessageImpl	getBody()	getBody()	com.netflix.zuul.message.ZuulMessage	SOURCE
com.netflix.zuul.message.http.HttpResponseMessageImpl	getBodyLength()	getBodyLength()	com.netflix.zuul.message.ZuulMessage	SOURCE
com.netflix.zuul.message.http.HttpResponseMessageImpl	hasCompleteBody()	hasCompleteBody()	com.netflix.zuul.message.ZuulMessage	SOURCE
com.netflix.zuul.message.http.HttpResponseMessageImpl	finishBufferedBodyIfIncomplete()	finishBufferedBodyIfIncomplete()	com.netflix.zuul.message.ZuulMessage	SOURCE
com.netflix.zuul.message.http.HttpResponseMessageImpl	getBodyContents()	getBodyContents()	com.netflix.zuul.message.ZuulMessage	SOURCE
com.netflix.zuul.message.http.HttpResponseMessageImpl	resetBodyReader()	resetBodyReader()	com.netflix.zuul.message.ZuulMessage	SOURCE
com.netflix.zuul.message.http.HttpResponseMessageImpl	runBufferedBodyContentThroughFilter(com.netflix.zuul.filters.ZuulFilter)	runBufferedBodyContentThroughFilter(com.netflix.zuul.filters.ZuulFilter<?,?>)	com.netflix.zuul.message.ZuulMessage	SOURCE
com.netflix.zuul.message.http.HttpResponseMessageImpl	disposeBufferedBody()	disposeBufferedBody()	com.netflix.zuul.message.ZuulMessage	SOURCE
com.netflix.zuul.message.http.HttpResponseMessageImpl	getInboundRequest()	getInboundRequest()	com.netflix.zuul.message.http.HttpRequestMessage	SOURCE
com.netflix.zuul.message.http.HttpResponseMessageImpl	getMaxBodySize()	get()	com.netflix.config.DynamicIntProperty	SOURCE
com.netflix.zuul.message.http.HttpResponseMessageImpl	parseSetCookieHeader(java.lang.String)	Cookies()	com.netflix.zuul.message.http.Cookies	SOURCE
com.netflix.zuul.message.http.HttpResponseMessageImpl	parseSetCookieHeader(java.lang.String)	decode(java.lang.String)	io.netty.handler.codec.http.CookieDecoder	SOURCE
com.netflix.zuul.message.http.HttpResponseMessageImpl	parseSetCookieHeader(java.lang.String)	add(io.netty.handler.codec.http.Cookie)	com.netflix.zuul.message.http.Cookies	SOURCE
com.netflix.zuul.message.http.HttpResponseMessageImpl	hasSetCookieWithName(java.lang.String)	getAll(com.netflix.zuul.message.HeaderName)	com.netflix.zuul.message.Headers	SOURCE
com.netflix.zuul.message.http.HttpResponseMessageImpl	hasSetCookieWithName(java.lang.String)	getHeaders()	com.netflix.zuul.message.http.HttpResponseMessageImpl	SOURCE
com.netflix.zuul.message.http.HttpResponseMessageImpl	hasSetCookieWithName(java.lang.String)	decode(java.lang.String)	io.netty.handler.codec.http.CookieDecoder	SOURCE
com.netflix.zuul.message.http.HttpResponseMessageImpl	hasSetCookieWithName(java.lang.String)	equalsIgnoreCase(java.lang.String)	java.lang.String	SOURCE
com.netflix.zuul.message.http.HttpResponseMessageImpl	hasSetCookieWithName(java.lang.String)	getName()	io.netty.handler.codec.http.Cookie	SOURCE
com.netflix.zuul.message.http.HttpResponseMessageImpl	removeExistingSetCookie(java.lang.String)	Headers()	com.netflix.zuul.message.Headers	SOURCE
com.netflix.zuul.message.http.HttpResponseMessageImpl	removeExistingSetCookie(java.lang.String)	entries()	com.netflix.zuul.message.Headers	SOURCE
com.netflix.zuul.message.http.HttpResponseMessageImpl	removeExistingSetCookie(java.lang.String)	getHeaders()	com.netflix.zuul.message.http.HttpResponseMessageImpl	SOURCE
com.netflix.zuul.message.http.HttpResponseMessageImpl	removeExistingSetCookie(java.lang.String)	equals(java.lang.Object)	com.netflix.zuul.message.HeaderName	SOURCE
com.netflix.zuul.message.http.HttpResponseMessageImpl	removeExistingSetCookie(java.lang.String)	getName()	com.netflix.zuul.message.Header	SOURCE
com.netflix.zuul.message.http.HttpResponseMessageImpl	removeExistingSetCookie(java.lang.String)	getValue()	com.netflix.zuul.message.Header	SOURCE
com.netflix.zuul.message.http.HttpResponseMessageImpl	removeExistingSetCookie(java.lang.String)	startsWith(java.lang.String)	java.lang.String	SOURCE
com.netflix.zuul.message.http.HttpResponseMessageImpl	removeExistingSetCookie(java.lang.String)	add(com.netflix.zuul.message.HeaderName,java.lang.String)	com.netflix.zuul.message.Headers	SOURCE
com.netflix.zuul.message.http.HttpResponseMessageImpl	removeExistingSetCookie(java.lang.String)	getName()	com.netflix.zuul.message.Header	SOURCE
com.netflix.zuul.message.http.HttpResponseMessageImpl	removeExistingSetCookie(java.lang.String)	getValue()	com.netflix.zuul.message.Header	SOURCE
com.netflix.zuul.message.http.HttpResponseMessageImpl	removeExistingSetCookie(java.lang.String)	add(com.netflix.zuul.message.HeaderName,java.lang.String)	com.netflix.zuul.message.Headers	SOURCE
com.netflix.zuul.message.http.HttpResponseMessageImpl	removeExistingSetCookie(java.lang.String)	getName()	com.netflix.zuul.message.Header	SOURCE
com.netflix.zuul.message.http.HttpResponseMessageImpl	removeExistingSetCookie(java.lang.String)	getValue()	com.netflix.zuul.message.Header	SOURCE
com.netflix.zuul.message.http.HttpResponseMessageImpl	removeExistingSetCookie(java.lang.String)	setHeaders(com.netflix.zuul.message.Headers)	com.netflix.zuul.message.http.HttpResponseMessageImpl	SOURCE
com.netflix.zuul.message.http.HttpResponseMessageImpl	addSetCookie(io.netty.handler.codec.http.Cookie)	add(com.netflix.zuul.message.HeaderName,java.lang.String)	com.netflix.zuul.message.Headers	SOURCE
com.netflix.zuul.message.http.HttpResponseMessageImpl	addSetCookie(io.netty.handler.codec.http.Cookie)	getHeaders()	com.netflix.zuul.message.http.HttpResponseMessageImpl	SOURCE
com.netflix.zuul.message.http.HttpResponseMessageImpl	addSetCookie(io.netty.handler.codec.http.Cookie)	encode(io.netty.handler.codec.http.Cookie)	io.netty.handler.codec.http.ServerCookieEncoder	SOURCE
com.netflix.zuul.message.http.HttpResponseMessageImpl	setSetCookie(io.netty.handler.codec.http.Cookie)	set(com.netflix.zuul.message.HeaderName,java.lang.String)	com.netflix.zuul.message.Headers	SOURCE
com.netflix.zuul.message.http.HttpResponseMessageImpl	setSetCookie(io.netty.handler.codec.http.Cookie)	getHeaders()	com.netflix.zuul.message.http.HttpResponseMessageImpl	SOURCE
com.netflix.zuul.message.http.HttpResponseMessageImpl	setSetCookie(io.netty.handler.codec.http.Cookie)	encode(io.netty.handler.codec.http.Cookie)	io.netty.handler.codec.http.ServerCookieEncoder	SOURCE
com.netflix.zuul.message.http.HttpResponseMessageImpl	clone()	HttpResponseMessageImpl(com.netflix.zuul.context.SessionContext,com.netflix.zuul.message.Headers,com.netflix.zuul.message.http.HttpRequestMessage,int)	com.netflix.zuul.message.http.HttpResponseMessageImpl	SOURCE
com.netflix.zuul.message.http.HttpResponseMessageImpl	clone()	clone()	com.netflix.zuul.context.SessionContext	SOURCE
com.netflix.zuul.message.http.HttpResponseMessageImpl	clone()	getContext()	com.netflix.zuul.message.http.HttpResponseMessageImpl	SOURCE
com.netflix.zuul.message.http.HttpResponseMessageImpl	clone()	copyOf(com.netflix.zuul.message.Headers)	com.netflix.zuul.message.Headers	SOURCE
com.netflix.zuul.message.http.HttpResponseMessageImpl	clone()	getHeaders()	com.netflix.zuul.message.http.HttpResponseMessageImpl	SOURCE
com.netflix.zuul.message.http.HttpResponseMessageImpl	clone()	getOutboundRequest()	com.netflix.zuul.message.http.HttpResponseMessageImpl	SOURCE
com.netflix.zuul.message.http.HttpResponseMessageImpl	clone()	getStatus()	com.netflix.zuul.message.http.HttpResponseMessageImpl	SOURCE
com.netflix.zuul.message.http.HttpResponseMessageImpl	clone()	getInboundResponse()	com.netflix.zuul.message.http.HttpResponseMessageImpl	SOURCE
com.netflix.zuul.message.http.HttpResponseMessageImpl	clone()	clone()	com.netflix.zuul.message.http.HttpResponseInfo	SOURCE
com.netflix.zuul.message.http.HttpResponseMessageImpl	clone()	getInboundResponse()	com.netflix.zuul.message.http.HttpResponseMessageImpl	SOURCE
com.netflix.zuul.message.http.HttpResponseMessageImpl	copyResponseInfo()	HttpResponseMessageImpl(com.netflix.zuul.context.SessionContext,com.netflix.zuul.message.Headers,com.netflix.zuul.message.http.HttpRequestMessage,int)	com.netflix.zuul.message.http.HttpResponseMessageImpl	SOURCE
com.netflix.zuul.message.http.HttpResponseMessageImpl	copyResponseInfo()	getContext()	com.netflix.zuul.message.http.HttpResponseMessageImpl	SOURCE
com.netflix.zuul.message.http.HttpResponseMessageImpl	copyResponseInfo()	copyOf(com.netflix.zuul.message.Headers)	com.netflix.zuul.message.Headers	SOURCE
com.netflix.zuul.message.http.HttpResponseMessageImpl	copyResponseInfo()	getHeaders()	com.netflix.zuul.message.http.HttpResponseMessageImpl	SOURCE
com.netflix.zuul.message.http.HttpResponseMessageImpl	copyResponseInfo()	getOutboundRequest()	com.netflix.zuul.message.http.HttpResponseMessageImpl	SOURCE
com.netflix.zuul.message.http.HttpResponseMessageImpl	copyResponseInfo()	getStatus()	com.netflix.zuul.message.http.HttpResponseMessageImpl	SOURCE
com.netflix.zuul.message.http.HttpResponseMessageImpl	copyResponseInfo()	setHasBody(boolean)	com.netflix.zuul.message.http.HttpResponseMessageImpl	SOURCE
com.netflix.zuul.message.http.HttpResponseMessageImpl	copyResponseInfo()	hasBody()	com.netflix.zuul.message.http.HttpResponseMessageImpl	SOURCE
com.netflix.zuul.message.http.HttpResponseMessageImpl	storeInboundResponse()	copyResponseInfo()	com.netflix.zuul.message.http.HttpResponseMessageImpl	SOURCE
com.netflix.zuul.message.http.HttpResponseMessageImpl	getInfoForLogging()	getInboundRequest()	com.netflix.zuul.message.http.HttpResponseMessageImpl	SOURCE
com.netflix.zuul.message.http.HttpResponseMessageImpl	getInfoForLogging()	getOutboundRequest()	com.netflix.zuul.message.http.HttpResponseMessageImpl	SOURCE
com.netflix.zuul.message.http.HttpResponseMessageImpl	getInfoForLogging()	getInboundRequest()	com.netflix.zuul.message.http.HttpResponseMessageImpl	SOURCE
com.netflix.zuul.message.http.HttpResponseMessageImpl	getInfoForLogging()	append(int)	java.lang.StringBuilder	SOURCE
com.netflix.zuul.message.http.HttpResponseMessageImpl	getInfoForLogging()	append(java.lang.String)	java.lang.StringBuilder	SOURCE
com.netflix.zuul.message.http.HttpResponseMessageImpl	getInfoForLogging()	append(java.lang.String)	java.lang.StringBuilder	SOURCE
com.netflix.zuul.message.http.HttpResponseMessageImpl	getInfoForLogging()	StringBuilder()	java.lang.StringBuilder	SOURCE
com.netflix.zuul.message.http.HttpResponseMessageImpl	getInfoForLogging()	getInfoForLogging()	com.netflix.zuul.message.http.HttpRequestInfo	SOURCE
com.netflix.zuul.message.http.HttpResponseMessageImpl	getInfoForLogging()	getStatus()	com.netflix.zuul.message.http.HttpResponseMessageImpl	SOURCE
com.netflix.zuul.message.http.HttpResponseMessageImpl	getInfoForLogging()	toString()	java.lang.StringBuilder	SOURCE
com.netflix.zuul.message.http.HttpRequestMessageImpl	LOG	getLogger(java.lang.Class<?>)	org.slf4j.LoggerFactory	SOURCE
com.netflix.zuul.message.http.HttpRequestMessageImpl	STRICT_HOST_HEADER_VALIDATION	CachedDynamicBooleanProperty(java.lang.String,boolean)	com.netflix.config.CachedDynamicBooleanProperty	SOURCE
com.netflix.zuul.message.http.HttpRequestMessageImpl	MAX_BODY_SIZE_PROP	CachedDynamicIntProperty(java.lang.String,int)	com.netflix.config.CachedDynamicIntProperty	SOURCE
com.netflix.zuul.message.http.HttpRequestMessageImpl	CLEAN_COOKIES	CachedDynamicBooleanProperty(java.lang.String,boolean)	com.netflix.config.CachedDynamicBooleanProperty	SOURCE
com.netflix.zuul.message.http.HttpRequestMessageImpl	REGEX_PTNS_TO_STRIP_PROP	DynamicStringProperty(java.lang.String,java.lang.String)	com.netflix.config.DynamicStringProperty	SOURCE
com.netflix.zuul.message.http.HttpRequestMessageImpl	null	ArrayList()	java.util.ArrayList	SOURCE
com.netflix.zuul.message.http.HttpRequestMessageImpl	null	split(java.lang.String)	java.lang.String	SOURCE
com.netflix.zuul.message.http.HttpRequestMessageImpl	null	get()	com.netflix.config.DynamicStringProperty	SOURCE
com.netflix.zuul.message.http.HttpRequestMessageImpl	null	add(E)	java.util.List	SOURCE
com.netflix.zuul.message.http.HttpRequestMessageImpl	null	compile(java.lang.String)	java.util.regex.Pattern	SOURCE
com.netflix.zuul.message.http.HttpRequestMessageImpl	UNDEFINED_CLIENT_DEST_ADDRESS	()	com.netflix.zuul.message.http.HttpRequestMessageImpl$1	SOURCE
com.netflix.zuul.message.http.HttpRequestMessageImpl	HttpRequestMessageImpl(com.netflix.zuul.context.SessionContext,java.lang.String,java.lang.String,java.lang.String,com.netflix.zuul.message.http.HttpQueryParams,com.netflix.zuul.message.Headers,java.lang.String,java.lang.String,int,java.lang.String)	HttpRequestMessageImpl(com.netflix.zuul.context.SessionContext,java.lang.String,java.lang.String,java.lang.String,com.netflix.zuul.message.http.HttpQueryParams,com.netflix.zuul.message.Headers,java.lang.String,java.lang.String,int,java.lang.String,java.net.SocketAddress,boolean)	com.netflix.zuul.message.http.HttpRequestMessageImpl	SOURCE
com.netflix.zuul.message.http.HttpRequestMessageImpl	HttpRequestMessageImpl(com.netflix.zuul.context.SessionContext,java.lang.String,java.lang.String,java.lang.String,com.netflix.zuul.message.http.HttpQueryParams,com.netflix.zuul.message.Headers,java.lang.String,java.lang.String,int,java.lang.String,java.net.SocketAddress,boolean)	Object()	java.lang.Object	SOURCE
com.netflix.zuul.message.http.HttpRequestMessageImpl	HttpRequestMessageImpl(com.netflix.zuul.context.SessionContext,java.lang.String,java.lang.String,java.lang.String,com.netflix.zuul.message.http.HttpQueryParams,com.netflix.zuul.message.Headers,java.lang.String,java.lang.String,int,java.lang.String,java.net.SocketAddress,boolean)	ZuulMessageImpl(com.netflix.zuul.context.SessionContext,com.netflix.zuul.message.Headers)	com.netflix.zuul.message.ZuulMessageImpl	SOURCE
com.netflix.zuul.message.http.HttpRequestMessageImpl	HttpRequestMessageImpl(com.netflix.zuul.context.SessionContext,java.lang.String,java.lang.String,java.lang.String,com.netflix.zuul.message.http.HttpQueryParams,com.netflix.zuul.message.Headers,java.lang.String,java.lang.String,int,java.lang.String,java.net.SocketAddress,boolean)	decode(java.lang.String,java.lang.String)	java.net.URLDecoder	SOURCE
com.netflix.zuul.message.http.HttpRequestMessageImpl	HttpRequestMessageImpl(com.netflix.zuul.context.SessionContext,java.lang.String,java.lang.String,java.lang.String,com.netflix.zuul.message.http.HttpQueryParams,com.netflix.zuul.message.Headers,java.lang.String,java.lang.String,int,java.lang.String,java.net.SocketAddress,boolean)	HttpQueryParams()	com.netflix.zuul.message.http.HttpQueryParams	SOURCE
com.netflix.zuul.message.http.HttpRequestMessageImpl	immutableCheck()	IllegalStateException(java.lang.String)	java.lang.IllegalStateException	SOURCE
com.netflix.zuul.message.http.HttpRequestMessageImpl	getContext()	getContext()	com.netflix.zuul.message.ZuulMessage	SOURCE
com.netflix.zuul.message.http.HttpRequestMessageImpl	getHeaders()	getHeaders()	com.netflix.zuul.message.ZuulMessage	SOURCE
com.netflix.zuul.message.http.HttpRequestMessageImpl	setHeaders(com.netflix.zuul.message.Headers)	immutableCheck()	com.netflix.zuul.message.http.HttpRequestMessageImpl	SOURCE
com.netflix.zuul.message.http.HttpRequestMessageImpl	setHeaders(com.netflix.zuul.message.Headers)	setHeaders(com.netflix.zuul.message.Headers)	com.netflix.zuul.message.ZuulMessage	SOURCE
com.netflix.zuul.message.http.HttpRequestMessageImpl	setHasBody(boolean)	setHasBody(boolean)	com.netflix.zuul.message.ZuulMessage	SOURCE
com.netflix.zuul.message.http.HttpRequestMessageImpl	hasBody()	hasBody()	com.netflix.zuul.message.ZuulMessage	SOURCE
com.netflix.zuul.message.http.HttpRequestMessageImpl	bufferBodyContents(io.netty.handler.codec.http.HttpContent)	bufferBodyContents(io.netty.handler.codec.http.HttpContent)	com.netflix.zuul.message.ZuulMessage	SOURCE
com.netflix.zuul.message.http.HttpRequestMessageImpl	setBodyAsText(java.lang.String)	setBodyAsText(java.lang.String)	com.netflix.zuul.message.ZuulMessage	SOURCE
com.netflix.zuul.message.http.HttpRequestMessageImpl	setBody(byte[])	setBody(byte[])	com.netflix.zuul.message.ZuulMessage	SOURCE
com.netflix.zuul.message.http.HttpRequestMessageImpl	finishBufferedBodyIfIncomplete()	finishBufferedBodyIfIncomplete()	com.netflix.zuul.message.ZuulMessage	SOURCE
com.netflix.zuul.message.http.HttpRequestMessageImpl	getBodyContents()	getBodyContents()	com.netflix.zuul.message.ZuulMessage	SOURCE
com.netflix.zuul.message.http.HttpRequestMessageImpl	runBufferedBodyContentThroughFilter(com.netflix.zuul.filters.ZuulFilter)	runBufferedBodyContentThroughFilter(com.netflix.zuul.filters.ZuulFilter<?,?>)	com.netflix.zuul.message.ZuulMessage	SOURCE
com.netflix.zuul.message.http.HttpRequestMessageImpl	getBodyAsText()	getBodyAsText()	com.netflix.zuul.message.ZuulMessage	SOURCE
com.netflix.zuul.message.http.HttpRequestMessageImpl	getBody()	getBody()	com.netflix.zuul.message.ZuulMessage	SOURCE
com.netflix.zuul.message.http.HttpRequestMessageImpl	getBodyLength()	getBodyLength()	com.netflix.zuul.message.ZuulMessage	SOURCE
com.netflix.zuul.message.http.HttpRequestMessageImpl	resetBodyReader()	resetBodyReader()	com.netflix.zuul.message.ZuulMessage	SOURCE
com.netflix.zuul.message.http.HttpRequestMessageImpl	hasCompleteBody()	hasCompleteBody()	com.netflix.zuul.message.ZuulMessage	SOURCE
com.netflix.zuul.message.http.HttpRequestMessageImpl	disposeBufferedBody()	disposeBufferedBody()	com.netflix.zuul.message.ZuulMessage	SOURCE
com.netflix.zuul.message.http.HttpRequestMessageImpl	setProtocol(java.lang.String)	immutableCheck()	com.netflix.zuul.message.http.HttpRequestMessageImpl	SOURCE
com.netflix.zuul.message.http.HttpRequestMessageImpl	setMethod(java.lang.String)	immutableCheck()	com.netflix.zuul.message.http.HttpRequestMessageImpl	SOURCE
com.netflix.zuul.message.http.HttpRequestMessageImpl	getPath()	<T>get(com.netflix.zuul.context.SessionContext.Key<T>)	com.netflix.zuul.context.SessionContext	SOURCE
com.netflix.zuul.message.http.HttpRequestMessageImpl	getPath()	getContext()	com.netflix.zuul.message.ZuulMessage	SOURCE
com.netflix.zuul.message.http.HttpRequestMessageImpl	setPath(java.lang.String)	immutableCheck()	com.netflix.zuul.message.http.HttpRequestMessageImpl	SOURCE
com.netflix.zuul.message.http.HttpRequestMessageImpl	getPathAndQuery()	generatePathAndQuery()	com.netflix.zuul.message.http.HttpRequestMessageImpl	SOURCE
com.netflix.zuul.message.http.HttpRequestMessageImpl	getPathAndQuery()	generatePathAndQuery()	com.netflix.zuul.message.http.HttpRequestMessageImpl	SOURCE
com.netflix.zuul.message.http.HttpRequestMessageImpl	generatePathAndQuery()	size()	java.util.Collection	SOURCE
com.netflix.zuul.message.http.HttpRequestMessageImpl	generatePathAndQuery()	entries()	com.netflix.zuul.message.http.HttpQueryParams	SOURCE
com.netflix.zuul.message.http.HttpRequestMessageImpl	generatePathAndQuery()	getPath()	com.netflix.zuul.message.http.HttpRequestMessageImpl	SOURCE
com.netflix.zuul.message.http.HttpRequestMessageImpl	generatePathAndQuery()	toEncodedString()	com.netflix.zuul.message.http.HttpQueryParams	SOURCE
com.netflix.zuul.message.http.HttpRequestMessageImpl	generatePathAndQuery()	getPath()	com.netflix.zuul.message.http.HttpRequestMessageImpl	SOURCE
com.netflix.zuul.message.http.HttpRequestMessageImpl	setClientIp(java.lang.String)	immutableCheck()	com.netflix.zuul.message.http.HttpRequestMessageImpl	SOURCE
com.netflix.zuul.message.http.HttpRequestMessageImpl	setScheme(java.lang.String)	immutableCheck()	com.netflix.zuul.message.http.HttpRequestMessageImpl	SOURCE
com.netflix.zuul.message.http.HttpRequestMessageImpl	setPort(int)	immutableCheck()	com.netflix.zuul.message.http.HttpRequestMessageImpl	SOURCE
com.netflix.zuul.message.http.HttpRequestMessageImpl	setServerName(java.lang.String)	immutableCheck()	com.netflix.zuul.message.http.HttpRequestMessageImpl	SOURCE
com.netflix.zuul.message.http.HttpRequestMessageImpl	parseCookies()	reParseCookies()	com.netflix.zuul.message.http.HttpRequestMessageImpl	SOURCE
com.netflix.zuul.message.http.HttpRequestMessageImpl	reParseCookies()	Cookies()	com.netflix.zuul.message.http.Cookies	SOURCE
com.netflix.zuul.message.http.HttpRequestMessageImpl	reParseCookies()	getAll(com.netflix.zuul.message.HeaderName)	com.netflix.zuul.message.Headers	SOURCE
com.netflix.zuul.message.http.HttpRequestMessageImpl	reParseCookies()	getHeaders()	com.netflix.zuul.message.http.HttpRequestMessageImpl	SOURCE
com.netflix.zuul.message.http.HttpRequestMessageImpl	reParseCookies()	get()	com.netflix.config.CachedDynamicBooleanProperty	SOURCE
com.netflix.zuul.message.http.HttpRequestMessageImpl	reParseCookies()	cleanCookieHeader(java.lang.String)	com.netflix.zuul.message.http.HttpRequestMessageImpl	SOURCE
com.netflix.zuul.message.http.HttpRequestMessageImpl	reParseCookies()	decode(java.lang.String,boolean)	io.netty.handler.codec.http.CookieDecoder	SOURCE
com.netflix.zuul.message.http.HttpRequestMessageImpl	reParseCookies()	add(io.netty.handler.codec.http.Cookie)	com.netflix.zuul.message.http.Cookies	SOURCE
com.netflix.zuul.message.http.HttpRequestMessageImpl	reParseCookies()	error(java.lang.String,java.lang.Object,java.lang.Object)	org.slf4j.Logger	SOURCE
com.netflix.zuul.message.http.HttpRequestMessageImpl	reParseCookies()	getInfoForLogging()	com.netflix.zuul.message.http.HttpRequestMessageImpl	SOURCE
com.netflix.zuul.message.http.HttpRequestMessageImpl	cleanCookieHeader(java.lang.String)	matcher(java.lang.CharSequence)	java.util.regex.Pattern	SOURCE
com.netflix.zuul.message.http.HttpRequestMessageImpl	cleanCookieHeader(java.lang.String)	find()	java.util.regex.Matcher	SOURCE
com.netflix.zuul.message.http.HttpRequestMessageImpl	cleanCookieHeader(java.lang.String)	replaceAll(java.lang.String)	java.util.regex.Matcher	SOURCE
com.netflix.zuul.message.http.HttpRequestMessageImpl	getMaxBodySize()	get()	com.netflix.config.CachedDynamicIntProperty	SOURCE
com.netflix.zuul.message.http.HttpRequestMessageImpl	clone()	HttpRequestMessageImpl(com.netflix.zuul.context.SessionContext,java.lang.String,java.lang.String,java.lang.String,com.netflix.zuul.message.http.HttpQueryParams,com.netflix.zuul.message.Headers,java.lang.String,java.lang.String,int,java.lang.String,java.net.SocketAddress,boolean)	com.netflix.zuul.message.http.HttpRequestMessageImpl	SOURCE
com.netflix.zuul.message.http.HttpRequestMessageImpl	clone()	clone()	com.netflix.zuul.context.SessionContext	SOURCE
com.netflix.zuul.message.http.HttpRequestMessageImpl	clone()	getContext()	com.netflix.zuul.message.ZuulMessage	SOURCE
com.netflix.zuul.message.http.HttpRequestMessageImpl	clone()	clone()	com.netflix.zuul.message.http.HttpQueryParams	SOURCE
com.netflix.zuul.message.http.HttpRequestMessageImpl	clone()	copyOf(com.netflix.zuul.message.Headers)	com.netflix.zuul.message.Headers	SOURCE
com.netflix.zuul.message.http.HttpRequestMessageImpl	clone()	getHeaders()	com.netflix.zuul.message.ZuulMessage	SOURCE
com.netflix.zuul.message.http.HttpRequestMessageImpl	clone()	getInboundRequest()	com.netflix.zuul.message.http.HttpRequestMessageImpl	SOURCE
com.netflix.zuul.message.http.HttpRequestMessageImpl	clone()	clone()	com.netflix.zuul.message.ZuulMessage	SOURCE
com.netflix.zuul.message.http.HttpRequestMessageImpl	clone()	getInboundRequest()	com.netflix.zuul.message.http.HttpRequestMessageImpl	SOURCE
com.netflix.zuul.message.http.HttpRequestMessageImpl	copyRequestInfo()	HttpRequestMessageImpl(com.netflix.zuul.context.SessionContext,java.lang.String,java.lang.String,java.lang.String,com.netflix.zuul.message.http.HttpQueryParams,com.netflix.zuul.message.Headers,java.lang.String,java.lang.String,int,java.lang.String,java.net.SocketAddress,boolean)	com.netflix.zuul.message.http.HttpRequestMessageImpl	SOURCE
com.netflix.zuul.message.http.HttpRequestMessageImpl	copyRequestInfo()	getContext()	com.netflix.zuul.message.ZuulMessage	SOURCE
com.netflix.zuul.message.http.HttpRequestMessageImpl	copyRequestInfo()	immutableCopy()	com.netflix.zuul.message.http.HttpQueryParams	SOURCE
com.netflix.zuul.message.http.HttpRequestMessageImpl	copyRequestInfo()	copyOf(com.netflix.zuul.message.Headers)	com.netflix.zuul.message.Headers	SOURCE
com.netflix.zuul.message.http.HttpRequestMessageImpl	copyRequestInfo()	getHeaders()	com.netflix.zuul.message.ZuulMessage	SOURCE
com.netflix.zuul.message.http.HttpRequestMessageImpl	copyRequestInfo()	setHasBody(boolean)	com.netflix.zuul.message.http.HttpRequestMessageImpl	SOURCE
com.netflix.zuul.message.http.HttpRequestMessageImpl	copyRequestInfo()	hasBody()	com.netflix.zuul.message.http.HttpRequestMessageImpl	SOURCE
com.netflix.zuul.message.http.HttpRequestMessageImpl	storeInboundRequest()	copyRequestInfo()	com.netflix.zuul.message.http.HttpRequestMessageImpl	SOURCE
com.netflix.zuul.message.http.HttpRequestMessageImpl	setQueryParams(com.netflix.zuul.message.http.HttpQueryParams)	immutableCheck()	com.netflix.zuul.message.http.HttpRequestMessageImpl	SOURCE
com.netflix.zuul.message.http.HttpRequestMessageImpl	getInfoForLogging()	generateInfoForLogging()	com.netflix.zuul.message.http.HttpRequestMessageImpl	SOURCE
com.netflix.zuul.message.http.HttpRequestMessageImpl	getInfoForLogging()	generateInfoForLogging()	com.netflix.zuul.message.http.HttpRequestMessageImpl	SOURCE
com.netflix.zuul.message.http.HttpRequestMessageImpl	generateInfoForLogging()	getInboundRequest()	com.netflix.zuul.message.http.HttpRequestMessageImpl	SOURCE
com.netflix.zuul.message.http.HttpRequestMessageImpl	generateInfoForLogging()	getInboundRequest()	com.netflix.zuul.message.http.HttpRequestMessageImpl	SOURCE
com.netflix.zuul.message.http.HttpRequestMessageImpl	generateInfoForLogging()	append(java.lang.String)	java.lang.StringBuilder	SOURCE
com.netflix.zuul.message.http.HttpRequestMessageImpl	generateInfoForLogging()	append(java.lang.String)	java.lang.StringBuilder	SOURCE
com.netflix.zuul.message.http.HttpRequestMessageImpl	generateInfoForLogging()	append(java.lang.String)	java.lang.StringBuilder	SOURCE
com.netflix.zuul.message.http.HttpRequestMessageImpl	generateInfoForLogging()	append(java.lang.String)	java.lang.StringBuilder	SOURCE
com.netflix.zuul.message.http.HttpRequestMessageImpl	generateInfoForLogging()	append(java.lang.String)	java.lang.StringBuilder	SOURCE
com.netflix.zuul.message.http.HttpRequestMessageImpl	generateInfoForLogging()	append(java.lang.String)	java.lang.StringBuilder	SOURCE
com.netflix.zuul.message.http.HttpRequestMessageImpl	generateInfoForLogging()	StringBuilder()	java.lang.StringBuilder	SOURCE
com.netflix.zuul.message.http.HttpRequestMessageImpl	generateInfoForLogging()	reconstructURI()	com.netflix.zuul.message.http.HttpRequestInfo	SOURCE
com.netflix.zuul.message.http.HttpRequestMessageImpl	generateInfoForLogging()	getMethod()	com.netflix.zuul.message.http.HttpRequestInfo	SOURCE
com.netflix.zuul.message.http.HttpRequestMessageImpl	generateInfoForLogging()	getClientIP(com.netflix.zuul.message.http.HttpRequestInfo)	com.netflix.zuul.util.HttpUtils	SOURCE
com.netflix.zuul.message.http.HttpRequestMessageImpl	generateInfoForLogging()	toString()	java.lang.StringBuilder	SOURCE
com.netflix.zuul.message.http.HttpRequestMessageImpl	getOriginalHost()	getOriginalHost(com.netflix.zuul.message.Headers,java.lang.String)	com.netflix.zuul.message.http.HttpRequestMessageImpl	SOURCE
com.netflix.zuul.message.http.HttpRequestMessageImpl	getOriginalHost()	getHeaders()	com.netflix.zuul.message.http.HttpRequestMessageImpl	SOURCE
com.netflix.zuul.message.http.HttpRequestMessageImpl	getOriginalHost()	getServerName()	com.netflix.zuul.message.http.HttpRequestMessageImpl	SOURCE
com.netflix.zuul.message.http.HttpRequestMessageImpl	getOriginalHost()	IllegalArgumentException(java.lang.Throwable)	java.lang.IllegalArgumentException	SOURCE
com.netflix.zuul.message.http.HttpRequestMessageImpl	getOriginalHost(com.netflix.zuul.message.Headers,java.lang.String)	getFirst(com.netflix.zuul.message.HeaderName)	com.netflix.zuul.message.Headers	SOURCE
com.netflix.zuul.message.http.HttpRequestMessageImpl	getOriginalHost(com.netflix.zuul.message.Headers,java.lang.String)	parseHostHeader(com.netflix.zuul.message.Headers)	com.netflix.zuul.message.http.HttpRequestMessageImpl	SOURCE
com.netflix.zuul.message.http.HttpRequestMessageImpl	getOriginalHost(com.netflix.zuul.message.Headers,java.lang.String)	first()	com.netflix.util.Pair	SOURCE
com.netflix.zuul.message.http.HttpRequestMessageImpl	getOriginalHost(com.netflix.zuul.message.Headers,java.lang.String)	first()	com.netflix.util.Pair	SOURCE
com.netflix.zuul.message.http.HttpRequestMessageImpl	getOriginalScheme()	getFirst(com.netflix.zuul.message.HeaderName)	com.netflix.zuul.message.Headers	SOURCE
com.netflix.zuul.message.http.HttpRequestMessageImpl	getOriginalScheme()	getHeaders()	com.netflix.zuul.message.http.HttpRequestMessageImpl	SOURCE
com.netflix.zuul.message.http.HttpRequestMessageImpl	getOriginalScheme()	getScheme()	com.netflix.zuul.message.http.HttpRequestMessageImpl	SOURCE
com.netflix.zuul.message.http.HttpRequestMessageImpl	getOriginalProtocol()	getFirst(com.netflix.zuul.message.HeaderName)	com.netflix.zuul.message.Headers	SOURCE
com.netflix.zuul.message.http.HttpRequestMessageImpl	getOriginalProtocol()	getHeaders()	com.netflix.zuul.message.http.HttpRequestMessageImpl	SOURCE
com.netflix.zuul.message.http.HttpRequestMessageImpl	getOriginalProtocol()	getProtocol()	com.netflix.zuul.message.http.HttpRequestMessageImpl	SOURCE
com.netflix.zuul.message.http.HttpRequestMessageImpl	getOriginalPort()	getOriginalPort(com.netflix.zuul.context.SessionContext,com.netflix.zuul.message.Headers,int)	com.netflix.zuul.message.http.HttpRequestMessageImpl	SOURCE
com.netflix.zuul.message.http.HttpRequestMessageImpl	getOriginalPort()	getContext()	com.netflix.zuul.message.http.HttpRequestMessageImpl	SOURCE
com.netflix.zuul.message.http.HttpRequestMessageImpl	getOriginalPort()	getHeaders()	com.netflix.zuul.message.http.HttpRequestMessageImpl	SOURCE
com.netflix.zuul.message.http.HttpRequestMessageImpl	getOriginalPort()	getPort()	com.netflix.zuul.message.http.HttpRequestMessageImpl	SOURCE
com.netflix.zuul.message.http.HttpRequestMessageImpl	getOriginalPort()	IllegalArgumentException(java.lang.Throwable)	java.lang.IllegalArgumentException	SOURCE
com.netflix.zuul.message.http.HttpRequestMessageImpl	getOriginalPort(com.netflix.zuul.context.SessionContext,com.netflix.zuul.message.Headers,int)	containsKey(java.lang.Object)	java.util.HashMap	SOURCE
com.netflix.zuul.message.http.HttpRequestMessageImpl	getOriginalPort(com.netflix.zuul.context.SessionContext,com.netflix.zuul.message.Headers,int)	getPort()	java.net.InetSocketAddress	SOURCE
com.netflix.zuul.message.http.HttpRequestMessageImpl	getOriginalPort(com.netflix.zuul.context.SessionContext,com.netflix.zuul.message.Headers,int)	get(java.lang.Object)	com.netflix.zuul.context.SessionContext	SOURCE
com.netflix.zuul.message.http.HttpRequestMessageImpl	getOriginalPort(com.netflix.zuul.context.SessionContext,com.netflix.zuul.message.Headers,int)	getFirst(com.netflix.zuul.message.HeaderName)	com.netflix.zuul.message.Headers	SOURCE
com.netflix.zuul.message.http.HttpRequestMessageImpl	getOriginalPort(com.netflix.zuul.context.SessionContext,com.netflix.zuul.message.Headers,int)	isEmpty()	java.lang.String	SOURCE
com.netflix.zuul.message.http.HttpRequestMessageImpl	getOriginalPort(com.netflix.zuul.context.SessionContext,com.netflix.zuul.message.Headers,int)	parseInt(java.lang.String)	java.lang.Integer	SOURCE
com.netflix.zuul.message.http.HttpRequestMessageImpl	getOriginalPort(com.netflix.zuul.context.SessionContext,com.netflix.zuul.message.Headers,int)	parseHostHeader(com.netflix.zuul.message.Headers)	com.netflix.zuul.message.http.HttpRequestMessageImpl	SOURCE
com.netflix.zuul.message.http.HttpRequestMessageImpl	getOriginalPort(com.netflix.zuul.context.SessionContext,com.netflix.zuul.message.Headers,int)	second()	com.netflix.util.Pair	SOURCE
com.netflix.zuul.message.http.HttpRequestMessageImpl	getOriginalPort(com.netflix.zuul.context.SessionContext,com.netflix.zuul.message.Headers,int)	second()	com.netflix.util.Pair	SOURCE
com.netflix.zuul.message.http.HttpRequestMessageImpl	getOriginalPort(com.netflix.zuul.context.SessionContext,com.netflix.zuul.message.Headers,int)	debug(java.lang.String,java.lang.Throwable)	org.slf4j.Logger	SOURCE
com.netflix.zuul.message.http.HttpRequestMessageImpl	getClientDestinationPort()	<T>of(T)	java.util.Optional	SOURCE
com.netflix.zuul.message.http.HttpRequestMessageImpl	getClientDestinationPort()	getPort()	java.net.InetSocketAddress	SOURCE
com.netflix.zuul.message.http.HttpRequestMessageImpl	getClientDestinationPort()	<T>empty()	java.util.Optional	SOURCE
com.netflix.zuul.message.http.HttpRequestMessageImpl	parseHostHeader(com.netflix.zuul.message.Headers)	getFirst(com.netflix.zuul.message.HeaderName)	com.netflix.zuul.message.Headers	SOURCE
com.netflix.zuul.message.http.HttpRequestMessageImpl	parseHostHeader(com.netflix.zuul.message.Headers)	Pair(E1,E2)	com.netflix.util.Pair	SOURCE
com.netflix.zuul.message.http.HttpRequestMessageImpl	parseHostHeader(com.netflix.zuul.message.Headers)	URI(java.lang.String,java.lang.String,java.lang.String,java.lang.String,java.lang.String)	java.net.URI	SOURCE
com.netflix.zuul.message.http.HttpRequestMessageImpl	parseHostHeader(com.netflix.zuul.message.Headers)	getHost()	java.net.URI	SOURCE
com.netflix.zuul.message.http.HttpRequestMessageImpl	parseHostHeader(com.netflix.zuul.message.Headers)	Pair(E1,E2)	com.netflix.util.Pair	SOURCE
com.netflix.zuul.message.http.HttpRequestMessageImpl	parseHostHeader(com.netflix.zuul.message.Headers)	getHost()	java.net.URI	SOURCE
com.netflix.zuul.message.http.HttpRequestMessageImpl	parseHostHeader(com.netflix.zuul.message.Headers)	getPort()	java.net.URI	SOURCE
com.netflix.zuul.message.http.HttpRequestMessageImpl	parseHostHeader(com.netflix.zuul.message.Headers)	debug(java.lang.String,java.lang.Throwable)	org.slf4j.Logger	SOURCE
com.netflix.zuul.message.http.HttpRequestMessageImpl	parseHostHeader(com.netflix.zuul.message.Headers)	get()	com.netflix.config.CachedDynamicBooleanProperty	SOURCE
com.netflix.zuul.message.http.HttpRequestMessageImpl	parseHostHeader(com.netflix.zuul.message.Headers)	URISyntaxException(java.lang.String,java.lang.String)	java.net.URISyntaxException	SOURCE
com.netflix.zuul.message.http.HttpRequestMessageImpl	parseHostHeader(com.netflix.zuul.message.Headers)	split(java.lang.String)	java.lang.String	SOURCE
com.netflix.zuul.message.http.HttpRequestMessageImpl	parseHostHeader(com.netflix.zuul.message.Headers)	Pair(E1,E2)	com.netflix.util.Pair	SOURCE
com.netflix.zuul.message.http.HttpRequestMessageImpl	parseHostHeader(com.netflix.zuul.message.Headers)	parseInt(java.lang.String)	java.lang.Integer	SOURCE
com.netflix.zuul.message.http.HttpRequestMessageImpl	parseHostHeader(com.netflix.zuul.message.Headers)	debug(java.lang.String,java.lang.Throwable)	org.slf4j.Logger	SOURCE
com.netflix.zuul.message.http.HttpRequestMessageImpl	parseHostHeader(com.netflix.zuul.message.Headers)	Pair(E1,E2)	com.netflix.util.Pair	SOURCE
com.netflix.zuul.message.http.HttpRequestMessageImpl	reconstructURI()	_reconstructURI()	com.netflix.zuul.message.http.HttpRequestMessageImpl	SOURCE
com.netflix.zuul.message.http.HttpRequestMessageImpl	reconstructURI()	_reconstructURI()	com.netflix.zuul.message.http.HttpRequestMessageImpl	SOURCE
com.netflix.zuul.message.http.HttpRequestMessageImpl	_reconstructURI()	StringBuilder(int)	java.lang.StringBuilder	SOURCE
com.netflix.zuul.message.http.HttpRequestMessageImpl	_reconstructURI()	toLowerCase()	java.lang.String	SOURCE
com.netflix.zuul.message.http.HttpRequestMessageImpl	_reconstructURI()	getOriginalScheme()	com.netflix.zuul.message.http.HttpRequestMessageImpl	SOURCE
com.netflix.zuul.message.http.HttpRequestMessageImpl	_reconstructURI()	append(java.lang.String)	java.lang.StringBuilder	SOURCE
com.netflix.zuul.message.http.HttpRequestMessageImpl	_reconstructURI()	append(java.lang.String)	java.lang.StringBuilder	SOURCE
com.netflix.zuul.message.http.HttpRequestMessageImpl	_reconstructURI()	append(java.lang.String)	java.lang.StringBuilder	SOURCE
com.netflix.zuul.message.http.HttpRequestMessageImpl	_reconstructURI()	getOriginalHost(com.netflix.zuul.message.Headers,java.lang.String)	com.netflix.zuul.message.http.HttpRequestMessageImpl	SOURCE
com.netflix.zuul.message.http.HttpRequestMessageImpl	_reconstructURI()	getHeaders()	com.netflix.zuul.message.http.HttpRequestMessageImpl	SOURCE
com.netflix.zuul.message.http.HttpRequestMessageImpl	_reconstructURI()	getServerName()	com.netflix.zuul.message.http.HttpRequestMessageImpl	SOURCE
com.netflix.zuul.message.http.HttpRequestMessageImpl	_reconstructURI()	getOriginalPort()	com.netflix.zuul.message.http.HttpRequestMessageImpl	SOURCE
com.netflix.zuul.message.http.HttpRequestMessageImpl	_reconstructURI()	equals(java.lang.Object)	java.lang.String	SOURCE
com.netflix.zuul.message.http.HttpRequestMessageImpl	_reconstructURI()	equals(java.lang.Object)	java.lang.String	SOURCE
com.netflix.zuul.message.http.HttpRequestMessageImpl	_reconstructURI()	append(int)	java.lang.StringBuilder	SOURCE
com.netflix.zuul.message.http.HttpRequestMessageImpl	_reconstructURI()	append(char)	java.lang.StringBuilder	SOURCE
com.netflix.zuul.message.http.HttpRequestMessageImpl	_reconstructURI()	append(java.lang.String)	java.lang.StringBuilder	SOURCE
com.netflix.zuul.message.http.HttpRequestMessageImpl	_reconstructURI()	getPathAndQuery()	com.netflix.zuul.message.http.HttpRequestMessageImpl	SOURCE
com.netflix.zuul.message.http.HttpRequestMessageImpl	_reconstructURI()	toString()	java.lang.StringBuilder	SOURCE
com.netflix.zuul.message.http.HttpRequestMessageImpl	_reconstructURI()	debug(java.lang.String,java.lang.Throwable)	org.slf4j.Logger	SOURCE
com.netflix.zuul.message.http.HttpRequestMessageImpl	_reconstructURI()	error(java.lang.String,java.lang.Throwable)	org.slf4j.Logger	SOURCE
com.netflix.zuul.message.ZuulMessageImpl	MAX_BODY_SIZE_PROP	getIntProperty(java.lang.String,int)	com.netflix.config.DynamicPropertyFactory	SOURCE
com.netflix.zuul.message.ZuulMessageImpl	MAX_BODY_SIZE_PROP	getInstance()	com.netflix.config.DynamicPropertyFactory	SOURCE
com.netflix.zuul.message.ZuulMessageImpl	CS_UTF8	forName(java.lang.String)	java.nio.charset.Charset	SOURCE
com.netflix.zuul.message.ZuulMessageImpl	ZuulMessageImpl(com.netflix.zuul.context.SessionContext)	ZuulMessageImpl(com.netflix.zuul.context.SessionContext,com.netflix.zuul.message.Headers)	com.netflix.zuul.message.ZuulMessageImpl	SOURCE
com.netflix.zuul.message.ZuulMessageImpl	ZuulMessageImpl(com.netflix.zuul.context.SessionContext)	Headers()	com.netflix.zuul.message.Headers	SOURCE
com.netflix.zuul.message.ZuulMessageImpl	ZuulMessageImpl(com.netflix.zuul.context.SessionContext,com.netflix.zuul.message.Headers)	Object()	java.lang.Object	SOURCE
com.netflix.zuul.message.ZuulMessageImpl	ZuulMessageImpl(com.netflix.zuul.context.SessionContext,com.netflix.zuul.message.Headers)	SessionContext()	com.netflix.zuul.context.SessionContext	SOURCE
com.netflix.zuul.message.ZuulMessageImpl	ZuulMessageImpl(com.netflix.zuul.context.SessionContext,com.netflix.zuul.message.Headers)	Headers()	com.netflix.zuul.message.Headers	SOURCE
com.netflix.zuul.message.ZuulMessageImpl	ZuulMessageImpl(com.netflix.zuul.context.SessionContext,com.netflix.zuul.message.Headers)	ArrayList(int)	java.util.ArrayList	SOURCE
com.netflix.zuul.message.ZuulMessageImpl	getMaxBodySize()	get()	com.netflix.config.DynamicIntProperty	SOURCE
com.netflix.zuul.message.ZuulMessageImpl	bufferBodyContents(io.netty.handler.codec.http.HttpContent)	setHasBody(boolean)	com.netflix.zuul.message.ZuulMessageImpl	SOURCE
com.netflix.zuul.message.ZuulMessageImpl	bufferBodyContents(io.netty.handler.codec.http.HttpContent)	touch(io.netty.util.ReferenceCounted,java.lang.String)	com.netflix.netty.common.ByteBufUtil	SOURCE
com.netflix.zuul.message.ZuulMessageImpl	bufferBodyContents(io.netty.handler.codec.http.HttpContent)	add(E)	java.util.List	SOURCE
com.netflix.zuul.message.ZuulMessageImpl	bufferBodyContents(io.netty.handler.codec.http.HttpContent)	touch(io.netty.util.ReferenceCounted,java.lang.String)	com.netflix.netty.common.ByteBufUtil	SOURCE
com.netflix.zuul.message.ZuulMessageImpl	setContentLength(int)	remove(com.netflix.zuul.message.HeaderName)	com.netflix.zuul.message.Headers	SOURCE
com.netflix.zuul.message.ZuulMessageImpl	setContentLength(int)	set(com.netflix.zuul.message.HeaderName,java.lang.String)	com.netflix.zuul.message.Headers	SOURCE
com.netflix.zuul.message.ZuulMessageImpl	setContentLength(int)	toString(int)	java.lang.Integer	SOURCE
com.netflix.zuul.message.ZuulMessageImpl	setBodyAsText(java.lang.String)	disposeBufferedBody()	com.netflix.zuul.message.ZuulMessageImpl	SOURCE
com.netflix.zuul.message.ZuulMessageImpl	setBodyAsText(java.lang.String)	isNullOrEmpty(java.lang.String)	com.google.common.base.Strings	SOURCE
com.netflix.zuul.message.ZuulMessageImpl	setBodyAsText(java.lang.String)	copiedBuffer(byte[])	io.netty.buffer.Unpooled	SOURCE
com.netflix.zuul.message.ZuulMessageImpl	setBodyAsText(java.lang.String)	getBytes(java.nio.charset.Charset)	java.lang.String	SOURCE
com.netflix.zuul.message.ZuulMessageImpl	setBodyAsText(java.lang.String)	bufferBodyContents(io.netty.handler.codec.http.HttpContent)	com.netflix.zuul.message.ZuulMessageImpl	SOURCE
com.netflix.zuul.message.ZuulMessageImpl	setBodyAsText(java.lang.String)	DefaultLastHttpContent(io.netty.buffer.ByteBuf)	io.netty.handler.codec.http.DefaultLastHttpContent	SOURCE
com.netflix.zuul.message.ZuulMessageImpl	setBodyAsText(java.lang.String)	setContentLength(int)	com.netflix.zuul.message.ZuulMessageImpl	SOURCE
com.netflix.zuul.message.ZuulMessageImpl	setBodyAsText(java.lang.String)	getBytes(java.nio.charset.Charset)	java.lang.String	SOURCE
com.netflix.zuul.message.ZuulMessageImpl	setBodyAsText(java.lang.String)	bufferBodyContents(io.netty.handler.codec.http.HttpContent)	com.netflix.zuul.message.ZuulMessageImpl	SOURCE
com.netflix.zuul.message.ZuulMessageImpl	setBodyAsText(java.lang.String)	DefaultLastHttpContent()	io.netty.handler.codec.http.DefaultLastHttpContent	SOURCE
com.netflix.zuul.message.ZuulMessageImpl	setBodyAsText(java.lang.String)	setContentLength(int)	com.netflix.zuul.message.ZuulMessageImpl	SOURCE
com.netflix.zuul.message.ZuulMessageImpl	setBody(byte[])	disposeBufferedBody()	com.netflix.zuul.message.ZuulMessageImpl	SOURCE
com.netflix.zuul.message.ZuulMessageImpl	setBody(byte[])	copiedBuffer(byte[])	io.netty.buffer.Unpooled	SOURCE
com.netflix.zuul.message.ZuulMessageImpl	setBody(byte[])	bufferBodyContents(io.netty.handler.codec.http.HttpContent)	com.netflix.zuul.message.ZuulMessageImpl	SOURCE
com.netflix.zuul.message.ZuulMessageImpl	setBody(byte[])	DefaultLastHttpContent(io.netty.buffer.ByteBuf)	io.netty.handler.codec.http.DefaultLastHttpContent	SOURCE
com.netflix.zuul.message.ZuulMessageImpl	setBody(byte[])	setContentLength(int)	com.netflix.zuul.message.ZuulMessageImpl	SOURCE
com.netflix.zuul.message.ZuulMessageImpl	setBody(byte[])	bufferBodyContents(io.netty.handler.codec.http.HttpContent)	com.netflix.zuul.message.ZuulMessageImpl	SOURCE
com.netflix.zuul.message.ZuulMessageImpl	setBody(byte[])	DefaultLastHttpContent()	io.netty.handler.codec.http.DefaultLastHttpContent	SOURCE
com.netflix.zuul.message.ZuulMessageImpl	setBody(byte[])	setContentLength(int)	com.netflix.zuul.message.ZuulMessageImpl	SOURCE
com.netflix.zuul.message.ZuulMessageImpl	getBodyAsText()	getBody()	com.netflix.zuul.message.ZuulMessageImpl	SOURCE
com.netflix.zuul.message.ZuulMessageImpl	getBodyAsText()	String(byte[],java.nio.charset.Charset)	java.lang.String	SOURCE
com.netflix.zuul.message.ZuulMessageImpl	getBodyAsText()	getBody()	com.netflix.zuul.message.ZuulMessageImpl	SOURCE
com.netflix.zuul.message.ZuulMessageImpl	getBody()	size()	java.util.List	SOURCE
com.netflix.zuul.message.ZuulMessageImpl	getBody()	readableBytes()	io.netty.buffer.ByteBuf	SOURCE
com.netflix.zuul.message.ZuulMessageImpl	getBody()	content()	io.netty.buffer.ByteBufHolder	SOURCE
com.netflix.zuul.message.ZuulMessageImpl	getBody()	content()	io.netty.buffer.ByteBufHolder	SOURCE
com.netflix.zuul.message.ZuulMessageImpl	getBody()	readableBytes()	io.netty.buffer.ByteBuf	SOURCE
com.netflix.zuul.message.ZuulMessageImpl	getBody()	getBytes(int,byte[],int,int)	io.netty.buffer.ByteBuf	SOURCE
com.netflix.zuul.message.ZuulMessageImpl	getBody()	readerIndex()	io.netty.buffer.ByteBuf	SOURCE
com.netflix.zuul.message.ZuulMessageImpl	getBodyLength()	readableBytes()	io.netty.buffer.ByteBuf	SOURCE
com.netflix.zuul.message.ZuulMessageImpl	getBodyLength()	content()	io.netty.buffer.ByteBufHolder	SOURCE
com.netflix.zuul.message.ZuulMessageImpl	getBodyContents()	<T>unmodifiableList(java.util.List<? extends T>)	java.util.Collections	SOURCE
com.netflix.zuul.message.ZuulMessageImpl	resetBodyReader()	resetReaderIndex()	io.netty.buffer.ByteBuf	SOURCE
com.netflix.zuul.message.ZuulMessageImpl	resetBodyReader()	content()	io.netty.buffer.ByteBufHolder	SOURCE
com.netflix.zuul.message.ZuulMessageImpl	finishBufferedBodyIfIncomplete()	bufferBodyContents(io.netty.handler.codec.http.HttpContent)	com.netflix.zuul.message.ZuulMessageImpl	SOURCE
com.netflix.zuul.message.ZuulMessageImpl	finishBufferedBodyIfIncomplete()	DefaultLastHttpContent()	io.netty.handler.codec.http.DefaultLastHttpContent	SOURCE
com.netflix.zuul.message.ZuulMessageImpl	disposeBufferedBody()	forEach(java.util.function.Consumer<? super T>)	java.lang.Iterable	SOURCE
com.netflix.zuul.message.ZuulMessageImpl	disposeBufferedBody()	accept(T)	java.util.function.Consumer	SOURCE
com.netflix.zuul.message.ZuulMessageImpl	disposeBufferedBody()	refCnt()	io.netty.util.ReferenceCounted	SOURCE
com.netflix.zuul.message.ZuulMessageImpl	disposeBufferedBody()	touch(io.netty.util.ReferenceCounted,java.lang.String)	com.netflix.netty.common.ByteBufUtil	SOURCE
com.netflix.zuul.message.ZuulMessageImpl	disposeBufferedBody()	release()	io.netty.util.ReferenceCounted	SOURCE
com.netflix.zuul.message.ZuulMessageImpl	disposeBufferedBody()	clear()	java.util.List	SOURCE
com.netflix.zuul.message.ZuulMessageImpl	runBufferedBodyContentThroughFilter(com.netflix.zuul.filters.ZuulFilter<?,?>)	size()	java.util.List	SOURCE
com.netflix.zuul.message.ZuulMessageImpl	runBufferedBodyContentThroughFilter(com.netflix.zuul.filters.ZuulFilter<?,?>)	get(int)	java.util.List	SOURCE
com.netflix.zuul.message.ZuulMessageImpl	runBufferedBodyContentThroughFilter(com.netflix.zuul.filters.ZuulFilter<?,?>)	touch(io.netty.util.ReferenceCounted,java.lang.String)	com.netflix.netty.common.ByteBufUtil	SOURCE
com.netflix.zuul.message.ZuulMessageImpl	runBufferedBodyContentThroughFilter(com.netflix.zuul.filters.ZuulFilter<?,?>)	filterName()	com.netflix.zuul.filters.ZuulFilter	SOURCE
com.netflix.zuul.message.ZuulMessageImpl	runBufferedBodyContentThroughFilter(com.netflix.zuul.filters.ZuulFilter<?,?>)	processContentChunk(com.netflix.zuul.message.ZuulMessage,io.netty.handler.codec.http.HttpContent)	com.netflix.zuul.filters.ZuulFilter	SOURCE
com.netflix.zuul.message.ZuulMessageImpl	runBufferedBodyContentThroughFilter(com.netflix.zuul.filters.ZuulFilter<?,?>)	touch(io.netty.util.ReferenceCounted,java.lang.String)	com.netflix.netty.common.ByteBufUtil	SOURCE
com.netflix.zuul.message.ZuulMessageImpl	runBufferedBodyContentThroughFilter(com.netflix.zuul.filters.ZuulFilter<?,?>)	filterName()	com.netflix.zuul.filters.ZuulFilter	SOURCE
com.netflix.zuul.message.ZuulMessageImpl	runBufferedBodyContentThroughFilter(com.netflix.zuul.filters.ZuulFilter<?,?>)	set(int,E)	java.util.List	SOURCE
com.netflix.zuul.message.ZuulMessageImpl	runBufferedBodyContentThroughFilter(com.netflix.zuul.filters.ZuulFilter<?,?>)	refCnt()	io.netty.util.ReferenceCounted	SOURCE
com.netflix.zuul.message.ZuulMessageImpl	runBufferedBodyContentThroughFilter(com.netflix.zuul.filters.ZuulFilter<?,?>)	release(int)	io.netty.util.ReferenceCounted	SOURCE
com.netflix.zuul.message.ZuulMessageImpl	clone()	ZuulMessageImpl(com.netflix.zuul.context.SessionContext,com.netflix.zuul.message.Headers)	com.netflix.zuul.message.ZuulMessageImpl	SOURCE
com.netflix.zuul.message.ZuulMessageImpl	clone()	clone()	com.netflix.zuul.context.SessionContext	SOURCE
com.netflix.zuul.message.ZuulMessageImpl	clone()	copyOf(com.netflix.zuul.message.Headers)	com.netflix.zuul.message.Headers	SOURCE
com.netflix.zuul.message.ZuulMessageImpl	clone()	forEach(java.util.function.Consumer<? super T>)	java.lang.Iterable	SOURCE
com.netflix.zuul.message.ZuulMessageImpl	clone()	accept(T)	java.util.function.Consumer	SOURCE
com.netflix.zuul.message.ZuulMessageImpl	clone()	retain()	io.netty.handler.codec.http.HttpContent	SOURCE
com.netflix.zuul.message.ZuulMessageImpl	clone()	bufferBodyContents(io.netty.handler.codec.http.HttpContent)	com.netflix.zuul.message.ZuulMessageImpl	SOURCE
com.netflix.zuul.StaticFilterLoader	logger	getLogger(java.lang.Class<?>)	org.slf4j.LoggerFactory	SOURCE
com.netflix.zuul.StaticFilterLoader	StaticFilterLoader(com.netflix.zuul.FilterFactory,java.util.Set<? extends java.lang.Class<? extends com.netflix.zuul.filters.ZuulFilter<?,?>>>)	Object()	java.lang.Object	SOURCE
com.netflix.zuul.StaticFilterLoader	StaticFilterLoader(com.netflix.zuul.FilterFactory,java.util.Set<? extends java.lang.Class<? extends com.netflix.zuul.filters.ZuulFilter<?,?>>>)	EnumMap(java.lang.Class<K>)	java.util.EnumMap	SOURCE
com.netflix.zuul.StaticFilterLoader	StaticFilterLoader(com.netflix.zuul.FilterFactory,java.util.Set<? extends java.lang.Class<? extends com.netflix.zuul.filters.ZuulFilter<?,?>>>)	EnumMap(java.lang.Class<K>)	java.util.EnumMap	SOURCE
com.netflix.zuul.StaticFilterLoader	StaticFilterLoader(com.netflix.zuul.FilterFactory,java.util.Set<? extends java.lang.Class<? extends com.netflix.zuul.filters.ZuulFilter<?,?>>>)	newInstance(java.lang.Class<?>)	com.netflix.zuul.FilterFactory	SOURCE
com.netflix.zuul.StaticFilterLoader	StaticFilterLoader(com.netflix.zuul.FilterFactory,java.util.Set<? extends java.lang.Class<? extends com.netflix.zuul.filters.ZuulFilter<?,?>>>)	add(E)	java.util.Set	SOURCE
com.netflix.zuul.StaticFilterLoader	StaticFilterLoader(com.netflix.zuul.FilterFactory,java.util.Set<? extends java.lang.Class<? extends com.netflix.zuul.filters.ZuulFilter<?,?>>>)	computeIfAbsent(K,java.util.function.Function<? super K,? extends V>)	java.util.Map	SOURCE
com.netflix.zuul.StaticFilterLoader	StaticFilterLoader(com.netflix.zuul.FilterFactory,java.util.Set<? extends java.lang.Class<? extends com.netflix.zuul.filters.ZuulFilter<?,?>>>)	filterType()	com.netflix.zuul.filters.ZuulFilter	SOURCE
com.netflix.zuul.StaticFilterLoader	StaticFilterLoader(com.netflix.zuul.FilterFactory,java.util.Set<? extends java.lang.Class<? extends com.netflix.zuul.filters.ZuulFilter<?,?>>>)	apply(T)	java.util.function.Function	SOURCE
com.netflix.zuul.StaticFilterLoader	StaticFilterLoader(com.netflix.zuul.FilterFactory,java.util.Set<? extends java.lang.Class<? extends com.netflix.zuul.filters.ZuulFilter<?,?>>>)	TreeSet(java.util.Comparator<? super E>)	java.util.TreeSet	SOURCE
com.netflix.zuul.StaticFilterLoader	StaticFilterLoader(com.netflix.zuul.FilterFactory,java.util.Set<? extends java.lang.Class<? extends com.netflix.zuul.filters.ZuulFilter<?,?>>>)	put(K,V)	java.util.Map	SOURCE
com.netflix.zuul.StaticFilterLoader	StaticFilterLoader(com.netflix.zuul.FilterFactory,java.util.Set<? extends java.lang.Class<? extends com.netflix.zuul.filters.ZuulFilter<?,?>>>)	computeIfAbsent(K,java.util.function.Function<? super K,? extends V>)	java.util.Map	SOURCE
com.netflix.zuul.StaticFilterLoader	StaticFilterLoader(com.netflix.zuul.FilterFactory,java.util.Set<? extends java.lang.Class<? extends com.netflix.zuul.filters.ZuulFilter<?,?>>>)	filterType()	com.netflix.zuul.filters.ZuulFilter	SOURCE
com.netflix.zuul.StaticFilterLoader	StaticFilterLoader(com.netflix.zuul.FilterFactory,java.util.Set<? extends java.lang.Class<? extends com.netflix.zuul.filters.ZuulFilter<?,?>>>)	apply(T)	java.util.function.Function	SOURCE
com.netflix.zuul.StaticFilterLoader	StaticFilterLoader(com.netflix.zuul.FilterFactory,java.util.Set<? extends java.lang.Class<? extends com.netflix.zuul.filters.ZuulFilter<?,?>>>)	HashMap()	java.util.HashMap	SOURCE
com.netflix.zuul.StaticFilterLoader	StaticFilterLoader(com.netflix.zuul.FilterFactory,java.util.Set<? extends java.lang.Class<? extends com.netflix.zuul.filters.ZuulFilter<?,?>>>)	filterName()	com.netflix.zuul.filters.ZuulFilter	SOURCE
com.netflix.zuul.StaticFilterLoader	StaticFilterLoader(com.netflix.zuul.FilterFactory,java.util.Set<? extends java.lang.Class<? extends com.netflix.zuul.filters.ZuulFilter<?,?>>>)	RuntimeException(java.lang.Throwable)	java.lang.RuntimeException	SOURCE
com.netflix.zuul.StaticFilterLoader	StaticFilterLoader(com.netflix.zuul.FilterFactory,java.util.Set<? extends java.lang.Class<? extends com.netflix.zuul.filters.ZuulFilter<?,?>>>)	entrySet()	java.util.Map	SOURCE
com.netflix.zuul.StaticFilterLoader	StaticFilterLoader(com.netflix.zuul.FilterFactory,java.util.Set<? extends java.lang.Class<? extends com.netflix.zuul.filters.ZuulFilter<?,?>>>)	setValue(V)	java.util.Map$Entry	SOURCE
com.netflix.zuul.StaticFilterLoader	StaticFilterLoader(com.netflix.zuul.FilterFactory,java.util.Set<? extends java.lang.Class<? extends com.netflix.zuul.filters.ZuulFilter<?,?>>>)	<T>unmodifiableSortedSet(java.util.SortedSet<T>)	java.util.Collections	SOURCE
com.netflix.zuul.StaticFilterLoader	StaticFilterLoader(com.netflix.zuul.FilterFactory,java.util.Set<? extends java.lang.Class<? extends com.netflix.zuul.filters.ZuulFilter<?,?>>>)	getValue()	java.util.Map$Entry	SOURCE
com.netflix.zuul.StaticFilterLoader	StaticFilterLoader(com.netflix.zuul.FilterFactory,java.util.Set<? extends java.lang.Class<? extends com.netflix.zuul.filters.ZuulFilter<?,?>>>)	EnumMap(java.lang.Class<K>)	java.util.EnumMap	SOURCE
com.netflix.zuul.StaticFilterLoader	StaticFilterLoader(com.netflix.zuul.FilterFactory,java.util.Set<? extends java.lang.Class<? extends com.netflix.zuul.filters.ZuulFilter<?,?>>>)	entrySet()	java.util.Map	SOURCE
com.netflix.zuul.StaticFilterLoader	StaticFilterLoader(com.netflix.zuul.FilterFactory,java.util.Set<? extends java.lang.Class<? extends com.netflix.zuul.filters.ZuulFilter<?,?>>>)	put(K,V)	java.util.Map	SOURCE
com.netflix.zuul.StaticFilterLoader	StaticFilterLoader(com.netflix.zuul.FilterFactory,java.util.Set<? extends java.lang.Class<? extends com.netflix.zuul.filters.ZuulFilter<?,?>>>)	getKey()	java.util.Map$Entry	SOURCE
com.netflix.zuul.StaticFilterLoader	StaticFilterLoader(com.netflix.zuul.FilterFactory,java.util.Set<? extends java.lang.Class<? extends com.netflix.zuul.filters.ZuulFilter<?,?>>>)	<K,V>unmodifiableMap(java.util.Map<? extends K,? extends V>)	java.util.Collections	SOURCE
com.netflix.zuul.StaticFilterLoader	StaticFilterLoader(com.netflix.zuul.FilterFactory,java.util.Set<? extends java.lang.Class<? extends com.netflix.zuul.filters.ZuulFilter<?,?>>>)	getValue()	java.util.Map$Entry	SOURCE
com.netflix.zuul.StaticFilterLoader	StaticFilterLoader(com.netflix.zuul.FilterFactory,java.util.Set<? extends java.lang.Class<? extends com.netflix.zuul.filters.ZuulFilter<?,?>>>)	<K,V>unmodifiableMap(java.util.Map<? extends K,? extends V>)	java.util.Collections	SOURCE
com.netflix.zuul.StaticFilterLoader	StaticFilterLoader(com.netflix.zuul.FilterFactory,java.util.Set<? extends java.lang.Class<? extends com.netflix.zuul.filters.ZuulFilter<?,?>>>)	<K,V>unmodifiableMap(java.util.Map<? extends K,? extends V>)	java.util.Collections	SOURCE
com.netflix.zuul.StaticFilterLoader	loadFilterTypesFromResources(java.lang.ClassLoader)	LinkedHashSet()	java.util.LinkedHashSet	SOURCE
com.netflix.zuul.StaticFilterLoader	loadFilterTypesFromResources(java.lang.ClassLoader)	<T>list(java.util.Enumeration<T>)	java.util.Collections	SOURCE
com.netflix.zuul.StaticFilterLoader	loadFilterTypesFromResources(java.lang.ClassLoader)	getResources(java.lang.String)	java.lang.ClassLoader	SOURCE
com.netflix.zuul.StaticFilterLoader	loadFilterTypesFromResources(java.lang.ClassLoader)	openStream()	java.net.URL	SOURCE
com.netflix.zuul.StaticFilterLoader	loadFilterTypesFromResources(java.lang.ClassLoader)	InputStreamReader(java.io.InputStream,java.nio.charset.Charset)	java.io.InputStreamReader	SOURCE
com.netflix.zuul.StaticFilterLoader	loadFilterTypesFromResources(java.lang.ClassLoader)	BufferedReader(java.io.Reader)	java.io.BufferedReader	SOURCE
com.netflix.zuul.StaticFilterLoader	loadFilterTypesFromResources(java.lang.ClassLoader)	readLine()	java.io.BufferedReader	SOURCE
com.netflix.zuul.StaticFilterLoader	loadFilterTypesFromResources(java.lang.ClassLoader)	trim()	java.lang.String	SOURCE
com.netflix.zuul.StaticFilterLoader	loadFilterTypesFromResources(java.lang.ClassLoader)	isEmpty()	java.lang.String	SOURCE
com.netflix.zuul.StaticFilterLoader	loadFilterTypesFromResources(java.lang.ClassLoader)	forName(java.lang.String,boolean,java.lang.ClassLoader)	java.lang.Class	SOURCE
com.netflix.zuul.StaticFilterLoader	loadFilterTypesFromResources(java.lang.ClassLoader)	warn(java.lang.String,java.lang.Throwable)	org.slf4j.Logger	SOURCE
com.netflix.zuul.StaticFilterLoader	loadFilterTypesFromResources(java.lang.ClassLoader)	<U>asSubclass(java.lang.Class<U>)	java.lang.Class	SOURCE
com.netflix.zuul.StaticFilterLoader	loadFilterTypesFromResources(java.lang.ClassLoader)	add(E)	java.util.Set	SOURCE
com.netflix.zuul.StaticFilterLoader	loadFilterTypesFromResources(java.lang.ClassLoader)	<T>unmodifiableSet(java.util.Set<? extends T>)	java.util.Collections	SOURCE
com.netflix.zuul.StaticFilterLoader	putFilter(java.io.File)	UnsupportedOperationException()	java.lang.UnsupportedOperationException	SOURCE
com.netflix.zuul.StaticFilterLoader	putFiltersForClasses(java.lang.String[])	UnsupportedOperationException()	java.lang.UnsupportedOperationException	SOURCE
com.netflix.zuul.StaticFilterLoader	putFilterForClassName(java.lang.String)	UnsupportedOperationException()	java.lang.UnsupportedOperationException	SOURCE
com.netflix.zuul.StaticFilterLoader	getFiltersByType(com.netflix.zuul.filters.FilterType)	get(java.lang.Object)	java.util.Map	SOURCE
com.netflix.zuul.StaticFilterLoader	getFilterByNameAndType(java.lang.String,com.netflix.zuul.filters.FilterType)	get(java.lang.Object)	java.util.Map	SOURCE
com.netflix.zuul.StaticFilterLoader	getFilterByNameAndType(java.lang.String,com.netflix.zuul.filters.FilterType)	get(java.lang.Object)	java.util.Map	SOURCE
com.netflix.zuul.netty.insights.PassportStateListener	PassportStateListener(com.netflix.zuul.passport.CurrentPassport,com.netflix.zuul.passport.PassportState)	Object()	java.lang.Object	SOURCE
com.netflix.zuul.netty.insights.PassportStateListener	PassportStateListener(com.netflix.zuul.passport.CurrentPassport,com.netflix.zuul.passport.PassportState,com.netflix.zuul.passport.PassportState)	Object()	java.lang.Object	SOURCE
com.netflix.zuul.netty.insights.PassportStateListener	operationComplete(io.netty.util.concurrent.Future)	isSuccess()	io.netty.util.concurrent.Future	SOURCE
com.netflix.zuul.netty.insights.PassportStateListener	operationComplete(io.netty.util.concurrent.Future)	add(com.netflix.zuul.passport.PassportState)	com.netflix.zuul.passport.CurrentPassport	SOURCE
com.netflix.zuul.netty.insights.PassportStateListener	operationComplete(io.netty.util.concurrent.Future)	addIfNotAlready(com.netflix.zuul.passport.PassportState)	com.netflix.zuul.passport.CurrentPassport	SOURCE
com.netflix.zuul.netty.insights.PassportStateOriginHandler	passport(io.netty.channel.ChannelHandlerContext)	fromChannel(io.netty.channel.Channel)	com.netflix.zuul.passport.CurrentPassport	SOURCE
com.netflix.zuul.netty.insights.PassportStateOriginHandler	passport(io.netty.channel.ChannelHandlerContext)	channel()	io.netty.channel.ChannelHandlerContext	SOURCE
com.netflix.zuul.netty.insights.PassportStateOriginHandler$InboundHandler	channelActive(io.netty.channel.ChannelHandlerContext)	add(com.netflix.zuul.passport.PassportState)	com.netflix.zuul.passport.CurrentPassport	SOURCE
com.netflix.zuul.netty.insights.PassportStateOriginHandler$InboundHandler	channelActive(io.netty.channel.ChannelHandlerContext)	passport(io.netty.channel.ChannelHandlerContext)	com.netflix.zuul.netty.insights.PassportStateOriginHandler	SOURCE
com.netflix.zuul.netty.insights.PassportStateOriginHandler$InboundHandler	channelActive(io.netty.channel.ChannelHandlerContext)	channelActive(io.netty.channel.ChannelHandlerContext)	io.netty.channel.ChannelInboundHandlerAdapter	SOURCE
com.netflix.zuul.netty.insights.PassportStateOriginHandler$InboundHandler	channelInactive(io.netty.channel.ChannelHandlerContext)	add(com.netflix.zuul.passport.PassportState)	com.netflix.zuul.passport.CurrentPassport	SOURCE
com.netflix.zuul.netty.insights.PassportStateOriginHandler$InboundHandler	channelInactive(io.netty.channel.ChannelHandlerContext)	passport(io.netty.channel.ChannelHandlerContext)	com.netflix.zuul.netty.insights.PassportStateOriginHandler	SOURCE
com.netflix.zuul.netty.insights.PassportStateOriginHandler$InboundHandler	channelInactive(io.netty.channel.ChannelHandlerContext)	channelInactive(io.netty.channel.ChannelHandlerContext)	io.netty.channel.ChannelInboundHandlerAdapter	SOURCE
com.netflix.zuul.netty.insights.PassportStateOriginHandler$InboundHandler	exceptionCaught(io.netty.channel.ChannelHandlerContext,java.lang.Throwable)	add(com.netflix.zuul.passport.PassportState)	com.netflix.zuul.passport.CurrentPassport	SOURCE
com.netflix.zuul.netty.insights.PassportStateOriginHandler$InboundHandler	exceptionCaught(io.netty.channel.ChannelHandlerContext,java.lang.Throwable)	passport(io.netty.channel.ChannelHandlerContext)	com.netflix.zuul.netty.insights.PassportStateOriginHandler	SOURCE
com.netflix.zuul.netty.insights.PassportStateOriginHandler$InboundHandler	exceptionCaught(io.netty.channel.ChannelHandlerContext,java.lang.Throwable)	exceptionCaught(io.netty.channel.ChannelHandlerContext,java.lang.Throwable)	io.netty.channel.ChannelInboundHandlerAdapter	SOURCE
com.netflix.zuul.netty.insights.PassportStateOriginHandler$OutboundHandler	disconnect(io.netty.channel.ChannelHandlerContext,io.netty.channel.ChannelPromise)	add(com.netflix.zuul.passport.PassportState)	com.netflix.zuul.passport.CurrentPassport	SOURCE
com.netflix.zuul.netty.insights.PassportStateOriginHandler$OutboundHandler	disconnect(io.netty.channel.ChannelHandlerContext,io.netty.channel.ChannelPromise)	passport(io.netty.channel.ChannelHandlerContext)	com.netflix.zuul.netty.insights.PassportStateOriginHandler	SOURCE
com.netflix.zuul.netty.insights.PassportStateOriginHandler$OutboundHandler	disconnect(io.netty.channel.ChannelHandlerContext,io.netty.channel.ChannelPromise)	disconnect(io.netty.channel.ChannelHandlerContext,io.netty.channel.ChannelPromise)	io.netty.channel.ChannelOutboundHandlerAdapter	SOURCE
com.netflix.zuul.netty.insights.PassportStateOriginHandler$OutboundHandler	close(io.netty.channel.ChannelHandlerContext,io.netty.channel.ChannelPromise)	add(com.netflix.zuul.passport.PassportState)	com.netflix.zuul.passport.CurrentPassport	SOURCE
com.netflix.zuul.netty.insights.PassportStateOriginHandler$OutboundHandler	close(io.netty.channel.ChannelHandlerContext,io.netty.channel.ChannelPromise)	passport(io.netty.channel.ChannelHandlerContext)	com.netflix.zuul.netty.insights.PassportStateOriginHandler	SOURCE
com.netflix.zuul.netty.insights.PassportStateOriginHandler$OutboundHandler	close(io.netty.channel.ChannelHandlerContext,io.netty.channel.ChannelPromise)	close(io.netty.channel.ChannelHandlerContext,io.netty.channel.ChannelPromise)	io.netty.channel.ChannelOutboundHandlerAdapter	SOURCE
com.netflix.zuul.netty.insights.PassportStateOriginHandler$OutboundHandler	exceptionCaught(io.netty.channel.ChannelHandlerContext,java.lang.Throwable)	add(com.netflix.zuul.passport.PassportState)	com.netflix.zuul.passport.CurrentPassport	SOURCE
com.netflix.zuul.netty.insights.PassportStateOriginHandler$OutboundHandler	exceptionCaught(io.netty.channel.ChannelHandlerContext,java.lang.Throwable)	passport(io.netty.channel.ChannelHandlerContext)	com.netflix.zuul.netty.insights.PassportStateOriginHandler	SOURCE
com.netflix.zuul.netty.insights.PassportStateOriginHandler$OutboundHandler	exceptionCaught(io.netty.channel.ChannelHandlerContext,java.lang.Throwable)	exceptionCaught(io.netty.channel.ChannelHandlerContext,java.lang.Throwable)	io.netty.channel.ChannelHandlerAdapter	SOURCE
com.netflix.zuul.netty.insights.PassportStateOriginHandler$OutboundHandler	connect(io.netty.channel.ChannelHandlerContext,java.net.SocketAddress,java.net.SocketAddress,io.netty.channel.ChannelPromise)	connect(io.netty.channel.ChannelHandlerContext,java.net.SocketAddress,java.net.SocketAddress,io.netty.channel.ChannelPromise)	io.netty.channel.ChannelOutboundHandlerAdapter	SOURCE
com.netflix.zuul.netty.insights.PassportStateHttpClientHandler	passport(io.netty.channel.ChannelHandlerContext)	fromChannel(io.netty.channel.Channel)	com.netflix.zuul.passport.CurrentPassport	SOURCE
com.netflix.zuul.netty.insights.PassportStateHttpClientHandler	passport(io.netty.channel.ChannelHandlerContext)	channel()	io.netty.channel.ChannelHandlerContext	SOURCE
com.netflix.zuul.netty.insights.PassportStateHttpClientHandler$InboundHandler	channelRead(io.netty.channel.ChannelHandlerContext,java.lang.Object)	passport(io.netty.channel.ChannelHandlerContext)	com.netflix.zuul.netty.insights.PassportStateHttpClientHandler	SOURCE
com.netflix.zuul.netty.insights.PassportStateHttpClientHandler$InboundHandler	channelRead(io.netty.channel.ChannelHandlerContext,java.lang.Object)	add(com.netflix.zuul.passport.PassportState)	com.netflix.zuul.passport.CurrentPassport	SOURCE
com.netflix.zuul.netty.insights.PassportStateHttpClientHandler$InboundHandler	channelRead(io.netty.channel.ChannelHandlerContext,java.lang.Object)	add(com.netflix.zuul.passport.PassportState)	com.netflix.zuul.passport.CurrentPassport	SOURCE
com.netflix.zuul.netty.insights.PassportStateHttpClientHandler$InboundHandler	channelRead(io.netty.channel.ChannelHandlerContext,java.lang.Object)	add(com.netflix.zuul.passport.PassportState)	com.netflix.zuul.passport.CurrentPassport	SOURCE
com.netflix.zuul.netty.insights.PassportStateHttpClientHandler$InboundHandler	channelRead(io.netty.channel.ChannelHandlerContext,java.lang.Object)	channelRead(io.netty.channel.ChannelHandlerContext,java.lang.Object)	io.netty.channel.ChannelInboundHandlerAdapter	SOURCE
com.netflix.zuul.netty.insights.PassportStateHttpClientHandler$OutboundHandler	write(io.netty.channel.ChannelHandlerContext,java.lang.Object,io.netty.channel.ChannelPromise)	passport(io.netty.channel.ChannelHandlerContext)	com.netflix.zuul.netty.insights.PassportStateHttpClientHandler	SOURCE
com.netflix.zuul.netty.insights.PassportStateHttpClientHandler$OutboundHandler	write(io.netty.channel.ChannelHandlerContext,java.lang.Object,io.netty.channel.ChannelPromise)	add(com.netflix.zuul.passport.PassportState)	com.netflix.zuul.passport.CurrentPassport	SOURCE
com.netflix.zuul.netty.insights.PassportStateHttpClientHandler$OutboundHandler	write(io.netty.channel.ChannelHandlerContext,java.lang.Object,io.netty.channel.ChannelPromise)	addListener(io.netty.util.concurrent.GenericFutureListener<? extends io.netty.util.concurrent.Future<? super java.lang.Void>>)	io.netty.channel.ChannelPromise	SOURCE
com.netflix.zuul.netty.insights.PassportStateHttpClientHandler$OutboundHandler	write(io.netty.channel.ChannelHandlerContext,java.lang.Object,io.netty.channel.ChannelPromise)	PassportStateListener(com.netflix.zuul.passport.CurrentPassport,com.netflix.zuul.passport.PassportState,com.netflix.zuul.passport.PassportState)	com.netflix.zuul.netty.insights.PassportStateListener	SOURCE
com.netflix.zuul.netty.insights.PassportStateHttpClientHandler$OutboundHandler	write(io.netty.channel.ChannelHandlerContext,java.lang.Object,io.netty.channel.ChannelPromise)	add(com.netflix.zuul.passport.PassportState)	com.netflix.zuul.passport.CurrentPassport	SOURCE
com.netflix.zuul.netty.insights.PassportStateHttpClientHandler$OutboundHandler	write(io.netty.channel.ChannelHandlerContext,java.lang.Object,io.netty.channel.ChannelPromise)	addListener(io.netty.util.concurrent.GenericFutureListener<? extends io.netty.util.concurrent.Future<? super java.lang.Void>>)	io.netty.channel.ChannelPromise	SOURCE
com.netflix.zuul.netty.insights.PassportStateHttpClientHandler$OutboundHandler	write(io.netty.channel.ChannelHandlerContext,java.lang.Object,io.netty.channel.ChannelPromise)	PassportStateListener(com.netflix.zuul.passport.CurrentPassport,com.netflix.zuul.passport.PassportState,com.netflix.zuul.passport.PassportState)	com.netflix.zuul.netty.insights.PassportStateListener	SOURCE
com.netflix.zuul.netty.insights.PassportStateHttpClientHandler$OutboundHandler	write(io.netty.channel.ChannelHandlerContext,java.lang.Object,io.netty.channel.ChannelPromise)	add(com.netflix.zuul.passport.PassportState)	com.netflix.zuul.passport.CurrentPassport	SOURCE
com.netflix.zuul.netty.insights.PassportStateHttpClientHandler$OutboundHandler	write(io.netty.channel.ChannelHandlerContext,java.lang.Object,io.netty.channel.ChannelPromise)	addListener(io.netty.util.concurrent.GenericFutureListener<? extends io.netty.util.concurrent.Future<? super java.lang.Void>>)	io.netty.channel.ChannelPromise	SOURCE
com.netflix.zuul.netty.insights.PassportStateHttpClientHandler$OutboundHandler	write(io.netty.channel.ChannelHandlerContext,java.lang.Object,io.netty.channel.ChannelPromise)	PassportStateListener(com.netflix.zuul.passport.CurrentPassport,com.netflix.zuul.passport.PassportState,com.netflix.zuul.passport.PassportState)	com.netflix.zuul.netty.insights.PassportStateListener	SOURCE
com.netflix.zuul.netty.insights.PassportStateHttpClientHandler$OutboundHandler	write(io.netty.channel.ChannelHandlerContext,java.lang.Object,io.netty.channel.ChannelPromise)	write(io.netty.channel.ChannelHandlerContext,java.lang.Object,io.netty.channel.ChannelPromise)	io.netty.channel.ChannelOutboundHandlerAdapter	SOURCE
com.netflix.zuul.netty.insights.PassportStateHttpServerHandler	passport(io.netty.channel.ChannelHandlerContext)	fromChannel(io.netty.channel.Channel)	com.netflix.zuul.passport.CurrentPassport	SOURCE
com.netflix.zuul.netty.insights.PassportStateHttpServerHandler	passport(io.netty.channel.ChannelHandlerContext)	channel()	io.netty.channel.ChannelHandlerContext	SOURCE
com.netflix.zuul.netty.insights.PassportStateHttpServerHandler$InboundHandler	channelRead(io.netty.channel.ChannelHandlerContext,java.lang.Object)	passport(io.netty.channel.ChannelHandlerContext)	com.netflix.zuul.netty.insights.PassportStateHttpServerHandler	SOURCE
com.netflix.zuul.netty.insights.PassportStateHttpServerHandler$InboundHandler	channelRead(io.netty.channel.ChannelHandlerContext,java.lang.Object)	findState(com.netflix.zuul.passport.PassportState)	com.netflix.zuul.passport.CurrentPassport	SOURCE
com.netflix.zuul.netty.insights.PassportStateHttpServerHandler$InboundHandler	channelRead(io.netty.channel.ChannelHandlerContext,java.lang.Object)	createForChannel(io.netty.channel.Channel)	com.netflix.zuul.passport.CurrentPassport	SOURCE
com.netflix.zuul.netty.insights.PassportStateHttpServerHandler$InboundHandler	channelRead(io.netty.channel.ChannelHandlerContext,java.lang.Object)	channel()	io.netty.channel.ChannelHandlerContext	SOURCE
com.netflix.zuul.netty.insights.PassportStateHttpServerHandler$InboundHandler	channelRead(io.netty.channel.ChannelHandlerContext,java.lang.Object)	add(com.netflix.zuul.passport.PassportState)	com.netflix.zuul.passport.CurrentPassport	SOURCE
com.netflix.zuul.netty.insights.PassportStateHttpServerHandler$InboundHandler	channelRead(io.netty.channel.ChannelHandlerContext,java.lang.Object)	add(com.netflix.zuul.passport.PassportState)	com.netflix.zuul.passport.CurrentPassport	SOURCE
com.netflix.zuul.netty.insights.PassportStateHttpServerHandler$InboundHandler	channelRead(io.netty.channel.ChannelHandlerContext,java.lang.Object)	add(com.netflix.zuul.passport.PassportState)	com.netflix.zuul.passport.CurrentPassport	SOURCE
com.netflix.zuul.netty.insights.PassportStateHttpServerHandler$InboundHandler	channelRead(io.netty.channel.ChannelHandlerContext,java.lang.Object)	channelRead(io.netty.channel.ChannelHandlerContext,java.lang.Object)	io.netty.channel.ChannelInboundHandlerAdapter	SOURCE
com.netflix.zuul.netty.insights.PassportStateHttpServerHandler$InboundHandler	userEventTriggered(io.netty.channel.ChannelHandlerContext,java.lang.Object)	userEventTriggered(io.netty.channel.ChannelHandlerContext,java.lang.Object)	io.netty.channel.ChannelInboundHandlerAdapter	SOURCE
com.netflix.zuul.netty.insights.PassportStateHttpServerHandler$InboundHandler	userEventTriggered(io.netty.channel.ChannelHandlerContext,java.lang.Object)	clearFromChannel(io.netty.channel.Channel)	com.netflix.zuul.passport.CurrentPassport	SOURCE
com.netflix.zuul.netty.insights.PassportStateHttpServerHandler$InboundHandler	userEventTriggered(io.netty.channel.ChannelHandlerContext,java.lang.Object)	channel()	io.netty.channel.ChannelHandlerContext	SOURCE
com.netflix.zuul.netty.insights.PassportStateHttpServerHandler$OutboundHandler	write(io.netty.channel.ChannelHandlerContext,java.lang.Object,io.netty.channel.ChannelPromise)	passport(io.netty.channel.ChannelHandlerContext)	com.netflix.zuul.netty.insights.PassportStateHttpServerHandler	SOURCE
com.netflix.zuul.netty.insights.PassportStateHttpServerHandler$OutboundHandler	write(io.netty.channel.ChannelHandlerContext,java.lang.Object,io.netty.channel.ChannelPromise)	add(com.netflix.zuul.passport.PassportState)	com.netflix.zuul.passport.CurrentPassport	SOURCE
com.netflix.zuul.netty.insights.PassportStateHttpServerHandler$OutboundHandler	write(io.netty.channel.ChannelHandlerContext,java.lang.Object,io.netty.channel.ChannelPromise)	addListener(io.netty.util.concurrent.GenericFutureListener<? extends io.netty.util.concurrent.Future<? super java.lang.Void>>)	io.netty.channel.ChannelPromise	SOURCE
com.netflix.zuul.netty.insights.PassportStateHttpServerHandler$OutboundHandler	write(io.netty.channel.ChannelHandlerContext,java.lang.Object,io.netty.channel.ChannelPromise)	PassportStateListener(com.netflix.zuul.passport.CurrentPassport,com.netflix.zuul.passport.PassportState,com.netflix.zuul.passport.PassportState)	com.netflix.zuul.netty.insights.PassportStateListener	SOURCE
com.netflix.zuul.netty.insights.PassportStateHttpServerHandler$OutboundHandler	write(io.netty.channel.ChannelHandlerContext,java.lang.Object,io.netty.channel.ChannelPromise)	add(com.netflix.zuul.passport.PassportState)	com.netflix.zuul.passport.CurrentPassport	SOURCE
com.netflix.zuul.netty.insights.PassportStateHttpServerHandler$OutboundHandler	write(io.netty.channel.ChannelHandlerContext,java.lang.Object,io.netty.channel.ChannelPromise)	addListener(io.netty.util.concurrent.GenericFutureListener<? extends io.netty.util.concurrent.Future<? super java.lang.Void>>)	io.netty.channel.ChannelPromise	SOURCE
com.netflix.zuul.netty.insights.PassportStateHttpServerHandler$OutboundHandler	write(io.netty.channel.ChannelHandlerContext,java.lang.Object,io.netty.channel.ChannelPromise)	PassportStateListener(com.netflix.zuul.passport.CurrentPassport,com.netflix.zuul.passport.PassportState,com.netflix.zuul.passport.PassportState)	com.netflix.zuul.netty.insights.PassportStateListener	SOURCE
com.netflix.zuul.netty.insights.PassportStateHttpServerHandler$OutboundHandler	write(io.netty.channel.ChannelHandlerContext,java.lang.Object,io.netty.channel.ChannelPromise)	add(com.netflix.zuul.passport.PassportState)	com.netflix.zuul.passport.CurrentPassport	SOURCE
com.netflix.zuul.netty.insights.PassportStateHttpServerHandler$OutboundHandler	write(io.netty.channel.ChannelHandlerContext,java.lang.Object,io.netty.channel.ChannelPromise)	addListener(io.netty.util.concurrent.GenericFutureListener<? extends io.netty.util.concurrent.Future<? super java.lang.Void>>)	io.netty.channel.ChannelPromise	SOURCE
com.netflix.zuul.netty.insights.PassportStateHttpServerHandler$OutboundHandler	write(io.netty.channel.ChannelHandlerContext,java.lang.Object,io.netty.channel.ChannelPromise)	PassportStateListener(com.netflix.zuul.passport.CurrentPassport,com.netflix.zuul.passport.PassportState,com.netflix.zuul.passport.PassportState)	com.netflix.zuul.netty.insights.PassportStateListener	SOURCE
com.netflix.zuul.netty.insights.PassportStateHttpServerHandler$OutboundHandler	write(io.netty.channel.ChannelHandlerContext,java.lang.Object,io.netty.channel.ChannelPromise)	write(io.netty.channel.ChannelHandlerContext,java.lang.Object,io.netty.channel.ChannelPromise)	io.netty.channel.ChannelOutboundHandlerAdapter	SOURCE
com.netflix.zuul.netty.insights.ServerStateHandler	logger	getLogger(java.lang.Class<?>)	org.slf4j.LoggerFactory	SOURCE
com.netflix.zuul.netty.insights.ServerStateHandler	passport(io.netty.channel.ChannelHandlerContext)	fromChannel(io.netty.channel.Channel)	com.netflix.zuul.passport.CurrentPassport	SOURCE
com.netflix.zuul.netty.insights.ServerStateHandler	passport(io.netty.channel.ChannelHandlerContext)	channel()	io.netty.channel.ChannelHandlerContext	SOURCE
com.netflix.zuul.netty.insights.ServerStateHandler$InboundHandler	InboundHandler(com.netflix.spectator.api.Registry,java.lang.String)	ChannelInboundHandlerAdapter()	io.netty.channel.ChannelInboundHandlerAdapter	SOURCE
com.netflix.zuul.netty.insights.ServerStateHandler$InboundHandler	InboundHandler(com.netflix.spectator.api.Registry,java.lang.String)	counter(java.lang.String,java.lang.String...)	com.netflix.spectator.api.Registry	SOURCE
com.netflix.zuul.netty.insights.ServerStateHandler$InboundHandler	InboundHandler(com.netflix.spectator.api.Registry,java.lang.String)	counter(java.lang.String,java.lang.String...)	com.netflix.spectator.api.Registry	SOURCE
com.netflix.zuul.netty.insights.ServerStateHandler$InboundHandler	InboundHandler(com.netflix.spectator.api.Registry,java.lang.String)	counter(java.lang.String,java.lang.String...)	com.netflix.spectator.api.Registry	SOURCE
com.netflix.zuul.netty.insights.ServerStateHandler$InboundHandler	channelActive(io.netty.channel.ChannelHandlerContext)	increment()	com.netflix.spectator.api.Counter	SOURCE
com.netflix.zuul.netty.insights.ServerStateHandler$InboundHandler	channelActive(io.netty.channel.ChannelHandlerContext)	add(com.netflix.zuul.passport.PassportState)	com.netflix.zuul.passport.CurrentPassport	SOURCE
com.netflix.zuul.netty.insights.ServerStateHandler$InboundHandler	channelActive(io.netty.channel.ChannelHandlerContext)	passport(io.netty.channel.ChannelHandlerContext)	com.netflix.zuul.netty.insights.ServerStateHandler	SOURCE
com.netflix.zuul.netty.insights.ServerStateHandler$InboundHandler	channelActive(io.netty.channel.ChannelHandlerContext)	channelActive(io.netty.channel.ChannelHandlerContext)	io.netty.channel.ChannelInboundHandlerAdapter	SOURCE
com.netflix.zuul.netty.insights.ServerStateHandler$InboundHandler	channelInactive(io.netty.channel.ChannelHandlerContext)	increment()	com.netflix.spectator.api.Counter	SOURCE
com.netflix.zuul.netty.insights.ServerStateHandler$InboundHandler	channelInactive(io.netty.channel.ChannelHandlerContext)	add(com.netflix.zuul.passport.PassportState)	com.netflix.zuul.passport.CurrentPassport	SOURCE
com.netflix.zuul.netty.insights.ServerStateHandler$InboundHandler	channelInactive(io.netty.channel.ChannelHandlerContext)	passport(io.netty.channel.ChannelHandlerContext)	com.netflix.zuul.netty.insights.ServerStateHandler	SOURCE
com.netflix.zuul.netty.insights.ServerStateHandler$InboundHandler	channelInactive(io.netty.channel.ChannelHandlerContext)	channelInactive(io.netty.channel.ChannelHandlerContext)	io.netty.channel.ChannelInboundHandlerAdapter	SOURCE
com.netflix.zuul.netty.insights.ServerStateHandler$InboundHandler	exceptionCaught(io.netty.channel.ChannelHandlerContext,java.lang.Throwable)	increment()	com.netflix.spectator.api.Counter	SOURCE
com.netflix.zuul.netty.insights.ServerStateHandler$InboundHandler	exceptionCaught(io.netty.channel.ChannelHandlerContext,java.lang.Throwable)	increment()	com.netflix.spectator.api.Counter	SOURCE
com.netflix.zuul.netty.insights.ServerStateHandler$InboundHandler	exceptionCaught(io.netty.channel.ChannelHandlerContext,java.lang.Throwable)	counter(java.lang.String,java.lang.String...)	com.netflix.spectator.api.Registry	SOURCE
com.netflix.zuul.netty.insights.ServerStateHandler$InboundHandler	exceptionCaught(io.netty.channel.ChannelHandlerContext,java.lang.Throwable)	getSimpleName()	java.lang.Class	SOURCE
com.netflix.zuul.netty.insights.ServerStateHandler$InboundHandler	exceptionCaught(io.netty.channel.ChannelHandlerContext,java.lang.Throwable)	getClass()	java.lang.Object	SOURCE
com.netflix.zuul.netty.insights.ServerStateHandler$InboundHandler	exceptionCaught(io.netty.channel.ChannelHandlerContext,java.lang.Throwable)	add(com.netflix.zuul.passport.PassportState)	com.netflix.zuul.passport.CurrentPassport	SOURCE
com.netflix.zuul.netty.insights.ServerStateHandler$InboundHandler	exceptionCaught(io.netty.channel.ChannelHandlerContext,java.lang.Throwable)	passport(io.netty.channel.ChannelHandlerContext)	com.netflix.zuul.netty.insights.ServerStateHandler	SOURCE
com.netflix.zuul.netty.insights.ServerStateHandler$InboundHandler	exceptionCaught(io.netty.channel.ChannelHandlerContext,java.lang.Throwable)	info(java.lang.String,java.lang.Throwable)	org.slf4j.Logger	SOURCE
com.netflix.zuul.netty.insights.ServerStateHandler$InboundHandler	exceptionCaught(io.netty.channel.ChannelHandlerContext,java.lang.Throwable)	exceptionCaught(io.netty.channel.ChannelHandlerContext,java.lang.Throwable)	io.netty.channel.ChannelInboundHandlerAdapter	SOURCE
com.netflix.zuul.netty.insights.ServerStateHandler$InboundHandler	userEventTriggered(io.netty.channel.ChannelHandlerContext,java.lang.Object)	fromChannel(io.netty.channel.Channel)	com.netflix.zuul.passport.CurrentPassport	SOURCE
com.netflix.zuul.netty.insights.ServerStateHandler$InboundHandler	userEventTriggered(io.netty.channel.ChannelHandlerContext,java.lang.Object)	channel()	io.netty.channel.ChannelHandlerContext	SOURCE
com.netflix.zuul.netty.insights.ServerStateHandler$InboundHandler	userEventTriggered(io.netty.channel.ChannelHandlerContext,java.lang.Object)	add(com.netflix.zuul.passport.PassportState)	com.netflix.zuul.passport.CurrentPassport	SOURCE
com.netflix.zuul.netty.insights.ServerStateHandler$InboundHandler	userEventTriggered(io.netty.channel.ChannelHandlerContext,java.lang.Object)	userEventTriggered(io.netty.channel.ChannelHandlerContext,java.lang.Object)	io.netty.channel.ChannelInboundHandlerAdapter	SOURCE
com.netflix.zuul.netty.insights.ServerStateHandler$OutboundHandler	OutboundHandler(com.netflix.spectator.api.Registry)	ChannelOutboundHandlerAdapter()	io.netty.channel.ChannelOutboundHandlerAdapter	SOURCE
com.netflix.zuul.netty.insights.ServerStateHandler$OutboundHandler	close(io.netty.channel.ChannelHandlerContext,io.netty.channel.ChannelPromise)	add(com.netflix.zuul.passport.PassportState)	com.netflix.zuul.passport.CurrentPassport	SOURCE
com.netflix.zuul.netty.insights.ServerStateHandler$OutboundHandler	close(io.netty.channel.ChannelHandlerContext,io.netty.channel.ChannelPromise)	passport(io.netty.channel.ChannelHandlerContext)	com.netflix.zuul.netty.insights.ServerStateHandler	SOURCE
com.netflix.zuul.netty.insights.ServerStateHandler$OutboundHandler	close(io.netty.channel.ChannelHandlerContext,io.netty.channel.ChannelPromise)	close(io.netty.channel.ChannelHandlerContext,io.netty.channel.ChannelPromise)	io.netty.channel.ChannelOutboundHandlerAdapter	SOURCE
com.netflix.zuul.netty.insights.ServerStateHandler$OutboundHandler	disconnect(io.netty.channel.ChannelHandlerContext,io.netty.channel.ChannelPromise)	add(com.netflix.zuul.passport.PassportState)	com.netflix.zuul.passport.CurrentPassport	SOURCE
com.netflix.zuul.netty.insights.ServerStateHandler$OutboundHandler	disconnect(io.netty.channel.ChannelHandlerContext,io.netty.channel.ChannelPromise)	passport(io.netty.channel.ChannelHandlerContext)	com.netflix.zuul.netty.insights.ServerStateHandler	SOURCE
com.netflix.zuul.netty.insights.ServerStateHandler$OutboundHandler	disconnect(io.netty.channel.ChannelHandlerContext,io.netty.channel.ChannelPromise)	disconnect(io.netty.channel.ChannelHandlerContext,io.netty.channel.ChannelPromise)	io.netty.channel.ChannelOutboundHandlerAdapter	SOURCE
com.netflix.zuul.netty.insights.ServerStateHandler$OutboundHandler	exceptionCaught(io.netty.channel.ChannelHandlerContext,java.lang.Throwable)	add(com.netflix.zuul.passport.PassportState)	com.netflix.zuul.passport.CurrentPassport	SOURCE
com.netflix.zuul.netty.insights.ServerStateHandler$OutboundHandler	exceptionCaught(io.netty.channel.ChannelHandlerContext,java.lang.Throwable)	passport(io.netty.channel.ChannelHandlerContext)	com.netflix.zuul.netty.insights.ServerStateHandler	SOURCE
com.netflix.zuul.netty.insights.ServerStateHandler$OutboundHandler	exceptionCaught(io.netty.channel.ChannelHandlerContext,java.lang.Throwable)	debug(java.lang.String,java.lang.Throwable)	org.slf4j.Logger	SOURCE
com.netflix.zuul.netty.insights.ServerStateHandler$OutboundHandler	exceptionCaught(io.netty.channel.ChannelHandlerContext,java.lang.Throwable)	increment()	com.netflix.spectator.api.Counter	SOURCE
com.netflix.zuul.netty.insights.ServerStateHandler$OutboundHandler	exceptionCaught(io.netty.channel.ChannelHandlerContext,java.lang.Throwable)	counter(java.lang.String,java.lang.String...)	com.netflix.spectator.api.Registry	SOURCE
com.netflix.zuul.netty.insights.ServerStateHandler$OutboundHandler	exceptionCaught(io.netty.channel.ChannelHandlerContext,java.lang.Throwable)	getSimpleName()	java.lang.Class	SOURCE
com.netflix.zuul.netty.insights.ServerStateHandler$OutboundHandler	exceptionCaught(io.netty.channel.ChannelHandlerContext,java.lang.Throwable)	getClass()	java.lang.Object	SOURCE
com.netflix.zuul.netty.insights.ServerStateHandler$OutboundHandler	exceptionCaught(io.netty.channel.ChannelHandlerContext,java.lang.Throwable)	exceptionCaught(io.netty.channel.ChannelHandlerContext,java.lang.Throwable)	io.netty.channel.ChannelHandlerAdapter	SOURCE
com.netflix.zuul.netty.server.ssl.SslHandshakeInfoHandler	ATTR_SSL_INFO	<T>newInstance(java.lang.String)	io.netty.util.AttributeKey	SOURCE
com.netflix.zuul.netty.server.ssl.SslHandshakeInfoHandler	logger	getLogger(java.lang.Class<?>)	org.slf4j.LoggerFactory	SOURCE
com.netflix.zuul.netty.server.ssl.SslHandshakeInfoHandler	SslHandshakeInfoHandler(com.netflix.spectator.api.Registry,boolean)	ChannelInboundHandlerAdapter()	io.netty.channel.ChannelInboundHandlerAdapter	SOURCE
com.netflix.zuul.netty.server.ssl.SslHandshakeInfoHandler	SslHandshakeInfoHandler(com.netflix.spectator.api.Registry,boolean)	<T>checkNotNull(T)	com.google.common.base.Preconditions	SOURCE
com.netflix.zuul.netty.server.ssl.SslHandshakeInfoHandler	SslHandshakeInfoHandler()	ChannelInboundHandlerAdapter()	io.netty.channel.ChannelInboundHandlerAdapter	SOURCE
com.netflix.zuul.netty.server.ssl.SslHandshakeInfoHandler	userEventTriggered(io.netty.channel.ChannelHandlerContext,java.lang.Object)	isSuccess()	io.netty.handler.ssl.SslCompletionEvent	SOURCE
com.netflix.zuul.netty.server.ssl.SslHandshakeInfoHandler	userEventTriggered(io.netty.channel.ChannelHandlerContext,java.lang.Object)	add(com.netflix.zuul.passport.PassportState)	com.netflix.zuul.passport.CurrentPassport	SOURCE
com.netflix.zuul.netty.server.ssl.SslHandshakeInfoHandler	userEventTriggered(io.netty.channel.ChannelHandlerContext,java.lang.Object)	fromChannel(io.netty.channel.Channel)	com.netflix.zuul.passport.CurrentPassport	SOURCE
com.netflix.zuul.netty.server.ssl.SslHandshakeInfoHandler	userEventTriggered(io.netty.channel.ChannelHandlerContext,java.lang.Object)	channel()	io.netty.channel.ChannelHandlerContext	SOURCE
com.netflix.zuul.netty.server.ssl.SslHandshakeInfoHandler	userEventTriggered(io.netty.channel.ChannelHandlerContext,java.lang.Object)	<T>get(java.lang.Class<T>)	io.netty.channel.ChannelPipeline	SOURCE
com.netflix.zuul.netty.server.ssl.SslHandshakeInfoHandler	userEventTriggered(io.netty.channel.ChannelHandlerContext,java.lang.Object)	pipeline()	io.netty.channel.Channel	SOURCE
com.netflix.zuul.netty.server.ssl.SslHandshakeInfoHandler	userEventTriggered(io.netty.channel.ChannelHandlerContext,java.lang.Object)	channel()	io.netty.channel.ChannelHandlerContext	SOURCE
com.netflix.zuul.netty.server.ssl.SslHandshakeInfoHandler	userEventTriggered(io.netty.channel.ChannelHandlerContext,java.lang.Object)	getSession()	javax.net.ssl.SSLEngine	SOURCE
com.netflix.zuul.netty.server.ssl.SslHandshakeInfoHandler	userEventTriggered(io.netty.channel.ChannelHandlerContext,java.lang.Object)	engine()	io.netty.handler.ssl.SslHandler	SOURCE
com.netflix.zuul.netty.server.ssl.SslHandshakeInfoHandler	userEventTriggered(io.netty.channel.ChannelHandlerContext,java.lang.Object)	whichClientAuthEnum(io.netty.handler.ssl.SslHandler)	com.netflix.zuul.netty.server.ssl.SslHandshakeInfoHandler	SOURCE
com.netflix.zuul.netty.server.ssl.SslHandshakeInfoHandler	userEventTriggered(io.netty.channel.ChannelHandlerContext,java.lang.Object)	getPeerCertificates()	javax.net.ssl.SSLSession	SOURCE
com.netflix.zuul.netty.server.ssl.SslHandshakeInfoHandler	userEventTriggered(io.netty.channel.ChannelHandlerContext,java.lang.Object)	getPeerCertificates()	javax.net.ssl.SSLSession	SOURCE
com.netflix.zuul.netty.server.ssl.SslHandshakeInfoHandler	userEventTriggered(io.netty.channel.ChannelHandlerContext,java.lang.Object)	getPeerCertificates()	javax.net.ssl.SSLSession	SOURCE
com.netflix.zuul.netty.server.ssl.SslHandshakeInfoHandler	userEventTriggered(io.netty.channel.ChannelHandlerContext,java.lang.Object)	getLocalCertificates()	javax.net.ssl.SSLSession	SOURCE
com.netflix.zuul.netty.server.ssl.SslHandshakeInfoHandler	userEventTriggered(io.netty.channel.ChannelHandlerContext,java.lang.Object)	getLocalCertificates()	javax.net.ssl.SSLSession	SOURCE
com.netflix.zuul.netty.server.ssl.SslHandshakeInfoHandler	userEventTriggered(io.netty.channel.ChannelHandlerContext,java.lang.Object)	getLocalCertificates()	javax.net.ssl.SSLSession	SOURCE
com.netflix.zuul.netty.server.ssl.SslHandshakeInfoHandler	userEventTriggered(io.netty.channel.ChannelHandlerContext,java.lang.Object)	SslHandshakeInfo(boolean,java.lang.String,java.lang.String,io.netty.handler.ssl.ClientAuth,java.security.cert.Certificate,java.security.cert.X509Certificate)	com.netflix.netty.common.ssl.SslHandshakeInfo	SOURCE
com.netflix.zuul.netty.server.ssl.SslHandshakeInfoHandler	userEventTriggered(io.netty.channel.ChannelHandlerContext,java.lang.Object)	getProtocol()	javax.net.ssl.SSLSession	SOURCE
com.netflix.zuul.netty.server.ssl.SslHandshakeInfoHandler	userEventTriggered(io.netty.channel.ChannelHandlerContext,java.lang.Object)	getCipherSuite()	javax.net.ssl.SSLSession	SOURCE
com.netflix.zuul.netty.server.ssl.SslHandshakeInfoHandler	userEventTriggered(io.netty.channel.ChannelHandlerContext,java.lang.Object)	set(T)	io.netty.util.Attribute	SOURCE
com.netflix.zuul.netty.server.ssl.SslHandshakeInfoHandler	userEventTriggered(io.netty.channel.ChannelHandlerContext,java.lang.Object)	<T>attr(io.netty.util.AttributeKey<T>)	io.netty.util.AttributeMap	SOURCE
com.netflix.zuul.netty.server.ssl.SslHandshakeInfoHandler	userEventTriggered(io.netty.channel.ChannelHandlerContext,java.lang.Object)	channel()	io.netty.channel.ChannelHandlerContext	SOURCE
com.netflix.zuul.netty.server.ssl.SslHandshakeInfoHandler	userEventTriggered(io.netty.channel.ChannelHandlerContext,java.lang.Object)	incrementCounters(io.netty.handler.ssl.SslHandshakeCompletionEvent,com.netflix.netty.common.ssl.SslHandshakeInfo)	com.netflix.zuul.netty.server.ssl.SslHandshakeInfoHandler	SOURCE
com.netflix.zuul.netty.server.ssl.SslHandshakeInfoHandler	userEventTriggered(io.netty.channel.ChannelHandlerContext,java.lang.Object)	debug(java.lang.String,java.lang.Object)	org.slf4j.Logger	SOURCE
com.netflix.zuul.netty.server.ssl.SslHandshakeInfoHandler	userEventTriggered(io.netty.channel.ChannelHandlerContext,java.lang.Object)	get()	io.netty.util.Attribute	SOURCE
com.netflix.zuul.netty.server.ssl.SslHandshakeInfoHandler	userEventTriggered(io.netty.channel.ChannelHandlerContext,java.lang.Object)	<T>attr(io.netty.util.AttributeKey<T>)	io.netty.util.AttributeMap	SOURCE
com.netflix.zuul.netty.server.ssl.SslHandshakeInfoHandler	userEventTriggered(io.netty.channel.ChannelHandlerContext,java.lang.Object)	channel()	io.netty.channel.ChannelHandlerContext	SOURCE
com.netflix.zuul.netty.server.ssl.SslHandshakeInfoHandler	userEventTriggered(io.netty.channel.ChannelHandlerContext,java.lang.Object)	cause()	io.netty.handler.ssl.SslCompletionEvent	SOURCE
com.netflix.zuul.netty.server.ssl.SslHandshakeInfoHandler	userEventTriggered(io.netty.channel.ChannelHandlerContext,java.lang.Object)	getState()	com.netflix.zuul.passport.CurrentPassport	SOURCE
com.netflix.zuul.netty.server.ssl.SslHandshakeInfoHandler	userEventTriggered(io.netty.channel.ChannelHandlerContext,java.lang.Object)	fromChannel(io.netty.channel.Channel)	com.netflix.zuul.passport.CurrentPassport	SOURCE
com.netflix.zuul.netty.server.ssl.SslHandshakeInfoHandler	userEventTriggered(io.netty.channel.ChannelHandlerContext,java.lang.Object)	channel()	io.netty.channel.ChannelHandlerContext	SOURCE
com.netflix.zuul.netty.server.ssl.SslHandshakeInfoHandler	userEventTriggered(io.netty.channel.ChannelHandlerContext,java.lang.Object)	equals(java.lang.Object)	java.lang.Enum	SOURCE
com.netflix.zuul.netty.server.ssl.SslHandshakeInfoHandler	userEventTriggered(io.netty.channel.ChannelHandlerContext,java.lang.Object)	equals(java.lang.Object)	java.lang.Enum	SOURCE
com.netflix.zuul.netty.server.ssl.SslHandshakeInfoHandler	userEventTriggered(io.netty.channel.ChannelHandlerContext,java.lang.Object)	debug(java.lang.String,java.lang.Object,java.lang.Object)	org.slf4j.Logger	SOURCE
com.netflix.zuul.netty.server.ssl.SslHandshakeInfoHandler	userEventTriggered(io.netty.channel.ChannelHandlerContext,java.lang.Object)	channelInfoForLogging(io.netty.channel.Channel)	com.netflix.zuul.netty.ChannelUtils	SOURCE
com.netflix.zuul.netty.server.ssl.SslHandshakeInfoHandler	userEventTriggered(io.netty.channel.ChannelHandlerContext,java.lang.Object)	channel()	io.netty.channel.ChannelHandlerContext	SOURCE
com.netflix.zuul.netty.server.ssl.SslHandshakeInfoHandler	userEventTriggered(io.netty.channel.ChannelHandlerContext,java.lang.Object)	contains(java.lang.CharSequence)	java.lang.String	SOURCE
com.netflix.zuul.netty.server.ssl.SslHandshakeInfoHandler	userEventTriggered(io.netty.channel.ChannelHandlerContext,java.lang.Object)	getMessage()	java.lang.Throwable	SOURCE
com.netflix.zuul.netty.server.ssl.SslHandshakeInfoHandler	userEventTriggered(io.netty.channel.ChannelHandlerContext,java.lang.Object)	debug(java.lang.String,java.lang.Object,java.lang.Object)	org.slf4j.Logger	SOURCE
com.netflix.zuul.netty.server.ssl.SslHandshakeInfoHandler	userEventTriggered(io.netty.channel.ChannelHandlerContext,java.lang.Object)	channelInfoForLogging(io.netty.channel.Channel)	com.netflix.zuul.netty.ChannelUtils	SOURCE
com.netflix.zuul.netty.server.ssl.SslHandshakeInfoHandler	userEventTriggered(io.netty.channel.ChannelHandlerContext,java.lang.Object)	channel()	io.netty.channel.ChannelHandlerContext	SOURCE
com.netflix.zuul.netty.server.ssl.SslHandshakeInfoHandler	userEventTriggered(io.netty.channel.ChannelHandlerContext,java.lang.Object)	contains(java.lang.CharSequence)	java.lang.String	SOURCE
com.netflix.zuul.netty.server.ssl.SslHandshakeInfoHandler	userEventTriggered(io.netty.channel.ChannelHandlerContext,java.lang.Object)	getMessage()	java.lang.Throwable	SOURCE
com.netflix.zuul.netty.server.ssl.SslHandshakeInfoHandler	userEventTriggered(io.netty.channel.ChannelHandlerContext,java.lang.Object)	debug(java.lang.String,java.lang.Object,java.lang.Object)	org.slf4j.Logger	SOURCE
com.netflix.zuul.netty.server.ssl.SslHandshakeInfoHandler	userEventTriggered(io.netty.channel.ChannelHandlerContext,java.lang.Object)	channelInfoForLogging(io.netty.channel.Channel)	com.netflix.zuul.netty.ChannelUtils	SOURCE
com.netflix.zuul.netty.server.ssl.SslHandshakeInfoHandler	userEventTriggered(io.netty.channel.ChannelHandlerContext,java.lang.Object)	channel()	io.netty.channel.ChannelHandlerContext	SOURCE
com.netflix.zuul.netty.server.ssl.SslHandshakeInfoHandler	userEventTriggered(io.netty.channel.ChannelHandlerContext,java.lang.Object)	channelInfoForLogging(io.netty.channel.Channel)	com.netflix.zuul.netty.ChannelUtils	SOURCE
com.netflix.zuul.netty.server.ssl.SslHandshakeInfoHandler	userEventTriggered(io.netty.channel.ChannelHandlerContext,java.lang.Object)	channel()	io.netty.channel.ChannelHandlerContext	SOURCE
com.netflix.zuul.netty.server.ssl.SslHandshakeInfoHandler	userEventTriggered(io.netty.channel.ChannelHandlerContext,java.lang.Object)	debug(java.lang.String)	org.slf4j.Logger	SOURCE
com.netflix.zuul.netty.server.ssl.SslHandshakeInfoHandler	userEventTriggered(io.netty.channel.ChannelHandlerContext,java.lang.Object)	debug(java.lang.String,java.lang.Throwable)	org.slf4j.Logger	SOURCE
com.netflix.zuul.netty.server.ssl.SslHandshakeInfoHandler	userEventTriggered(io.netty.channel.ChannelHandlerContext,java.lang.Object)	incrementCounters(io.netty.handler.ssl.SslHandshakeCompletionEvent,com.netflix.netty.common.ssl.SslHandshakeInfo)	com.netflix.zuul.netty.server.ssl.SslHandshakeInfoHandler	SOURCE
com.netflix.zuul.netty.server.ssl.SslHandshakeInfoHandler	userEventTriggered(io.netty.channel.ChannelHandlerContext,java.lang.Object)	warn(java.lang.String,java.lang.Throwable)	org.slf4j.Logger	SOURCE
com.netflix.zuul.netty.server.ssl.SslHandshakeInfoHandler	userEventTriggered(io.netty.channel.ChannelHandlerContext,java.lang.Object)	remove(io.netty.channel.ChannelHandler)	io.netty.channel.ChannelPipeline	SOURCE
com.netflix.zuul.netty.server.ssl.SslHandshakeInfoHandler	userEventTriggered(io.netty.channel.ChannelHandlerContext,java.lang.Object)	pipeline()	io.netty.channel.ChannelHandlerContext	SOURCE
com.netflix.zuul.netty.server.ssl.SslHandshakeInfoHandler	userEventTriggered(io.netty.channel.ChannelHandlerContext,java.lang.Object)	debug(java.lang.String,java.lang.Object)	org.slf4j.Logger	SOURCE
com.netflix.zuul.netty.server.ssl.SslHandshakeInfoHandler	userEventTriggered(io.netty.channel.ChannelHandlerContext,java.lang.Object)	isSuccess()	io.netty.handler.ssl.SslCompletionEvent	SOURCE
com.netflix.zuul.netty.server.ssl.SslHandshakeInfoHandler	userEventTriggered(io.netty.channel.ChannelHandlerContext,java.lang.Object)	increment()	com.netflix.spectator.api.Counter	SOURCE
com.netflix.zuul.netty.server.ssl.SslHandshakeInfoHandler	userEventTriggered(io.netty.channel.ChannelHandlerContext,java.lang.Object)	counter(java.lang.String)	com.netflix.spectator.api.Registry	SOURCE
com.netflix.zuul.netty.server.ssl.SslHandshakeInfoHandler	userEventTriggered(io.netty.channel.ChannelHandlerContext,java.lang.Object)	cause()	io.netty.handler.ssl.SslCompletionEvent	SOURCE
com.netflix.zuul.netty.server.ssl.SslHandshakeInfoHandler	userEventTriggered(io.netty.channel.ChannelHandlerContext,java.lang.Object)	increment()	com.netflix.spectator.api.Counter	SOURCE
com.netflix.zuul.netty.server.ssl.SslHandshakeInfoHandler	userEventTriggered(io.netty.channel.ChannelHandlerContext,java.lang.Object)	counter(java.lang.String,java.lang.String...)	com.netflix.spectator.api.Registry	SOURCE
com.netflix.zuul.netty.server.ssl.SslHandshakeInfoHandler	userEventTriggered(io.netty.channel.ChannelHandlerContext,java.lang.Object)	getMessage()	java.lang.Throwable	SOURCE
com.netflix.zuul.netty.server.ssl.SslHandshakeInfoHandler	userEventTriggered(io.netty.channel.ChannelHandlerContext,java.lang.Object)	userEventTriggered(io.netty.channel.ChannelHandlerContext,java.lang.Object)	io.netty.channel.ChannelInboundHandlerAdapter	SOURCE
com.netflix.zuul.netty.server.ssl.SslHandshakeInfoHandler	whichClientAuthEnum(io.netty.handler.ssl.SslHandler)	getNeedClientAuth()	javax.net.ssl.SSLEngine	SOURCE
com.netflix.zuul.netty.server.ssl.SslHandshakeInfoHandler	whichClientAuthEnum(io.netty.handler.ssl.SslHandler)	engine()	io.netty.handler.ssl.SslHandler	SOURCE
com.netflix.zuul.netty.server.ssl.SslHandshakeInfoHandler	whichClientAuthEnum(io.netty.handler.ssl.SslHandler)	getWantClientAuth()	javax.net.ssl.SSLEngine	SOURCE
com.netflix.zuul.netty.server.ssl.SslHandshakeInfoHandler	whichClientAuthEnum(io.netty.handler.ssl.SslHandler)	engine()	io.netty.handler.ssl.SslHandler	SOURCE
com.netflix.zuul.netty.server.ssl.SslHandshakeInfoHandler	incrementCounters(io.netty.handler.ssl.SslHandshakeCompletionEvent,com.netflix.netty.common.ssl.SslHandshakeInfo)	isSuccess()	io.netty.handler.ssl.SslCompletionEvent	SOURCE
com.netflix.zuul.netty.server.ssl.SslHandshakeInfoHandler	incrementCounters(io.netty.handler.ssl.SslHandshakeCompletionEvent,com.netflix.netty.common.ssl.SslHandshakeInfo)	length()	java.lang.String	SOURCE
com.netflix.zuul.netty.server.ssl.SslHandshakeInfoHandler	incrementCounters(io.netty.handler.ssl.SslHandshakeCompletionEvent,com.netflix.netty.common.ssl.SslHandshakeInfo)	getProtocol()	com.netflix.netty.common.ssl.SslHandshakeInfo	SOURCE
com.netflix.zuul.netty.server.ssl.SslHandshakeInfoHandler	incrementCounters(io.netty.handler.ssl.SslHandshakeCompletionEvent,com.netflix.netty.common.ssl.SslHandshakeInfo)	getProtocol()	com.netflix.netty.common.ssl.SslHandshakeInfo	SOURCE
com.netflix.zuul.netty.server.ssl.SslHandshakeInfoHandler	incrementCounters(io.netty.handler.ssl.SslHandshakeCompletionEvent,com.netflix.netty.common.ssl.SslHandshakeInfo)	length()	java.lang.String	SOURCE
com.netflix.zuul.netty.server.ssl.SslHandshakeInfoHandler	incrementCounters(io.netty.handler.ssl.SslHandshakeCompletionEvent,com.netflix.netty.common.ssl.SslHandshakeInfo)	getCipherSuite()	com.netflix.netty.common.ssl.SslHandshakeInfo	SOURCE
com.netflix.zuul.netty.server.ssl.SslHandshakeInfoHandler	incrementCounters(io.netty.handler.ssl.SslHandshakeCompletionEvent,com.netflix.netty.common.ssl.SslHandshakeInfo)	getCipherSuite()	com.netflix.netty.common.ssl.SslHandshakeInfo	SOURCE
com.netflix.zuul.netty.server.ssl.SslHandshakeInfoHandler	incrementCounters(io.netty.handler.ssl.SslHandshakeCompletionEvent,com.netflix.netty.common.ssl.SslHandshakeInfo)	increment()	com.netflix.spectator.api.Counter	SOURCE
com.netflix.zuul.netty.server.ssl.SslHandshakeInfoHandler	incrementCounters(io.netty.handler.ssl.SslHandshakeCompletionEvent,com.netflix.netty.common.ssl.SslHandshakeInfo)	counter(java.lang.String,java.lang.String...)	com.netflix.spectator.api.Registry	SOURCE
com.netflix.zuul.netty.server.ssl.SslHandshakeInfoHandler	incrementCounters(io.netty.handler.ssl.SslHandshakeCompletionEvent,com.netflix.netty.common.ssl.SslHandshakeInfo)	valueOf(boolean)	java.lang.String	SOURCE
com.netflix.zuul.netty.server.ssl.SslHandshakeInfoHandler	incrementCounters(io.netty.handler.ssl.SslHandshakeCompletionEvent,com.netflix.netty.common.ssl.SslHandshakeInfo)	isSuccess()	io.netty.handler.ssl.SslCompletionEvent	SOURCE
com.netflix.zuul.netty.server.ssl.SslHandshakeInfoHandler	incrementCounters(io.netty.handler.ssl.SslHandshakeCompletionEvent,com.netflix.netty.common.ssl.SslHandshakeInfo)	valueOf(java.lang.Object)	java.lang.String	SOURCE
com.netflix.zuul.netty.server.ssl.SslHandshakeInfoHandler	incrementCounters(io.netty.handler.ssl.SslHandshakeCompletionEvent,com.netflix.netty.common.ssl.SslHandshakeInfo)	valueOf(java.lang.Object)	java.lang.String	SOURCE
com.netflix.zuul.netty.server.ssl.SslHandshakeInfoHandler	incrementCounters(io.netty.handler.ssl.SslHandshakeCompletionEvent,com.netflix.netty.common.ssl.SslHandshakeInfo)	valueOf(java.lang.Object)	java.lang.String	SOURCE
com.netflix.zuul.netty.server.ssl.SslHandshakeInfoHandler	incrementCounters(io.netty.handler.ssl.SslHandshakeCompletionEvent,com.netflix.netty.common.ssl.SslHandshakeInfo)	getClientAuthRequirement()	com.netflix.netty.common.ssl.SslHandshakeInfo	SOURCE
com.netflix.zuul.netty.server.ssl.SslHandshakeInfoHandler	incrementCounters(io.netty.handler.ssl.SslHandshakeCompletionEvent,com.netflix.netty.common.ssl.SslHandshakeInfo)	increment()	com.netflix.spectator.api.Counter	SOURCE
com.netflix.zuul.netty.server.ssl.SslHandshakeInfoHandler	incrementCounters(io.netty.handler.ssl.SslHandshakeCompletionEvent,com.netflix.netty.common.ssl.SslHandshakeInfo)	counter(java.lang.String,java.lang.String...)	com.netflix.spectator.api.Registry	SOURCE
com.netflix.zuul.netty.server.ssl.SslHandshakeInfoHandler	incrementCounters(io.netty.handler.ssl.SslHandshakeCompletionEvent,com.netflix.netty.common.ssl.SslHandshakeInfo)	valueOf(boolean)	java.lang.String	SOURCE
com.netflix.zuul.netty.server.ssl.SslHandshakeInfoHandler	incrementCounters(io.netty.handler.ssl.SslHandshakeCompletionEvent,com.netflix.netty.common.ssl.SslHandshakeInfo)	isSuccess()	io.netty.handler.ssl.SslCompletionEvent	SOURCE
com.netflix.zuul.netty.server.ssl.SslHandshakeInfoHandler	incrementCounters(io.netty.handler.ssl.SslHandshakeCompletionEvent,com.netflix.netty.common.ssl.SslHandshakeInfo)	valueOf(java.lang.Object)	java.lang.String	SOURCE
com.netflix.zuul.netty.server.ssl.SslHandshakeInfoHandler	incrementCounters(io.netty.handler.ssl.SslHandshakeCompletionEvent,com.netflix.netty.common.ssl.SslHandshakeInfo)	cause()	io.netty.handler.ssl.SslCompletionEvent	SOURCE
com.netflix.zuul.netty.server.ssl.SslHandshakeInfoHandler	incrementCounters(io.netty.handler.ssl.SslHandshakeCompletionEvent,com.netflix.netty.common.ssl.SslHandshakeInfo)	error(java.lang.String,java.lang.Throwable)	org.slf4j.Logger	SOURCE
com.netflix.zuul.netty.server.Http1MutualSslChannelInitializer	Http1MutualSslChannelInitializer(int,com.netflix.netty.common.channel.config.ChannelConfig,com.netflix.netty.common.channel.config.ChannelConfig,io.netty.channel.group.ChannelGroup)	Http1MutualSslChannelInitializer(java.lang.String,com.netflix.netty.common.channel.config.ChannelConfig,com.netflix.netty.common.channel.config.ChannelConfig,io.netty.channel.group.ChannelGroup)	com.netflix.zuul.netty.server.Http1MutualSslChannelInitializer	SOURCE
com.netflix.zuul.netty.server.Http1MutualSslChannelInitializer	Http1MutualSslChannelInitializer(int,com.netflix.netty.common.channel.config.ChannelConfig,com.netflix.netty.common.channel.config.ChannelConfig,io.netty.channel.group.ChannelGroup)	valueOf(int)	java.lang.String	SOURCE
com.netflix.zuul.netty.server.Http1MutualSslChannelInitializer	Http1MutualSslChannelInitializer(java.lang.String,com.netflix.netty.common.channel.config.ChannelConfig,com.netflix.netty.common.channel.config.ChannelConfig,io.netty.channel.group.ChannelGroup)	BaseZuulChannelInitializer(java.lang.String,com.netflix.netty.common.channel.config.ChannelConfig,com.netflix.netty.common.channel.config.ChannelConfig,io.netty.channel.group.ChannelGroup)	com.netflix.zuul.netty.server.BaseZuulChannelInitializer	SOURCE
com.netflix.zuul.netty.server.Http1MutualSslChannelInitializer	Http1MutualSslChannelInitializer(java.lang.String,com.netflix.netty.common.channel.config.ChannelConfig,com.netflix.netty.common.channel.config.ChannelConfig,io.netty.channel.group.ChannelGroup)	<T>get(com.netflix.netty.common.channel.config.ChannelConfigKey<T>)	com.netflix.netty.common.channel.config.ChannelConfig	SOURCE
com.netflix.zuul.netty.server.Http1MutualSslChannelInitializer	Http1MutualSslChannelInitializer(java.lang.String,com.netflix.netty.common.channel.config.ChannelConfig,com.netflix.netty.common.channel.config.ChannelConfig,io.netty.channel.group.ChannelGroup)	<T>get(com.netflix.netty.common.channel.config.ChannelConfigKey<T>)	com.netflix.netty.common.channel.config.ChannelConfig	SOURCE
com.netflix.zuul.netty.server.Http1MutualSslChannelInitializer	Http1MutualSslChannelInitializer(java.lang.String,com.netflix.netty.common.channel.config.ChannelConfig,com.netflix.netty.common.channel.config.ChannelConfig,io.netty.channel.group.ChannelGroup)	build()	io.netty.handler.ssl.SslContextBuilder	SOURCE
com.netflix.zuul.netty.server.Http1MutualSslChannelInitializer	Http1MutualSslChannelInitializer(java.lang.String,com.netflix.netty.common.channel.config.ChannelConfig,com.netflix.netty.common.channel.config.ChannelConfig,io.netty.channel.group.ChannelGroup)	createBuilderForServer()	com.netflix.zuul.netty.ssl.SslContextFactory	SOURCE
com.netflix.zuul.netty.server.Http1MutualSslChannelInitializer	Http1MutualSslChannelInitializer(java.lang.String,com.netflix.netty.common.channel.config.ChannelConfig,com.netflix.netty.common.channel.config.ChannelConfig,io.netty.channel.group.ChannelGroup)	RuntimeException(java.lang.String,java.lang.Throwable)	java.lang.RuntimeException	SOURCE
com.netflix.zuul.netty.server.Http1MutualSslChannelInitializer	Http1MutualSslChannelInitializer(java.lang.String,com.netflix.netty.common.channel.config.ChannelConfig,com.netflix.netty.common.channel.config.ChannelConfig,io.netty.channel.group.ChannelGroup)	enableSessionTickets(io.netty.handler.ssl.SslContext)	com.netflix.zuul.netty.ssl.SslContextFactory	SOURCE
com.netflix.zuul.netty.server.Http1MutualSslChannelInitializer	Http1MutualSslChannelInitializer(java.lang.String,com.netflix.netty.common.channel.config.ChannelConfig,com.netflix.netty.common.channel.config.ChannelConfig,io.netty.channel.group.ChannelGroup)	configureOpenSslStatsMetrics(io.netty.handler.ssl.SslContext,java.lang.String)	com.netflix.zuul.netty.ssl.SslContextFactory	SOURCE
com.netflix.zuul.netty.server.Http1MutualSslChannelInitializer	initChannel(io.netty.channel.Channel)	newHandler(io.netty.buffer.ByteBufAllocator)	io.netty.handler.ssl.SslContext	SOURCE
com.netflix.zuul.netty.server.Http1MutualSslChannelInitializer	initChannel(io.netty.channel.Channel)	alloc()	io.netty.channel.Channel	SOURCE
com.netflix.zuul.netty.server.Http1MutualSslChannelInitializer	initChannel(io.netty.channel.Channel)	setEnabledProtocols(java.lang.String[])	javax.net.ssl.SSLEngine	SOURCE
com.netflix.zuul.netty.server.Http1MutualSslChannelInitializer	initChannel(io.netty.channel.Channel)	engine()	io.netty.handler.ssl.SslHandler	SOURCE
com.netflix.zuul.netty.server.Http1MutualSslChannelInitializer	initChannel(io.netty.channel.Channel)	getProtocols()	com.netflix.zuul.netty.ssl.SslContextFactory	SOURCE
com.netflix.zuul.netty.server.Http1MutualSslChannelInitializer	initChannel(io.netty.channel.Channel)	pipeline()	io.netty.channel.Channel	SOURCE
com.netflix.zuul.netty.server.Http1MutualSslChannelInitializer	initChannel(io.netty.channel.Channel)	storeChannel(io.netty.channel.Channel)	com.netflix.zuul.netty.server.BaseZuulChannelInitializer	SOURCE
com.netflix.zuul.netty.server.Http1MutualSslChannelInitializer	initChannel(io.netty.channel.Channel)	addTimeoutHandlers(io.netty.channel.ChannelPipeline)	com.netflix.zuul.netty.server.BaseZuulChannelInitializer	SOURCE
com.netflix.zuul.netty.server.Http1MutualSslChannelInitializer	initChannel(io.netty.channel.Channel)	addPassportHandler(io.netty.channel.ChannelPipeline)	com.netflix.zuul.netty.server.BaseZuulChannelInitializer	SOURCE
com.netflix.zuul.netty.server.Http1MutualSslChannelInitializer	initChannel(io.netty.channel.Channel)	addTcpRelatedHandlers(io.netty.channel.ChannelPipeline)	com.netflix.zuul.netty.server.BaseZuulChannelInitializer	SOURCE
com.netflix.zuul.netty.server.Http1MutualSslChannelInitializer	initChannel(io.netty.channel.Channel)	addLast(java.lang.String,io.netty.channel.ChannelHandler)	io.netty.channel.ChannelPipeline	SOURCE
com.netflix.zuul.netty.server.Http1MutualSslChannelInitializer	initChannel(io.netty.channel.Channel)	addSslInfoHandlers(io.netty.channel.ChannelPipeline,boolean)	com.netflix.zuul.netty.server.BaseZuulChannelInitializer	SOURCE
com.netflix.zuul.netty.server.Http1MutualSslChannelInitializer	initChannel(io.netty.channel.Channel)	addSslClientCertChecks(io.netty.channel.ChannelPipeline)	com.netflix.zuul.netty.server.BaseZuulChannelInitializer	SOURCE
com.netflix.zuul.netty.server.Http1MutualSslChannelInitializer	initChannel(io.netty.channel.Channel)	addHttp1Handlers(io.netty.channel.ChannelPipeline)	com.netflix.zuul.netty.server.BaseZuulChannelInitializer	SOURCE
com.netflix.zuul.netty.server.Http1MutualSslChannelInitializer	initChannel(io.netty.channel.Channel)	addHttpRelatedHandlers(io.netty.channel.ChannelPipeline)	com.netflix.zuul.netty.server.BaseZuulChannelInitializer	SOURCE
com.netflix.zuul.netty.server.Http1MutualSslChannelInitializer	initChannel(io.netty.channel.Channel)	addZuulHandlers(io.netty.channel.ChannelPipeline)	com.netflix.zuul.netty.server.BaseZuulChannelInitializer	SOURCE
com.netflix.zuul.netty.server.ZuulDependencyKeys	accessLogPublisher	ChannelConfigKey(java.lang.String)	com.netflix.netty.common.channel.config.ChannelConfigKey	SOURCE
com.netflix.zuul.netty.server.ZuulDependencyKeys	eventLoopGroupMetrics	ChannelConfigKey(java.lang.String)	com.netflix.netty.common.channel.config.ChannelConfigKey	SOURCE
com.netflix.zuul.netty.server.ZuulDependencyKeys	registry	ChannelConfigKey(java.lang.String)	com.netflix.netty.common.channel.config.ChannelConfigKey	SOURCE
com.netflix.zuul.netty.server.ZuulDependencyKeys	sessionCtxDecorator	ChannelConfigKey(java.lang.String)	com.netflix.netty.common.channel.config.ChannelConfigKey	SOURCE
com.netflix.zuul.netty.server.ZuulDependencyKeys	requestCompleteHandler	ChannelConfigKey(java.lang.String)	com.netflix.netty.common.channel.config.ChannelConfigKey	SOURCE
com.netflix.zuul.netty.server.ZuulDependencyKeys	httpRequestReadTimeoutCounter	ChannelConfigKey(java.lang.String)	com.netflix.netty.common.channel.config.ChannelConfigKey	SOURCE
com.netflix.zuul.netty.server.ZuulDependencyKeys	filterLoader	ChannelConfigKey(java.lang.String)	com.netflix.netty.common.channel.config.ChannelConfigKey	SOURCE
com.netflix.zuul.netty.server.ZuulDependencyKeys	filterUsageNotifier	ChannelConfigKey(java.lang.String)	com.netflix.netty.common.channel.config.ChannelConfigKey	SOURCE
com.netflix.zuul.netty.server.ZuulDependencyKeys	discoveryClient	ChannelConfigKey(java.lang.String)	com.netflix.netty.common.channel.config.ChannelConfigKey	SOURCE
com.netflix.zuul.netty.server.ZuulDependencyKeys	applicationInfoManager	ChannelConfigKey(java.lang.String)	com.netflix.netty.common.channel.config.ChannelConfigKey	SOURCE
com.netflix.zuul.netty.server.ZuulDependencyKeys	serverStatusManager	ChannelConfigKey(java.lang.String)	com.netflix.netty.common.channel.config.ChannelConfigKey	SOURCE
com.netflix.zuul.netty.server.ZuulDependencyKeys	SSL_CLIENT_CERT_CHECK_REQUIRED	ChannelConfigKey(java.lang.String,T)	com.netflix.netty.common.channel.config.ChannelConfigKey	SOURCE
com.netflix.zuul.netty.server.ZuulDependencyKeys	rateLimitingChannelHandlerProvider	ChannelConfigKey(java.lang.String)	com.netflix.netty.common.channel.config.ChannelConfigKey	SOURCE
com.netflix.zuul.netty.server.ZuulDependencyKeys	sslClientCertCheckChannelHandlerProvider	ChannelConfigKey(java.lang.String)	com.netflix.netty.common.channel.config.ChannelConfigKey	SOURCE
com.netflix.zuul.netty.server.ZuulDependencyKeys	pushConnectionRegistry	ChannelConfigKey(java.lang.String)	com.netflix.netty.common.channel.config.ChannelConfigKey	SOURCE
com.netflix.zuul.netty.server.push.PushConnectionRegistry	PushConnectionRegistry()	Object()	java.lang.Object	SOURCE
com.netflix.zuul.netty.server.push.PushConnectionRegistry	PushConnectionRegistry()	ConcurrentHashMap(int)	java.util.concurrent.ConcurrentHashMap	SOURCE
com.netflix.zuul.netty.server.push.PushConnectionRegistry	PushConnectionRegistry()	SecureRandom()	java.security.SecureRandom	SOURCE
com.netflix.zuul.netty.server.push.PushConnectionRegistry	get(java.lang.String)	get(java.lang.Object)	java.util.Map	SOURCE
com.netflix.zuul.netty.server.push.PushConnectionRegistry	mintNewSecureToken()	nextBytes(byte[])	java.security.SecureRandom	SOURCE
com.netflix.zuul.netty.server.push.PushConnectionRegistry	mintNewSecureToken()	encodeToString(byte[])	java.util.Base64$Encoder	SOURCE
com.netflix.zuul.netty.server.push.PushConnectionRegistry	mintNewSecureToken()	getUrlEncoder()	java.util.Base64	SOURCE
com.netflix.zuul.netty.server.push.PushConnectionRegistry	put(java.lang.String,com.netflix.zuul.netty.server.push.PushConnection)	setSecureToken(java.lang.String)	com.netflix.zuul.netty.server.push.PushConnection	SOURCE
com.netflix.zuul.netty.server.push.PushConnectionRegistry	put(java.lang.String,com.netflix.zuul.netty.server.push.PushConnection)	mintNewSecureToken()	com.netflix.zuul.netty.server.push.PushConnectionRegistry	SOURCE
com.netflix.zuul.netty.server.push.PushConnectionRegistry	put(java.lang.String,com.netflix.zuul.netty.server.push.PushConnection)	put(K,V)	java.util.Map	SOURCE
com.netflix.zuul.netty.server.push.PushConnectionRegistry	remove(java.lang.String)	remove(java.lang.Object)	java.util.Map	SOURCE
com.netflix.zuul.netty.server.push.PushConnectionRegistry	size()	size()	java.util.Map	SOURCE
com.netflix.zuul.netty.server.push.PushConnection	TOKEN_BUCKET_RATE	CachedDynamicIntProperty(java.lang.String,int)	com.netflix.config.CachedDynamicIntProperty	SOURCE
com.netflix.zuul.netty.server.push.PushConnection	TOKEN_BUCKET_WINDOW	CachedDynamicIntProperty(java.lang.String,int)	com.netflix.config.CachedDynamicIntProperty	SOURCE
com.netflix.zuul.netty.server.push.PushConnection	PushConnection(com.netflix.zuul.netty.server.push.PushProtocol,io.netty.channel.ChannelHandlerContext)	Object()	java.lang.Object	SOURCE
com.netflix.zuul.netty.server.push.PushConnection	PushConnection(com.netflix.zuul.netty.server.push.PushProtocol,io.netty.channel.ChannelHandlerContext)	get()	com.netflix.config.CachedDynamicIntProperty	SOURCE
com.netflix.zuul.netty.server.push.PushConnection	PushConnection(com.netflix.zuul.netty.server.push.PushProtocol,io.netty.channel.ChannelHandlerContext)	currentTimeMillis()	java.lang.System	SOURCE
com.netflix.zuul.netty.server.push.PushConnection	isRateLimited()	get()	com.netflix.config.CachedDynamicIntProperty	SOURCE
com.netflix.zuul.netty.server.push.PushConnection	isRateLimited()	get()	com.netflix.config.CachedDynamicIntProperty	SOURCE
com.netflix.zuul.netty.server.push.PushConnection	isRateLimited()	currentTimeMillis()	java.lang.System	SOURCE
com.netflix.zuul.netty.server.push.PushConnection	sendPushMessage(io.netty.buffer.ByteBuf)	sendPushMessage(io.netty.channel.ChannelHandlerContext,io.netty.buffer.ByteBuf)	com.netflix.zuul.netty.server.push.PushProtocol	SOURCE
com.netflix.zuul.netty.server.push.PushConnection	sendPushMessage(java.lang.String)	sendPushMessage(io.netty.buffer.ByteBuf)	com.netflix.zuul.netty.server.push.PushConnection	SOURCE
com.netflix.zuul.netty.server.push.PushConnection	sendPushMessage(java.lang.String)	copiedBuffer(java.lang.CharSequence,java.nio.charset.Charset)	io.netty.buffer.Unpooled	SOURCE
com.netflix.zuul.netty.server.push.PushConnection	sendPing()	sendPing(io.netty.channel.ChannelHandlerContext)	com.netflix.zuul.netty.server.push.PushProtocol	SOURCE
com.netflix.zuul.netty.server.push.PushProtocol	WEBSOCKET	()	com.netflix.zuul.netty.server.push.PushProtocol$1	SOURCE
com.netflix.zuul.netty.server.push.PushProtocol$1	sendPushMessage(io.netty.channel.ChannelHandlerContext,io.netty.buffer.ByteBuf)	TextWebSocketFrame(io.netty.buffer.ByteBuf)	io.netty.handler.codec.http.websocketx.TextWebSocketFrame	SOURCE
com.netflix.zuul.netty.server.push.PushProtocol$1	sendPushMessage(io.netty.channel.ChannelHandlerContext,io.netty.buffer.ByteBuf)	writeAndFlush(java.lang.Object)	io.netty.channel.ChannelOutboundInvoker	SOURCE
com.netflix.zuul.netty.server.push.PushProtocol$1	sendPushMessage(io.netty.channel.ChannelHandlerContext,io.netty.buffer.ByteBuf)	channel()	io.netty.channel.ChannelHandlerContext	SOURCE
com.netflix.zuul.netty.server.push.PushProtocol$1	sendPing(io.netty.channel.ChannelHandlerContext)	writeAndFlush(java.lang.Object)	io.netty.channel.ChannelOutboundInvoker	SOURCE
com.netflix.zuul.netty.server.push.PushProtocol$1	sendPing(io.netty.channel.ChannelHandlerContext)	channel()	io.netty.channel.ChannelHandlerContext	SOURCE
com.netflix.zuul.netty.server.push.PushProtocol$1	sendPing(io.netty.channel.ChannelHandlerContext)	PingWebSocketFrame()	io.netty.handler.codec.http.websocketx.PingWebSocketFrame	SOURCE
com.netflix.zuul.netty.server.push.PushProtocol$1	goAwayMessage()	TextWebSocketFrame(java.lang.String)	io.netty.handler.codec.http.websocketx.TextWebSocketFrame	SOURCE
com.netflix.zuul.netty.server.push.PushProtocol$1	serverClosingConnectionMessage(int,java.lang.String)	CloseWebSocketFrame(int,java.lang.String)	io.netty.handler.codec.http.websocketx.CloseWebSocketFrame	SOURCE
com.netflix.zuul.netty.server.push.PushProtocol	SSE	()	com.netflix.zuul.netty.server.push.PushProtocol$2	SOURCE
com.netflix.zuul.netty.server.push.PushProtocol$2	sendPushMessage(io.netty.channel.ChannelHandlerContext,io.netty.buffer.ByteBuf)	buffer()	io.netty.buffer.ByteBufAllocator	SOURCE
com.netflix.zuul.netty.server.push.PushProtocol$2	sendPushMessage(io.netty.channel.ChannelHandlerContext,io.netty.buffer.ByteBuf)	alloc()	io.netty.channel.ChannelHandlerContext	SOURCE
com.netflix.zuul.netty.server.push.PushProtocol$2	sendPushMessage(io.netty.channel.ChannelHandlerContext,io.netty.buffer.ByteBuf)	ensureWritable(int)	io.netty.buffer.ByteBuf	SOURCE
com.netflix.zuul.netty.server.push.PushProtocol$2	sendPushMessage(io.netty.channel.ChannelHandlerContext,io.netty.buffer.ByteBuf)	length()	java.lang.String	SOURCE
com.netflix.zuul.netty.server.push.PushProtocol$2	sendPushMessage(io.netty.channel.ChannelHandlerContext,io.netty.buffer.ByteBuf)	writeCharSequence(java.lang.CharSequence,java.nio.charset.Charset)	io.netty.buffer.ByteBuf	SOURCE
com.netflix.zuul.netty.server.push.PushProtocol$2	sendPushMessage(io.netty.channel.ChannelHandlerContext,io.netty.buffer.ByteBuf)	ensureWritable(int)	io.netty.buffer.ByteBuf	SOURCE
com.netflix.zuul.netty.server.push.PushProtocol$2	sendPushMessage(io.netty.channel.ChannelHandlerContext,io.netty.buffer.ByteBuf)	writableBytes()	io.netty.buffer.ByteBuf	SOURCE
com.netflix.zuul.netty.server.push.PushProtocol$2	sendPushMessage(io.netty.channel.ChannelHandlerContext,io.netty.buffer.ByteBuf)	writeBytes(io.netty.buffer.ByteBuf)	io.netty.buffer.ByteBuf	SOURCE
com.netflix.zuul.netty.server.push.PushProtocol$2	sendPushMessage(io.netty.channel.ChannelHandlerContext,io.netty.buffer.ByteBuf)	ensureWritable(int)	io.netty.buffer.ByteBuf	SOURCE
com.netflix.zuul.netty.server.push.PushProtocol$2	sendPushMessage(io.netty.channel.ChannelHandlerContext,io.netty.buffer.ByteBuf)	length()	java.lang.String	SOURCE
com.netflix.zuul.netty.server.push.PushProtocol$2	sendPushMessage(io.netty.channel.ChannelHandlerContext,io.netty.buffer.ByteBuf)	writeCharSequence(java.lang.CharSequence,java.nio.charset.Charset)	io.netty.buffer.ByteBuf	SOURCE
com.netflix.zuul.netty.server.push.PushProtocol$2	sendPushMessage(io.netty.channel.ChannelHandlerContext,io.netty.buffer.ByteBuf)	release()	io.netty.util.ReferenceCounted	SOURCE
com.netflix.zuul.netty.server.push.PushProtocol$2	sendPushMessage(io.netty.channel.ChannelHandlerContext,io.netty.buffer.ByteBuf)	writeAndFlush(java.lang.Object)	io.netty.channel.ChannelOutboundInvoker	SOURCE
com.netflix.zuul.netty.server.push.PushProtocol$2	sendPushMessage(io.netty.channel.ChannelHandlerContext,io.netty.buffer.ByteBuf)	channel()	io.netty.channel.ChannelHandlerContext	SOURCE
com.netflix.zuul.netty.server.push.PushProtocol$2	sendPing(io.netty.channel.ChannelHandlerContext)	buffer()	io.netty.buffer.ByteBufAllocator	SOURCE
com.netflix.zuul.netty.server.push.PushProtocol$2	sendPing(io.netty.channel.ChannelHandlerContext)	alloc()	io.netty.channel.ChannelHandlerContext	SOURCE
com.netflix.zuul.netty.server.push.PushProtocol$2	sendPing(io.netty.channel.ChannelHandlerContext)	ensureWritable(int)	io.netty.buffer.ByteBuf	SOURCE
com.netflix.zuul.netty.server.push.PushProtocol$2	sendPing(io.netty.channel.ChannelHandlerContext)	length()	java.lang.String	SOURCE
com.netflix.zuul.netty.server.push.PushProtocol$2	sendPing(io.netty.channel.ChannelHandlerContext)	writeCharSequence(java.lang.CharSequence,java.nio.charset.Charset)	io.netty.buffer.ByteBuf	SOURCE
com.netflix.zuul.netty.server.push.PushProtocol$2	sendPing(io.netty.channel.ChannelHandlerContext)	writeAndFlush(java.lang.Object)	io.netty.channel.ChannelOutboundInvoker	SOURCE
com.netflix.zuul.netty.server.push.PushProtocol$2	sendPing(io.netty.channel.ChannelHandlerContext)	channel()	io.netty.channel.ChannelHandlerContext	SOURCE
com.netflix.zuul.netty.server.push.PushProtocol	sendErrorAndClose(io.netty.channel.ChannelHandlerContext,int,java.lang.String)	serverClosingConnectionMessage(int,java.lang.String)	com.netflix.zuul.netty.server.push.PushProtocol	SOURCE
com.netflix.zuul.netty.server.push.PushProtocol	sendErrorAndClose(io.netty.channel.ChannelHandlerContext,int,java.lang.String)	addListener(io.netty.util.concurrent.GenericFutureListener<? extends io.netty.util.concurrent.Future<? super java.lang.Void>>)	io.netty.channel.ChannelFuture	SOURCE
com.netflix.zuul.netty.server.push.PushProtocol	sendErrorAndClose(io.netty.channel.ChannelHandlerContext,int,java.lang.String)	writeAndFlush(java.lang.Object)	io.netty.channel.ChannelOutboundInvoker	SOURCE
com.netflix.zuul.netty.server.http2.Http2SslChannelInitializer	LOG	getLogger(java.lang.Class<?>)	org.slf4j.LoggerFactory	SOURCE
com.netflix.zuul.netty.server.http2.Http2SslChannelInitializer	DUMMY_HANDLER	DummyChannelHandler()	com.netflix.zuul.netty.server.http2.DummyChannelHandler	SOURCE
com.netflix.zuul.netty.server.http2.Http2SslChannelInitializer	Http2SslChannelInitializer(int,com.netflix.netty.common.channel.config.ChannelConfig,com.netflix.netty.common.channel.config.ChannelConfig,io.netty.channel.group.ChannelGroup)	Http2SslChannelInitializer(java.lang.String,com.netflix.netty.common.channel.config.ChannelConfig,com.netflix.netty.common.channel.config.ChannelConfig,io.netty.channel.group.ChannelGroup)	com.netflix.zuul.netty.server.http2.Http2SslChannelInitializer	SOURCE
com.netflix.zuul.netty.server.http2.Http2SslChannelInitializer	Http2SslChannelInitializer(int,com.netflix.netty.common.channel.config.ChannelConfig,com.netflix.netty.common.channel.config.ChannelConfig,io.netty.channel.group.ChannelGroup)	valueOf(int)	java.lang.String	SOURCE
com.netflix.zuul.netty.server.http2.Http2SslChannelInitializer	Http2SslChannelInitializer(java.lang.String,com.netflix.netty.common.channel.config.ChannelConfig,com.netflix.netty.common.channel.config.ChannelConfig,io.netty.channel.group.ChannelGroup)	BaseZuulChannelInitializer(java.lang.String,com.netflix.netty.common.channel.config.ChannelConfig,com.netflix.netty.common.channel.config.ChannelConfig,io.netty.channel.group.ChannelGroup)	com.netflix.zuul.netty.server.BaseZuulChannelInitializer	SOURCE
com.netflix.zuul.netty.server.http2.Http2SslChannelInitializer	Http2SslChannelInitializer(java.lang.String,com.netflix.netty.common.channel.config.ChannelConfig,com.netflix.netty.common.channel.config.ChannelConfig,io.netty.channel.group.ChannelGroup)	<T>checkNotNull(T,java.lang.Object)	com.google.common.base.Preconditions	SOURCE
com.netflix.zuul.netty.server.http2.Http2SslChannelInitializer	Http2SslChannelInitializer(java.lang.String,com.netflix.netty.common.channel.config.ChannelConfig,com.netflix.netty.common.channel.config.ChannelConfig,io.netty.channel.group.ChannelGroup)	SwallowSomeHttp2ExceptionsHandler(com.netflix.spectator.api.Registry)	com.netflix.netty.common.SwallowSomeHttp2ExceptionsHandler	SOURCE
com.netflix.zuul.netty.server.http2.Http2SslChannelInitializer	Http2SslChannelInitializer(java.lang.String,com.netflix.netty.common.channel.config.ChannelConfig,com.netflix.netty.common.channel.config.ChannelConfig,io.netty.channel.group.ChannelGroup)	<T>get(com.netflix.netty.common.channel.config.ChannelConfigKey<T>)	com.netflix.netty.common.channel.config.ChannelConfig	SOURCE
com.netflix.zuul.netty.server.http2.Http2SslChannelInitializer	Http2SslChannelInitializer(java.lang.String,com.netflix.netty.common.channel.config.ChannelConfig,com.netflix.netty.common.channel.config.ChannelConfig,io.netty.channel.group.ChannelGroup)	<T>get(com.netflix.netty.common.channel.config.ChannelConfigKey<T>)	com.netflix.netty.common.channel.config.ChannelConfig	SOURCE
com.netflix.zuul.netty.server.http2.Http2SslChannelInitializer	Http2SslChannelInitializer(java.lang.String,com.netflix.netty.common.channel.config.ChannelConfig,com.netflix.netty.common.channel.config.ChannelConfig,io.netty.channel.group.ChannelGroup)	<T>get(com.netflix.netty.common.channel.config.ChannelConfigKey<T>)	com.netflix.netty.common.channel.config.ChannelConfig	SOURCE
com.netflix.zuul.netty.server.http2.Http2SslChannelInitializer	Http2SslChannelInitializer(java.lang.String,com.netflix.netty.common.channel.config.ChannelConfig,com.netflix.netty.common.channel.config.ChannelConfig,io.netty.channel.group.ChannelGroup)	configureSSL(com.netflix.zuul.netty.ssl.SslContextFactory,java.lang.String)	com.netflix.zuul.netty.server.http2.Http2Configuration	SOURCE
com.netflix.zuul.netty.server.http2.Http2SslChannelInitializer	initChannel(io.netty.channel.Channel)	newHandler(io.netty.buffer.ByteBufAllocator)	io.netty.handler.ssl.SslContext	SOURCE
com.netflix.zuul.netty.server.http2.Http2SslChannelInitializer	initChannel(io.netty.channel.Channel)	alloc()	io.netty.channel.Channel	SOURCE
com.netflix.zuul.netty.server.http2.Http2SslChannelInitializer	initChannel(io.netty.channel.Channel)	setEnabledProtocols(java.lang.String[])	javax.net.ssl.SSLEngine	SOURCE
com.netflix.zuul.netty.server.http2.Http2SslChannelInitializer	initChannel(io.netty.channel.Channel)	engine()	io.netty.handler.ssl.SslHandler	SOURCE
com.netflix.zuul.netty.server.http2.Http2SslChannelInitializer	initChannel(io.netty.channel.Channel)	getProtocols()	com.netflix.netty.common.ssl.ServerSslConfig	SOURCE
com.netflix.zuul.netty.server.http2.Http2SslChannelInitializer	initChannel(io.netty.channel.Channel)	isDebugEnabled()	org.slf4j.Logger	SOURCE
com.netflix.zuul.netty.server.http2.Http2SslChannelInitializer	initChannel(io.netty.channel.Channel)	debug(java.lang.String,java.lang.Object)	org.slf4j.Logger	SOURCE
com.netflix.zuul.netty.server.http2.Http2SslChannelInitializer	initChannel(io.netty.channel.Channel)	join(java.lang.CharSequence,java.lang.CharSequence...)	java.lang.String	SOURCE
com.netflix.zuul.netty.server.http2.Http2SslChannelInitializer	initChannel(io.netty.channel.Channel)	getSupportedProtocols()	javax.net.ssl.SSLEngine	SOURCE
com.netflix.zuul.netty.server.http2.Http2SslChannelInitializer	initChannel(io.netty.channel.Channel)	engine()	io.netty.handler.ssl.SslHandler	SOURCE
com.netflix.zuul.netty.server.http2.Http2SslChannelInitializer	initChannel(io.netty.channel.Channel)	debug(java.lang.String,java.lang.Object)	org.slf4j.Logger	SOURCE
com.netflix.zuul.netty.server.http2.Http2SslChannelInitializer	initChannel(io.netty.channel.Channel)	join(java.lang.CharSequence,java.lang.CharSequence...)	java.lang.String	SOURCE
com.netflix.zuul.netty.server.http2.Http2SslChannelInitializer	initChannel(io.netty.channel.Channel)	getEnabledProtocols()	javax.net.ssl.SSLEngine	SOURCE
com.netflix.zuul.netty.server.http2.Http2SslChannelInitializer	initChannel(io.netty.channel.Channel)	engine()	io.netty.handler.ssl.SslHandler	SOURCE
com.netflix.zuul.netty.server.http2.Http2SslChannelInitializer	initChannel(io.netty.channel.Channel)	debug(java.lang.String,java.lang.Object)	org.slf4j.Logger	SOURCE
com.netflix.zuul.netty.server.http2.Http2SslChannelInitializer	initChannel(io.netty.channel.Channel)	join(java.lang.CharSequence,java.lang.CharSequence...)	java.lang.String	SOURCE
com.netflix.zuul.netty.server.http2.Http2SslChannelInitializer	initChannel(io.netty.channel.Channel)	getSupportedCipherSuites()	javax.net.ssl.SSLEngine	SOURCE
com.netflix.zuul.netty.server.http2.Http2SslChannelInitializer	initChannel(io.netty.channel.Channel)	engine()	io.netty.handler.ssl.SslHandler	SOURCE
com.netflix.zuul.netty.server.http2.Http2SslChannelInitializer	initChannel(io.netty.channel.Channel)	debug(java.lang.String,java.lang.Object)	org.slf4j.Logger	SOURCE
com.netflix.zuul.netty.server.http2.Http2SslChannelInitializer	initChannel(io.netty.channel.Channel)	join(java.lang.CharSequence,java.lang.CharSequence...)	java.lang.String	SOURCE
com.netflix.zuul.netty.server.http2.Http2SslChannelInitializer	initChannel(io.netty.channel.Channel)	getEnabledCipherSuites()	javax.net.ssl.SSLEngine	SOURCE
com.netflix.zuul.netty.server.http2.Http2SslChannelInitializer	initChannel(io.netty.channel.Channel)	engine()	io.netty.handler.ssl.SslHandler	SOURCE
com.netflix.zuul.netty.server.http2.Http2SslChannelInitializer	initChannel(io.netty.channel.Channel)	pipeline()	io.netty.channel.Channel	SOURCE
com.netflix.zuul.netty.server.http2.Http2SslChannelInitializer	initChannel(io.netty.channel.Channel)	storeChannel(io.netty.channel.Channel)	com.netflix.zuul.netty.server.BaseZuulChannelInitializer	SOURCE
com.netflix.zuul.netty.server.http2.Http2SslChannelInitializer	initChannel(io.netty.channel.Channel)	addTimeoutHandlers(io.netty.channel.ChannelPipeline)	com.netflix.zuul.netty.server.BaseZuulChannelInitializer	SOURCE
com.netflix.zuul.netty.server.http2.Http2SslChannelInitializer	initChannel(io.netty.channel.Channel)	addPassportHandler(io.netty.channel.ChannelPipeline)	com.netflix.zuul.netty.server.BaseZuulChannelInitializer	SOURCE
com.netflix.zuul.netty.server.http2.Http2SslChannelInitializer	initChannel(io.netty.channel.Channel)	addTcpRelatedHandlers(io.netty.channel.ChannelPipeline)	com.netflix.zuul.netty.server.BaseZuulChannelInitializer	SOURCE
com.netflix.zuul.netty.server.http2.Http2SslChannelInitializer	initChannel(io.netty.channel.Channel)	addLast(io.netty.channel.ChannelHandler...)	io.netty.channel.ChannelPipeline	SOURCE
com.netflix.zuul.netty.server.http2.Http2SslChannelInitializer	initChannel(io.netty.channel.Channel)	Http2FrameLoggingPerClientIpHandler()	com.netflix.zuul.logging.Http2FrameLoggingPerClientIpHandler	SOURCE
com.netflix.zuul.netty.server.http2.Http2SslChannelInitializer	initChannel(io.netty.channel.Channel)	addLast(java.lang.String,io.netty.channel.ChannelHandler)	io.netty.channel.ChannelPipeline	SOURCE
com.netflix.zuul.netty.server.http2.Http2SslChannelInitializer	initChannel(io.netty.channel.Channel)	addSslInfoHandlers(io.netty.channel.ChannelPipeline,boolean)	com.netflix.zuul.netty.server.BaseZuulChannelInitializer	SOURCE
com.netflix.zuul.netty.server.http2.Http2SslChannelInitializer	initChannel(io.netty.channel.Channel)	addSslClientCertChecks(io.netty.channel.ChannelPipeline)	com.netflix.zuul.netty.server.BaseZuulChannelInitializer	SOURCE
com.netflix.zuul.netty.server.http2.Http2SslChannelInitializer	initChannel(io.netty.channel.Channel)	Http2MetricsChannelHandlers(com.netflix.spectator.api.Registry,java.lang.String,java.lang.String)	com.netflix.netty.common.metrics.Http2MetricsChannelHandlers	SOURCE
com.netflix.zuul.netty.server.http2.Http2SslChannelInitializer	initChannel(io.netty.channel.Channel)	Http2ConnectionCloseHandler(com.netflix.spectator.api.Registry)	com.netflix.netty.common.Http2ConnectionCloseHandler	SOURCE
com.netflix.zuul.netty.server.http2.Http2SslChannelInitializer	initChannel(io.netty.channel.Channel)	Http2ConnectionExpiryHandler(int,int,int)	com.netflix.netty.common.Http2ConnectionExpiryHandler	SOURCE
com.netflix.zuul.netty.server.http2.Http2SslChannelInitializer	initChannel(io.netty.channel.Channel)	addLast(java.lang.String,io.netty.channel.ChannelHandler)	io.netty.channel.ChannelPipeline	SOURCE
com.netflix.zuul.netty.server.http2.Http2SslChannelInitializer	initChannel(io.netty.channel.Channel)	Http2OrHttpHandler(io.netty.channel.ChannelHandler,com.netflix.netty.common.channel.config.ChannelConfig,java.util.function.Consumer<io.netty.channel.ChannelPipeline>)	com.netflix.zuul.netty.server.http2.Http2OrHttpHandler	SOURCE
com.netflix.zuul.netty.server.http2.Http2SslChannelInitializer	initChannel(io.netty.channel.Channel)	Http2StreamInitializer(io.netty.channel.Channel,java.util.function.Consumer<io.netty.channel.ChannelPipeline>,com.netflix.netty.common.metrics.Http2MetricsChannelHandlers,com.netflix.netty.common.Http2ConnectionCloseHandler,com.netflix.netty.common.Http2ConnectionExpiryHandler)	com.netflix.zuul.netty.server.http2.Http2StreamInitializer	SOURCE
com.netflix.zuul.netty.server.http2.Http2SslChannelInitializer	initChannel(io.netty.channel.Channel)	accept(T)	java.util.function.Consumer	SOURCE
com.netflix.zuul.netty.server.http2.Http2SslChannelInitializer	initChannel(io.netty.channel.Channel)	http1Handlers(io.netty.channel.ChannelPipeline)	com.netflix.zuul.netty.server.http2.Http2SslChannelInitializer	SOURCE
com.netflix.zuul.netty.server.http2.Http2SslChannelInitializer	initChannel(io.netty.channel.Channel)	accept(T)	java.util.function.Consumer	SOURCE
com.netflix.zuul.netty.server.http2.Http2SslChannelInitializer	initChannel(io.netty.channel.Channel)	http1Codec(io.netty.channel.ChannelPipeline)	com.netflix.zuul.netty.server.http2.Http2SslChannelInitializer	SOURCE
com.netflix.zuul.netty.server.http2.Http2SslChannelInitializer	initChannel(io.netty.channel.Channel)	http1Handlers(io.netty.channel.ChannelPipeline)	com.netflix.zuul.netty.server.http2.Http2SslChannelInitializer	SOURCE
com.netflix.zuul.netty.server.http2.Http2SslChannelInitializer	initChannel(io.netty.channel.Channel)	addLast(java.lang.String,io.netty.channel.ChannelHandler)	io.netty.channel.ChannelPipeline	SOURCE
com.netflix.zuul.netty.server.http2.Http2SslChannelInitializer	initChannel(io.netty.channel.Channel)	addLast(io.netty.channel.ChannelHandler...)	io.netty.channel.ChannelPipeline	SOURCE
com.netflix.zuul.netty.server.http2.Http2SslChannelInitializer	http1Handlers(io.netty.channel.ChannelPipeline)	addHttpRelatedHandlers(io.netty.channel.ChannelPipeline)	com.netflix.zuul.netty.server.BaseZuulChannelInitializer	SOURCE
com.netflix.zuul.netty.server.http2.Http2SslChannelInitializer	http1Handlers(io.netty.channel.ChannelPipeline)	addZuulHandlers(io.netty.channel.ChannelPipeline)	com.netflix.zuul.netty.server.BaseZuulChannelInitializer	SOURCE
com.netflix.zuul.netty.server.http2.Http2SslChannelInitializer	http1Codec(io.netty.channel.ChannelPipeline)	replace(java.lang.String,java.lang.String,io.netty.channel.ChannelHandler)	io.netty.channel.ChannelPipeline	SOURCE
com.netflix.zuul.netty.server.http2.Http2SslChannelInitializer	http1Codec(io.netty.channel.ChannelPipeline)	createHttpServerCodec()	com.netflix.zuul.netty.server.BaseZuulChannelInitializer	SOURCE
com.netflix.zuul.netty.server.http2.Http2StreamInitializer	http2StreamHeaderCleaner	Http2StreamHeaderCleaner()	com.netflix.zuul.netty.server.http2.Http2StreamHeaderCleaner	SOURCE
com.netflix.zuul.netty.server.http2.Http2StreamInitializer	http2ResetFrameHandler	Http2ResetFrameHandler()	com.netflix.zuul.netty.server.http2.Http2ResetFrameHandler	SOURCE
com.netflix.zuul.netty.server.http2.Http2StreamInitializer	http2StreamErrorHandler	Http2StreamErrorHandler()	com.netflix.zuul.netty.server.http2.Http2StreamErrorHandler	SOURCE
com.netflix.zuul.netty.server.http2.Http2StreamInitializer	Http2StreamInitializer(io.netty.channel.Channel,java.util.function.Consumer<io.netty.channel.ChannelPipeline>,com.netflix.netty.common.metrics.Http2MetricsChannelHandlers,com.netflix.netty.common.Http2ConnectionCloseHandler,com.netflix.netty.common.Http2ConnectionExpiryHandler)	ChannelInboundHandlerAdapter()	io.netty.channel.ChannelInboundHandlerAdapter	SOURCE
com.netflix.zuul.netty.server.http2.Http2StreamInitializer	handlerAdded(io.netty.channel.ChannelHandlerContext)	copyAttrsFromParentChannel(io.netty.channel.Channel,io.netty.channel.Channel)	com.netflix.zuul.netty.server.http2.Http2StreamInitializer	SOURCE
com.netflix.zuul.netty.server.http2.Http2StreamInitializer	handlerAdded(io.netty.channel.ChannelHandlerContext)	channel()	io.netty.channel.ChannelHandlerContext	SOURCE
com.netflix.zuul.netty.server.http2.Http2StreamInitializer	handlerAdded(io.netty.channel.ChannelHandlerContext)	addHttp2StreamSpecificHandlers(io.netty.channel.ChannelPipeline)	com.netflix.zuul.netty.server.http2.Http2StreamInitializer	SOURCE
com.netflix.zuul.netty.server.http2.Http2StreamInitializer	handlerAdded(io.netty.channel.ChannelHandlerContext)	pipeline()	io.netty.channel.ChannelHandlerContext	SOURCE
com.netflix.zuul.netty.server.http2.Http2StreamInitializer	handlerAdded(io.netty.channel.ChannelHandlerContext)	accept(T)	java.util.function.Consumer	SOURCE
com.netflix.zuul.netty.server.http2.Http2StreamInitializer	handlerAdded(io.netty.channel.ChannelHandlerContext)	pipeline()	io.netty.channel.ChannelHandlerContext	SOURCE
com.netflix.zuul.netty.server.http2.Http2StreamInitializer	handlerAdded(io.netty.channel.ChannelHandlerContext)	remove(io.netty.channel.ChannelHandler)	io.netty.channel.ChannelPipeline	SOURCE
com.netflix.zuul.netty.server.http2.Http2StreamInitializer	handlerAdded(io.netty.channel.ChannelHandlerContext)	pipeline()	io.netty.channel.ChannelHandlerContext	SOURCE
com.netflix.zuul.netty.server.http2.Http2StreamInitializer	addHttp2StreamSpecificHandlers(io.netty.channel.ChannelPipeline)	addLast(java.lang.String,io.netty.channel.ChannelHandler)	io.netty.channel.ChannelPipeline	SOURCE
com.netflix.zuul.netty.server.http2.Http2StreamInitializer	addHttp2StreamSpecificHandlers(io.netty.channel.ChannelPipeline)	inbound()	com.netflix.netty.common.metrics.Http2MetricsChannelHandlers	SOURCE
com.netflix.zuul.netty.server.http2.Http2StreamInitializer	addHttp2StreamSpecificHandlers(io.netty.channel.ChannelPipeline)	addLast(java.lang.String,io.netty.channel.ChannelHandler)	io.netty.channel.ChannelPipeline	SOURCE
com.netflix.zuul.netty.server.http2.Http2StreamInitializer	addHttp2StreamSpecificHandlers(io.netty.channel.ChannelPipeline)	outbound()	com.netflix.netty.common.metrics.Http2MetricsChannelHandlers	SOURCE
com.netflix.zuul.netty.server.http2.Http2StreamInitializer	addHttp2StreamSpecificHandlers(io.netty.channel.ChannelPipeline)	addLast(java.lang.String,io.netty.channel.ChannelHandler)	io.netty.channel.ChannelPipeline	SOURCE
com.netflix.zuul.netty.server.http2.Http2StreamInitializer	addHttp2StreamSpecificHandlers(io.netty.channel.ChannelPipeline)	addLast(java.lang.String,io.netty.channel.ChannelHandler)	io.netty.channel.ChannelPipeline	SOURCE
com.netflix.zuul.netty.server.http2.Http2StreamInitializer	addHttp2StreamSpecificHandlers(io.netty.channel.ChannelPipeline)	addLast(io.netty.channel.ChannelHandler...)	io.netty.channel.ChannelPipeline	SOURCE
com.netflix.zuul.netty.server.http2.Http2StreamInitializer	addHttp2StreamSpecificHandlers(io.netty.channel.ChannelPipeline)	addLast(java.lang.String,io.netty.channel.ChannelHandler)	io.netty.channel.ChannelPipeline	SOURCE
com.netflix.zuul.netty.server.http2.Http2StreamInitializer	addHttp2StreamSpecificHandlers(io.netty.channel.ChannelPipeline)	Http2StreamFrameToHttpObjectCodec(boolean)	io.netty.handler.codec.http2.Http2StreamFrameToHttpObjectCodec	SOURCE
com.netflix.zuul.netty.server.http2.Http2StreamInitializer	addHttp2StreamSpecificHandlers(io.netty.channel.ChannelPipeline)	addLast(io.netty.channel.ChannelHandler...)	io.netty.channel.ChannelPipeline	SOURCE
com.netflix.zuul.netty.server.http2.Http2StreamInitializer	addHttp2StreamSpecificHandlers(io.netty.channel.ChannelPipeline)	addLast(io.netty.channel.ChannelHandler...)	io.netty.channel.ChannelPipeline	SOURCE
com.netflix.zuul.netty.server.http2.Http2StreamInitializer	addHttp2StreamSpecificHandlers(io.netty.channel.ChannelPipeline)	addLast(io.netty.channel.ChannelHandler...)	io.netty.channel.ChannelPipeline	SOURCE
com.netflix.zuul.netty.server.http2.Http2StreamInitializer	addHttp2StreamSpecificHandlers(io.netty.channel.ChannelPipeline)	Http2ContentLengthEnforcingHandler()	com.netflix.zuul.netty.server.http2.Http2ContentLengthEnforcingHandler	SOURCE
com.netflix.zuul.netty.server.http2.Http2StreamInitializer	copyAttrsFromParentChannel(io.netty.channel.Channel,io.netty.channel.Channel)	copyAttrFromParentChannel(io.netty.channel.Channel,io.netty.channel.Channel,io.netty.util.AttributeKey)	com.netflix.zuul.netty.server.http2.Http2StreamInitializer	SOURCE
com.netflix.zuul.netty.server.http2.Http2StreamInitializer	copyAttrFromParentChannel(io.netty.channel.Channel,io.netty.channel.Channel,io.netty.util.AttributeKey)	set(T)	io.netty.util.Attribute	SOURCE
com.netflix.zuul.netty.server.http2.Http2StreamInitializer	copyAttrFromParentChannel(io.netty.channel.Channel,io.netty.channel.Channel,io.netty.util.AttributeKey)	<T>attr(io.netty.util.AttributeKey<T>)	io.netty.util.AttributeMap	SOURCE
com.netflix.zuul.netty.server.http2.Http2StreamInitializer	copyAttrFromParentChannel(io.netty.channel.Channel,io.netty.channel.Channel,io.netty.util.AttributeKey)	get()	io.netty.util.Attribute	SOURCE
com.netflix.zuul.netty.server.http2.Http2StreamInitializer	copyAttrFromParentChannel(io.netty.channel.Channel,io.netty.channel.Channel,io.netty.util.AttributeKey)	<T>attr(io.netty.util.AttributeKey<T>)	io.netty.util.AttributeMap	SOURCE
com.netflix.zuul.netty.server.push.PushMessageSender	logger	getLogger(java.lang.Class<?>)	org.slf4j.LoggerFactory	SOURCE
com.netflix.zuul.netty.server.push.PushMessageSender	PushMessageSender(com.netflix.zuul.netty.server.push.PushConnectionRegistry)	SimpleChannelInboundHandler()	io.netty.channel.SimpleChannelInboundHandler	SOURCE
com.netflix.zuul.netty.server.push.PushMessageSender	sendHttpResponse(io.netty.channel.ChannelHandlerContext,io.netty.handler.codec.http.FullHttpRequest,io.netty.handler.codec.http.HttpResponseStatus,com.netflix.zuul.netty.server.push.PushUserAuth)	DefaultFullHttpResponse(io.netty.handler.codec.http.HttpVersion,io.netty.handler.codec.http.HttpResponseStatus)	io.netty.handler.codec.http.DefaultFullHttpResponse	SOURCE
com.netflix.zuul.netty.server.push.PushMessageSender	sendHttpResponse(io.netty.channel.ChannelHandlerContext,io.netty.handler.codec.http.FullHttpRequest,io.netty.handler.codec.http.HttpResponseStatus,com.netflix.zuul.netty.server.push.PushUserAuth)	add(java.lang.String,java.lang.Object)	io.netty.handler.codec.http.HttpHeaders	SOURCE
com.netflix.zuul.netty.server.push.PushMessageSender	sendHttpResponse(io.netty.channel.ChannelHandlerContext,io.netty.handler.codec.http.FullHttpRequest,io.netty.handler.codec.http.HttpResponseStatus,com.netflix.zuul.netty.server.push.PushUserAuth)	headers()	io.netty.handler.codec.http.HttpMessage	SOURCE
com.netflix.zuul.netty.server.push.PushMessageSender	sendHttpResponse(io.netty.channel.ChannelHandlerContext,io.netty.handler.codec.http.FullHttpRequest,io.netty.handler.codec.http.HttpResponseStatus,com.netflix.zuul.netty.server.push.PushUserAuth)	writeAndFlush(java.lang.Object)	io.netty.channel.ChannelOutboundInvoker	SOURCE
com.netflix.zuul.netty.server.push.PushMessageSender	sendHttpResponse(io.netty.channel.ChannelHandlerContext,io.netty.handler.codec.http.FullHttpRequest,io.netty.handler.codec.http.HttpResponseStatus,com.netflix.zuul.netty.server.push.PushUserAuth)	channel()	io.netty.channel.ChannelHandlerContext	SOURCE
com.netflix.zuul.netty.server.push.PushMessageSender	sendHttpResponse(io.netty.channel.ChannelHandlerContext,io.netty.handler.codec.http.FullHttpRequest,io.netty.handler.codec.http.HttpResponseStatus,com.netflix.zuul.netty.server.push.PushUserAuth)	isKeepAlive(io.netty.handler.codec.http.HttpMessage)	io.netty.handler.codec.http.HttpUtil	SOURCE
com.netflix.zuul.netty.server.push.PushMessageSender	sendHttpResponse(io.netty.channel.ChannelHandlerContext,io.netty.handler.codec.http.FullHttpRequest,io.netty.handler.codec.http.HttpResponseStatus,com.netflix.zuul.netty.server.push.PushUserAuth)	addListener(io.netty.util.concurrent.GenericFutureListener<? extends io.netty.util.concurrent.Future<? super java.lang.Void>>)	io.netty.channel.ChannelFuture	SOURCE
com.netflix.zuul.netty.server.push.PushMessageSender	sendHttpResponse(io.netty.channel.ChannelHandlerContext,io.netty.handler.codec.http.FullHttpRequest,io.netty.handler.codec.http.HttpResponseStatus,com.netflix.zuul.netty.server.push.PushUserAuth)	logPushEvent(io.netty.handler.codec.http.FullHttpRequest,io.netty.handler.codec.http.HttpResponseStatus,com.netflix.zuul.netty.server.push.PushUserAuth)	com.netflix.zuul.netty.server.push.PushMessageSender	SOURCE
com.netflix.zuul.netty.server.push.PushMessageSender	verifySecureToken(io.netty.handler.codec.http.FullHttpRequest,com.netflix.zuul.netty.server.push.PushConnection)	get(java.lang.String)	io.netty.handler.codec.http.HttpHeaders	SOURCE
com.netflix.zuul.netty.server.push.PushMessageSender	verifySecureToken(io.netty.handler.codec.http.FullHttpRequest,com.netflix.zuul.netty.server.push.PushConnection)	headers()	io.netty.handler.codec.http.HttpMessage	SOURCE
com.netflix.zuul.netty.server.push.PushMessageSender	verifySecureToken(io.netty.handler.codec.http.FullHttpRequest,com.netflix.zuul.netty.server.push.PushConnection)	isNullOrEmpty(java.lang.String)	com.google.common.base.Strings	SOURCE
com.netflix.zuul.netty.server.push.PushMessageSender	verifySecureToken(io.netty.handler.codec.http.FullHttpRequest,com.netflix.zuul.netty.server.push.PushConnection)	equals(java.lang.Object)	java.lang.String	SOURCE
com.netflix.zuul.netty.server.push.PushMessageSender	verifySecureToken(io.netty.handler.codec.http.FullHttpRequest,com.netflix.zuul.netty.server.push.PushConnection)	getSecureToken()	com.netflix.zuul.netty.server.push.PushConnection	SOURCE
com.netflix.zuul.netty.server.push.PushMessageSender	channelRead0(io.netty.channel.ChannelHandlerContext,io.netty.handler.codec.http.FullHttpRequest)	isSuccess()	io.netty.handler.codec.DecoderResult	SOURCE
com.netflix.zuul.netty.server.push.PushMessageSender	channelRead0(io.netty.channel.ChannelHandlerContext,io.netty.handler.codec.http.FullHttpRequest)	decoderResult()	io.netty.handler.codec.DecoderResultProvider	SOURCE
com.netflix.zuul.netty.server.push.PushMessageSender	channelRead0(io.netty.channel.ChannelHandlerContext,io.netty.handler.codec.http.FullHttpRequest)	sendHttpResponse(io.netty.channel.ChannelHandlerContext,io.netty.handler.codec.http.FullHttpRequest,io.netty.handler.codec.http.HttpResponseStatus,com.netflix.zuul.netty.server.push.PushUserAuth)	com.netflix.zuul.netty.server.push.PushMessageSender	SOURCE
com.netflix.zuul.netty.server.push.PushMessageSender	channelRead0(io.netty.channel.ChannelHandlerContext,io.netty.handler.codec.http.FullHttpRequest)	uri()	io.netty.handler.codec.http.HttpRequest	SOURCE
com.netflix.zuul.netty.server.push.PushMessageSender	channelRead0(io.netty.channel.ChannelHandlerContext,io.netty.handler.codec.http.FullHttpRequest)	sendHttpResponse(io.netty.channel.ChannelHandlerContext,io.netty.handler.codec.http.FullHttpRequest,io.netty.handler.codec.http.HttpResponseStatus,com.netflix.zuul.netty.server.push.PushUserAuth)	com.netflix.zuul.netty.server.push.PushMessageSender	SOURCE
com.netflix.zuul.netty.server.push.PushMessageSender	channelRead0(io.netty.channel.ChannelHandlerContext,io.netty.handler.codec.http.FullHttpRequest)	endsWith(java.lang.String)	java.lang.String	SOURCE
com.netflix.zuul.netty.server.push.PushMessageSender	channelRead0(io.netty.channel.ChannelHandlerContext,io.netty.handler.codec.http.FullHttpRequest)	logPushAttempt()	com.netflix.zuul.netty.server.push.PushMessageSender	SOURCE
com.netflix.zuul.netty.server.push.PushMessageSender	channelRead0(io.netty.channel.ChannelHandlerContext,io.netty.handler.codec.http.FullHttpRequest)	method()	io.netty.handler.codec.http.HttpRequest	SOURCE
com.netflix.zuul.netty.server.push.PushMessageSender	channelRead0(io.netty.channel.ChannelHandlerContext,io.netty.handler.codec.http.FullHttpRequest)	sendHttpResponse(io.netty.channel.ChannelHandlerContext,io.netty.handler.codec.http.FullHttpRequest,io.netty.handler.codec.http.HttpResponseStatus,com.netflix.zuul.netty.server.push.PushUserAuth)	com.netflix.zuul.netty.server.push.PushMessageSender	SOURCE
com.netflix.zuul.netty.server.push.PushMessageSender	channelRead0(io.netty.channel.ChannelHandlerContext,io.netty.handler.codec.http.FullHttpRequest)	getPushUserAuth(io.netty.handler.codec.http.FullHttpRequest)	com.netflix.zuul.netty.server.push.PushMessageSender	SOURCE
com.netflix.zuul.netty.server.push.PushMessageSender	channelRead0(io.netty.channel.ChannelHandlerContext,io.netty.handler.codec.http.FullHttpRequest)	isSuccess()	com.netflix.zuul.netty.server.push.PushUserAuth	SOURCE
com.netflix.zuul.netty.server.push.PushMessageSender	channelRead0(io.netty.channel.ChannelHandlerContext,io.netty.handler.codec.http.FullHttpRequest)	sendHttpResponse(io.netty.channel.ChannelHandlerContext,io.netty.handler.codec.http.FullHttpRequest,io.netty.handler.codec.http.HttpResponseStatus,com.netflix.zuul.netty.server.push.PushUserAuth)	com.netflix.zuul.netty.server.push.PushMessageSender	SOURCE
com.netflix.zuul.netty.server.push.PushMessageSender	channelRead0(io.netty.channel.ChannelHandlerContext,io.netty.handler.codec.http.FullHttpRequest)	logNoIdentity()	com.netflix.zuul.netty.server.push.PushMessageSender	SOURCE
com.netflix.zuul.netty.server.push.PushMessageSender	channelRead0(io.netty.channel.ChannelHandlerContext,io.netty.handler.codec.http.FullHttpRequest)	get(java.lang.String)	com.netflix.zuul.netty.server.push.PushConnectionRegistry	SOURCE
com.netflix.zuul.netty.server.push.PushMessageSender	channelRead0(io.netty.channel.ChannelHandlerContext,io.netty.handler.codec.http.FullHttpRequest)	getClientIdentity()	com.netflix.zuul.netty.server.push.PushUserAuth	SOURCE
com.netflix.zuul.netty.server.push.PushMessageSender	channelRead0(io.netty.channel.ChannelHandlerContext,io.netty.handler.codec.http.FullHttpRequest)	sendHttpResponse(io.netty.channel.ChannelHandlerContext,io.netty.handler.codec.http.FullHttpRequest,io.netty.handler.codec.http.HttpResponseStatus,com.netflix.zuul.netty.server.push.PushUserAuth)	com.netflix.zuul.netty.server.push.PushMessageSender	SOURCE
com.netflix.zuul.netty.server.push.PushMessageSender	channelRead0(io.netty.channel.ChannelHandlerContext,io.netty.handler.codec.http.FullHttpRequest)	logClientNotConnected()	com.netflix.zuul.netty.server.push.PushMessageSender	SOURCE
com.netflix.zuul.netty.server.push.PushMessageSender	channelRead0(io.netty.channel.ChannelHandlerContext,io.netty.handler.codec.http.FullHttpRequest)	verifySecureToken(io.netty.handler.codec.http.FullHttpRequest,com.netflix.zuul.netty.server.push.PushConnection)	com.netflix.zuul.netty.server.push.PushMessageSender	SOURCE
com.netflix.zuul.netty.server.push.PushMessageSender	channelRead0(io.netty.channel.ChannelHandlerContext,io.netty.handler.codec.http.FullHttpRequest)	sendHttpResponse(io.netty.channel.ChannelHandlerContext,io.netty.handler.codec.http.FullHttpRequest,io.netty.handler.codec.http.HttpResponseStatus,com.netflix.zuul.netty.server.push.PushUserAuth)	com.netflix.zuul.netty.server.push.PushMessageSender	SOURCE
com.netflix.zuul.netty.server.push.PushMessageSender	channelRead0(io.netty.channel.ChannelHandlerContext,io.netty.handler.codec.http.FullHttpRequest)	logSecurityTokenVerificationFail()	com.netflix.zuul.netty.server.push.PushMessageSender	SOURCE
com.netflix.zuul.netty.server.push.PushMessageSender	channelRead0(io.netty.channel.ChannelHandlerContext,io.netty.handler.codec.http.FullHttpRequest)	sendHttpResponse(io.netty.channel.ChannelHandlerContext,io.netty.handler.codec.http.FullHttpRequest,io.netty.handler.codec.http.HttpResponseStatus,com.netflix.zuul.netty.server.push.PushUserAuth)	com.netflix.zuul.netty.server.push.PushMessageSender	SOURCE
com.netflix.zuul.netty.server.push.PushMessageSender	channelRead0(io.netty.channel.ChannelHandlerContext,io.netty.handler.codec.http.FullHttpRequest)	isRateLimited()	com.netflix.zuul.netty.server.push.PushConnection	SOURCE
com.netflix.zuul.netty.server.push.PushMessageSender	channelRead0(io.netty.channel.ChannelHandlerContext,io.netty.handler.codec.http.FullHttpRequest)	sendHttpResponse(io.netty.channel.ChannelHandlerContext,io.netty.handler.codec.http.FullHttpRequest,io.netty.handler.codec.http.HttpResponseStatus,com.netflix.zuul.netty.server.push.PushUserAuth)	com.netflix.zuul.netty.server.push.PushMessageSender	SOURCE
com.netflix.zuul.netty.server.push.PushMessageSender	channelRead0(io.netty.channel.ChannelHandlerContext,io.netty.handler.codec.http.FullHttpRequest)	logRateLimited()	com.netflix.zuul.netty.server.push.PushMessageSender	SOURCE
com.netflix.zuul.netty.server.push.PushMessageSender	channelRead0(io.netty.channel.ChannelHandlerContext,io.netty.handler.codec.http.FullHttpRequest)	retain()	io.netty.buffer.ByteBuf	SOURCE
com.netflix.zuul.netty.server.push.PushMessageSender	channelRead0(io.netty.channel.ChannelHandlerContext,io.netty.handler.codec.http.FullHttpRequest)	content()	io.netty.buffer.ByteBufHolder	SOURCE
com.netflix.zuul.netty.server.push.PushMessageSender	channelRead0(io.netty.channel.ChannelHandlerContext,io.netty.handler.codec.http.FullHttpRequest)	readableBytes()	io.netty.buffer.ByteBuf	SOURCE
com.netflix.zuul.netty.server.push.PushMessageSender	channelRead0(io.netty.channel.ChannelHandlerContext,io.netty.handler.codec.http.FullHttpRequest)	sendHttpResponse(io.netty.channel.ChannelHandlerContext,io.netty.handler.codec.http.FullHttpRequest,io.netty.handler.codec.http.HttpResponseStatus,com.netflix.zuul.netty.server.push.PushUserAuth)	com.netflix.zuul.netty.server.push.PushMessageSender	SOURCE
com.netflix.zuul.netty.server.push.PushMessageSender	channelRead0(io.netty.channel.ChannelHandlerContext,io.netty.handler.codec.http.FullHttpRequest)	release(java.lang.Object)	io.netty.util.ReferenceCountUtil	SOURCE
com.netflix.zuul.netty.server.push.PushMessageSender	channelRead0(io.netty.channel.ChannelHandlerContext,io.netty.handler.codec.http.FullHttpRequest)	sendPushMessage(io.netty.buffer.ByteBuf)	com.netflix.zuul.netty.server.push.PushConnection	SOURCE
com.netflix.zuul.netty.server.push.PushMessageSender	channelRead0(io.netty.channel.ChannelHandlerContext,io.netty.handler.codec.http.FullHttpRequest)	addListener(io.netty.util.concurrent.GenericFutureListener<? extends io.netty.util.concurrent.Future<? super java.lang.Void>>)	io.netty.channel.ChannelFuture	SOURCE
com.netflix.zuul.netty.server.push.PushMessageSender	channelRead0(io.netty.channel.ChannelHandlerContext,io.netty.handler.codec.http.FullHttpRequest)	operationComplete(F)	io.netty.util.concurrent.GenericFutureListener	SOURCE
com.netflix.zuul.netty.server.push.PushMessageSender	channelRead0(io.netty.channel.ChannelHandlerContext,io.netty.handler.codec.http.FullHttpRequest)	isSuccess()	io.netty.util.concurrent.Future	SOURCE
com.netflix.zuul.netty.server.push.PushMessageSender	channelRead0(io.netty.channel.ChannelHandlerContext,io.netty.handler.codec.http.FullHttpRequest)	logPushSuccess()	com.netflix.zuul.netty.server.push.PushMessageSender	SOURCE
com.netflix.zuul.netty.server.push.PushMessageSender	channelRead0(io.netty.channel.ChannelHandlerContext,io.netty.handler.codec.http.FullHttpRequest)	logPushError(java.lang.Throwable)	com.netflix.zuul.netty.server.push.PushMessageSender	SOURCE
com.netflix.zuul.netty.server.push.PushMessageSender	channelRead0(io.netty.channel.ChannelHandlerContext,io.netty.handler.codec.http.FullHttpRequest)	cause()	io.netty.util.concurrent.Future	SOURCE
com.netflix.zuul.netty.server.push.PushMessageSender	channelRead0(io.netty.channel.ChannelHandlerContext,io.netty.handler.codec.http.FullHttpRequest)	sendHttpResponse(io.netty.channel.ChannelHandlerContext,io.netty.handler.codec.http.FullHttpRequest,io.netty.handler.codec.http.HttpResponseStatus,com.netflix.zuul.netty.server.push.PushUserAuth)	com.netflix.zuul.netty.server.push.PushMessageSender	SOURCE
com.netflix.zuul.netty.server.push.PushMessageSender	channelRead0(io.netty.channel.ChannelHandlerContext,io.netty.handler.codec.http.FullHttpRequest)	sendHttpResponse(io.netty.channel.ChannelHandlerContext,io.netty.handler.codec.http.FullHttpRequest,io.netty.handler.codec.http.HttpResponseStatus,com.netflix.zuul.netty.server.push.PushUserAuth)	com.netflix.zuul.netty.server.push.PushMessageSender	SOURCE
com.netflix.zuul.netty.server.push.PushMessageSender	logPushAttempt()	debug(java.lang.String)	org.slf4j.Logger	SOURCE
com.netflix.zuul.netty.server.push.PushMessageSender	logNoIdentity()	debug(java.lang.String)	org.slf4j.Logger	SOURCE
com.netflix.zuul.netty.server.push.PushMessageSender	logClientNotConnected()	debug(java.lang.String)	org.slf4j.Logger	SOURCE
com.netflix.zuul.netty.server.push.PushMessageSender	logPushSuccess()	debug(java.lang.String)	org.slf4j.Logger	SOURCE
com.netflix.zuul.netty.server.push.PushMessageSender	logPushError(java.lang.Throwable)	debug(java.lang.String,java.lang.Throwable)	org.slf4j.Logger	SOURCE
com.netflix.zuul.netty.server.push.PushMessageSender	logRateLimited()	warn(java.lang.String)	org.slf4j.Logger	SOURCE
com.netflix.zuul.netty.server.push.PushMessageSender	logSecurityTokenVerificationFail()	warn(java.lang.String)	org.slf4j.Logger	SOURCE
com.netflix.zuul.netty.server.push.PushMessageSender	logPushEvent(io.netty.handler.codec.http.FullHttpRequest,io.netty.handler.codec.http.HttpResponseStatus,com.netflix.zuul.netty.server.push.PushUserAuth)	debug(java.lang.String,java.lang.Object,java.lang.Object)	org.slf4j.Logger	SOURCE
com.netflix.zuul.netty.server.push.PushMessageSender	logPushEvent(io.netty.handler.codec.http.FullHttpRequest,io.netty.handler.codec.http.HttpResponseStatus,com.netflix.zuul.netty.server.push.PushUserAuth)	code()	io.netty.handler.codec.http.HttpResponseStatus	SOURCE
com.netflix.zuul.netty.server.push.PushChannelInitializer	PushChannelInitializer(int,com.netflix.netty.common.channel.config.ChannelConfig,com.netflix.netty.common.channel.config.ChannelConfig,io.netty.channel.group.ChannelGroup)	PushChannelInitializer(java.lang.String,com.netflix.netty.common.channel.config.ChannelConfig,com.netflix.netty.common.channel.config.ChannelConfig,io.netty.channel.group.ChannelGroup)	com.netflix.zuul.netty.server.push.PushChannelInitializer	SOURCE
com.netflix.zuul.netty.server.push.PushChannelInitializer	PushChannelInitializer(int,com.netflix.netty.common.channel.config.ChannelConfig,com.netflix.netty.common.channel.config.ChannelConfig,io.netty.channel.group.ChannelGroup)	valueOf(int)	java.lang.String	SOURCE
com.netflix.zuul.netty.server.push.PushChannelInitializer	PushChannelInitializer(java.lang.String,com.netflix.netty.common.channel.config.ChannelConfig,com.netflix.netty.common.channel.config.ChannelConfig,io.netty.channel.group.ChannelGroup)	BaseZuulChannelInitializer(java.lang.String,com.netflix.netty.common.channel.config.ChannelConfig,com.netflix.netty.common.channel.config.ChannelConfig,io.netty.channel.group.ChannelGroup)	com.netflix.zuul.netty.server.BaseZuulChannelInitializer	SOURCE
com.netflix.zuul.netty.server.push.PushChannelInitializer	addHttp1Handlers(io.netty.channel.ChannelPipeline)	addLast(java.lang.String,io.netty.channel.ChannelHandler)	io.netty.channel.ChannelPipeline	SOURCE
com.netflix.zuul.netty.server.push.PushChannelInitializer	addHttp1Handlers(io.netty.channel.ChannelPipeline)	HttpServerCodec(int,int,int,boolean)	io.netty.handler.codec.http.HttpServerCodec	SOURCE
com.netflix.zuul.netty.server.push.PushChannelInitializer	addHttp1Handlers(io.netty.channel.ChannelPipeline)	get()	com.netflix.config.CachedDynamicIntProperty	SOURCE
com.netflix.zuul.netty.server.push.PushChannelInitializer	addHttp1Handlers(io.netty.channel.ChannelPipeline)	get()	com.netflix.config.CachedDynamicIntProperty	SOURCE
com.netflix.zuul.netty.server.push.PushChannelInitializer	addHttp1Handlers(io.netty.channel.ChannelPipeline)	get()	com.netflix.config.CachedDynamicIntProperty	SOURCE
com.netflix.zuul.netty.server.push.PushChannelInitializer	addHttp1Handlers(io.netty.channel.ChannelPipeline)	addLast(io.netty.channel.ChannelHandler...)	io.netty.channel.ChannelPipeline	SOURCE
com.netflix.zuul.netty.server.push.PushChannelInitializer	addHttp1Handlers(io.netty.channel.ChannelPipeline)	HttpObjectAggregator(int)	io.netty.handler.codec.http.HttpObjectAggregator	SOURCE
com.netflix.zuul.netty.server.push.PushChannelInitializer	addHttpRelatedHandlers(io.netty.channel.ChannelPipeline)	addLast(io.netty.channel.ChannelHandler...)	io.netty.channel.ChannelPipeline	SOURCE
com.netflix.zuul.netty.server.push.PushChannelInitializer	initChannel(io.netty.channel.Channel)	pipeline()	io.netty.channel.Channel	SOURCE
com.netflix.zuul.netty.server.push.PushChannelInitializer	initChannel(io.netty.channel.Channel)	storeChannel(io.netty.channel.Channel)	com.netflix.zuul.netty.server.BaseZuulChannelInitializer	SOURCE
com.netflix.zuul.netty.server.push.PushChannelInitializer	initChannel(io.netty.channel.Channel)	addTcpRelatedHandlers(io.netty.channel.ChannelPipeline)	com.netflix.zuul.netty.server.BaseZuulChannelInitializer	SOURCE
com.netflix.zuul.netty.server.push.PushChannelInitializer	initChannel(io.netty.channel.Channel)	addHttp1Handlers(io.netty.channel.ChannelPipeline)	com.netflix.zuul.netty.server.push.PushChannelInitializer	SOURCE
com.netflix.zuul.netty.server.push.PushChannelInitializer	initChannel(io.netty.channel.Channel)	addHttpRelatedHandlers(io.netty.channel.ChannelPipeline)	com.netflix.zuul.netty.server.push.PushChannelInitializer	SOURCE
com.netflix.zuul.netty.server.push.PushChannelInitializer	initChannel(io.netty.channel.Channel)	addPushHandlers(io.netty.channel.ChannelPipeline)	com.netflix.zuul.netty.server.push.PushChannelInitializer	SOURCE
com.netflix.zuul.netty.server.push.PushMessageSenderInitializer	PushMessageSenderInitializer(com.netflix.zuul.netty.server.push.PushConnectionRegistry)	ChannelInitializer()	io.netty.channel.ChannelInitializer	SOURCE
com.netflix.zuul.netty.server.push.PushMessageSenderInitializer	initChannel(io.netty.channel.Channel)	pipeline()	io.netty.channel.Channel	SOURCE
com.netflix.zuul.netty.server.push.PushMessageSenderInitializer	initChannel(io.netty.channel.Channel)	addLast(io.netty.channel.ChannelHandler...)	io.netty.channel.ChannelPipeline	SOURCE
com.netflix.zuul.netty.server.push.PushMessageSenderInitializer	initChannel(io.netty.channel.Channel)	HttpServerCodec()	io.netty.handler.codec.http.HttpServerCodec	SOURCE
com.netflix.zuul.netty.server.push.PushMessageSenderInitializer	initChannel(io.netty.channel.Channel)	addLast(io.netty.channel.ChannelHandler...)	io.netty.channel.ChannelPipeline	SOURCE
com.netflix.zuul.netty.server.push.PushMessageSenderInitializer	initChannel(io.netty.channel.Channel)	HttpObjectAggregator(int)	io.netty.handler.codec.http.HttpObjectAggregator	SOURCE
com.netflix.zuul.netty.server.push.PushMessageSenderInitializer	initChannel(io.netty.channel.Channel)	addLast(io.netty.channel.ChannelHandler...)	io.netty.channel.ChannelPipeline	SOURCE
com.netflix.zuul.netty.server.push.PushMessageSenderInitializer	initChannel(io.netty.channel.Channel)	getPushMessageSender(com.netflix.zuul.netty.server.push.PushConnectionRegistry)	com.netflix.zuul.netty.server.push.PushMessageSenderInitializer	SOURCE
com.netflix.zuul.netty.server.push.PushRegistrationHandler	PUSH_REGISTRY_TTL	CachedDynamicIntProperty(java.lang.String,int)	com.netflix.config.CachedDynamicIntProperty	SOURCE
com.netflix.zuul.netty.server.push.PushRegistrationHandler	RECONNECT_DITHER	CachedDynamicIntProperty(java.lang.String,int)	com.netflix.config.CachedDynamicIntProperty	SOURCE
com.netflix.zuul.netty.server.push.PushRegistrationHandler	UNAUTHENTICATED_CONN_TTL	CachedDynamicIntProperty(java.lang.String,int)	com.netflix.config.CachedDynamicIntProperty	SOURCE
com.netflix.zuul.netty.server.push.PushRegistrationHandler	CLIENT_CLOSE_GRACE_PERIOD	CachedDynamicIntProperty(java.lang.String,int)	com.netflix.config.CachedDynamicIntProperty	SOURCE
com.netflix.zuul.netty.server.push.PushRegistrationHandler	KEEP_ALIVE_ENABLED	CachedDynamicBooleanProperty(java.lang.String,boolean)	com.netflix.config.CachedDynamicBooleanProperty	SOURCE
com.netflix.zuul.netty.server.push.PushRegistrationHandler	KEEP_ALIVE_INTERVAL	CachedDynamicIntProperty(java.lang.String,int)	com.netflix.config.CachedDynamicIntProperty	SOURCE
com.netflix.zuul.netty.server.push.PushRegistrationHandler	logger	getLogger(java.lang.Class<?>)	org.slf4j.LoggerFactory	SOURCE
com.netflix.zuul.netty.server.push.PushRegistrationHandler	PushRegistrationHandler(com.netflix.zuul.netty.server.push.PushConnectionRegistry,com.netflix.zuul.netty.server.push.PushProtocol)	ChannelInboundHandlerAdapter()	io.netty.channel.ChannelInboundHandlerAdapter	SOURCE
com.netflix.zuul.netty.server.push.PushRegistrationHandler	PushRegistrationHandler(com.netflix.zuul.netty.server.push.PushConnectionRegistry,com.netflix.zuul.netty.server.push.PushProtocol)	AtomicBoolean()	java.util.concurrent.atomic.AtomicBoolean	SOURCE
com.netflix.zuul.netty.server.push.PushRegistrationHandler	PushRegistrationHandler(com.netflix.zuul.netty.server.push.PushConnectionRegistry,com.netflix.zuul.netty.server.push.PushProtocol)	<T>synchronizedList(java.util.List<T>)	java.util.Collections	SOURCE
com.netflix.zuul.netty.server.push.PushRegistrationHandler	PushRegistrationHandler(com.netflix.zuul.netty.server.push.PushConnectionRegistry,com.netflix.zuul.netty.server.push.PushProtocol)	ArrayList()	java.util.ArrayList	SOURCE
com.netflix.zuul.netty.server.push.PushRegistrationHandler	isAuthenticated()	isSuccess()	com.netflix.zuul.netty.server.push.PushUserAuth	SOURCE
com.netflix.zuul.netty.server.push.PushRegistrationHandler	tearDown()	getAndSet(boolean)	java.util.concurrent.atomic.AtomicBoolean	SOURCE
com.netflix.zuul.netty.server.push.PushRegistrationHandler	tearDown()	getClientIdentity()	com.netflix.zuul.netty.server.push.PushUserAuth	SOURCE
com.netflix.zuul.netty.server.push.PushRegistrationHandler	tearDown()	get(java.lang.String)	com.netflix.zuul.netty.server.push.PushConnectionRegistry	SOURCE
com.netflix.zuul.netty.server.push.PushRegistrationHandler	tearDown()	remove(java.lang.String)	com.netflix.zuul.netty.server.push.PushConnectionRegistry	SOURCE
com.netflix.zuul.netty.server.push.PushRegistrationHandler	tearDown()	getClientIdentity()	com.netflix.zuul.netty.server.push.PushUserAuth	SOURCE
com.netflix.zuul.netty.server.push.PushRegistrationHandler	tearDown()	debug(java.lang.String,java.lang.Object)	org.slf4j.Logger	SOURCE
com.netflix.zuul.netty.server.push.PushRegistrationHandler	tearDown()	debug(java.lang.String,java.lang.Object)	org.slf4j.Logger	SOURCE
com.netflix.zuul.netty.server.push.PushRegistrationHandler	tearDown()	forEach(java.util.function.Consumer<? super T>)	java.lang.Iterable	SOURCE
com.netflix.zuul.netty.server.push.PushRegistrationHandler	tearDown()	accept(T)	java.util.function.Consumer	SOURCE
com.netflix.zuul.netty.server.push.PushRegistrationHandler	tearDown()	cancel(boolean)	io.netty.util.concurrent.Future	SOURCE
com.netflix.zuul.netty.server.push.PushRegistrationHandler	tearDown()	clear()	java.util.List	SOURCE
com.netflix.zuul.netty.server.push.PushRegistrationHandler	channelInactive(io.netty.channel.ChannelHandlerContext)	tearDown()	com.netflix.zuul.netty.server.push.PushRegistrationHandler	SOURCE
com.netflix.zuul.netty.server.push.PushRegistrationHandler	channelInactive(io.netty.channel.ChannelHandlerContext)	channelInactive(io.netty.channel.ChannelHandlerContext)	io.netty.channel.ChannelInboundHandlerAdapter	SOURCE
com.netflix.zuul.netty.server.push.PushRegistrationHandler	channelInactive(io.netty.channel.ChannelHandlerContext)	close()	io.netty.channel.ChannelOutboundInvoker	SOURCE
com.netflix.zuul.netty.server.push.PushRegistrationHandler	exceptionCaught(io.netty.channel.ChannelHandlerContext,java.lang.Throwable)	error(java.lang.String,java.lang.Object,java.lang.Object)	org.slf4j.Logger	SOURCE
com.netflix.zuul.netty.server.push.PushRegistrationHandler	exceptionCaught(io.netty.channel.ChannelHandlerContext,java.lang.Throwable)	close()	io.netty.channel.ChannelOutboundInvoker	SOURCE
com.netflix.zuul.netty.server.push.PushRegistrationHandler	forceCloseConnectionFromServerSide()	get()	java.util.concurrent.atomic.AtomicBoolean	SOURCE
com.netflix.zuul.netty.server.push.PushRegistrationHandler	forceCloseConnectionFromServerSide()	debug(java.lang.String)	org.slf4j.Logger	SOURCE
com.netflix.zuul.netty.server.push.PushRegistrationHandler	forceCloseConnectionFromServerSide()	sendErrorAndClose(io.netty.channel.ChannelHandlerContext,int,java.lang.String)	com.netflix.zuul.netty.server.push.PushProtocol	SOURCE
com.netflix.zuul.netty.server.push.PushRegistrationHandler	closeIfNotAuthenticated()	isAuthenticated()	com.netflix.zuul.netty.server.push.PushRegistrationHandler	SOURCE
com.netflix.zuul.netty.server.push.PushRegistrationHandler	closeIfNotAuthenticated()	error(java.lang.String,java.lang.Object)	org.slf4j.Logger	SOURCE
com.netflix.zuul.netty.server.push.PushRegistrationHandler	closeIfNotAuthenticated()	get()	com.netflix.config.CachedDynamicIntProperty	SOURCE
com.netflix.zuul.netty.server.push.PushRegistrationHandler	closeIfNotAuthenticated()	forceCloseConnectionFromServerSide()	com.netflix.zuul.netty.server.push.PushRegistrationHandler	SOURCE
com.netflix.zuul.netty.server.push.PushRegistrationHandler	requestClientToCloseConnection()	isActive()	io.netty.channel.Channel	SOURCE
com.netflix.zuul.netty.server.push.PushRegistrationHandler	requestClientToCloseConnection()	channel()	io.netty.channel.ChannelHandlerContext	SOURCE
com.netflix.zuul.netty.server.push.PushRegistrationHandler	requestClientToCloseConnection()	writeAndFlush(java.lang.Object)	io.netty.channel.ChannelOutboundInvoker	SOURCE
com.netflix.zuul.netty.server.push.PushRegistrationHandler	requestClientToCloseConnection()	goAwayMessage()	com.netflix.zuul.netty.server.push.PushProtocol	SOURCE
com.netflix.zuul.netty.server.push.PushRegistrationHandler	requestClientToCloseConnection()	add(E)	java.util.List	SOURCE
com.netflix.zuul.netty.server.push.PushRegistrationHandler	requestClientToCloseConnection()	schedule(java.lang.Runnable,long,java.util.concurrent.TimeUnit)	io.netty.util.concurrent.EventExecutorGroup	SOURCE
com.netflix.zuul.netty.server.push.PushRegistrationHandler	requestClientToCloseConnection()	executor()	io.netty.channel.ChannelHandlerContext	SOURCE
com.netflix.zuul.netty.server.push.PushRegistrationHandler	requestClientToCloseConnection()	run()	java.lang.Runnable	SOURCE
com.netflix.zuul.netty.server.push.PushRegistrationHandler	requestClientToCloseConnection()	forceCloseConnectionFromServerSide()	com.netflix.zuul.netty.server.push.PushRegistrationHandler	SOURCE
com.netflix.zuul.netty.server.push.PushRegistrationHandler	requestClientToCloseConnection()	get()	com.netflix.config.CachedDynamicIntProperty	SOURCE
com.netflix.zuul.netty.server.push.PushRegistrationHandler	requestClientToCloseConnection()	forceCloseConnectionFromServerSide()	com.netflix.zuul.netty.server.push.PushRegistrationHandler	SOURCE
com.netflix.zuul.netty.server.push.PushRegistrationHandler	keepAlive()	get()	com.netflix.config.CachedDynamicBooleanProperty	SOURCE
com.netflix.zuul.netty.server.push.PushRegistrationHandler	keepAlive()	writeAndFlush(java.lang.Object)	io.netty.channel.ChannelOutboundInvoker	SOURCE
com.netflix.zuul.netty.server.push.PushRegistrationHandler	keepAlive()	PingWebSocketFrame()	io.netty.handler.codec.http.websocketx.PingWebSocketFrame	SOURCE
com.netflix.zuul.netty.server.push.PushRegistrationHandler	ditheredReconnectDeadline()	nextInt(int)	java.util.concurrent.ThreadLocalRandom	SOURCE
com.netflix.zuul.netty.server.push.PushRegistrationHandler	ditheredReconnectDeadline()	current()	java.util.concurrent.ThreadLocalRandom	SOURCE
com.netflix.zuul.netty.server.push.PushRegistrationHandler	ditheredReconnectDeadline()	get()	com.netflix.config.CachedDynamicIntProperty	SOURCE
com.netflix.zuul.netty.server.push.PushRegistrationHandler	ditheredReconnectDeadline()	get()	com.netflix.config.CachedDynamicIntProperty	SOURCE
com.netflix.zuul.netty.server.push.PushRegistrationHandler	ditheredReconnectDeadline()	get()	com.netflix.config.CachedDynamicIntProperty	SOURCE
com.netflix.zuul.netty.server.push.PushRegistrationHandler	userEventTriggered(io.netty.channel.ChannelHandlerContext,java.lang.Object)	get()	java.util.concurrent.atomic.AtomicBoolean	SOURCE
com.netflix.zuul.netty.server.push.PushRegistrationHandler	userEventTriggered(io.netty.channel.ChannelHandlerContext,java.lang.Object)	getHandshakeCompleteEvent()	com.netflix.zuul.netty.server.push.PushProtocol	SOURCE
com.netflix.zuul.netty.server.push.PushRegistrationHandler	userEventTriggered(io.netty.channel.ChannelHandlerContext,java.lang.Object)	PushConnection(com.netflix.zuul.netty.server.push.PushProtocol,io.netty.channel.ChannelHandlerContext)	com.netflix.zuul.netty.server.push.PushConnection	SOURCE
com.netflix.zuul.netty.server.push.PushRegistrationHandler	userEventTriggered(io.netty.channel.ChannelHandlerContext,java.lang.Object)	schedule(java.lang.Runnable,long,java.util.concurrent.TimeUnit)	io.netty.util.concurrent.EventExecutorGroup	SOURCE
com.netflix.zuul.netty.server.push.PushRegistrationHandler	userEventTriggered(io.netty.channel.ChannelHandlerContext,java.lang.Object)	executor()	io.netty.channel.ChannelHandlerContext	SOURCE
com.netflix.zuul.netty.server.push.PushRegistrationHandler	userEventTriggered(io.netty.channel.ChannelHandlerContext,java.lang.Object)	run()	java.lang.Runnable	SOURCE
com.netflix.zuul.netty.server.push.PushRegistrationHandler	userEventTriggered(io.netty.channel.ChannelHandlerContext,java.lang.Object)	closeIfNotAuthenticated()	com.netflix.zuul.netty.server.push.PushRegistrationHandler	SOURCE
com.netflix.zuul.netty.server.push.PushRegistrationHandler	userEventTriggered(io.netty.channel.ChannelHandlerContext,java.lang.Object)	get()	com.netflix.config.CachedDynamicIntProperty	SOURCE
com.netflix.zuul.netty.server.push.PushRegistrationHandler	userEventTriggered(io.netty.channel.ChannelHandlerContext,java.lang.Object)	debug(java.lang.String)	org.slf4j.Logger	SOURCE
com.netflix.zuul.netty.server.push.PushRegistrationHandler	userEventTriggered(io.netty.channel.ChannelHandlerContext,java.lang.Object)	isSuccess()	com.netflix.zuul.netty.server.push.PushUserAuth	SOURCE
com.netflix.zuul.netty.server.push.PushRegistrationHandler	userEventTriggered(io.netty.channel.ChannelHandlerContext,java.lang.Object)	debug(java.lang.String,java.lang.Object)	org.slf4j.Logger	SOURCE
com.netflix.zuul.netty.server.push.PushRegistrationHandler	userEventTriggered(io.netty.channel.ChannelHandlerContext,java.lang.Object)	remove(java.lang.String)	io.netty.channel.ChannelPipeline	SOURCE
com.netflix.zuul.netty.server.push.PushRegistrationHandler	userEventTriggered(io.netty.channel.ChannelHandlerContext,java.lang.Object)	pipeline()	io.netty.channel.ChannelHandlerContext	SOURCE
com.netflix.zuul.netty.server.push.PushRegistrationHandler	userEventTriggered(io.netty.channel.ChannelHandlerContext,java.lang.Object)	registerClient(io.netty.channel.ChannelHandlerContext,com.netflix.zuul.netty.server.push.PushUserAuth,com.netflix.zuul.netty.server.push.PushConnection,com.netflix.zuul.netty.server.push.PushConnectionRegistry)	com.netflix.zuul.netty.server.push.PushRegistrationHandler	SOURCE
com.netflix.zuul.netty.server.push.PushRegistrationHandler	userEventTriggered(io.netty.channel.ChannelHandlerContext,java.lang.Object)	debug(java.lang.String,java.lang.Object)	org.slf4j.Logger	SOURCE
com.netflix.zuul.netty.server.push.PushRegistrationHandler	userEventTriggered(io.netty.channel.ChannelHandlerContext,java.lang.Object)	error(java.lang.String,java.lang.Object,java.lang.Object)	org.slf4j.Logger	SOURCE
com.netflix.zuul.netty.server.push.PushRegistrationHandler	userEventTriggered(io.netty.channel.ChannelHandlerContext,java.lang.Object)	isSuccess()	com.netflix.zuul.netty.server.push.PushUserAuth	SOURCE
com.netflix.zuul.netty.server.push.PushRegistrationHandler	userEventTriggered(io.netty.channel.ChannelHandlerContext,java.lang.Object)	sendErrorAndClose(io.netty.channel.ChannelHandlerContext,int,java.lang.String)	com.netflix.zuul.netty.server.push.PushProtocol	SOURCE
com.netflix.zuul.netty.server.push.PushRegistrationHandler	userEventTriggered(io.netty.channel.ChannelHandlerContext,java.lang.Object)	userEventTriggered(io.netty.channel.ChannelHandlerContext,java.lang.Object)	io.netty.channel.ChannelInboundHandlerAdapter	SOURCE
com.netflix.zuul.netty.server.push.PushRegistrationHandler	registerClient(io.netty.channel.ChannelHandlerContext,com.netflix.zuul.netty.server.push.PushUserAuth,com.netflix.zuul.netty.server.push.PushConnection,com.netflix.zuul.netty.server.push.PushConnectionRegistry)	put(java.lang.String,com.netflix.zuul.netty.server.push.PushConnection)	com.netflix.zuul.netty.server.push.PushConnectionRegistry	SOURCE
com.netflix.zuul.netty.server.push.PushRegistrationHandler	registerClient(io.netty.channel.ChannelHandlerContext,com.netflix.zuul.netty.server.push.PushUserAuth,com.netflix.zuul.netty.server.push.PushConnection,com.netflix.zuul.netty.server.push.PushConnectionRegistry)	getClientIdentity()	com.netflix.zuul.netty.server.push.PushUserAuth	SOURCE
com.netflix.zuul.netty.server.push.PushRegistrationHandler	registerClient(io.netty.channel.ChannelHandlerContext,com.netflix.zuul.netty.server.push.PushUserAuth,com.netflix.zuul.netty.server.push.PushConnection,com.netflix.zuul.netty.server.push.PushConnectionRegistry)	add(E)	java.util.List	SOURCE
com.netflix.zuul.netty.server.push.PushRegistrationHandler	registerClient(io.netty.channel.ChannelHandlerContext,com.netflix.zuul.netty.server.push.PushUserAuth,com.netflix.zuul.netty.server.push.PushConnection,com.netflix.zuul.netty.server.push.PushConnectionRegistry)	schedule(java.lang.Runnable,long,java.util.concurrent.TimeUnit)	io.netty.util.concurrent.EventExecutorGroup	SOURCE
com.netflix.zuul.netty.server.push.PushRegistrationHandler	registerClient(io.netty.channel.ChannelHandlerContext,com.netflix.zuul.netty.server.push.PushUserAuth,com.netflix.zuul.netty.server.push.PushConnection,com.netflix.zuul.netty.server.push.PushConnectionRegistry)	executor()	io.netty.channel.ChannelHandlerContext	SOURCE
com.netflix.zuul.netty.server.push.PushRegistrationHandler	registerClient(io.netty.channel.ChannelHandlerContext,com.netflix.zuul.netty.server.push.PushUserAuth,com.netflix.zuul.netty.server.push.PushConnection,com.netflix.zuul.netty.server.push.PushConnectionRegistry)	run()	java.lang.Runnable	SOURCE
com.netflix.zuul.netty.server.push.PushRegistrationHandler	registerClient(io.netty.channel.ChannelHandlerContext,com.netflix.zuul.netty.server.push.PushUserAuth,com.netflix.zuul.netty.server.push.PushConnection,com.netflix.zuul.netty.server.push.PushConnectionRegistry)	requestClientToCloseConnection()	com.netflix.zuul.netty.server.push.PushRegistrationHandler	SOURCE
com.netflix.zuul.netty.server.push.PushRegistrationHandler	registerClient(io.netty.channel.ChannelHandlerContext,com.netflix.zuul.netty.server.push.PushUserAuth,com.netflix.zuul.netty.server.push.PushConnection,com.netflix.zuul.netty.server.push.PushConnectionRegistry)	ditheredReconnectDeadline()	com.netflix.zuul.netty.server.push.PushRegistrationHandler	SOURCE
com.netflix.zuul.netty.server.push.PushRegistrationHandler	registerClient(io.netty.channel.ChannelHandlerContext,com.netflix.zuul.netty.server.push.PushUserAuth,com.netflix.zuul.netty.server.push.PushConnection,com.netflix.zuul.netty.server.push.PushConnectionRegistry)	get()	com.netflix.config.CachedDynamicBooleanProperty	SOURCE
com.netflix.zuul.netty.server.push.PushRegistrationHandler	registerClient(io.netty.channel.ChannelHandlerContext,com.netflix.zuul.netty.server.push.PushUserAuth,com.netflix.zuul.netty.server.push.PushConnection,com.netflix.zuul.netty.server.push.PushConnectionRegistry)	add(E)	java.util.List	SOURCE
com.netflix.zuul.netty.server.push.PushRegistrationHandler	registerClient(io.netty.channel.ChannelHandlerContext,com.netflix.zuul.netty.server.push.PushUserAuth,com.netflix.zuul.netty.server.push.PushConnection,com.netflix.zuul.netty.server.push.PushConnectionRegistry)	scheduleWithFixedDelay(java.lang.Runnable,long,long,java.util.concurrent.TimeUnit)	io.netty.util.concurrent.EventExecutorGroup	SOURCE
com.netflix.zuul.netty.server.push.PushRegistrationHandler	registerClient(io.netty.channel.ChannelHandlerContext,com.netflix.zuul.netty.server.push.PushUserAuth,com.netflix.zuul.netty.server.push.PushConnection,com.netflix.zuul.netty.server.push.PushConnectionRegistry)	executor()	io.netty.channel.ChannelHandlerContext	SOURCE
com.netflix.zuul.netty.server.push.PushRegistrationHandler	registerClient(io.netty.channel.ChannelHandlerContext,com.netflix.zuul.netty.server.push.PushUserAuth,com.netflix.zuul.netty.server.push.PushConnection,com.netflix.zuul.netty.server.push.PushConnectionRegistry)	run()	java.lang.Runnable	SOURCE
com.netflix.zuul.netty.server.push.PushRegistrationHandler	registerClient(io.netty.channel.ChannelHandlerContext,com.netflix.zuul.netty.server.push.PushUserAuth,com.netflix.zuul.netty.server.push.PushConnection,com.netflix.zuul.netty.server.push.PushConnectionRegistry)	keepAlive()	com.netflix.zuul.netty.server.push.PushRegistrationHandler	SOURCE
com.netflix.zuul.netty.server.push.PushRegistrationHandler	registerClient(io.netty.channel.ChannelHandlerContext,com.netflix.zuul.netty.server.push.PushUserAuth,com.netflix.zuul.netty.server.push.PushConnection,com.netflix.zuul.netty.server.push.PushConnectionRegistry)	get()	com.netflix.config.CachedDynamicIntProperty	SOURCE
com.netflix.zuul.netty.server.push.PushRegistrationHandler	registerClient(io.netty.channel.ChannelHandlerContext,com.netflix.zuul.netty.server.push.PushUserAuth,com.netflix.zuul.netty.server.push.PushConnection,com.netflix.zuul.netty.server.push.PushConnectionRegistry)	get()	com.netflix.config.CachedDynamicIntProperty	SOURCE
com.netflix.zuul.netty.server.ClientResponseWriter	NOOP_REGISTRY	NoopRegistry()	com.netflix.spectator.api.NoopRegistry	SOURCE
com.netflix.zuul.netty.server.ClientResponseWriter	LOG	getLogger(java.lang.Class<?>)	org.slf4j.LoggerFactory	SOURCE
com.netflix.zuul.netty.server.ClientResponseWriter	ClientResponseWriter(com.netflix.zuul.RequestCompleteHandler)	ClientResponseWriter(com.netflix.zuul.RequestCompleteHandler,com.netflix.spectator.api.Registry)	com.netflix.zuul.netty.server.ClientResponseWriter	SOURCE
com.netflix.zuul.netty.server.ClientResponseWriter	ClientResponseWriter(com.netflix.zuul.RequestCompleteHandler,com.netflix.spectator.api.Registry)	ChannelInboundHandlerAdapter()	io.netty.channel.ChannelInboundHandlerAdapter	SOURCE
com.netflix.zuul.netty.server.ClientResponseWriter	ClientResponseWriter(com.netflix.zuul.RequestCompleteHandler,com.netflix.spectator.api.Registry)	counter(java.lang.String)	com.netflix.spectator.api.Registry	SOURCE
com.netflix.zuul.netty.server.ClientResponseWriter	channelRead(io.netty.channel.ChannelHandlerContext,java.lang.Object)	channel()	io.netty.channel.ChannelHandlerContext	SOURCE
com.netflix.zuul.netty.server.ClientResponseWriter	channelRead(io.netty.channel.ChannelHandlerContext,java.lang.Object)	skipProcessing(com.netflix.zuul.message.http.HttpResponseMessage)	com.netflix.zuul.netty.server.ClientResponseWriter	SOURCE
com.netflix.zuul.netty.server.ClientResponseWriter	channelRead(io.netty.channel.ChannelHandlerContext,java.lang.Object)	disposeBufferedBody()	com.netflix.zuul.message.ZuulMessage	SOURCE
com.netflix.zuul.netty.server.ClientResponseWriter	channelRead(io.netty.channel.ChannelHandlerContext,java.lang.Object)	disposeBufferedBody()	com.netflix.zuul.message.ZuulMessage	SOURCE
com.netflix.zuul.netty.server.ClientResponseWriter	channelRead(io.netty.channel.ChannelHandlerContext,java.lang.Object)	close()	io.netty.channel.ChannelOutboundInvoker	SOURCE
com.netflix.zuul.netty.server.ClientResponseWriter	channelRead(io.netty.channel.ChannelHandlerContext,java.lang.Object)	equalsIgnoreCase(java.lang.String)	java.lang.String	SOURCE
com.netflix.zuul.netty.server.ClientResponseWriter	channelRead(io.netty.channel.ChannelHandlerContext,java.lang.Object)	getFirst(java.lang.String)	com.netflix.zuul.message.Headers	SOURCE
com.netflix.zuul.netty.server.ClientResponseWriter	channelRead(io.netty.channel.ChannelHandlerContext,java.lang.Object)	getHeaders()	com.netflix.zuul.message.ZuulMessage	SOURCE
com.netflix.zuul.netty.server.ClientResponseWriter	channelRead(io.netty.channel.ChannelHandlerContext,java.lang.Object)	set(T)	io.netty.util.Attribute	SOURCE
com.netflix.zuul.netty.server.ClientResponseWriter	channelRead(io.netty.channel.ChannelHandlerContext,java.lang.Object)	<T>attr(io.netty.util.AttributeKey<T>)	io.netty.util.AttributeMap	SOURCE
com.netflix.zuul.netty.server.ClientResponseWriter	channelRead(io.netty.channel.ChannelHandlerContext,java.lang.Object)	isActive()	io.netty.channel.Channel	SOURCE
com.netflix.zuul.netty.server.ClientResponseWriter	channelRead(io.netty.channel.ChannelHandlerContext,java.lang.Object)	isLastContentReceivedForChannel(io.netty.channel.Channel)	com.netflix.zuul.netty.server.ClientRequestReceiver	SOURCE
com.netflix.zuul.netty.server.ClientResponseWriter	channelRead(io.netty.channel.ChannelHandlerContext,java.lang.Object)	getStatusCategory(com.netflix.zuul.message.ZuulMessage)	com.netflix.zuul.stats.status.StatusCategoryUtils	SOURCE
com.netflix.zuul.netty.server.ClientResponseWriter	channelRead(io.netty.channel.ChannelHandlerContext,java.lang.Object)	getRequestFromChannel(io.netty.channel.Channel)	com.netflix.zuul.netty.server.ClientRequestReceiver	SOURCE
com.netflix.zuul.netty.server.ClientResponseWriter	channelRead(io.netty.channel.ChannelHandlerContext,java.lang.Object)	equals(java.lang.Object)	java.lang.Enum	SOURCE
com.netflix.zuul.netty.server.ClientResponseWriter	channelRead(io.netty.channel.ChannelHandlerContext,java.lang.Object)	increment()	com.netflix.spectator.api.Counter	SOURCE
com.netflix.zuul.netty.server.ClientResponseWriter	channelRead(io.netty.channel.ChannelHandlerContext,java.lang.Object)	warn(java.lang.String,java.lang.Object,java.lang.Object)	org.slf4j.Logger	SOURCE
com.netflix.zuul.netty.server.ClientResponseWriter	channelRead(io.netty.channel.ChannelHandlerContext,java.lang.Object)	getInfoForLogging()	com.netflix.zuul.message.http.HttpRequestInfo	SOURCE
com.netflix.zuul.netty.server.ClientResponseWriter	channelRead(io.netty.channel.ChannelHandlerContext,java.lang.Object)	getInboundRequest()	com.netflix.zuul.message.http.HttpResponseInfo	SOURCE
com.netflix.zuul.netty.server.ClientResponseWriter	channelRead(io.netty.channel.ChannelHandlerContext,java.lang.Object)	channelInfoForLogging(io.netty.channel.Channel)	com.netflix.zuul.netty.ChannelUtils	SOURCE
com.netflix.zuul.netty.server.ClientResponseWriter	channelRead(io.netty.channel.ChannelHandlerContext,java.lang.Object)	write(java.lang.Object)	io.netty.channel.ChannelOutboundInvoker	SOURCE
com.netflix.zuul.netty.server.ClientResponseWriter	channelRead(io.netty.channel.ChannelHandlerContext,java.lang.Object)	buildHttpResponse(com.netflix.zuul.message.http.HttpResponseMessage)	com.netflix.zuul.netty.server.ClientResponseWriter	SOURCE
com.netflix.zuul.netty.server.ClientResponseWriter	channelRead(io.netty.channel.ChannelHandlerContext,java.lang.Object)	writeBufferedBodyContent(com.netflix.zuul.message.http.HttpResponseMessage,io.netty.channel.Channel)	com.netflix.zuul.netty.server.ClientResponseWriter	SOURCE
com.netflix.zuul.netty.server.ClientResponseWriter	channelRead(io.netty.channel.ChannelHandlerContext,java.lang.Object)	flush()	io.netty.channel.Channel	SOURCE
com.netflix.zuul.netty.server.ClientResponseWriter	channelRead(io.netty.channel.ChannelHandlerContext,java.lang.Object)	disposeBufferedBody()	com.netflix.zuul.message.ZuulMessage	SOURCE
com.netflix.zuul.netty.server.ClientResponseWriter	channelRead(io.netty.channel.ChannelHandlerContext,java.lang.Object)	close()	io.netty.channel.ChannelOutboundInvoker	SOURCE
com.netflix.zuul.netty.server.ClientResponseWriter	channelRead(io.netty.channel.ChannelHandlerContext,java.lang.Object)	isActive()	io.netty.channel.Channel	SOURCE
com.netflix.zuul.netty.server.ClientResponseWriter	channelRead(io.netty.channel.ChannelHandlerContext,java.lang.Object)	writeAndFlush(java.lang.Object)	io.netty.channel.ChannelOutboundInvoker	SOURCE
com.netflix.zuul.netty.server.ClientResponseWriter	channelRead(io.netty.channel.ChannelHandlerContext,java.lang.Object)	release()	io.netty.util.ReferenceCounted	SOURCE
com.netflix.zuul.netty.server.ClientResponseWriter	channelRead(io.netty.channel.ChannelHandlerContext,java.lang.Object)	close()	io.netty.channel.ChannelOutboundInvoker	SOURCE
com.netflix.zuul.netty.server.ClientResponseWriter	channelRead(io.netty.channel.ChannelHandlerContext,java.lang.Object)	release(java.lang.Object)	io.netty.util.ReferenceCountUtil	SOURCE
com.netflix.zuul.netty.server.ClientResponseWriter	channelRead(io.netty.channel.ChannelHandlerContext,java.lang.Object)	ZuulException(java.lang.String,boolean)	com.netflix.zuul.exception.ZuulException	SOURCE
com.netflix.zuul.netty.server.ClientResponseWriter	writeBufferedBodyContent(com.netflix.zuul.message.http.HttpResponseMessage,io.netty.channel.Channel)	forEach(java.util.function.Consumer<? super T>)	java.lang.Iterable	SOURCE
com.netflix.zuul.netty.server.ClientResponseWriter	writeBufferedBodyContent(com.netflix.zuul.message.http.HttpResponseMessage,io.netty.channel.Channel)	getBodyContents()	com.netflix.zuul.message.ZuulMessage	SOURCE
com.netflix.zuul.netty.server.ClientResponseWriter	writeBufferedBodyContent(com.netflix.zuul.message.http.HttpResponseMessage,io.netty.channel.Channel)	accept(T)	java.util.function.Consumer	SOURCE
com.netflix.zuul.netty.server.ClientResponseWriter	writeBufferedBodyContent(com.netflix.zuul.message.http.HttpResponseMessage,io.netty.channel.Channel)	write(java.lang.Object)	io.netty.channel.ChannelOutboundInvoker	SOURCE
com.netflix.zuul.netty.server.ClientResponseWriter	writeBufferedBodyContent(com.netflix.zuul.message.http.HttpResponseMessage,io.netty.channel.Channel)	retain()	io.netty.handler.codec.http.HttpContent	SOURCE
com.netflix.zuul.netty.server.ClientResponseWriter	buildHttpResponse(com.netflix.zuul.message.http.HttpResponseMessage)	getInboundRequest()	com.netflix.zuul.message.http.HttpResponseInfo	SOURCE
com.netflix.zuul.netty.server.ClientResponseWriter	buildHttpResponse(com.netflix.zuul.message.http.HttpResponseMessage)	getProtocol()	com.netflix.zuul.message.http.HttpRequestInfo	SOURCE
com.netflix.zuul.netty.server.ClientResponseWriter	buildHttpResponse(com.netflix.zuul.message.http.HttpResponseMessage)	startsWith(java.lang.String)	java.lang.String	SOURCE
com.netflix.zuul.netty.server.ClientResponseWriter	buildHttpResponse(com.netflix.zuul.message.http.HttpResponseMessage)	valueOf(java.lang.String)	io.netty.handler.codec.http.HttpVersion	SOURCE
com.netflix.zuul.netty.server.ClientResponseWriter	buildHttpResponse(com.netflix.zuul.message.http.HttpResponseMessage)	DefaultHttpResponse(io.netty.handler.codec.http.HttpVersion,io.netty.handler.codec.http.HttpResponseStatus,boolean,boolean)	io.netty.handler.codec.http.DefaultHttpResponse	SOURCE
com.netflix.zuul.netty.server.ClientResponseWriter	buildHttpResponse(com.netflix.zuul.message.http.HttpResponseMessage)	valueOf(int)	io.netty.handler.codec.http.HttpResponseStatus	SOURCE
com.netflix.zuul.netty.server.ClientResponseWriter	buildHttpResponse(com.netflix.zuul.message.http.HttpResponseMessage)	getStatus()	com.netflix.zuul.message.http.HttpResponseInfo	SOURCE
com.netflix.zuul.netty.server.ClientResponseWriter	buildHttpResponse(com.netflix.zuul.message.http.HttpResponseMessage)	headers()	io.netty.handler.codec.http.DefaultHttpMessage	SOURCE
com.netflix.zuul.netty.server.ClientResponseWriter	buildHttpResponse(com.netflix.zuul.message.http.HttpResponseMessage)	entries()	com.netflix.zuul.message.Headers	SOURCE
com.netflix.zuul.netty.server.ClientResponseWriter	buildHttpResponse(com.netflix.zuul.message.http.HttpResponseMessage)	getHeaders()	com.netflix.zuul.message.ZuulMessage	SOURCE
com.netflix.zuul.netty.server.ClientResponseWriter	buildHttpResponse(com.netflix.zuul.message.http.HttpResponseMessage)	add(java.lang.String,java.lang.Object)	io.netty.handler.codec.http.HttpHeaders	SOURCE
com.netflix.zuul.netty.server.ClientResponseWriter	buildHttpResponse(com.netflix.zuul.message.http.HttpResponseMessage)	getKey()	com.netflix.zuul.message.Header	SOURCE
com.netflix.zuul.netty.server.ClientResponseWriter	buildHttpResponse(com.netflix.zuul.message.http.HttpResponseMessage)	getValue()	com.netflix.zuul.message.Header	SOURCE
com.netflix.zuul.netty.server.ClientResponseWriter	buildHttpResponse(com.netflix.zuul.message.http.HttpResponseMessage)	isContentLengthSet(io.netty.handler.codec.http.HttpMessage)	io.netty.handler.codec.http.HttpUtil	SOURCE
com.netflix.zuul.netty.server.ClientResponseWriter	buildHttpResponse(com.netflix.zuul.message.http.HttpResponseMessage)	isTransferEncodingChunked(io.netty.handler.codec.http.HttpMessage)	io.netty.handler.codec.http.HttpUtil	SOURCE
com.netflix.zuul.netty.server.ClientResponseWriter	buildHttpResponse(com.netflix.zuul.message.http.HttpResponseMessage)	add(java.lang.CharSequence,java.lang.Object)	io.netty.handler.codec.http.HttpHeaders	SOURCE
com.netflix.zuul.netty.server.ClientResponseWriter	buildHttpResponse(com.netflix.zuul.message.http.HttpResponseMessage)	headers()	io.netty.handler.codec.http.DefaultHttpMessage	SOURCE
com.netflix.zuul.netty.server.ClientResponseWriter	buildHttpResponse(com.netflix.zuul.message.http.HttpResponseMessage)	get(java.lang.Object)	com.netflix.zuul.context.SessionContext	SOURCE
com.netflix.zuul.netty.server.ClientResponseWriter	buildHttpResponse(com.netflix.zuul.message.http.HttpResponseMessage)	getContext()	com.netflix.zuul.message.ZuulMessage	SOURCE
com.netflix.zuul.netty.server.ClientResponseWriter	buildHttpResponse(com.netflix.zuul.message.http.HttpResponseMessage)	isKeepAlive(io.netty.handler.codec.http.HttpMessage)	io.netty.handler.codec.http.HttpUtil	SOURCE
com.netflix.zuul.netty.server.ClientResponseWriter	buildHttpResponse(com.netflix.zuul.message.http.HttpResponseMessage)	setKeepAlive(io.netty.handler.codec.http.HttpMessage,boolean)	io.netty.handler.codec.http.HttpUtil	SOURCE
com.netflix.zuul.netty.server.ClientResponseWriter	buildHttpResponse(com.netflix.zuul.message.http.HttpResponseMessage)	set(java.lang.String,java.lang.Object)	io.netty.handler.codec.http.HttpHeaders	SOURCE
com.netflix.zuul.netty.server.ClientResponseWriter	buildHttpResponse(com.netflix.zuul.message.http.HttpResponseMessage)	headers()	io.netty.handler.codec.http.DefaultHttpMessage	SOURCE
com.netflix.zuul.netty.server.ClientResponseWriter	buildHttpResponse(com.netflix.zuul.message.http.HttpResponseMessage)	contains(java.lang.CharSequence)	io.netty.handler.codec.http.HttpHeaders	SOURCE
com.netflix.zuul.netty.server.ClientResponseWriter	buildHttpResponse(com.netflix.zuul.message.http.HttpResponseMessage)	headers()	io.netty.handler.codec.http.HttpMessage	SOURCE
com.netflix.zuul.netty.server.ClientResponseWriter	buildHttpResponse(com.netflix.zuul.message.http.HttpResponseMessage)	text()	io.netty.handler.codec.http2.HttpConversionUtil$ExtensionHeaderNames	SOURCE
com.netflix.zuul.netty.server.ClientResponseWriter	buildHttpResponse(com.netflix.zuul.message.http.HttpResponseMessage)	get(java.lang.CharSequence)	io.netty.handler.codec.http.HttpHeaders	SOURCE
com.netflix.zuul.netty.server.ClientResponseWriter	buildHttpResponse(com.netflix.zuul.message.http.HttpResponseMessage)	headers()	io.netty.handler.codec.http.HttpMessage	SOURCE
com.netflix.zuul.netty.server.ClientResponseWriter	buildHttpResponse(com.netflix.zuul.message.http.HttpResponseMessage)	text()	io.netty.handler.codec.http2.HttpConversionUtil$ExtensionHeaderNames	SOURCE
com.netflix.zuul.netty.server.ClientResponseWriter	buildHttpResponse(com.netflix.zuul.message.http.HttpResponseMessage)	set(java.lang.CharSequence,java.lang.Object)	io.netty.handler.codec.http.HttpHeaders	SOURCE
com.netflix.zuul.netty.server.ClientResponseWriter	buildHttpResponse(com.netflix.zuul.message.http.HttpResponseMessage)	headers()	io.netty.handler.codec.http.DefaultHttpMessage	SOURCE
com.netflix.zuul.netty.server.ClientResponseWriter	buildHttpResponse(com.netflix.zuul.message.http.HttpResponseMessage)	text()	io.netty.handler.codec.http2.HttpConversionUtil$ExtensionHeaderNames	SOURCE
com.netflix.zuul.netty.server.ClientResponseWriter	userEventTriggered(io.netty.channel.ChannelHandlerContext,java.lang.Object)	getResponse()	com.netflix.netty.common.HttpLifecycleChannelHandler$CompleteEvent	SOURCE
com.netflix.zuul.netty.server.ClientResponseWriter	userEventTriggered(io.netty.channel.ChannelHandlerContext,java.lang.Object)	equalsIgnoreCase(java.lang.String)	java.lang.String	SOURCE
com.netflix.zuul.netty.server.ClientResponseWriter	userEventTriggered(io.netty.channel.ChannelHandlerContext,java.lang.Object)	get(java.lang.String)	io.netty.handler.codec.http.HttpHeaders	SOURCE
com.netflix.zuul.netty.server.ClientResponseWriter	userEventTriggered(io.netty.channel.ChannelHandlerContext,java.lang.Object)	headers()	io.netty.handler.codec.http.HttpMessage	SOURCE
com.netflix.zuul.netty.server.ClientResponseWriter	userEventTriggered(io.netty.channel.ChannelHandlerContext,java.lang.Object)	disposeBufferedBody()	com.netflix.zuul.message.ZuulMessage	SOURCE
com.netflix.zuul.netty.server.ClientResponseWriter	userEventTriggered(io.netty.channel.ChannelHandlerContext,java.lang.Object)	handleComplete(io.netty.channel.Channel)	com.netflix.zuul.netty.server.ClientResponseWriter	SOURCE
com.netflix.zuul.netty.server.ClientResponseWriter	userEventTriggered(io.netty.channel.ChannelHandlerContext,java.lang.Object)	channel()	io.netty.channel.ChannelHandlerContext	SOURCE
com.netflix.zuul.netty.server.ClientResponseWriter	userEventTriggered(io.netty.channel.ChannelHandlerContext,java.lang.Object)	getReason()	com.netflix.netty.common.HttpLifecycleChannelHandler$CompleteEvent	SOURCE
com.netflix.zuul.netty.server.ClientResponseWriter	userEventTriggered(io.netty.channel.ChannelHandlerContext,java.lang.Object)	read()	io.netty.channel.Channel	SOURCE
com.netflix.zuul.netty.server.ClientResponseWriter	userEventTriggered(io.netty.channel.ChannelHandlerContext,java.lang.Object)	channel()	io.netty.channel.ChannelHandlerContext	SOURCE
com.netflix.zuul.netty.server.ClientResponseWriter	userEventTriggered(io.netty.channel.ChannelHandlerContext,java.lang.Object)	close()	io.netty.channel.ChannelOutboundInvoker	SOURCE
com.netflix.zuul.netty.server.ClientResponseWriter	userEventTriggered(io.netty.channel.ChannelHandlerContext,java.lang.Object)	debug(java.lang.String,java.lang.Object,java.lang.Object)	org.slf4j.Logger	SOURCE
com.netflix.zuul.netty.server.ClientResponseWriter	userEventTriggered(io.netty.channel.ChannelHandlerContext,java.lang.Object)	name()	java.lang.Enum	SOURCE
com.netflix.zuul.netty.server.ClientResponseWriter	userEventTriggered(io.netty.channel.ChannelHandlerContext,java.lang.Object)	channelInfoForLogging(io.netty.channel.Channel)	com.netflix.zuul.netty.ChannelUtils	SOURCE
com.netflix.zuul.netty.server.ClientResponseWriter	userEventTriggered(io.netty.channel.ChannelHandlerContext,java.lang.Object)	channel()	io.netty.channel.ChannelHandlerContext	SOURCE
com.netflix.zuul.netty.server.ClientResponseWriter	userEventTriggered(io.netty.channel.ChannelHandlerContext,java.lang.Object)	close()	io.netty.channel.ChannelOutboundInvoker	SOURCE
com.netflix.zuul.netty.server.ClientResponseWriter	userEventTriggered(io.netty.channel.ChannelHandlerContext,java.lang.Object)	debug(java.lang.String)	org.slf4j.Logger	SOURCE
com.netflix.zuul.netty.server.ClientResponseWriter	userEventTriggered(io.netty.channel.ChannelHandlerContext,java.lang.Object)	debug(java.lang.String,java.lang.Object)	org.slf4j.Logger	SOURCE
com.netflix.zuul.netty.server.ClientResponseWriter	handleComplete(io.netty.channel.Channel)	completeMetrics(io.netty.channel.Channel,com.netflix.zuul.message.http.HttpResponseMessage)	com.netflix.zuul.netty.server.ClientResponseWriter	SOURCE
com.netflix.zuul.netty.server.ClientResponseWriter	handleComplete(io.netty.channel.Channel)	getRequestFromChannel(io.netty.channel.Channel)	com.netflix.zuul.netty.server.ClientRequestReceiver	SOURCE
com.netflix.zuul.netty.server.ClientResponseWriter	handleComplete(io.netty.channel.Channel)	handle(com.netflix.zuul.message.http.HttpRequestInfo,com.netflix.zuul.message.http.HttpResponseMessage)	com.netflix.zuul.RequestCompleteHandler	SOURCE
com.netflix.zuul.netty.server.ClientResponseWriter	handleComplete(io.netty.channel.Channel)	getInboundRequest()	com.netflix.zuul.message.http.HttpRequestMessage	SOURCE
com.netflix.zuul.netty.server.ClientResponseWriter	handleComplete(io.netty.channel.Channel)	error(java.lang.String,java.lang.Throwable)	org.slf4j.Logger	SOURCE
com.netflix.zuul.netty.server.ClientResponseWriter	exceptionCaught(io.netty.channel.ChannelHandlerContext,java.lang.Throwable)	channelInfoForLogging(io.netty.channel.Channel)	com.netflix.zuul.netty.ChannelUtils	SOURCE
com.netflix.zuul.netty.server.ClientResponseWriter	exceptionCaught(io.netty.channel.ChannelHandlerContext,java.lang.Throwable)	channel()	io.netty.channel.ChannelHandlerContext	SOURCE
com.netflix.zuul.netty.server.ClientResponseWriter	exceptionCaught(io.netty.channel.ChannelHandlerContext,java.lang.Throwable)	getStatusCode()	com.netflix.zuul.exception.ZuulException	SOURCE
com.netflix.zuul.netty.server.ClientResponseWriter	exceptionCaught(io.netty.channel.ChannelHandlerContext,java.lang.Throwable)	error(java.lang.String,java.lang.Throwable)	org.slf4j.Logger	SOURCE
com.netflix.zuul.netty.server.ClientResponseWriter	exceptionCaught(io.netty.channel.ChannelHandlerContext,java.lang.Throwable)	error(java.lang.String,java.lang.Object)	org.slf4j.Logger	SOURCE
com.netflix.zuul.netty.server.ClientResponseWriter	exceptionCaught(io.netty.channel.ChannelHandlerContext,java.lang.Throwable)	error(java.lang.String,java.lang.Throwable)	org.slf4j.Logger	SOURCE
com.netflix.zuul.netty.server.ClientResponseWriter	exceptionCaught(io.netty.channel.ChannelHandlerContext,java.lang.Throwable)	isActive()	io.netty.channel.Channel	SOURCE
com.netflix.zuul.netty.server.ClientResponseWriter	exceptionCaught(io.netty.channel.ChannelHandlerContext,java.lang.Throwable)	channel()	io.netty.channel.ChannelHandlerContext	SOURCE
com.netflix.zuul.netty.server.ClientResponseWriter	exceptionCaught(io.netty.channel.ChannelHandlerContext,java.lang.Throwable)	DefaultFullHttpResponse(io.netty.handler.codec.http.HttpVersion,io.netty.handler.codec.http.HttpResponseStatus)	io.netty.handler.codec.http.DefaultFullHttpResponse	SOURCE
com.netflix.zuul.netty.server.ClientResponseWriter	exceptionCaught(io.netty.channel.ChannelHandlerContext,java.lang.Throwable)	valueOf(int)	io.netty.handler.codec.http.HttpResponseStatus	SOURCE
com.netflix.zuul.netty.server.ClientResponseWriter	exceptionCaught(io.netty.channel.ChannelHandlerContext,java.lang.Throwable)	addListener(io.netty.util.concurrent.GenericFutureListener<? extends io.netty.util.concurrent.Future<? super java.lang.Void>>)	io.netty.channel.ChannelFuture	SOURCE
com.netflix.zuul.netty.server.ClientResponseWriter	exceptionCaught(io.netty.channel.ChannelHandlerContext,java.lang.Throwable)	writeAndFlush(java.lang.Object)	io.netty.channel.ChannelOutboundInvoker	SOURCE
com.netflix.zuul.netty.server.ClientResponseWriter	exceptionCaught(io.netty.channel.ChannelHandlerContext,java.lang.Throwable)	close()	io.netty.channel.ChannelOutboundInvoker	SOURCE
com.netflix.zuul.netty.server.ClientResponseWriter	channelInactive(io.netty.channel.ChannelHandlerContext)	channelInactive(io.netty.channel.ChannelHandlerContext)	io.netty.channel.ChannelInboundHandlerAdapter	SOURCE
com.netflix.zuul.netty.server.ClientResponseWriter	channelInactive(io.netty.channel.ChannelHandlerContext)	close()	io.netty.channel.ChannelOutboundInvoker	SOURCE
com.netflix.zuul.netty.server.ZuulServerChannelInitializer	ZuulServerChannelInitializer(java.lang.String,com.netflix.netty.common.channel.config.ChannelConfig,com.netflix.netty.common.channel.config.ChannelConfig,io.netty.channel.group.ChannelGroup)	BaseZuulChannelInitializer(java.lang.String,com.netflix.netty.common.channel.config.ChannelConfig,com.netflix.netty.common.channel.config.ChannelConfig,io.netty.channel.group.ChannelGroup)	com.netflix.zuul.netty.server.BaseZuulChannelInitializer	SOURCE
com.netflix.zuul.netty.server.ZuulServerChannelInitializer	ZuulServerChannelInitializer(int,com.netflix.netty.common.channel.config.ChannelConfig,com.netflix.netty.common.channel.config.ChannelConfig,io.netty.channel.group.ChannelGroup)	ZuulServerChannelInitializer(java.lang.String,com.netflix.netty.common.channel.config.ChannelConfig,com.netflix.netty.common.channel.config.ChannelConfig,io.netty.channel.group.ChannelGroup)	com.netflix.zuul.netty.server.ZuulServerChannelInitializer	SOURCE
com.netflix.zuul.netty.server.ZuulServerChannelInitializer	ZuulServerChannelInitializer(int,com.netflix.netty.common.channel.config.ChannelConfig,com.netflix.netty.common.channel.config.ChannelConfig,io.netty.channel.group.ChannelGroup)	valueOf(int)	java.lang.String	SOURCE
com.netflix.zuul.netty.server.ZuulServerChannelInitializer	initChannel(io.netty.channel.Channel)	pipeline()	io.netty.channel.Channel	SOURCE
com.netflix.zuul.netty.server.ZuulServerChannelInitializer	initChannel(io.netty.channel.Channel)	storeChannel(io.netty.channel.Channel)	com.netflix.zuul.netty.server.BaseZuulChannelInitializer	SOURCE
com.netflix.zuul.netty.server.ZuulServerChannelInitializer	initChannel(io.netty.channel.Channel)	addTimeoutHandlers(io.netty.channel.ChannelPipeline)	com.netflix.zuul.netty.server.BaseZuulChannelInitializer	SOURCE
com.netflix.zuul.netty.server.ZuulServerChannelInitializer	initChannel(io.netty.channel.Channel)	addPassportHandler(io.netty.channel.ChannelPipeline)	com.netflix.zuul.netty.server.BaseZuulChannelInitializer	SOURCE
com.netflix.zuul.netty.server.ZuulServerChannelInitializer	initChannel(io.netty.channel.Channel)	addTcpRelatedHandlers(io.netty.channel.ChannelPipeline)	com.netflix.zuul.netty.server.BaseZuulChannelInitializer	SOURCE
com.netflix.zuul.netty.server.ZuulServerChannelInitializer	initChannel(io.netty.channel.Channel)	addHttp1Handlers(io.netty.channel.ChannelPipeline)	com.netflix.zuul.netty.server.BaseZuulChannelInitializer	SOURCE
com.netflix.zuul.netty.server.ZuulServerChannelInitializer	initChannel(io.netty.channel.Channel)	addHttpRelatedHandlers(io.netty.channel.ChannelPipeline)	com.netflix.zuul.netty.server.BaseZuulChannelInitializer	SOURCE
com.netflix.zuul.netty.server.ZuulServerChannelInitializer	initChannel(io.netty.channel.Channel)	addZuulHandlers(io.netty.channel.ChannelPipeline)	com.netflix.zuul.netty.server.BaseZuulChannelInitializer	SOURCE
com.netflix.zuul.netty.server.Server	USE_EPOLL	DynamicBooleanProperty(java.lang.String,boolean)	com.netflix.config.DynamicBooleanProperty	SOURCE
com.netflix.zuul.netty.server.Server	FORCE_NIO	DynamicBooleanProperty(java.lang.String,boolean)	com.netflix.config.DynamicBooleanProperty	SOURCE
com.netflix.zuul.netty.server.Server	FORCE_IO_URING	DynamicBooleanProperty(java.lang.String,boolean)	com.netflix.config.DynamicBooleanProperty	SOURCE
com.netflix.zuul.netty.server.Server	LOG	getLogger(java.lang.Class<?>)	org.slf4j.LoggerFactory	SOURCE
com.netflix.zuul.netty.server.Server	USE_LEASTCONNS_FOR_EVENTLOOPS	DynamicBooleanProperty(java.lang.String,boolean)	com.netflix.config.DynamicBooleanProperty	SOURCE
com.netflix.zuul.netty.server.Server	MANUAL_DISCOVERY_STATUS	DynamicBooleanProperty(java.lang.String,boolean)	com.netflix.config.DynamicBooleanProperty	SOURCE
com.netflix.zuul.netty.server.Server	jvmShutdownHook	Thread(java.lang.Runnable,java.lang.String)	java.lang.Thread	SOURCE
com.netflix.zuul.netty.server.Server	jvmShutdownHook	run()	java.lang.Runnable	SOURCE
com.netflix.zuul.netty.server.Server	jvmShutdownHook	stop()	com.netflix.zuul.netty.server.Server	SOURCE
com.netflix.zuul.netty.server.Server	addressesToChannels	LinkedHashMap()	java.util.LinkedHashMap	SOURCE
com.netflix.zuul.netty.server.Server	defaultOutboundChannelType	AtomicReference()	java.util.concurrent.atomic.AtomicReference	SOURCE
com.netflix.zuul.netty.server.Server	Server(java.util.Map<java.lang.Integer,io.netty.channel.ChannelInitializer>,com.netflix.netty.common.status.ServerStatusManager,com.netflix.zuul.netty.server.ClientConnectionsShutdown,com.netflix.netty.common.metrics.EventLoopGroupMetrics)	Server(java.util.Map<java.lang.Integer,io.netty.channel.ChannelInitializer>,com.netflix.netty.common.status.ServerStatusManager,com.netflix.zuul.netty.server.ClientConnectionsShutdown,com.netflix.netty.common.metrics.EventLoopGroupMetrics,com.netflix.zuul.netty.server.EventLoopConfig)	com.netflix.zuul.netty.server.Server	SOURCE
com.netflix.zuul.netty.server.Server	Server(java.util.Map<java.lang.Integer,io.netty.channel.ChannelInitializer>,com.netflix.netty.common.status.ServerStatusManager,com.netflix.zuul.netty.server.ClientConnectionsShutdown,com.netflix.netty.common.metrics.EventLoopGroupMetrics)	DefaultEventLoopConfig()	com.netflix.zuul.netty.server.DefaultEventLoopConfig	SOURCE
com.netflix.zuul.netty.server.Server	Server(java.util.Map<java.lang.Integer,io.netty.channel.ChannelInitializer>,com.netflix.netty.common.status.ServerStatusManager,com.netflix.zuul.netty.server.ClientConnectionsShutdown,com.netflix.netty.common.metrics.EventLoopGroupMetrics,com.netflix.zuul.netty.server.EventLoopConfig)	Server(com.netflix.spectator.api.Registry,com.netflix.netty.common.status.ServerStatusManager,java.util.Map<com.netflix.zuul.netty.server.NamedSocketAddress,? extends io.netty.channel.ChannelInitializer<?>>,com.netflix.zuul.netty.server.ClientConnectionsShutdown,com.netflix.netty.common.metrics.EventLoopGroupMetrics,com.netflix.zuul.netty.server.EventLoopConfig)	com.netflix.zuul.netty.server.Server	SOURCE
com.netflix.zuul.netty.server.Server	Server(java.util.Map<java.lang.Integer,io.netty.channel.ChannelInitializer>,com.netflix.netty.common.status.ServerStatusManager,com.netflix.zuul.netty.server.ClientConnectionsShutdown,com.netflix.netty.common.metrics.EventLoopGroupMetrics,com.netflix.zuul.netty.server.EventLoopConfig)	globalRegistry()	com.netflix.spectator.api.Spectator	SOURCE
com.netflix.zuul.netty.server.Server	Server(java.util.Map<java.lang.Integer,io.netty.channel.ChannelInitializer>,com.netflix.netty.common.status.ServerStatusManager,com.netflix.zuul.netty.server.ClientConnectionsShutdown,com.netflix.netty.common.metrics.EventLoopGroupMetrics,com.netflix.zuul.netty.server.EventLoopConfig)	convertPortMap(java.util.Map<java.lang.Integer,io.netty.channel.ChannelInitializer<?>>)	com.netflix.zuul.netty.server.Server	SOURCE
com.netflix.zuul.netty.server.Server	Server(com.netflix.spectator.api.Registry,com.netflix.netty.common.status.ServerStatusManager,java.util.Map<com.netflix.zuul.netty.server.NamedSocketAddress,? extends io.netty.channel.ChannelInitializer<?>>,com.netflix.zuul.netty.server.ClientConnectionsShutdown,com.netflix.netty.common.metrics.EventLoopGroupMetrics,com.netflix.zuul.netty.server.EventLoopConfig)	Object()	java.lang.Object	SOURCE
com.netflix.zuul.netty.server.Server	Server(com.netflix.spectator.api.Registry,com.netflix.netty.common.status.ServerStatusManager,java.util.Map<com.netflix.zuul.netty.server.NamedSocketAddress,? extends io.netty.channel.ChannelInitializer<?>>,com.netflix.zuul.netty.server.ClientConnectionsShutdown,com.netflix.netty.common.metrics.EventLoopGroupMetrics,com.netflix.zuul.netty.server.EventLoopConfig)	<T>requireNonNull(T)	java.util.Objects	SOURCE
com.netflix.zuul.netty.server.Server	Server(com.netflix.spectator.api.Registry,com.netflix.netty.common.status.ServerStatusManager,java.util.Map<com.netflix.zuul.netty.server.NamedSocketAddress,? extends io.netty.channel.ChannelInitializer<?>>,com.netflix.zuul.netty.server.ClientConnectionsShutdown,com.netflix.netty.common.metrics.EventLoopGroupMetrics,com.netflix.zuul.netty.server.EventLoopConfig)	<K,V>unmodifiableMap(java.util.Map<? extends K,? extends V>)	java.util.Collections	SOURCE
com.netflix.zuul.netty.server.Server	Server(com.netflix.spectator.api.Registry,com.netflix.netty.common.status.ServerStatusManager,java.util.Map<com.netflix.zuul.netty.server.NamedSocketAddress,? extends io.netty.channel.ChannelInitializer<?>>,com.netflix.zuul.netty.server.ClientConnectionsShutdown,com.netflix.netty.common.metrics.EventLoopGroupMetrics,com.netflix.zuul.netty.server.EventLoopConfig)	LinkedHashMap(java.util.Map<? extends K,? extends V>)	java.util.LinkedHashMap	SOURCE
com.netflix.zuul.netty.server.Server	Server(com.netflix.spectator.api.Registry,com.netflix.netty.common.status.ServerStatusManager,java.util.Map<com.netflix.zuul.netty.server.NamedSocketAddress,? extends io.netty.channel.ChannelInitializer<?>>,com.netflix.zuul.netty.server.ClientConnectionsShutdown,com.netflix.netty.common.metrics.EventLoopGroupMetrics,com.netflix.zuul.netty.server.EventLoopConfig)	<T>checkNotNull(T,java.lang.Object)	com.google.common.base.Preconditions	SOURCE
com.netflix.zuul.netty.server.Server	Server(com.netflix.spectator.api.Registry,com.netflix.netty.common.status.ServerStatusManager,java.util.Map<com.netflix.zuul.netty.server.NamedSocketAddress,? extends io.netty.channel.ChannelInitializer<?>>,com.netflix.zuul.netty.server.ClientConnectionsShutdown,com.netflix.netty.common.metrics.EventLoopGroupMetrics,com.netflix.zuul.netty.server.EventLoopConfig)	<T>checkNotNull(T,java.lang.Object)	com.google.common.base.Preconditions	SOURCE
com.netflix.zuul.netty.server.Server	Server(com.netflix.spectator.api.Registry,com.netflix.netty.common.status.ServerStatusManager,java.util.Map<com.netflix.zuul.netty.server.NamedSocketAddress,? extends io.netty.channel.ChannelInitializer<?>>,com.netflix.zuul.netty.server.ClientConnectionsShutdown,com.netflix.netty.common.metrics.EventLoopGroupMetrics,com.netflix.zuul.netty.server.EventLoopConfig)	<T>checkNotNull(T,java.lang.Object)	com.google.common.base.Preconditions	SOURCE
com.netflix.zuul.netty.server.Server	Server(com.netflix.spectator.api.Registry,com.netflix.netty.common.status.ServerStatusManager,java.util.Map<com.netflix.zuul.netty.server.NamedSocketAddress,? extends io.netty.channel.ChannelInitializer<?>>,com.netflix.zuul.netty.server.ClientConnectionsShutdown,com.netflix.netty.common.metrics.EventLoopGroupMetrics,com.netflix.zuul.netty.server.EventLoopConfig)	<T>checkNotNull(T,java.lang.Object)	com.google.common.base.Preconditions	SOURCE
com.netflix.zuul.netty.server.Server	stop()	info(java.lang.String)	org.slf4j.Logger	SOURCE
com.netflix.zuul.netty.server.Server	stop()	stop()	com.netflix.zuul.netty.server.Server$ServerGroup	SOURCE
com.netflix.zuul.netty.server.Server	stop()	removeShutdownHook(java.lang.Thread)	java.lang.Runtime	SOURCE
com.netflix.zuul.netty.server.Server	stop()	getRuntime()	java.lang.Runtime	SOURCE
com.netflix.zuul.netty.server.Server	stop()	debug(java.lang.String,java.lang.Throwable)	org.slf4j.Logger	SOURCE
com.netflix.zuul.netty.server.Server	stop()	info(java.lang.String)	org.slf4j.Logger	SOURCE
com.netflix.zuul.netty.server.Server	start()	ServerGroup(java.lang.String,int,int,com.netflix.netty.common.metrics.EventLoopGroupMetrics)	com.netflix.zuul.netty.server.Server$ServerGroup	SOURCE
com.netflix.zuul.netty.server.Server	start()	acceptorCount()	com.netflix.zuul.netty.server.EventLoopConfig	SOURCE
com.netflix.zuul.netty.server.Server	start()	eventLoopCount()	com.netflix.zuul.netty.server.EventLoopConfig	SOURCE
com.netflix.zuul.netty.server.Server	start()	initializeTransport()	com.netflix.zuul.netty.server.Server$ServerGroup	SOURCE
com.netflix.zuul.netty.server.Server	start()	ArrayList(int)	java.util.ArrayList	SOURCE
com.netflix.zuul.netty.server.Server	start()	size()	java.util.Map	SOURCE
com.netflix.zuul.netty.server.Server	start()	entrySet()	java.util.Map	SOURCE
com.netflix.zuul.netty.server.Server	start()	getKey()	java.util.Map$Entry	SOURCE
com.netflix.zuul.netty.server.Server	start()	setupServerBootstrap(com.netflix.zuul.netty.server.NamedSocketAddress,io.netty.channel.ChannelInitializer<?>)	com.netflix.zuul.netty.server.Server	SOURCE
com.netflix.zuul.netty.server.Server	start()	getValue()	java.util.Map$Entry	SOURCE
com.netflix.zuul.netty.server.Server	start()	channel()	io.netty.channel.ChannelFuture	SOURCE
com.netflix.zuul.netty.server.Server	start()	put(K,V)	java.util.Map	SOURCE
com.netflix.zuul.netty.server.Server	start()	withNewSocket(java.net.SocketAddress)	com.netflix.zuul.netty.server.NamedSocketAddress	SOURCE
com.netflix.zuul.netty.server.Server	start()	localAddress()	io.netty.channel.Channel	SOURCE
com.netflix.zuul.netty.server.Server	start()	add(E)	java.util.List	SOURCE
com.netflix.zuul.netty.server.Server	start()	isEmpty()	java.util.List	SOURCE
com.netflix.zuul.netty.server.Server	start()	alloc()	io.netty.channel.Channel	SOURCE
com.netflix.zuul.netty.server.Server	start()	channel()	io.netty.channel.ChannelFuture	SOURCE
com.netflix.zuul.netty.server.Server	start()	get(int)	java.util.List	SOURCE
com.netflix.zuul.netty.server.Server	start()	metric()	io.netty.buffer.ByteBufAllocatorMetricProvider	SOURCE
com.netflix.zuul.netty.server.Server	start()	<T>monitorValue(T,java.util.function.ToDoubleFunction<T>)	com.netflix.spectator.api.patterns.PolledMeter$Builder	SOURCE
com.netflix.zuul.netty.server.Server	start()	withId(com.netflix.spectator.api.Id)	com.netflix.spectator.api.patterns.IdBuilder	SOURCE
com.netflix.zuul.netty.server.Server	start()	using(com.netflix.spectator.api.Registry)	com.netflix.spectator.api.patterns.PolledMeter	SOURCE
com.netflix.zuul.netty.server.Server	start()	createId(java.lang.String,java.lang.String...)	com.netflix.spectator.api.Registry	SOURCE
com.netflix.zuul.netty.server.Server	start()	applyAsDouble(T)	java.util.function.ToDoubleFunction	SOURCE
com.netflix.zuul.netty.server.Server	start()	usedHeapMemory()	io.netty.buffer.ByteBufAllocatorMetric	SOURCE
com.netflix.zuul.netty.server.Server	start()	<T>monitorValue(T,java.util.function.ToDoubleFunction<T>)	com.netflix.spectator.api.patterns.PolledMeter$Builder	SOURCE
com.netflix.zuul.netty.server.Server	start()	withId(com.netflix.spectator.api.Id)	com.netflix.spectator.api.patterns.IdBuilder	SOURCE
com.netflix.zuul.netty.server.Server	start()	using(com.netflix.spectator.api.Registry)	com.netflix.spectator.api.patterns.PolledMeter	SOURCE
com.netflix.zuul.netty.server.Server	start()	createId(java.lang.String,java.lang.String...)	com.netflix.spectator.api.Registry	SOURCE
com.netflix.zuul.netty.server.Server	start()	applyAsDouble(T)	java.util.function.ToDoubleFunction	SOURCE
com.netflix.zuul.netty.server.Server	start()	usedDirectMemory()	io.netty.buffer.ByteBufAllocatorMetric	SOURCE
com.netflix.zuul.netty.server.Server	start()	interrupt()	java.lang.Thread	SOURCE
com.netflix.zuul.netty.server.Server	start()	currentThread()	java.lang.Thread	SOURCE
com.netflix.zuul.netty.server.Server	awaitTermination()	values()	java.util.Map	SOURCE
com.netflix.zuul.netty.server.Server	awaitTermination()	sync()	io.netty.channel.ChannelFuture	SOURCE
com.netflix.zuul.netty.server.Server	awaitTermination()	closeFuture()	io.netty.channel.Channel	SOURCE
com.netflix.zuul.netty.server.Server	getListeningAddresses()	IllegalStateException(java.lang.String)	java.lang.IllegalStateException	SOURCE
com.netflix.zuul.netty.server.Server	getListeningAddresses()	<T>unmodifiableList(java.util.List<? extends T>)	java.util.Collections	SOURCE
com.netflix.zuul.netty.server.Server	getListeningAddresses()	ArrayList(java.util.Collection<? extends E>)	java.util.ArrayList	SOURCE
com.netflix.zuul.netty.server.Server	getListeningAddresses()	keySet()	java.util.Map	SOURCE
com.netflix.zuul.netty.server.Server	waitForEachEventLoop()	get()	java.util.concurrent.Future	SOURCE
com.netflix.zuul.netty.server.Server	waitForEachEventLoop()	submit(java.lang.Runnable)	io.netty.util.concurrent.EventExecutorGroup	SOURCE
com.netflix.zuul.netty.server.Server	waitForEachEventLoop()	run()	java.lang.Runnable	SOURCE
com.netflix.zuul.netty.server.Server	gracefullyShutdownConnections()	gracefullyShutdownClientChannels()	com.netflix.zuul.netty.server.ClientConnectionsShutdown	SOURCE
com.netflix.zuul.netty.server.Server	setupServerBootstrap(com.netflix.zuul.netty.server.NamedSocketAddress,io.netty.channel.ChannelInitializer<?>)	group(io.netty.channel.EventLoopGroup,io.netty.channel.EventLoopGroup)	io.netty.bootstrap.ServerBootstrap	SOURCE
com.netflix.zuul.netty.server.Server	setupServerBootstrap(com.netflix.zuul.netty.server.NamedSocketAddress,io.netty.channel.ChannelInitializer<?>)	ServerBootstrap()	io.netty.bootstrap.ServerBootstrap	SOURCE
com.netflix.zuul.netty.server.Server	setupServerBootstrap(com.netflix.zuul.netty.server.NamedSocketAddress,io.netty.channel.ChannelInitializer<?>)	HashMap()	java.util.HashMap	SOURCE
com.netflix.zuul.netty.server.Server	setupServerBootstrap(com.netflix.zuul.netty.server.NamedSocketAddress,io.netty.channel.ChannelInitializer<?>)	put(K,V)	java.util.Map	SOURCE
com.netflix.zuul.netty.server.Server	setupServerBootstrap(com.netflix.zuul.netty.server.NamedSocketAddress,io.netty.channel.ChannelInitializer<?>)	put(K,V)	java.util.Map	SOURCE
com.netflix.zuul.netty.server.Server	setupServerBootstrap(com.netflix.zuul.netty.server.NamedSocketAddress,io.netty.channel.ChannelInitializer<?>)	put(K,V)	java.util.Map	SOURCE
com.netflix.zuul.netty.server.Server	setupServerBootstrap(com.netflix.zuul.netty.server.NamedSocketAddress,io.netty.channel.ChannelInitializer<?>)	put(K,V)	java.util.Map	SOURCE
com.netflix.zuul.netty.server.Server	setupServerBootstrap(com.netflix.zuul.netty.server.NamedSocketAddress,io.netty.channel.ChannelInitializer<?>)	info(java.lang.String,java.lang.Object)	org.slf4j.Logger	SOURCE
com.netflix.zuul.netty.server.Server	setupServerBootstrap(com.netflix.zuul.netty.server.NamedSocketAddress,io.netty.channel.ChannelInitializer<?>)	channel(java.lang.Class<? extends C>)	io.netty.bootstrap.AbstractBootstrap	SOURCE
com.netflix.zuul.netty.server.Server	setupServerBootstrap(com.netflix.zuul.netty.server.NamedSocketAddress,io.netty.channel.ChannelInitializer<?>)	entrySet()	java.util.Map	SOURCE
com.netflix.zuul.netty.server.Server	setupServerBootstrap(com.netflix.zuul.netty.server.NamedSocketAddress,io.netty.channel.ChannelInitializer<?>)	<T>option(io.netty.channel.ChannelOption<T>,T)	io.netty.bootstrap.AbstractBootstrap	SOURCE
com.netflix.zuul.netty.server.Server	setupServerBootstrap(com.netflix.zuul.netty.server.NamedSocketAddress,io.netty.channel.ChannelInitializer<?>)	getKey()	java.util.Map$Entry	SOURCE
com.netflix.zuul.netty.server.Server	setupServerBootstrap(com.netflix.zuul.netty.server.NamedSocketAddress,io.netty.channel.ChannelInitializer<?>)	getValue()	java.util.Map$Entry	SOURCE
com.netflix.zuul.netty.server.Server	setupServerBootstrap(com.netflix.zuul.netty.server.NamedSocketAddress,io.netty.channel.ChannelInitializer<?>)	entrySet()	java.util.Map	SOURCE
com.netflix.zuul.netty.server.Server	setupServerBootstrap(com.netflix.zuul.netty.server.NamedSocketAddress,io.netty.channel.ChannelInitializer<?>)	<T>option(io.netty.channel.ChannelOption<T>,T)	io.netty.bootstrap.AbstractBootstrap	SOURCE
com.netflix.zuul.netty.server.Server	setupServerBootstrap(com.netflix.zuul.netty.server.NamedSocketAddress,io.netty.channel.ChannelInitializer<?>)	getKey()	java.util.Map$Entry	SOURCE
com.netflix.zuul.netty.server.Server	setupServerBootstrap(com.netflix.zuul.netty.server.NamedSocketAddress,io.netty.channel.ChannelInitializer<?>)	getValue()	java.util.Map$Entry	SOURCE
com.netflix.zuul.netty.server.Server	setupServerBootstrap(com.netflix.zuul.netty.server.NamedSocketAddress,io.netty.channel.ChannelInitializer<?>)	handler(io.netty.channel.ChannelHandler)	io.netty.bootstrap.AbstractBootstrap	SOURCE
com.netflix.zuul.netty.server.Server	setupServerBootstrap(com.netflix.zuul.netty.server.NamedSocketAddress,io.netty.channel.ChannelInitializer<?>)	NewConnHandler()	com.netflix.zuul.netty.server.Server$NewConnHandler	SOURCE
com.netflix.zuul.netty.server.Server	setupServerBootstrap(com.netflix.zuul.netty.server.NamedSocketAddress,io.netty.channel.ChannelInitializer<?>)	childHandler(io.netty.channel.ChannelHandler)	io.netty.bootstrap.ServerBootstrap	SOURCE
com.netflix.zuul.netty.server.Server	setupServerBootstrap(com.netflix.zuul.netty.server.NamedSocketAddress,io.netty.channel.ChannelInitializer<?>)	validate()	io.netty.bootstrap.ServerBootstrap	SOURCE
com.netflix.zuul.netty.server.Server	setupServerBootstrap(com.netflix.zuul.netty.server.NamedSocketAddress,io.netty.channel.ChannelInitializer<?>)	info(java.lang.String,java.lang.Object)	org.slf4j.Logger	SOURCE
com.netflix.zuul.netty.server.Server	setupServerBootstrap(com.netflix.zuul.netty.server.NamedSocketAddress,io.netty.channel.ChannelInitializer<?>)	get()	com.netflix.config.DynamicBooleanProperty	SOURCE
com.netflix.zuul.netty.server.Server	setupServerBootstrap(com.netflix.zuul.netty.server.NamedSocketAddress,io.netty.channel.ChannelInitializer<?>)	localStatus(com.netflix.appinfo.InstanceInfo.InstanceStatus)	com.netflix.netty.common.status.ServerStatusManager	SOURCE
com.netflix.zuul.netty.server.Server	setupServerBootstrap(com.netflix.zuul.netty.server.NamedSocketAddress,io.netty.channel.ChannelInitializer<?>)	bind(java.net.SocketAddress)	io.netty.bootstrap.AbstractBootstrap	SOURCE
com.netflix.zuul.netty.server.Server	setupServerBootstrap(com.netflix.zuul.netty.server.NamedSocketAddress,io.netty.channel.ChannelInitializer<?>)	unwrap()	com.netflix.zuul.netty.server.NamedSocketAddress	SOURCE
com.netflix.zuul.netty.server.Server	setupServerBootstrap(com.netflix.zuul.netty.server.NamedSocketAddress,io.netty.channel.ChannelInitializer<?>)	sync()	io.netty.channel.ChannelFuture	SOURCE
com.netflix.zuul.netty.server.Server	setupServerBootstrap(com.netflix.zuul.netty.server.NamedSocketAddress,io.netty.channel.ChannelInitializer<?>)	RuntimeException(java.lang.String,java.lang.Throwable)	java.lang.RuntimeException	SOURCE
com.netflix.zuul.netty.server.Server$ServerGroup	jvmShutdownHook	Thread(java.lang.Runnable,java.lang.String)	java.lang.Thread	SOURCE
com.netflix.zuul.netty.server.Server$ServerGroup	jvmShutdownHook	run()	java.lang.Runnable	SOURCE
com.netflix.zuul.netty.server.Server$ServerGroup	jvmShutdownHook	stop()	com.netflix.zuul.netty.server.Server$ServerGroup	SOURCE
com.netflix.zuul.netty.server.Server$ServerGroup	ServerGroup(java.lang.String,int,int,com.netflix.netty.common.metrics.EventLoopGroupMetrics)	Object()	java.lang.Object	SOURCE
com.netflix.zuul.netty.server.Server$ServerGroup	ServerGroup(java.lang.String,int,int,com.netflix.netty.common.metrics.EventLoopGroupMetrics)	setDefaultUncaughtExceptionHandler(java.lang.Thread.UncaughtExceptionHandler)	java.lang.Thread	SOURCE
com.netflix.zuul.netty.server.Server$ServerGroup	ServerGroup(java.lang.String,int,int,com.netflix.netty.common.metrics.EventLoopGroupMetrics)	()	com.netflix.zuul.netty.server.Server$ServerGroup$1	SOURCE
com.netflix.zuul.netty.server.Server$ServerGroup$1	uncaughtException(java.lang.Thread,java.lang.Throwable)	error(java.lang.String,java.lang.Throwable)	org.slf4j.Logger	SOURCE
com.netflix.zuul.netty.server.Server$ServerGroup	ServerGroup(java.lang.String,int,int,com.netflix.netty.common.metrics.EventLoopGroupMetrics)	addShutdownHook(java.lang.Thread)	java.lang.Runtime	SOURCE
com.netflix.zuul.netty.server.Server$ServerGroup	ServerGroup(java.lang.String,int,int,com.netflix.netty.common.metrics.EventLoopGroupMetrics)	getRuntime()	java.lang.Runtime	SOURCE
com.netflix.zuul.netty.server.Server$ServerGroup	initializeTransport()	get()	com.netflix.config.DynamicBooleanProperty	SOURCE
com.netflix.zuul.netty.server.Server$ServerGroup	initializeTransport()	LeastConnsEventLoopChooserFactory(com.netflix.netty.common.metrics.EventLoopGroupMetrics)	com.netflix.netty.common.LeastConnsEventLoopChooserFactory	SOURCE
com.netflix.zuul.netty.server.Server$ServerGroup	initializeTransport()	CategorizedThreadFactory(java.lang.String)	com.netflix.netty.common.CategorizedThreadFactory	SOURCE
com.netflix.zuul.netty.server.Server$ServerGroup	initializeTransport()	ThreadPerTaskExecutor(java.util.concurrent.ThreadFactory)	io.netty.util.concurrent.ThreadPerTaskExecutor	SOURCE
com.netflix.zuul.netty.server.Server$ServerGroup	initializeTransport()	HashMap()	java.util.HashMap	SOURCE
com.netflix.zuul.netty.server.Server$ServerGroup	initializeTransport()	get()	com.netflix.config.DynamicBooleanProperty	SOURCE
com.netflix.zuul.netty.server.Server$ServerGroup	initializeTransport()	get()	com.netflix.config.DynamicBooleanProperty	SOURCE
com.netflix.zuul.netty.server.Server$ServerGroup	initializeTransport()	ioUringIsAvailable()	com.netflix.zuul.netty.server.Server	SOURCE
com.netflix.zuul.netty.server.Server$ServerGroup	initializeTransport()	set(V)	java.util.concurrent.atomic.AtomicReference	SOURCE
com.netflix.zuul.netty.server.Server$ServerGroup	initializeTransport()	IOUringEventLoopGroup(int,java.util.concurrent.ThreadFactory)	io.netty.incubator.channel.uring.IOUringEventLoopGroup	SOURCE
com.netflix.zuul.netty.server.Server$ServerGroup	initializeTransport()	CategorizedThreadFactory(java.lang.String)	com.netflix.netty.common.CategorizedThreadFactory	SOURCE
com.netflix.zuul.netty.server.Server$ServerGroup	initializeTransport()	IOUringEventLoopGroup(int,java.util.concurrent.Executor)	io.netty.incubator.channel.uring.IOUringEventLoopGroup	SOURCE
com.netflix.zuul.netty.server.Server$ServerGroup	initializeTransport()	epollIsAvailable()	com.netflix.zuul.netty.server.Server	SOURCE
com.netflix.zuul.netty.server.Server$ServerGroup	initializeTransport()	set(V)	java.util.concurrent.atomic.AtomicReference	SOURCE
com.netflix.zuul.netty.server.Server$ServerGroup	initializeTransport()	put(K,V)	java.util.Map	SOURCE
com.netflix.zuul.netty.server.Server$ServerGroup	initializeTransport()	EpollEventLoopGroup(int,java.util.concurrent.ThreadFactory)	io.netty.channel.epoll.EpollEventLoopGroup	SOURCE
com.netflix.zuul.netty.server.Server$ServerGroup	initializeTransport()	CategorizedThreadFactory(java.lang.String)	com.netflix.netty.common.CategorizedThreadFactory	SOURCE
com.netflix.zuul.netty.server.Server$ServerGroup	initializeTransport()	EpollEventLoopGroup(int,java.util.concurrent.Executor,io.netty.util.concurrent.EventExecutorChooserFactory,io.netty.channel.SelectStrategyFactory)	io.netty.channel.epoll.EpollEventLoopGroup	SOURCE
com.netflix.zuul.netty.server.Server$ServerGroup	initializeTransport()	kqueueIsAvailable()	com.netflix.zuul.netty.server.Server	SOURCE
com.netflix.zuul.netty.server.Server$ServerGroup	initializeTransport()	set(V)	java.util.concurrent.atomic.AtomicReference	SOURCE
com.netflix.zuul.netty.server.Server$ServerGroup	initializeTransport()	KQueueEventLoopGroup(int,java.util.concurrent.ThreadFactory)	io.netty.channel.kqueue.KQueueEventLoopGroup	SOURCE
com.netflix.zuul.netty.server.Server$ServerGroup	initializeTransport()	CategorizedThreadFactory(java.lang.String)	com.netflix.netty.common.CategorizedThreadFactory	SOURCE
com.netflix.zuul.netty.server.Server$ServerGroup	initializeTransport()	KQueueEventLoopGroup(int,java.util.concurrent.Executor,io.netty.util.concurrent.EventExecutorChooserFactory,io.netty.channel.SelectStrategyFactory)	io.netty.channel.kqueue.KQueueEventLoopGroup	SOURCE
com.netflix.zuul.netty.server.Server$ServerGroup	initializeTransport()	set(V)	java.util.concurrent.atomic.AtomicReference	SOURCE
com.netflix.zuul.netty.server.Server$ServerGroup	initializeTransport()	NioEventLoopGroup(int,java.util.concurrent.Executor,io.netty.util.concurrent.EventExecutorChooserFactory,java.nio.channels.spi.SelectorProvider,io.netty.channel.SelectStrategyFactory)	io.netty.channel.nio.NioEventLoopGroup	SOURCE
com.netflix.zuul.netty.server.Server$ServerGroup	initializeTransport()	provider()	java.nio.channels.spi.SelectorProvider	SOURCE
com.netflix.zuul.netty.server.Server$ServerGroup	initializeTransport()	setIoRatio(int)	io.netty.channel.nio.NioEventLoopGroup	SOURCE
com.netflix.zuul.netty.server.Server$ServerGroup	initializeTransport()	NioEventLoopGroup(int,java.util.concurrent.ThreadFactory)	io.netty.channel.nio.NioEventLoopGroup	SOURCE
com.netflix.zuul.netty.server.Server$ServerGroup	initializeTransport()	CategorizedThreadFactory(java.lang.String)	com.netflix.netty.common.CategorizedThreadFactory	SOURCE
com.netflix.zuul.netty.server.Server$ServerGroup	initializeTransport()	<K,V>unmodifiableMap(java.util.Map<? extends K,? extends V>)	java.util.Collections	SOURCE
com.netflix.zuul.netty.server.Server$ServerGroup	initializeTransport()	postEventLoopCreationHook(io.netty.channel.EventLoopGroup,io.netty.channel.EventLoopGroup)	com.netflix.zuul.netty.server.Server	SOURCE
com.netflix.zuul.netty.server.Server$ServerGroup	stop()	info(java.lang.String)	org.slf4j.Logger	SOURCE
com.netflix.zuul.netty.server.Server$ServerGroup	stop()	info(java.lang.String)	org.slf4j.Logger	SOURCE
com.netflix.zuul.netty.server.Server$ServerGroup	stop()	get()	com.netflix.config.DynamicBooleanProperty	SOURCE
com.netflix.zuul.netty.server.Server$ServerGroup	stop()	localStatus(com.netflix.appinfo.InstanceInfo.InstanceStatus)	com.netflix.netty.common.status.ServerStatusManager	SOURCE
com.netflix.zuul.netty.server.Server$ServerGroup	stop()	gracefullyShutdownClientChannels()	com.netflix.zuul.netty.server.ClientConnectionsShutdown	SOURCE
com.netflix.zuul.netty.server.Server$ServerGroup	stop()	info(java.lang.String)	org.slf4j.Logger	SOURCE
com.netflix.zuul.netty.server.Server$ServerGroup	stop()	ArrayList()	java.util.ArrayList	SOURCE
com.netflix.zuul.netty.server.Server$ServerGroup	stop()	add(E)	java.util.List	SOURCE
com.netflix.zuul.netty.server.Server$ServerGroup	stop()	add(E)	java.util.List	SOURCE
com.netflix.zuul.netty.server.Server$ServerGroup	stop()	shutdownGracefully()	io.netty.util.concurrent.EventExecutorGroup	SOURCE
com.netflix.zuul.netty.server.Server$ServerGroup	stop()	awaitTermination(long,java.util.concurrent.TimeUnit)	java.util.concurrent.ExecutorService	SOURCE
com.netflix.zuul.netty.server.Server$ServerGroup	stop()	warn(java.lang.String)	org.slf4j.Logger	SOURCE
com.netflix.zuul.netty.server.Server$ServerGroup	stop()	removeShutdownHook(java.lang.Thread)	java.lang.Runtime	SOURCE
com.netflix.zuul.netty.server.Server$ServerGroup	stop()	getRuntime()	java.lang.Runtime	SOURCE
com.netflix.zuul.netty.server.Server$ServerGroup	stop()	debug(java.lang.String,java.lang.Throwable)	org.slf4j.Logger	SOURCE
com.netflix.zuul.netty.server.Server$ServerGroup	stop()	info(java.lang.String)	org.slf4j.Logger	SOURCE
com.netflix.zuul.netty.server.Server	CONN_DIMENSIONS	<T>newInstance(java.lang.String)	io.netty.util.AttributeKey	SOURCE
com.netflix.zuul.netty.server.Server$NewConnHandler	channelRead(io.netty.channel.ChannelHandlerContext,java.lang.Object)	nanoTime()	java.lang.System	SOURCE
com.netflix.zuul.netty.server.Server$NewConnHandler	channelRead(io.netty.channel.ChannelHandlerContext,java.lang.Object)	set(T)	io.netty.util.Attribute	SOURCE
com.netflix.zuul.netty.server.Server$NewConnHandler	channelRead(io.netty.channel.ChannelHandlerContext,java.lang.Object)	<T>attr(io.netty.util.AttributeKey<T>)	io.netty.util.AttributeMap	SOURCE
com.netflix.zuul.netty.server.Server$NewConnHandler	channelRead(io.netty.channel.ChannelHandlerContext,java.lang.Object)	newInstance()	com.netflix.zuul.Attrs	SOURCE
com.netflix.zuul.netty.server.Server$NewConnHandler	channelRead(io.netty.channel.ChannelHandlerContext,java.lang.Object)	install(io.netty.channel.Channel,com.netflix.spectator.api.Registry,com.netflix.spectator.api.Id)	com.netflix.zuul.monitoring.ConnTimer	SOURCE
com.netflix.zuul.netty.server.Server$NewConnHandler	channelRead(io.netty.channel.ChannelHandlerContext,java.lang.Object)	createId(java.lang.String)	com.netflix.spectator.api.Registry	SOURCE
com.netflix.zuul.netty.server.Server$NewConnHandler	channelRead(io.netty.channel.ChannelHandlerContext,java.lang.Object)	record(java.lang.Long,java.lang.String)	com.netflix.zuul.monitoring.ConnTimer	SOURCE
com.netflix.zuul.netty.server.Server$NewConnHandler	channelRead(io.netty.channel.ChannelHandlerContext,java.lang.Object)	install(io.netty.channel.Channel,com.netflix.spectator.api.Registry,com.netflix.spectator.api.Id)	com.netflix.zuul.monitoring.ConnCounter	SOURCE
com.netflix.zuul.netty.server.Server$NewConnHandler	channelRead(io.netty.channel.ChannelHandlerContext,java.lang.Object)	createId(java.lang.String)	com.netflix.spectator.api.Registry	SOURCE
com.netflix.zuul.netty.server.Server$NewConnHandler	channelRead(io.netty.channel.ChannelHandlerContext,java.lang.Object)	channelRead(io.netty.channel.ChannelHandlerContext,java.lang.Object)	io.netty.channel.ChannelInboundHandlerAdapter	SOURCE
com.netflix.zuul.netty.server.Server	convertPortMap(java.util.Map<java.lang.Integer,io.netty.channel.ChannelInitializer<?>>)	LinkedHashMap(int)	java.util.LinkedHashMap	SOURCE
com.netflix.zuul.netty.server.Server	convertPortMap(java.util.Map<java.lang.Integer,io.netty.channel.ChannelInitializer<?>>)	size()	java.util.Map	SOURCE
com.netflix.zuul.netty.server.Server	convertPortMap(java.util.Map<java.lang.Integer,io.netty.channel.ChannelInitializer<?>>)	entrySet()	java.util.Map	SOURCE
com.netflix.zuul.netty.server.Server	convertPortMap(java.util.Map<java.lang.Integer,io.netty.channel.ChannelInitializer<?>>)	getKey()	java.util.Map$Entry	SOURCE
com.netflix.zuul.netty.server.Server	convertPortMap(java.util.Map<java.lang.Integer,io.netty.channel.ChannelInitializer<?>>)	put(K,V)	java.util.Map	SOURCE
com.netflix.zuul.netty.server.Server	convertPortMap(java.util.Map<java.lang.Integer,io.netty.channel.ChannelInitializer<?>>)	NamedSocketAddress(java.lang.String,java.net.SocketAddress)	com.netflix.zuul.netty.server.NamedSocketAddress	SOURCE
com.netflix.zuul.netty.server.Server	convertPortMap(java.util.Map<java.lang.Integer,io.netty.channel.ChannelInitializer<?>>)	InetSocketAddress(int)	java.net.InetSocketAddress	SOURCE
com.netflix.zuul.netty.server.Server	convertPortMap(java.util.Map<java.lang.Integer,io.netty.channel.ChannelInitializer<?>>)	getValue()	java.util.Map$Entry	SOURCE
com.netflix.zuul.netty.server.Server	convertPortMap(java.util.Map<java.lang.Integer,io.netty.channel.ChannelInitializer<?>>)	<K,V>unmodifiableMap(java.util.Map<? extends K,? extends V>)	java.util.Collections	SOURCE
com.netflix.zuul.netty.server.Server	epollIsAvailable()	isAvailable()	io.netty.channel.epoll.Epoll	SOURCE
com.netflix.zuul.netty.server.Server	epollIsAvailable()	debug(java.lang.String,java.lang.Throwable)	org.slf4j.Logger	SOURCE
com.netflix.zuul.netty.server.Server	epollIsAvailable()	warn(java.lang.String,java.lang.Throwable)	org.slf4j.Logger	SOURCE
com.netflix.zuul.netty.server.Server	epollIsAvailable()	debug(java.lang.String,java.lang.Throwable)	org.slf4j.Logger	SOURCE
com.netflix.zuul.netty.server.Server	epollIsAvailable()	unavailabilityCause()	io.netty.channel.epoll.Epoll	SOURCE
com.netflix.zuul.netty.server.Server	ioUringIsAvailable()	isAvailable()	io.netty.incubator.channel.uring.IOUring	SOURCE
com.netflix.zuul.netty.server.Server	ioUringIsAvailable()	debug(java.lang.String,java.lang.Throwable)	org.slf4j.Logger	SOURCE
com.netflix.zuul.netty.server.Server	ioUringIsAvailable()	warn(java.lang.String,java.lang.Throwable)	org.slf4j.Logger	SOURCE
com.netflix.zuul.netty.server.Server	ioUringIsAvailable()	debug(java.lang.String,java.lang.Throwable)	org.slf4j.Logger	SOURCE
com.netflix.zuul.netty.server.Server	ioUringIsAvailable()	unavailabilityCause()	io.netty.incubator.channel.uring.IOUring	SOURCE
com.netflix.zuul.netty.server.Server	kqueueIsAvailable()	isAvailable()	io.netty.channel.kqueue.KQueue	SOURCE
com.netflix.zuul.netty.server.Server	kqueueIsAvailable()	debug(java.lang.String,java.lang.Throwable)	org.slf4j.Logger	SOURCE
com.netflix.zuul.netty.server.Server	kqueueIsAvailable()	warn(java.lang.String,java.lang.Throwable)	org.slf4j.Logger	SOURCE
com.netflix.zuul.netty.server.Server	kqueueIsAvailable()	debug(java.lang.String,java.lang.Throwable)	org.slf4j.Logger	SOURCE
com.netflix.zuul.netty.server.Server	kqueueIsAvailable()	unavailabilityCause()	io.netty.channel.kqueue.KQueue	SOURCE
com.netflix.zuul.netty.server.BaseServerStartup	LOG	getLogger(java.lang.Class<?>)	org.slf4j.LoggerFactory	SOURCE
com.netflix.zuul.netty.server.BaseServerStartup	BaseServerStartup(com.netflix.netty.common.status.ServerStatusManager,com.netflix.zuul.FilterLoader,com.netflix.zuul.context.SessionContextDecorator,com.netflix.zuul.FilterUsageNotifier,com.netflix.zuul.RequestCompleteHandler,com.netflix.spectator.api.Registry,com.netflix.zuul.netty.server.DirectMemoryMonitor,com.netflix.netty.common.metrics.EventLoopGroupMetrics,com.netflix.discovery.EurekaClient,com.netflix.appinfo.ApplicationInfoManager,com.netflix.netty.common.accesslog.AccessLogPublisher)	Object()	java.lang.Object	SOURCE
com.netflix.zuul.netty.server.BaseServerStartup	init()	DefaultChannelGroup(io.netty.util.concurrent.EventExecutor)	io.netty.channel.group.DefaultChannelGroup	SOURCE
com.netflix.zuul.netty.server.BaseServerStartup	init()	ClientConnectionsShutdown(io.netty.channel.group.ChannelGroup,io.netty.util.concurrent.EventExecutor,com.netflix.discovery.EurekaClient)	com.netflix.zuul.netty.server.ClientConnectionsShutdown	SOURCE
com.netflix.zuul.netty.server.BaseServerStartup	init()	chooseAddrsAndChannels(io.netty.channel.group.ChannelGroup)	com.netflix.zuul.netty.server.BaseServerStartup	SOURCE
com.netflix.zuul.netty.server.BaseServerStartup	init()	Server(com.netflix.spectator.api.Registry,com.netflix.netty.common.status.ServerStatusManager,java.util.Map<com.netflix.zuul.netty.server.NamedSocketAddress,? extends io.netty.channel.ChannelInitializer<?>>,com.netflix.zuul.netty.server.ClientConnectionsShutdown,com.netflix.netty.common.metrics.EventLoopGroupMetrics,com.netflix.zuul.netty.server.EventLoopConfig)	com.netflix.zuul.netty.server.Server	SOURCE
com.netflix.zuul.netty.server.BaseServerStartup	init()	DefaultEventLoopConfig()	com.netflix.zuul.netty.server.DefaultEventLoopConfig	SOURCE
com.netflix.zuul.netty.server.BaseServerStartup	choosePortsAndChannels(io.netty.channel.group.ChannelGroup)	UnsupportedOperationException(java.lang.String)	java.lang.UnsupportedOperationException	SOURCE
com.netflix.zuul.netty.server.BaseServerStartup	chooseAddrsAndChannels(io.netty.channel.group.ChannelGroup)	choosePortsAndChannels(io.netty.channel.group.ChannelGroup)	com.netflix.zuul.netty.server.BaseServerStartup	SOURCE
com.netflix.zuul.netty.server.BaseServerStartup	chooseAddrsAndChannels(io.netty.channel.group.ChannelGroup)	convertPortMap(java.util.Map<java.lang.Integer,io.netty.channel.ChannelInitializer<?>>)	com.netflix.zuul.netty.server.Server	SOURCE
com.netflix.zuul.netty.server.BaseServerStartup	defaultChannelDependencies(java.lang.String)	ChannelConfig()	com.netflix.netty.common.channel.config.ChannelConfig	SOURCE
com.netflix.zuul.netty.server.BaseServerStartup	defaultChannelDependencies(java.lang.String)	addChannelDependencies(com.netflix.netty.common.channel.config.ChannelConfig,java.lang.String)	com.netflix.zuul.netty.server.BaseServerStartup	SOURCE
com.netflix.zuul.netty.server.BaseServerStartup	addChannelDependencies(com.netflix.netty.common.channel.config.ChannelConfig,java.lang.String)	<T>set(com.netflix.netty.common.channel.config.ChannelConfigKey<T>,T)	com.netflix.netty.common.channel.config.ChannelConfig	SOURCE
com.netflix.zuul.netty.server.BaseServerStartup	addChannelDependencies(com.netflix.netty.common.channel.config.ChannelConfig,java.lang.String)	<T>set(com.netflix.netty.common.channel.config.ChannelConfigKey<T>,T)	com.netflix.netty.common.channel.config.ChannelConfig	SOURCE
com.netflix.zuul.netty.server.BaseServerStartup	addChannelDependencies(com.netflix.netty.common.channel.config.ChannelConfig,java.lang.String)	<T>set(com.netflix.netty.common.channel.config.ChannelConfigKey<T>,T)	com.netflix.netty.common.channel.config.ChannelConfig	SOURCE
com.netflix.zuul.netty.server.BaseServerStartup	addChannelDependencies(com.netflix.netty.common.channel.config.ChannelConfig,java.lang.String)	<T>set(com.netflix.netty.common.channel.config.ChannelConfigKey<T>,T)	com.netflix.netty.common.channel.config.ChannelConfig	SOURCE
com.netflix.zuul.netty.server.BaseServerStartup	addChannelDependencies(com.netflix.netty.common.channel.config.ChannelConfig,java.lang.String)	<T>set(com.netflix.netty.common.channel.config.ChannelConfigKey<T>,T)	com.netflix.netty.common.channel.config.ChannelConfig	SOURCE
com.netflix.zuul.netty.server.BaseServerStartup	addChannelDependencies(com.netflix.netty.common.channel.config.ChannelConfig,java.lang.String)	<T>set(com.netflix.netty.common.channel.config.ChannelConfigKey<T>,T)	com.netflix.netty.common.channel.config.ChannelConfig	SOURCE
com.netflix.zuul.netty.server.BaseServerStartup	addChannelDependencies(com.netflix.netty.common.channel.config.ChannelConfig,java.lang.String)	counter(java.lang.String)	com.netflix.spectator.api.Registry	SOURCE
com.netflix.zuul.netty.server.BaseServerStartup	addChannelDependencies(com.netflix.netty.common.channel.config.ChannelConfig,java.lang.String)	<T>set(com.netflix.netty.common.channel.config.ChannelConfigKey<T>,T)	com.netflix.netty.common.channel.config.ChannelConfig	SOURCE
com.netflix.zuul.netty.server.BaseServerStartup	addChannelDependencies(com.netflix.netty.common.channel.config.ChannelConfig,java.lang.String)	<T>set(com.netflix.netty.common.channel.config.ChannelConfigKey<T>,T)	com.netflix.netty.common.channel.config.ChannelConfig	SOURCE
com.netflix.zuul.netty.server.BaseServerStartup	addChannelDependencies(com.netflix.netty.common.channel.config.ChannelConfig,java.lang.String)	<T>set(com.netflix.netty.common.channel.config.ChannelConfigKey<T>,T)	com.netflix.netty.common.channel.config.ChannelConfig	SOURCE
com.netflix.zuul.netty.server.BaseServerStartup	addChannelDependencies(com.netflix.netty.common.channel.config.ChannelConfig,java.lang.String)	<T>set(com.netflix.netty.common.channel.config.ChannelConfigKey<T>,T)	com.netflix.netty.common.channel.config.ChannelConfig	SOURCE
com.netflix.zuul.netty.server.BaseServerStartup	addChannelDependencies(com.netflix.netty.common.channel.config.ChannelConfig,java.lang.String)	<T>set(com.netflix.netty.common.channel.config.ChannelConfigKey<T>,T)	com.netflix.netty.common.channel.config.ChannelConfig	SOURCE
com.netflix.zuul.netty.server.BaseServerStartup	addChannelDependencies(com.netflix.netty.common.channel.config.ChannelConfig,java.lang.String)	NullChannelHandlerProvider()	com.netflix.zuul.netty.ratelimiting.NullChannelHandlerProvider	SOURCE
com.netflix.zuul.netty.server.BaseServerStartup	addChannelDependencies(com.netflix.netty.common.channel.config.ChannelConfig,java.lang.String)	<T>set(com.netflix.netty.common.channel.config.ChannelConfigKey<T>,T)	com.netflix.netty.common.channel.config.ChannelConfig	SOURCE
com.netflix.zuul.netty.server.BaseServerStartup	addChannelDependencies(com.netflix.netty.common.channel.config.ChannelConfig,java.lang.String)	NullChannelHandlerProvider()	com.netflix.zuul.netty.ratelimiting.NullChannelHandlerProvider	SOURCE
com.netflix.zuul.netty.server.BaseServerStartup	chooseIntChannelProperty(java.lang.String,java.lang.String,int)	get()	com.netflix.config.DynamicIntProperty	SOURCE
com.netflix.zuul.netty.server.BaseServerStartup	chooseIntChannelProperty(java.lang.String,java.lang.String,int)	DynamicIntProperty(java.lang.String,int)	com.netflix.config.DynamicIntProperty	SOURCE
com.netflix.zuul.netty.server.BaseServerStartup	chooseIntChannelProperty(java.lang.String,java.lang.String,int)	get()	com.netflix.config.DynamicIntProperty	SOURCE
com.netflix.zuul.netty.server.BaseServerStartup	chooseIntChannelProperty(java.lang.String,java.lang.String,int)	DynamicIntProperty(java.lang.String,int)	com.netflix.config.DynamicIntProperty	SOURCE
com.netflix.zuul.netty.server.BaseServerStartup	chooseBooleanChannelProperty(java.lang.String,java.lang.String,boolean)	get()	com.netflix.config.ChainedDynamicProperty$DynamicBooleanPropertyThatSupportsNull	SOURCE
com.netflix.zuul.netty.server.BaseServerStartup	chooseBooleanChannelProperty(java.lang.String,java.lang.String,boolean)	DynamicBooleanPropertyThatSupportsNull(java.lang.String,java.lang.Boolean)	com.netflix.config.ChainedDynamicProperty$DynamicBooleanPropertyThatSupportsNull	SOURCE
com.netflix.zuul.netty.server.BaseServerStartup	chooseBooleanChannelProperty(java.lang.String,java.lang.String,boolean)	getBoolean()	com.netflix.config.DynamicProperty	SOURCE
com.netflix.zuul.netty.server.BaseServerStartup	chooseBooleanChannelProperty(java.lang.String,java.lang.String,boolean)	getDynamicProperty()	com.netflix.config.PropertyWrapper	SOURCE
com.netflix.zuul.netty.server.BaseServerStartup	chooseBooleanChannelProperty(java.lang.String,java.lang.String,boolean)	DynamicBooleanProperty(java.lang.String,boolean)	com.netflix.config.DynamicBooleanProperty	SOURCE
com.netflix.zuul.netty.server.BaseServerStartup	defaultChannelConfig(java.lang.String)	ChannelConfig()	com.netflix.netty.common.channel.config.ChannelConfig	SOURCE
com.netflix.zuul.netty.server.BaseServerStartup	defaultChannelConfig(java.lang.String)	add(com.netflix.netty.common.channel.config.ChannelConfigValue)	com.netflix.netty.common.channel.config.ChannelConfig	SOURCE
com.netflix.zuul.netty.server.BaseServerStartup	defaultChannelConfig(java.lang.String)	ChannelConfigValue(com.netflix.netty.common.channel.config.ChannelConfigKey<T>,T)	com.netflix.netty.common.channel.config.ChannelConfigValue	SOURCE
com.netflix.zuul.netty.server.BaseServerStartup	defaultChannelConfig(java.lang.String)	chooseIntChannelProperty(java.lang.String,java.lang.String,int)	com.netflix.zuul.netty.server.BaseServerStartup	SOURCE
com.netflix.zuul.netty.server.BaseServerStartup	defaultChannelConfig(java.lang.String)	defaultValue()	com.netflix.netty.common.channel.config.ChannelConfigKey	SOURCE
com.netflix.zuul.netty.server.BaseServerStartup	defaultChannelConfig(java.lang.String)	add(com.netflix.netty.common.channel.config.ChannelConfigValue)	com.netflix.netty.common.channel.config.ChannelConfig	SOURCE
com.netflix.zuul.netty.server.BaseServerStartup	defaultChannelConfig(java.lang.String)	ChannelConfigValue(com.netflix.netty.common.channel.config.ChannelConfigKey<T>,T)	com.netflix.netty.common.channel.config.ChannelConfigValue	SOURCE
com.netflix.zuul.netty.server.BaseServerStartup	defaultChannelConfig(java.lang.String)	chooseIntChannelProperty(java.lang.String,java.lang.String,int)	com.netflix.zuul.netty.server.BaseServerStartup	SOURCE
com.netflix.zuul.netty.server.BaseServerStartup	defaultChannelConfig(java.lang.String)	add(com.netflix.netty.common.channel.config.ChannelConfigValue)	com.netflix.netty.common.channel.config.ChannelConfig	SOURCE
com.netflix.zuul.netty.server.BaseServerStartup	defaultChannelConfig(java.lang.String)	ChannelConfigValue(com.netflix.netty.common.channel.config.ChannelConfigKey<T>,T)	com.netflix.netty.common.channel.config.ChannelConfigValue	SOURCE
com.netflix.zuul.netty.server.BaseServerStartup	defaultChannelConfig(java.lang.String)	chooseIntChannelProperty(java.lang.String,java.lang.String,int)	com.netflix.zuul.netty.server.BaseServerStartup	SOURCE
com.netflix.zuul.netty.server.BaseServerStartup	defaultChannelConfig(java.lang.String)	defaultValue()	com.netflix.netty.common.channel.config.ChannelConfigKey	SOURCE
com.netflix.zuul.netty.server.BaseServerStartup	defaultChannelConfig(java.lang.String)	add(com.netflix.netty.common.channel.config.ChannelConfigValue)	com.netflix.netty.common.channel.config.ChannelConfig	SOURCE
com.netflix.zuul.netty.server.BaseServerStartup	defaultChannelConfig(java.lang.String)	ChannelConfigValue(com.netflix.netty.common.channel.config.ChannelConfigKey<T>,T)	com.netflix.netty.common.channel.config.ChannelConfigValue	SOURCE
com.netflix.zuul.netty.server.BaseServerStartup	defaultChannelConfig(java.lang.String)	chooseIntChannelProperty(java.lang.String,java.lang.String,int)	com.netflix.zuul.netty.server.BaseServerStartup	SOURCE
com.netflix.zuul.netty.server.BaseServerStartup	defaultChannelConfig(java.lang.String)	defaultValue()	com.netflix.netty.common.channel.config.ChannelConfigKey	SOURCE
com.netflix.zuul.netty.server.BaseServerStartup	defaultChannelConfig(java.lang.String)	add(com.netflix.netty.common.channel.config.ChannelConfigValue)	com.netflix.netty.common.channel.config.ChannelConfig	SOURCE
com.netflix.zuul.netty.server.BaseServerStartup	defaultChannelConfig(java.lang.String)	ChannelConfigValue(com.netflix.netty.common.channel.config.ChannelConfigKey<T>,T)	com.netflix.netty.common.channel.config.ChannelConfigValue	SOURCE
com.netflix.zuul.netty.server.BaseServerStartup	defaultChannelConfig(java.lang.String)	chooseIntChannelProperty(java.lang.String,java.lang.String,int)	com.netflix.zuul.netty.server.BaseServerStartup	SOURCE
com.netflix.zuul.netty.server.BaseServerStartup	defaultChannelConfig(java.lang.String)	defaultValue()	com.netflix.netty.common.channel.config.ChannelConfigKey	SOURCE
com.netflix.zuul.netty.server.BaseServerStartup	defaultChannelConfig(java.lang.String)	chooseIntChannelProperty(java.lang.String,java.lang.String,int)	com.netflix.zuul.netty.server.BaseServerStartup	SOURCE
com.netflix.zuul.netty.server.BaseServerStartup	defaultChannelConfig(java.lang.String)	defaultValue()	com.netflix.netty.common.channel.config.ChannelConfigKey	SOURCE
com.netflix.zuul.netty.server.BaseServerStartup	defaultChannelConfig(java.lang.String)	add(com.netflix.netty.common.channel.config.ChannelConfigValue)	com.netflix.netty.common.channel.config.ChannelConfig	SOURCE
com.netflix.zuul.netty.server.BaseServerStartup	defaultChannelConfig(java.lang.String)	ChannelConfigValue(com.netflix.netty.common.channel.config.ChannelConfigKey<T>,T)	com.netflix.netty.common.channel.config.ChannelConfigValue	SOURCE
com.netflix.zuul.netty.server.BaseServerStartup	defaultChannelConfig(java.lang.String)	add(com.netflix.netty.common.channel.config.ChannelConfigValue)	com.netflix.netty.common.channel.config.ChannelConfig	SOURCE
com.netflix.zuul.netty.server.BaseServerStartup	defaultChannelConfig(java.lang.String)	ChannelConfigValue(com.netflix.netty.common.channel.config.ChannelConfigKey<T>,T)	com.netflix.netty.common.channel.config.ChannelConfigValue	SOURCE
com.netflix.zuul.netty.server.BaseServerStartup	defaultChannelConfig(java.lang.String)	ServerTimeout(int)	com.netflix.zuul.netty.server.ServerTimeout	SOURCE
com.netflix.zuul.netty.server.BaseServerStartup	defaultChannelConfig(java.lang.String)	add(com.netflix.netty.common.channel.config.ChannelConfigValue)	com.netflix.netty.common.channel.config.ChannelConfig	SOURCE
com.netflix.zuul.netty.server.BaseServerStartup	defaultChannelConfig(java.lang.String)	ChannelConfigValue(com.netflix.netty.common.channel.config.ChannelConfigKey<T>,T)	com.netflix.netty.common.channel.config.ChannelConfigValue	SOURCE
com.netflix.zuul.netty.server.BaseServerStartup	defaultChannelConfig(java.lang.String)	<T>set(com.netflix.netty.common.channel.config.ChannelConfigKey<T>,T)	com.netflix.netty.common.channel.config.ChannelConfig	SOURCE
com.netflix.zuul.netty.server.BaseServerStartup	defaultChannelConfig(java.lang.String)	<T>set(com.netflix.netty.common.channel.config.ChannelConfigKey<T>,T)	com.netflix.netty.common.channel.config.ChannelConfig	SOURCE
com.netflix.zuul.netty.server.BaseServerStartup	defaultChannelConfig(java.lang.String)	add(com.netflix.netty.common.channel.config.ChannelConfigValue)	com.netflix.netty.common.channel.config.ChannelConfig	SOURCE
com.netflix.zuul.netty.server.BaseServerStartup	defaultChannelConfig(java.lang.String)	ChannelConfigValue(com.netflix.netty.common.channel.config.ChannelConfigKey<T>,T)	com.netflix.netty.common.channel.config.ChannelConfigValue	SOURCE
com.netflix.zuul.netty.server.BaseServerStartup	defaultChannelConfig(java.lang.String)	chooseIntChannelProperty(java.lang.String,java.lang.String,int)	com.netflix.zuul.netty.server.BaseServerStartup	SOURCE
com.netflix.zuul.netty.server.BaseServerStartup	defaultChannelConfig(java.lang.String)	defaultValue()	com.netflix.netty.common.channel.config.ChannelConfigKey	SOURCE
com.netflix.zuul.netty.server.BaseServerStartup	addHttp2DefaultConfig(com.netflix.netty.common.channel.config.ChannelConfig,java.lang.String)	add(com.netflix.netty.common.channel.config.ChannelConfigValue)	com.netflix.netty.common.channel.config.ChannelConfig	SOURCE
com.netflix.zuul.netty.server.BaseServerStartup	addHttp2DefaultConfig(com.netflix.netty.common.channel.config.ChannelConfig,java.lang.String)	ChannelConfigValue(com.netflix.netty.common.channel.config.ChannelConfigKey<T>,T)	com.netflix.netty.common.channel.config.ChannelConfigValue	SOURCE
com.netflix.zuul.netty.server.BaseServerStartup	addHttp2DefaultConfig(com.netflix.netty.common.channel.config.ChannelConfig,java.lang.String)	chooseIntChannelProperty(java.lang.String,java.lang.String,int)	com.netflix.zuul.netty.server.BaseServerStartup	SOURCE
com.netflix.zuul.netty.server.BaseServerStartup	addHttp2DefaultConfig(com.netflix.netty.common.channel.config.ChannelConfig,java.lang.String)	defaultValue()	com.netflix.netty.common.channel.config.ChannelConfigKey	SOURCE
com.netflix.zuul.netty.server.BaseServerStartup	addHttp2DefaultConfig(com.netflix.netty.common.channel.config.ChannelConfig,java.lang.String)	add(com.netflix.netty.common.channel.config.ChannelConfigValue)	com.netflix.netty.common.channel.config.ChannelConfig	SOURCE
com.netflix.zuul.netty.server.BaseServerStartup	addHttp2DefaultConfig(com.netflix.netty.common.channel.config.ChannelConfig,java.lang.String)	ChannelConfigValue(com.netflix.netty.common.channel.config.ChannelConfigKey<T>,T)	com.netflix.netty.common.channel.config.ChannelConfigValue	SOURCE
com.netflix.zuul.netty.server.BaseServerStartup	addHttp2DefaultConfig(com.netflix.netty.common.channel.config.ChannelConfig,java.lang.String)	chooseIntChannelProperty(java.lang.String,java.lang.String,int)	com.netflix.zuul.netty.server.BaseServerStartup	SOURCE
com.netflix.zuul.netty.server.BaseServerStartup	addHttp2DefaultConfig(com.netflix.netty.common.channel.config.ChannelConfig,java.lang.String)	defaultValue()	com.netflix.netty.common.channel.config.ChannelConfigKey	SOURCE
com.netflix.zuul.netty.server.BaseServerStartup	addHttp2DefaultConfig(com.netflix.netty.common.channel.config.ChannelConfig,java.lang.String)	add(com.netflix.netty.common.channel.config.ChannelConfigValue)	com.netflix.netty.common.channel.config.ChannelConfig	SOURCE
com.netflix.zuul.netty.server.BaseServerStartup	addHttp2DefaultConfig(com.netflix.netty.common.channel.config.ChannelConfig,java.lang.String)	ChannelConfigValue(com.netflix.netty.common.channel.config.ChannelConfigKey<T>,T)	com.netflix.netty.common.channel.config.ChannelConfigValue	SOURCE
com.netflix.zuul.netty.server.BaseServerStartup	addHttp2DefaultConfig(com.netflix.netty.common.channel.config.ChannelConfig,java.lang.String)	chooseIntChannelProperty(java.lang.String,java.lang.String,int)	com.netflix.zuul.netty.server.BaseServerStartup	SOURCE
com.netflix.zuul.netty.server.BaseServerStartup	addHttp2DefaultConfig(com.netflix.netty.common.channel.config.ChannelConfig,java.lang.String)	add(com.netflix.netty.common.channel.config.ChannelConfigValue)	com.netflix.netty.common.channel.config.ChannelConfig	SOURCE
com.netflix.zuul.netty.server.BaseServerStartup	addHttp2DefaultConfig(com.netflix.netty.common.channel.config.ChannelConfig,java.lang.String)	ChannelConfigValue(com.netflix.netty.common.channel.config.ChannelConfigKey<T>,T)	com.netflix.netty.common.channel.config.ChannelConfigValue	SOURCE
com.netflix.zuul.netty.server.BaseServerStartup	addHttp2DefaultConfig(com.netflix.netty.common.channel.config.ChannelConfig,java.lang.String)	chooseIntChannelProperty(java.lang.String,java.lang.String,int)	com.netflix.zuul.netty.server.BaseServerStartup	SOURCE
com.netflix.zuul.netty.server.BaseServerStartup	addHttp2DefaultConfig(com.netflix.netty.common.channel.config.ChannelConfig,java.lang.String)	add(com.netflix.netty.common.channel.config.ChannelConfigValue)	com.netflix.netty.common.channel.config.ChannelConfig	SOURCE
com.netflix.zuul.netty.server.BaseServerStartup	addHttp2DefaultConfig(com.netflix.netty.common.channel.config.ChannelConfig,java.lang.String)	ChannelConfigValue(com.netflix.netty.common.channel.config.ChannelConfigKey<T>,T)	com.netflix.netty.common.channel.config.ChannelConfigValue	SOURCE
com.netflix.zuul.netty.server.BaseServerStartup	addHttp2DefaultConfig(com.netflix.netty.common.channel.config.ChannelConfig,java.lang.String)	chooseIntChannelProperty(java.lang.String,java.lang.String,int)	com.netflix.zuul.netty.server.BaseServerStartup	SOURCE
com.netflix.zuul.netty.server.BaseServerStartup	addHttp2DefaultConfig(com.netflix.netty.common.channel.config.ChannelConfig,java.lang.String)	add(com.netflix.netty.common.channel.config.ChannelConfigValue)	com.netflix.netty.common.channel.config.ChannelConfig	SOURCE
com.netflix.zuul.netty.server.BaseServerStartup	addHttp2DefaultConfig(com.netflix.netty.common.channel.config.ChannelConfig,java.lang.String)	ChannelConfigValue(com.netflix.netty.common.channel.config.ChannelConfigKey<T>,T)	com.netflix.netty.common.channel.config.ChannelConfigValue	SOURCE
com.netflix.zuul.netty.server.BaseServerStartup	addHttp2DefaultConfig(com.netflix.netty.common.channel.config.ChannelConfig,java.lang.String)	chooseBooleanChannelProperty(java.lang.String,java.lang.String,boolean)	com.netflix.zuul.netty.server.BaseServerStartup	SOURCE
com.netflix.zuul.netty.server.BaseServerStartup	addHttp2DefaultConfig(com.netflix.netty.common.channel.config.ChannelConfig,java.lang.String)	add(com.netflix.netty.common.channel.config.ChannelConfigValue)	com.netflix.netty.common.channel.config.ChannelConfig	SOURCE
com.netflix.zuul.netty.server.BaseServerStartup	addHttp2DefaultConfig(com.netflix.netty.common.channel.config.ChannelConfig,java.lang.String)	ChannelConfigValue(com.netflix.netty.common.channel.config.ChannelConfigKey<T>,T)	com.netflix.netty.common.channel.config.ChannelConfigValue	SOURCE
com.netflix.zuul.netty.server.BaseServerStartup	addHttp2DefaultConfig(com.netflix.netty.common.channel.config.ChannelConfig,java.lang.String)	chooseBooleanChannelProperty(java.lang.String,java.lang.String,boolean)	com.netflix.zuul.netty.server.BaseServerStartup	SOURCE
com.netflix.zuul.netty.server.BaseServerStartup	logPortConfigured(int)	logAddrConfigured(java.net.SocketAddress)	com.netflix.zuul.netty.server.BaseServerStartup	SOURCE
com.netflix.zuul.netty.server.BaseServerStartup	logPortConfigured(int)	InetSocketAddress(int)	java.net.InetSocketAddress	SOURCE
com.netflix.zuul.netty.server.BaseServerStartup	logPortConfigured(int,com.netflix.netty.common.ssl.ServerSslConfig)	logAddrConfigured(java.net.SocketAddress,com.netflix.netty.common.ssl.ServerSslConfig)	com.netflix.zuul.netty.server.BaseServerStartup	SOURCE
com.netflix.zuul.netty.server.BaseServerStartup	logPortConfigured(int,com.netflix.netty.common.ssl.ServerSslConfig)	InetSocketAddress(int)	java.net.InetSocketAddress	SOURCE
com.netflix.zuul.netty.server.BaseServerStartup	logPortConfigured(int,io.netty.util.AsyncMapping<java.lang.String,io.netty.handler.ssl.SslContext>)	logAddrConfigured(java.net.SocketAddress,io.netty.util.AsyncMapping<java.lang.String,io.netty.handler.ssl.SslContext>)	com.netflix.zuul.netty.server.BaseServerStartup	SOURCE
com.netflix.zuul.netty.server.BaseServerStartup	logPortConfigured(int,io.netty.util.AsyncMapping<java.lang.String,io.netty.handler.ssl.SslContext>)	InetSocketAddress(int)	java.net.InetSocketAddress	SOURCE
com.netflix.zuul.netty.server.BaseServerStartup	logAddrConfigured(java.net.SocketAddress)	info(java.lang.String,java.lang.Object)	org.slf4j.Logger	SOURCE
com.netflix.zuul.netty.server.BaseServerStartup	logAddrConfigured(java.net.SocketAddress,com.netflix.netty.common.ssl.ServerSslConfig)	info(java.lang.String)	org.slf4j.Logger	SOURCE
com.netflix.zuul.netty.server.BaseServerStartup	logAddrConfigured(java.net.SocketAddress,io.netty.util.AsyncMapping<java.lang.String,io.netty.handler.ssl.SslContext>)	info(java.lang.String)	org.slf4j.Logger	SOURCE
com.netflix.zuul.netty.server.BaseServerStartup	logSecureAddrConfigured(java.net.SocketAddress,java.lang.Object)	info(java.lang.String,java.lang.Object,java.lang.Object)	org.slf4j.Logger	SOURCE
com.netflix.zuul.netty.connectionpool.BasicRequestStat	BasicRequestStat()	Object()	java.lang.Object	SOURCE
com.netflix.zuul.netty.connectionpool.BasicRequestStat	BasicRequestStat()	createStarted()	com.google.common.base.Stopwatch	SOURCE
com.netflix.zuul.netty.connectionpool.BasicRequestStat	duration()	elapsed(java.util.concurrent.TimeUnit)	com.google.common.base.Stopwatch	SOURCE
com.netflix.zuul.netty.connectionpool.BasicRequestStat	serviceUnavailable()	failAndSetErrorCode(com.netflix.zuul.exception.ErrorType)	com.netflix.zuul.netty.connectionpool.BasicRequestStat	SOURCE
com.netflix.zuul.netty.connectionpool.BasicRequestStat	generalError()	failAndSetErrorCode(com.netflix.zuul.exception.ErrorType)	com.netflix.zuul.netty.connectionpool.BasicRequestStat	SOURCE
com.netflix.zuul.netty.connectionpool.BasicRequestStat	finishIfNotAlready()	stop()	com.google.common.base.Stopwatch	SOURCE
com.netflix.zuul.netty.connectionpool.BasicRequestStat	finishIfNotAlready()	publishMetrics()	com.netflix.zuul.netty.connectionpool.BasicRequestStat	SOURCE
com.netflix.zuul.netty.connectionpool.PerServerConnectionPool	LOG	getLogger(java.lang.Class<?>)	org.slf4j.LoggerFactory	SOURCE
com.netflix.zuul.netty.connectionpool.PerServerConnectionPool	connectionsPerEventLoop	ConcurrentHashMap()	java.util.concurrent.ConcurrentHashMap	SOURCE
com.netflix.zuul.netty.connectionpool.PerServerConnectionPool	PerServerConnectionPool(com.netflix.zuul.discovery.DiscoveryResult,java.net.SocketAddress,com.netflix.zuul.netty.connectionpool.NettyClientConnectionFactory,com.netflix.zuul.netty.connectionpool.PooledConnectionFactory,com.netflix.zuul.netty.connectionpool.ConnectionPoolConfig,com.netflix.client.config.IClientConfig,com.netflix.spectator.api.Counter,com.netflix.spectator.api.Counter,com.netflix.spectator.api.Counter,com.netflix.spectator.api.Counter,com.netflix.spectator.api.Counter,com.netflix.spectator.api.Counter,com.netflix.spectator.api.Counter,com.netflix.spectator.api.Counter,com.netflix.spectator.api.Timer,java.util.concurrent.atomic.AtomicInteger,java.util.concurrent.atomic.AtomicInteger)	Object()	java.lang.Object	SOURCE
com.netflix.zuul.netty.connectionpool.PerServerConnectionPool	PerServerConnectionPool(com.netflix.zuul.discovery.DiscoveryResult,java.net.SocketAddress,com.netflix.zuul.netty.connectionpool.NettyClientConnectionFactory,com.netflix.zuul.netty.connectionpool.PooledConnectionFactory,com.netflix.zuul.netty.connectionpool.ConnectionPoolConfig,com.netflix.client.config.IClientConfig,com.netflix.spectator.api.Counter,com.netflix.spectator.api.Counter,com.netflix.spectator.api.Counter,com.netflix.spectator.api.Counter,com.netflix.spectator.api.Counter,com.netflix.spectator.api.Counter,com.netflix.spectator.api.Counter,com.netflix.spectator.api.Counter,com.netflix.spectator.api.Timer,java.util.concurrent.atomic.AtomicInteger,java.util.concurrent.atomic.AtomicInteger)	<T>requireNonNull(T,java.lang.String)	java.util.Objects	SOURCE
com.netflix.zuul.netty.connectionpool.PerServerConnectionPool	PerServerConnectionPool(com.netflix.zuul.discovery.DiscoveryResult,java.net.SocketAddress,com.netflix.zuul.netty.connectionpool.NettyClientConnectionFactory,com.netflix.zuul.netty.connectionpool.PooledConnectionFactory,com.netflix.zuul.netty.connectionpool.ConnectionPoolConfig,com.netflix.client.config.IClientConfig,com.netflix.spectator.api.Counter,com.netflix.spectator.api.Counter,com.netflix.spectator.api.Counter,com.netflix.spectator.api.Counter,com.netflix.spectator.api.Counter,com.netflix.spectator.api.Counter,com.netflix.spectator.api.Counter,com.netflix.spectator.api.Counter,com.netflix.spectator.api.Timer,java.util.concurrent.atomic.AtomicInteger,java.util.concurrent.atomic.AtomicInteger)	AtomicInteger(int)	java.util.concurrent.atomic.AtomicInteger	SOURCE
com.netflix.zuul.netty.connectionpool.PerServerConnectionPool	onAcquire(com.netflix.zuul.netty.connectionpool.PooledConnection,com.netflix.zuul.passport.CurrentPassport)	setOnChannel(io.netty.channel.Channel)	com.netflix.zuul.passport.CurrentPassport	SOURCE
com.netflix.zuul.netty.connectionpool.PerServerConnectionPool	onAcquire(com.netflix.zuul.netty.connectionpool.PooledConnection,com.netflix.zuul.passport.CurrentPassport)	getChannel()	com.netflix.zuul.netty.connectionpool.PooledConnection	SOURCE
com.netflix.zuul.netty.connectionpool.PerServerConnectionPool	onAcquire(com.netflix.zuul.netty.connectionpool.PooledConnection,com.netflix.zuul.passport.CurrentPassport)	removeIdleStateHandler(com.netflix.zuul.netty.connectionpool.PooledConnection)	com.netflix.zuul.netty.connectionpool.PerServerConnectionPool	SOURCE
com.netflix.zuul.netty.connectionpool.PerServerConnectionPool	onAcquire(com.netflix.zuul.netty.connectionpool.PooledConnection,com.netflix.zuul.passport.CurrentPassport)	setInUse()	com.netflix.zuul.netty.connectionpool.PooledConnection	SOURCE
com.netflix.zuul.netty.connectionpool.PerServerConnectionPool	onAcquire(com.netflix.zuul.netty.connectionpool.PooledConnection,com.netflix.zuul.passport.CurrentPassport)	isDebugEnabled()	org.slf4j.Logger	SOURCE
com.netflix.zuul.netty.connectionpool.PerServerConnectionPool	onAcquire(com.netflix.zuul.netty.connectionpool.PooledConnection,com.netflix.zuul.passport.CurrentPassport)	debug(java.lang.String,java.lang.Object)	org.slf4j.Logger	SOURCE
com.netflix.zuul.netty.connectionpool.PerServerConnectionPool	onAcquire(com.netflix.zuul.netty.connectionpool.PooledConnection,com.netflix.zuul.passport.CurrentPassport)	toString()	com.netflix.zuul.netty.connectionpool.PooledConnection	SOURCE
com.netflix.zuul.netty.connectionpool.PerServerConnectionPool	removeIdleStateHandler(com.netflix.zuul.netty.connectionpool.PooledConnection)	removeHandlerFromPipeline(java.lang.String,io.netty.channel.ChannelPipeline)	com.netflix.zuul.netty.connectionpool.DefaultClientChannelManager	SOURCE
com.netflix.zuul.netty.connectionpool.PerServerConnectionPool	removeIdleStateHandler(com.netflix.zuul.netty.connectionpool.PooledConnection)	pipeline()	io.netty.channel.Channel	SOURCE
com.netflix.zuul.netty.connectionpool.PerServerConnectionPool	removeIdleStateHandler(com.netflix.zuul.netty.connectionpool.PooledConnection)	getChannel()	com.netflix.zuul.netty.connectionpool.PooledConnection	SOURCE
com.netflix.zuul.netty.connectionpool.PerServerConnectionPool	acquire(io.netty.channel.EventLoop,com.netflix.zuul.passport.CurrentPassport,java.util.concurrent.atomic.AtomicReference<? super java.net.InetAddress>)	increment()	com.netflix.spectator.api.Counter	SOURCE
com.netflix.zuul.netty.connectionpool.PerServerConnectionPool	acquire(io.netty.channel.EventLoop,com.netflix.zuul.passport.CurrentPassport,java.util.concurrent.atomic.AtomicReference<? super java.net.InetAddress>)	incrementActiveRequestsCount()	com.netflix.zuul.discovery.DiscoveryResult	SOURCE
com.netflix.zuul.netty.connectionpool.PerServerConnectionPool	acquire(io.netty.channel.EventLoop,com.netflix.zuul.passport.CurrentPassport,java.util.concurrent.atomic.AtomicReference<? super java.net.InetAddress>)	<V>newPromise()	io.netty.util.concurrent.EventExecutor	SOURCE
com.netflix.zuul.netty.connectionpool.PerServerConnectionPool	acquire(io.netty.channel.EventLoop,com.netflix.zuul.passport.CurrentPassport,java.util.concurrent.atomic.AtomicReference<? super java.net.InetAddress>)	tryGettingFromConnectionPool(io.netty.channel.EventLoop)	com.netflix.zuul.netty.connectionpool.PerServerConnectionPool	SOURCE
com.netflix.zuul.netty.connectionpool.PerServerConnectionPool	acquire(io.netty.channel.EventLoop,com.netflix.zuul.passport.CurrentPassport,java.util.concurrent.atomic.AtomicReference<? super java.net.InetAddress>)	startRequestTimer()	com.netflix.zuul.netty.connectionpool.PooledConnection	SOURCE
com.netflix.zuul.netty.connectionpool.PerServerConnectionPool	acquire(io.netty.channel.EventLoop,com.netflix.zuul.passport.CurrentPassport,java.util.concurrent.atomic.AtomicReference<? super java.net.InetAddress>)	incrementUsageCount()	com.netflix.zuul.netty.connectionpool.PooledConnection	SOURCE
com.netflix.zuul.netty.connectionpool.PerServerConnectionPool	acquire(io.netty.channel.EventLoop,com.netflix.zuul.passport.CurrentPassport,java.util.concurrent.atomic.AtomicReference<? super java.net.InetAddress>)	read()	io.netty.channel.Channel	SOURCE
com.netflix.zuul.netty.connectionpool.PerServerConnectionPool	acquire(io.netty.channel.EventLoop,com.netflix.zuul.passport.CurrentPassport,java.util.concurrent.atomic.AtomicReference<? super java.net.InetAddress>)	getChannel()	com.netflix.zuul.netty.connectionpool.PooledConnection	SOURCE
com.netflix.zuul.netty.connectionpool.PerServerConnectionPool	acquire(io.netty.channel.EventLoop,com.netflix.zuul.passport.CurrentPassport,java.util.concurrent.atomic.AtomicReference<? super java.net.InetAddress>)	onAcquire(com.netflix.zuul.netty.connectionpool.PooledConnection,com.netflix.zuul.passport.CurrentPassport)	com.netflix.zuul.netty.connectionpool.PerServerConnectionPool	SOURCE
com.netflix.zuul.netty.connectionpool.PerServerConnectionPool	acquire(io.netty.channel.EventLoop,com.netflix.zuul.passport.CurrentPassport,java.util.concurrent.atomic.AtomicReference<? super java.net.InetAddress>)	initPooledConnection(com.netflix.zuul.netty.connectionpool.PooledConnection,io.netty.util.concurrent.Promise<com.netflix.zuul.netty.connectionpool.PooledConnection>)	com.netflix.zuul.netty.connectionpool.PerServerConnectionPool	SOURCE
com.netflix.zuul.netty.connectionpool.PerServerConnectionPool	acquire(io.netty.channel.EventLoop,com.netflix.zuul.passport.CurrentPassport,java.util.concurrent.atomic.AtomicReference<? super java.net.InetAddress>)	set(V)	java.util.concurrent.atomic.AtomicReference	SOURCE
com.netflix.zuul.netty.connectionpool.PerServerConnectionPool	acquire(io.netty.channel.EventLoop,com.netflix.zuul.passport.CurrentPassport,java.util.concurrent.atomic.AtomicReference<? super java.net.InetAddress>)	getSelectedHostString(java.net.SocketAddress)	com.netflix.zuul.netty.connectionpool.PerServerConnectionPool	SOURCE
com.netflix.zuul.netty.connectionpool.PerServerConnectionPool	acquire(io.netty.channel.EventLoop,com.netflix.zuul.passport.CurrentPassport,java.util.concurrent.atomic.AtomicReference<? super java.net.InetAddress>)	tryMakingNewConnection(io.netty.channel.EventLoop,io.netty.util.concurrent.Promise<com.netflix.zuul.netty.connectionpool.PooledConnection>,com.netflix.zuul.passport.CurrentPassport,java.util.concurrent.atomic.AtomicReference<? super java.net.InetAddress>)	com.netflix.zuul.netty.connectionpool.PerServerConnectionPool	SOURCE
com.netflix.zuul.netty.connectionpool.PerServerConnectionPool	tryGettingFromConnectionPool(io.netty.channel.EventLoop)	getPoolForEventLoop(io.netty.channel.EventLoop)	com.netflix.zuul.netty.connectionpool.PerServerConnectionPool	SOURCE
com.netflix.zuul.netty.connectionpool.PerServerConnectionPool	tryGettingFromConnectionPool(io.netty.channel.EventLoop)	poll()	java.util.Deque	SOURCE
com.netflix.zuul.netty.connectionpool.PerServerConnectionPool	tryGettingFromConnectionPool(io.netty.channel.EventLoop)	setInPool(boolean)	com.netflix.zuul.netty.connectionpool.PooledConnection	SOURCE
com.netflix.zuul.netty.connectionpool.PerServerConnectionPool	tryGettingFromConnectionPool(io.netty.channel.EventLoop)	isValidFromPool(com.netflix.zuul.netty.connectionpool.PooledConnection)	com.netflix.zuul.netty.connectionpool.PerServerConnectionPool	SOURCE
com.netflix.zuul.netty.connectionpool.PerServerConnectionPool	tryGettingFromConnectionPool(io.netty.channel.EventLoop)	increment()	com.netflix.spectator.api.Counter	SOURCE
com.netflix.zuul.netty.connectionpool.PerServerConnectionPool	tryGettingFromConnectionPool(io.netty.channel.EventLoop)	incrementAndGet()	java.util.concurrent.atomic.AtomicInteger	SOURCE
com.netflix.zuul.netty.connectionpool.PerServerConnectionPool	tryGettingFromConnectionPool(io.netty.channel.EventLoop)	decrementAndGet()	java.util.concurrent.atomic.AtomicInteger	SOURCE
com.netflix.zuul.netty.connectionpool.PerServerConnectionPool	tryGettingFromConnectionPool(io.netty.channel.EventLoop)	increment()	com.netflix.spectator.api.Counter	SOURCE
com.netflix.zuul.netty.connectionpool.PerServerConnectionPool	tryGettingFromConnectionPool(io.netty.channel.EventLoop)	decrementAndGet()	java.util.concurrent.atomic.AtomicInteger	SOURCE
com.netflix.zuul.netty.connectionpool.PerServerConnectionPool	tryGettingFromConnectionPool(io.netty.channel.EventLoop)	close()	com.netflix.zuul.netty.connectionpool.PooledConnection	SOURCE
com.netflix.zuul.netty.connectionpool.PerServerConnectionPool	isValidFromPool(com.netflix.zuul.netty.connectionpool.PooledConnection)	isActive()	com.netflix.zuul.netty.connectionpool.PooledConnection	SOURCE
com.netflix.zuul.netty.connectionpool.PerServerConnectionPool	isValidFromPool(com.netflix.zuul.netty.connectionpool.PooledConnection)	isOpen()	io.netty.channel.Channel	SOURCE
com.netflix.zuul.netty.connectionpool.PerServerConnectionPool	isValidFromPool(com.netflix.zuul.netty.connectionpool.PooledConnection)	getChannel()	com.netflix.zuul.netty.connectionpool.PooledConnection	SOURCE
com.netflix.zuul.netty.connectionpool.PerServerConnectionPool	initPooledConnection(com.netflix.zuul.netty.connectionpool.PooledConnection,io.netty.util.concurrent.Promise<com.netflix.zuul.netty.connectionpool.PooledConnection>)	setSuccess(V)	io.netty.util.concurrent.Promise	SOURCE
com.netflix.zuul.netty.connectionpool.PerServerConnectionPool	getPoolForEventLoop(io.netty.channel.EventLoop)	get(java.lang.Object)	java.util.concurrent.ConcurrentHashMap	SOURCE
com.netflix.zuul.netty.connectionpool.PerServerConnectionPool	getPoolForEventLoop(io.netty.channel.EventLoop)	ConcurrentLinkedDeque()	java.util.concurrent.ConcurrentLinkedDeque	SOURCE
com.netflix.zuul.netty.connectionpool.PerServerConnectionPool	getPoolForEventLoop(io.netty.channel.EventLoop)	putIfAbsent(K,V)	java.util.concurrent.ConcurrentHashMap	SOURCE
com.netflix.zuul.netty.connectionpool.PerServerConnectionPool	tryMakingNewConnection(io.netty.channel.EventLoop,io.netty.util.concurrent.Promise<com.netflix.zuul.netty.connectionpool.PooledConnection>,com.netflix.zuul.passport.CurrentPassport,java.util.concurrent.atomic.AtomicReference<? super java.net.InetAddress>)	maxConnectionsPerHost()	com.netflix.zuul.netty.connectionpool.ConnectionPoolConfig	SOURCE
com.netflix.zuul.netty.connectionpool.PerServerConnectionPool	tryMakingNewConnection(io.netty.channel.EventLoop,io.netty.util.concurrent.Promise<com.netflix.zuul.netty.connectionpool.PooledConnection>,com.netflix.zuul.passport.CurrentPassport,java.util.concurrent.atomic.AtomicReference<? super java.net.InetAddress>)	getOpenConnectionsCount()	com.netflix.zuul.discovery.DiscoveryResult	SOURCE
com.netflix.zuul.netty.connectionpool.PerServerConnectionPool	tryMakingNewConnection(io.netty.channel.EventLoop,io.netty.util.concurrent.Promise<com.netflix.zuul.netty.connectionpool.PooledConnection>,com.netflix.zuul.passport.CurrentPassport,java.util.concurrent.atomic.AtomicReference<? super java.net.InetAddress>)	get()	java.util.concurrent.atomic.AtomicInteger	SOURCE
com.netflix.zuul.netty.connectionpool.PerServerConnectionPool	tryMakingNewConnection(io.netty.channel.EventLoop,io.netty.util.concurrent.Promise<com.netflix.zuul.netty.connectionpool.PooledConnection>,com.netflix.zuul.passport.CurrentPassport,java.util.concurrent.atomic.AtomicReference<? super java.net.InetAddress>)	increment()	com.netflix.spectator.api.Counter	SOURCE
com.netflix.zuul.netty.connectionpool.PerServerConnectionPool	tryMakingNewConnection(io.netty.channel.EventLoop,io.netty.util.concurrent.Promise<com.netflix.zuul.netty.connectionpool.PooledConnection>,com.netflix.zuul.passport.CurrentPassport,java.util.concurrent.atomic.AtomicReference<? super java.net.InetAddress>)	setFailure(java.lang.Throwable)	io.netty.util.concurrent.Promise	SOURCE
com.netflix.zuul.netty.connectionpool.PerServerConnectionPool	tryMakingNewConnection(io.netty.channel.EventLoop,io.netty.util.concurrent.Promise<com.netflix.zuul.netty.connectionpool.PooledConnection>,com.netflix.zuul.passport.CurrentPassport,java.util.concurrent.atomic.AtomicReference<? super java.net.InetAddress>)	OriginConnectException(java.lang.String,com.netflix.zuul.exception.ErrorType)	com.netflix.zuul.netty.connectionpool.OriginConnectException	SOURCE
com.netflix.zuul.netty.connectionpool.PerServerConnectionPool	tryMakingNewConnection(io.netty.channel.EventLoop,io.netty.util.concurrent.Promise<com.netflix.zuul.netty.connectionpool.PooledConnection>,com.netflix.zuul.passport.CurrentPassport,java.util.concurrent.atomic.AtomicReference<? super java.net.InetAddress>)	warn(java.lang.String,java.lang.Object...)	org.slf4j.Logger	SOURCE
com.netflix.zuul.netty.connectionpool.PerServerConnectionPool	tryMakingNewConnection(io.netty.channel.EventLoop,io.netty.util.concurrent.Promise<com.netflix.zuul.netty.connectionpool.PooledConnection>,com.netflix.zuul.passport.CurrentPassport,java.util.concurrent.atomic.AtomicReference<? super java.net.InetAddress>)	getServerId()	com.netflix.zuul.discovery.DiscoveryResult	SOURCE
com.netflix.zuul.netty.connectionpool.PerServerConnectionPool	tryMakingNewConnection(io.netty.channel.EventLoop,io.netty.util.concurrent.Promise<com.netflix.zuul.netty.connectionpool.PooledConnection>,com.netflix.zuul.passport.CurrentPassport,java.util.concurrent.atomic.AtomicReference<? super java.net.InetAddress>)	getOriginName()	com.netflix.zuul.netty.connectionpool.ConnectionPoolConfig	SOURCE
com.netflix.zuul.netty.connectionpool.PerServerConnectionPool	tryMakingNewConnection(io.netty.channel.EventLoop,io.netty.util.concurrent.Promise<com.netflix.zuul.netty.connectionpool.PooledConnection>,com.netflix.zuul.passport.CurrentPassport,java.util.concurrent.atomic.AtomicReference<? super java.net.InetAddress>)	increment()	com.netflix.spectator.api.Counter	SOURCE
com.netflix.zuul.netty.connectionpool.PerServerConnectionPool	tryMakingNewConnection(io.netty.channel.EventLoop,io.netty.util.concurrent.Promise<com.netflix.zuul.netty.connectionpool.PooledConnection>,com.netflix.zuul.passport.CurrentPassport,java.util.concurrent.atomic.AtomicReference<? super java.net.InetAddress>)	incrementAndGet()	java.util.concurrent.atomic.AtomicInteger	SOURCE
com.netflix.zuul.netty.connectionpool.PerServerConnectionPool	tryMakingNewConnection(io.netty.channel.EventLoop,io.netty.util.concurrent.Promise<com.netflix.zuul.netty.connectionpool.PooledConnection>,com.netflix.zuul.passport.CurrentPassport,java.util.concurrent.atomic.AtomicReference<? super java.net.InetAddress>)	add(com.netflix.zuul.passport.PassportState)	com.netflix.zuul.passport.CurrentPassport	SOURCE
com.netflix.zuul.netty.connectionpool.PerServerConnectionPool	tryMakingNewConnection(io.netty.channel.EventLoop,io.netty.util.concurrent.Promise<com.netflix.zuul.netty.connectionpool.PooledConnection>,com.netflix.zuul.passport.CurrentPassport,java.util.concurrent.atomic.AtomicReference<? super java.net.InetAddress>)	set(V)	java.util.concurrent.atomic.AtomicReference	SOURCE
com.netflix.zuul.netty.connectionpool.PerServerConnectionPool	tryMakingNewConnection(io.netty.channel.EventLoop,io.netty.util.concurrent.Promise<com.netflix.zuul.netty.connectionpool.PooledConnection>,com.netflix.zuul.passport.CurrentPassport,java.util.concurrent.atomic.AtomicReference<? super java.net.InetAddress>)	getSelectedHostString(java.net.SocketAddress)	com.netflix.zuul.netty.connectionpool.PerServerConnectionPool	SOURCE
com.netflix.zuul.netty.connectionpool.PerServerConnectionPool	tryMakingNewConnection(io.netty.channel.EventLoop,io.netty.util.concurrent.Promise<com.netflix.zuul.netty.connectionpool.PooledConnection>,com.netflix.zuul.passport.CurrentPassport,java.util.concurrent.atomic.AtomicReference<? super java.net.InetAddress>)	connectToServer(io.netty.channel.EventLoop,com.netflix.zuul.passport.CurrentPassport,java.net.SocketAddress)	com.netflix.zuul.netty.connectionpool.PerServerConnectionPool	SOURCE
com.netflix.zuul.netty.connectionpool.PerServerConnectionPool	tryMakingNewConnection(io.netty.channel.EventLoop,io.netty.util.concurrent.Promise<com.netflix.zuul.netty.connectionpool.PooledConnection>,com.netflix.zuul.passport.CurrentPassport,java.util.concurrent.atomic.AtomicReference<? super java.net.InetAddress>)	isDone()	java.util.concurrent.Future	SOURCE
com.netflix.zuul.netty.connectionpool.PerServerConnectionPool	tryMakingNewConnection(io.netty.channel.EventLoop,io.netty.util.concurrent.Promise<com.netflix.zuul.netty.connectionpool.PooledConnection>,com.netflix.zuul.passport.CurrentPassport,java.util.concurrent.atomic.AtomicReference<? super java.net.InetAddress>)	handleConnectCompletion(io.netty.channel.ChannelFuture,io.netty.util.concurrent.Promise<com.netflix.zuul.netty.connectionpool.PooledConnection>,com.netflix.zuul.passport.CurrentPassport)	com.netflix.zuul.netty.connectionpool.PerServerConnectionPool	SOURCE
com.netflix.zuul.netty.connectionpool.PerServerConnectionPool	tryMakingNewConnection(io.netty.channel.EventLoop,io.netty.util.concurrent.Promise<com.netflix.zuul.netty.connectionpool.PooledConnection>,com.netflix.zuul.passport.CurrentPassport,java.util.concurrent.atomic.AtomicReference<? super java.net.InetAddress>)	addListener(io.netty.util.concurrent.GenericFutureListener<? extends io.netty.util.concurrent.Future<? super java.lang.Void>>)	io.netty.channel.ChannelFuture	SOURCE
com.netflix.zuul.netty.connectionpool.PerServerConnectionPool	tryMakingNewConnection(io.netty.channel.EventLoop,io.netty.util.concurrent.Promise<com.netflix.zuul.netty.connectionpool.PooledConnection>,com.netflix.zuul.passport.CurrentPassport,java.util.concurrent.atomic.AtomicReference<? super java.net.InetAddress>)	operationComplete(F)	io.netty.util.concurrent.GenericFutureListener	SOURCE
com.netflix.zuul.netty.connectionpool.PerServerConnectionPool	tryMakingNewConnection(io.netty.channel.EventLoop,io.netty.util.concurrent.Promise<com.netflix.zuul.netty.connectionpool.PooledConnection>,com.netflix.zuul.passport.CurrentPassport,java.util.concurrent.atomic.AtomicReference<? super java.net.InetAddress>)	handleConnectCompletion(io.netty.channel.ChannelFuture,io.netty.util.concurrent.Promise<com.netflix.zuul.netty.connectionpool.PooledConnection>,com.netflix.zuul.passport.CurrentPassport)	com.netflix.zuul.netty.connectionpool.PerServerConnectionPool	SOURCE
com.netflix.zuul.netty.connectionpool.PerServerConnectionPool	tryMakingNewConnection(io.netty.channel.EventLoop,io.netty.util.concurrent.Promise<com.netflix.zuul.netty.connectionpool.PooledConnection>,com.netflix.zuul.passport.CurrentPassport,java.util.concurrent.atomic.AtomicReference<? super java.net.InetAddress>)	isDone()	java.util.concurrent.Future	SOURCE
com.netflix.zuul.netty.connectionpool.PerServerConnectionPool	tryMakingNewConnection(io.netty.channel.EventLoop,io.netty.util.concurrent.Promise<com.netflix.zuul.netty.connectionpool.PooledConnection>,com.netflix.zuul.passport.CurrentPassport,java.util.concurrent.atomic.AtomicReference<? super java.net.InetAddress>)	setFailure(java.lang.Throwable)	io.netty.util.concurrent.Promise	SOURCE
com.netflix.zuul.netty.connectionpool.PerServerConnectionPool	tryMakingNewConnection(io.netty.channel.EventLoop,io.netty.util.concurrent.Promise<com.netflix.zuul.netty.connectionpool.PooledConnection>,com.netflix.zuul.passport.CurrentPassport,java.util.concurrent.atomic.AtomicReference<? super java.net.InetAddress>)	warn(java.lang.String,java.lang.Object,java.lang.Object)	org.slf4j.Logger	SOURCE
com.netflix.zuul.netty.connectionpool.PerServerConnectionPool	tryMakingNewConnection(io.netty.channel.EventLoop,io.netty.util.concurrent.Promise<com.netflix.zuul.netty.connectionpool.PooledConnection>,com.netflix.zuul.passport.CurrentPassport,java.util.concurrent.atomic.AtomicReference<? super java.net.InetAddress>)	getOriginName()	com.netflix.zuul.netty.connectionpool.ConnectionPoolConfig	SOURCE
com.netflix.zuul.netty.connectionpool.PerServerConnectionPool	tryMakingNewConnection(io.netty.channel.EventLoop,io.netty.util.concurrent.Promise<com.netflix.zuul.netty.connectionpool.PooledConnection>,com.netflix.zuul.passport.CurrentPassport,java.util.concurrent.atomic.AtomicReference<? super java.net.InetAddress>)	getServerId()	com.netflix.zuul.discovery.DiscoveryResult	SOURCE
com.netflix.zuul.netty.connectionpool.PerServerConnectionPool	tryMakingNewConnection(io.netty.channel.EventLoop,io.netty.util.concurrent.Promise<com.netflix.zuul.netty.connectionpool.PooledConnection>,com.netflix.zuul.passport.CurrentPassport,java.util.concurrent.atomic.AtomicReference<? super java.net.InetAddress>)	setFailure(java.lang.Throwable)	io.netty.util.concurrent.Promise	SOURCE
com.netflix.zuul.netty.connectionpool.PerServerConnectionPool	connectToServer(io.netty.channel.EventLoop,com.netflix.zuul.passport.CurrentPassport,java.net.SocketAddress)	connect(io.netty.channel.EventLoop,java.net.SocketAddress,com.netflix.zuul.passport.CurrentPassport)	com.netflix.zuul.netty.connectionpool.NettyClientConnectionFactory	SOURCE
com.netflix.zuul.netty.connectionpool.PerServerConnectionPool	handleConnectCompletion(io.netty.channel.ChannelFuture,io.netty.util.concurrent.Promise<com.netflix.zuul.netty.connectionpool.PooledConnection>,com.netflix.zuul.passport.CurrentPassport)	decrementAndGet()	java.util.concurrent.atomic.AtomicInteger	SOURCE
com.netflix.zuul.netty.connectionpool.PerServerConnectionPool	handleConnectCompletion(io.netty.channel.ChannelFuture,io.netty.util.concurrent.Promise<com.netflix.zuul.netty.connectionpool.PooledConnection>,com.netflix.zuul.passport.CurrentPassport)	isSuccess()	io.netty.util.concurrent.Future	SOURCE
com.netflix.zuul.netty.connectionpool.PerServerConnectionPool	handleConnectCompletion(io.netty.channel.ChannelFuture,io.netty.util.concurrent.Promise<com.netflix.zuul.netty.connectionpool.PooledConnection>,com.netflix.zuul.passport.CurrentPassport)	add(com.netflix.zuul.passport.PassportState)	com.netflix.zuul.passport.CurrentPassport	SOURCE
com.netflix.zuul.netty.connectionpool.PerServerConnectionPool	handleConnectCompletion(io.netty.channel.ChannelFuture,io.netty.util.concurrent.Promise<com.netflix.zuul.netty.connectionpool.PooledConnection>,com.netflix.zuul.passport.CurrentPassport)	incrementOpenConnectionsCount()	com.netflix.zuul.discovery.DiscoveryResult	SOURCE
com.netflix.zuul.netty.connectionpool.PerServerConnectionPool	handleConnectCompletion(io.netty.channel.ChannelFuture,io.netty.util.concurrent.Promise<com.netflix.zuul.netty.connectionpool.PooledConnection>,com.netflix.zuul.passport.CurrentPassport)	increment()	com.netflix.spectator.api.Counter	SOURCE
com.netflix.zuul.netty.connectionpool.PerServerConnectionPool	handleConnectCompletion(io.netty.channel.ChannelFuture,io.netty.util.concurrent.Promise<com.netflix.zuul.netty.connectionpool.PooledConnection>,com.netflix.zuul.passport.CurrentPassport)	incrementAndGet()	java.util.concurrent.atomic.AtomicInteger	SOURCE
com.netflix.zuul.netty.connectionpool.PerServerConnectionPool	handleConnectCompletion(io.netty.channel.ChannelFuture,io.netty.util.concurrent.Promise<com.netflix.zuul.netty.connectionpool.PooledConnection>,com.netflix.zuul.passport.CurrentPassport)	createConnection(io.netty.channel.ChannelFuture,io.netty.util.concurrent.Promise<com.netflix.zuul.netty.connectionpool.PooledConnection>,com.netflix.zuul.passport.CurrentPassport)	com.netflix.zuul.netty.connectionpool.PerServerConnectionPool	SOURCE
com.netflix.zuul.netty.connectionpool.PerServerConnectionPool	handleConnectCompletion(io.netty.channel.ChannelFuture,io.netty.util.concurrent.Promise<com.netflix.zuul.netty.connectionpool.PooledConnection>,com.netflix.zuul.passport.CurrentPassport)	incrementSuccessiveConnectionFailureCount()	com.netflix.zuul.discovery.DiscoveryResult	SOURCE
com.netflix.zuul.netty.connectionpool.PerServerConnectionPool	handleConnectCompletion(io.netty.channel.ChannelFuture,io.netty.util.concurrent.Promise<com.netflix.zuul.netty.connectionpool.PooledConnection>,com.netflix.zuul.passport.CurrentPassport)	addToFailureCount()	com.netflix.zuul.discovery.DiscoveryResult	SOURCE
com.netflix.zuul.netty.connectionpool.PerServerConnectionPool	handleConnectCompletion(io.netty.channel.ChannelFuture,io.netty.util.concurrent.Promise<com.netflix.zuul.netty.connectionpool.PooledConnection>,com.netflix.zuul.passport.CurrentPassport)	decrementActiveRequestsCount()	com.netflix.zuul.discovery.DiscoveryResult	SOURCE
com.netflix.zuul.netty.connectionpool.PerServerConnectionPool	handleConnectCompletion(io.netty.channel.ChannelFuture,io.netty.util.concurrent.Promise<com.netflix.zuul.netty.connectionpool.PooledConnection>,com.netflix.zuul.passport.CurrentPassport)	increment()	com.netflix.spectator.api.Counter	SOURCE
com.netflix.zuul.netty.connectionpool.PerServerConnectionPool	handleConnectCompletion(io.netty.channel.ChannelFuture,io.netty.util.concurrent.Promise<com.netflix.zuul.netty.connectionpool.PooledConnection>,com.netflix.zuul.passport.CurrentPassport)	setFailure(java.lang.Throwable)	io.netty.util.concurrent.Promise	SOURCE
com.netflix.zuul.netty.connectionpool.PerServerConnectionPool	handleConnectCompletion(io.netty.channel.ChannelFuture,io.netty.util.concurrent.Promise<com.netflix.zuul.netty.connectionpool.PooledConnection>,com.netflix.zuul.passport.CurrentPassport)	OriginConnectException(java.lang.String,java.lang.Throwable,com.netflix.zuul.exception.ErrorType)	com.netflix.zuul.netty.connectionpool.OriginConnectException	SOURCE
com.netflix.zuul.netty.connectionpool.PerServerConnectionPool	handleConnectCompletion(io.netty.channel.ChannelFuture,io.netty.util.concurrent.Promise<com.netflix.zuul.netty.connectionpool.PooledConnection>,com.netflix.zuul.passport.CurrentPassport)	getMessage()	java.lang.Throwable	SOURCE
com.netflix.zuul.netty.connectionpool.PerServerConnectionPool	handleConnectCompletion(io.netty.channel.ChannelFuture,io.netty.util.concurrent.Promise<com.netflix.zuul.netty.connectionpool.PooledConnection>,com.netflix.zuul.passport.CurrentPassport)	cause()	io.netty.util.concurrent.Future	SOURCE
com.netflix.zuul.netty.connectionpool.PerServerConnectionPool	handleConnectCompletion(io.netty.channel.ChannelFuture,io.netty.util.concurrent.Promise<com.netflix.zuul.netty.connectionpool.PooledConnection>,com.netflix.zuul.passport.CurrentPassport)	cause()	io.netty.util.concurrent.Future	SOURCE
com.netflix.zuul.netty.connectionpool.PerServerConnectionPool	createConnection(io.netty.channel.ChannelFuture,io.netty.util.concurrent.Promise<com.netflix.zuul.netty.connectionpool.PooledConnection>,com.netflix.zuul.passport.CurrentPassport)	create(io.netty.channel.Channel)	com.netflix.zuul.netty.connectionpool.PooledConnectionFactory	SOURCE
com.netflix.zuul.netty.connectionpool.PerServerConnectionPool	createConnection(io.netty.channel.ChannelFuture,io.netty.util.concurrent.Promise<com.netflix.zuul.netty.connectionpool.PooledConnection>,com.netflix.zuul.passport.CurrentPassport)	channel()	io.netty.channel.ChannelFuture	SOURCE
com.netflix.zuul.netty.connectionpool.PerServerConnectionPool	createConnection(io.netty.channel.ChannelFuture,io.netty.util.concurrent.Promise<com.netflix.zuul.netty.connectionpool.PooledConnection>,com.netflix.zuul.passport.CurrentPassport)	incrementUsageCount()	com.netflix.zuul.netty.connectionpool.PooledConnection	SOURCE
com.netflix.zuul.netty.connectionpool.PerServerConnectionPool	createConnection(io.netty.channel.ChannelFuture,io.netty.util.concurrent.Promise<com.netflix.zuul.netty.connectionpool.PooledConnection>,com.netflix.zuul.passport.CurrentPassport)	startRequestTimer()	com.netflix.zuul.netty.connectionpool.PooledConnection	SOURCE
com.netflix.zuul.netty.connectionpool.PerServerConnectionPool	createConnection(io.netty.channel.ChannelFuture,io.netty.util.concurrent.Promise<com.netflix.zuul.netty.connectionpool.PooledConnection>,com.netflix.zuul.passport.CurrentPassport)	read()	io.netty.channel.Channel	SOURCE
com.netflix.zuul.netty.connectionpool.PerServerConnectionPool	createConnection(io.netty.channel.ChannelFuture,io.netty.util.concurrent.Promise<com.netflix.zuul.netty.connectionpool.PooledConnection>,com.netflix.zuul.passport.CurrentPassport)	getChannel()	com.netflix.zuul.netty.connectionpool.PooledConnection	SOURCE
com.netflix.zuul.netty.connectionpool.PerServerConnectionPool	createConnection(io.netty.channel.ChannelFuture,io.netty.util.concurrent.Promise<com.netflix.zuul.netty.connectionpool.PooledConnection>,com.netflix.zuul.passport.CurrentPassport)	onAcquire(com.netflix.zuul.netty.connectionpool.PooledConnection,com.netflix.zuul.passport.CurrentPassport)	com.netflix.zuul.netty.connectionpool.PerServerConnectionPool	SOURCE
com.netflix.zuul.netty.connectionpool.PerServerConnectionPool	createConnection(io.netty.channel.ChannelFuture,io.netty.util.concurrent.Promise<com.netflix.zuul.netty.connectionpool.PooledConnection>,com.netflix.zuul.passport.CurrentPassport)	setSuccess(V)	io.netty.util.concurrent.Promise	SOURCE
com.netflix.zuul.netty.connectionpool.PerServerConnectionPool	release(com.netflix.zuul.netty.connectionpool.PooledConnection)	isInPool()	com.netflix.zuul.netty.connectionpool.PooledConnection	SOURCE
com.netflix.zuul.netty.connectionpool.PerServerConnectionPool	release(com.netflix.zuul.netty.connectionpool.PooledConnection)	eventLoop()	io.netty.channel.Channel	SOURCE
com.netflix.zuul.netty.connectionpool.PerServerConnectionPool	release(com.netflix.zuul.netty.connectionpool.PooledConnection)	getChannel()	com.netflix.zuul.netty.connectionpool.PooledConnection	SOURCE
com.netflix.zuul.netty.connectionpool.PerServerConnectionPool	release(com.netflix.zuul.netty.connectionpool.PooledConnection)	getPoolForEventLoop(io.netty.channel.EventLoop)	com.netflix.zuul.netty.connectionpool.PerServerConnectionPool	SOURCE
com.netflix.zuul.netty.connectionpool.PerServerConnectionPool	release(com.netflix.zuul.netty.connectionpool.PooledConnection)	fromChannel(io.netty.channel.Channel)	com.netflix.zuul.passport.CurrentPassport	SOURCE
com.netflix.zuul.netty.connectionpool.PerServerConnectionPool	release(com.netflix.zuul.netty.connectionpool.PooledConnection)	getChannel()	com.netflix.zuul.netty.connectionpool.PooledConnection	SOURCE
com.netflix.zuul.netty.connectionpool.PerServerConnectionPool	release(com.netflix.zuul.netty.connectionpool.PooledConnection)	perServerWaterline()	com.netflix.zuul.netty.connectionpool.ConnectionPoolConfig	SOURCE
com.netflix.zuul.netty.connectionpool.PerServerConnectionPool	release(com.netflix.zuul.netty.connectionpool.PooledConnection)	size()	java.util.Deque	SOURCE
com.netflix.zuul.netty.connectionpool.PerServerConnectionPool	release(com.netflix.zuul.netty.connectionpool.PooledConnection)	increment()	com.netflix.spectator.api.Counter	SOURCE
com.netflix.zuul.netty.connectionpool.PerServerConnectionPool	release(com.netflix.zuul.netty.connectionpool.PooledConnection)	close()	com.netflix.zuul.netty.connectionpool.PooledConnection	SOURCE
com.netflix.zuul.netty.connectionpool.PerServerConnectionPool	release(com.netflix.zuul.netty.connectionpool.PooledConnection)	setInPool(boolean)	com.netflix.zuul.netty.connectionpool.PooledConnection	SOURCE
com.netflix.zuul.netty.connectionpool.PerServerConnectionPool	release(com.netflix.zuul.netty.connectionpool.PooledConnection)	offer(E)	java.util.Deque	SOURCE
com.netflix.zuul.netty.connectionpool.PerServerConnectionPool	release(com.netflix.zuul.netty.connectionpool.PooledConnection)	setInPool(boolean)	com.netflix.zuul.netty.connectionpool.PooledConnection	SOURCE
com.netflix.zuul.netty.connectionpool.PerServerConnectionPool	release(com.netflix.zuul.netty.connectionpool.PooledConnection)	incrementAndGet()	java.util.concurrent.atomic.AtomicInteger	SOURCE
com.netflix.zuul.netty.connectionpool.PerServerConnectionPool	release(com.netflix.zuul.netty.connectionpool.PooledConnection)	add(com.netflix.zuul.passport.PassportState)	com.netflix.zuul.passport.CurrentPassport	SOURCE
com.netflix.zuul.netty.connectionpool.PerServerConnectionPool	release(com.netflix.zuul.netty.connectionpool.PooledConnection)	close()	com.netflix.zuul.netty.connectionpool.PooledConnection	SOURCE
com.netflix.zuul.netty.connectionpool.PerServerConnectionPool	release(com.netflix.zuul.netty.connectionpool.PooledConnection)	setInPool(boolean)	com.netflix.zuul.netty.connectionpool.PooledConnection	SOURCE
com.netflix.zuul.netty.connectionpool.PerServerConnectionPool	remove(com.netflix.zuul.netty.connectionpool.PooledConnection)	isInPool()	com.netflix.zuul.netty.connectionpool.PooledConnection	SOURCE
com.netflix.zuul.netty.connectionpool.PerServerConnectionPool	remove(com.netflix.zuul.netty.connectionpool.PooledConnection)	eventLoop()	io.netty.channel.Channel	SOURCE
com.netflix.zuul.netty.connectionpool.PerServerConnectionPool	remove(com.netflix.zuul.netty.connectionpool.PooledConnection)	getChannel()	com.netflix.zuul.netty.connectionpool.PooledConnection	SOURCE
com.netflix.zuul.netty.connectionpool.PerServerConnectionPool	remove(com.netflix.zuul.netty.connectionpool.PooledConnection)	getPoolForEventLoop(io.netty.channel.EventLoop)	com.netflix.zuul.netty.connectionpool.PerServerConnectionPool	SOURCE
com.netflix.zuul.netty.connectionpool.PerServerConnectionPool	remove(com.netflix.zuul.netty.connectionpool.PooledConnection)	remove(java.lang.Object)	java.util.Deque	SOURCE
com.netflix.zuul.netty.connectionpool.PerServerConnectionPool	remove(com.netflix.zuul.netty.connectionpool.PooledConnection)	setInPool(boolean)	com.netflix.zuul.netty.connectionpool.PooledConnection	SOURCE
com.netflix.zuul.netty.connectionpool.PerServerConnectionPool	remove(com.netflix.zuul.netty.connectionpool.PooledConnection)	decrementAndGet()	java.util.concurrent.atomic.AtomicInteger	SOURCE
com.netflix.zuul.netty.connectionpool.PerServerConnectionPool	shutdown()	values()	java.util.concurrent.ConcurrentHashMap	SOURCE
com.netflix.zuul.netty.connectionpool.PerServerConnectionPool	shutdown()	close()	com.netflix.zuul.netty.connectionpool.PooledConnection	SOURCE
com.netflix.zuul.netty.connectionpool.PerServerConnectionPool	getConnsInPool()	get()	java.util.concurrent.atomic.AtomicInteger	SOURCE
com.netflix.zuul.netty.connectionpool.PerServerConnectionPool	getConnsInUse()	get()	java.util.concurrent.atomic.AtomicInteger	SOURCE
com.netflix.zuul.netty.connectionpool.PerServerConnectionPool	getSelectedHostString(java.net.SocketAddress)	getAddress()	java.net.InetSocketAddress	SOURCE
com.netflix.zuul.netty.connectionpool.NettyClientConnectionFactory	NettyClientConnectionFactory(com.netflix.zuul.netty.connectionpool.ConnectionPoolConfig,io.netty.channel.ChannelInitializer<? extends io.netty.channel.Channel>)	Object()	java.lang.Object	SOURCE
com.netflix.zuul.netty.connectionpool.NettyClientConnectionFactory	connect(io.netty.channel.EventLoop,java.net.SocketAddress,com.netflix.zuul.passport.CurrentPassport)	<T>requireNonNull(T,java.lang.String)	java.util.Objects	SOURCE
com.netflix.zuul.netty.connectionpool.NettyClientConnectionFactory	connect(io.netty.channel.EventLoop,java.net.SocketAddress,com.netflix.zuul.passport.CurrentPassport)	isUnresolved()	java.net.InetSocketAddress	SOURCE
com.netflix.zuul.netty.connectionpool.NettyClientConnectionFactory	connect(io.netty.channel.EventLoop,java.net.SocketAddress,com.netflix.zuul.passport.CurrentPassport)	remoteAddress(java.net.SocketAddress)	io.netty.bootstrap.Bootstrap	SOURCE
com.netflix.zuul.netty.connectionpool.NettyClientConnectionFactory	connect(io.netty.channel.EventLoop,java.net.SocketAddress,com.netflix.zuul.passport.CurrentPassport)	<T>option(io.netty.channel.ChannelOption<T>,T)	io.netty.bootstrap.AbstractBootstrap	SOURCE
com.netflix.zuul.netty.connectionpool.NettyClientConnectionFactory	connect(io.netty.channel.EventLoop,java.net.SocketAddress,com.netflix.zuul.passport.CurrentPassport)	<T>option(io.netty.channel.ChannelOption<T>,T)	io.netty.bootstrap.AbstractBootstrap	SOURCE
com.netflix.zuul.netty.connectionpool.NettyClientConnectionFactory	connect(io.netty.channel.EventLoop,java.net.SocketAddress,com.netflix.zuul.passport.CurrentPassport)	<T>option(io.netty.channel.ChannelOption<T>,T)	io.netty.bootstrap.AbstractBootstrap	SOURCE
com.netflix.zuul.netty.connectionpool.NettyClientConnectionFactory	connect(io.netty.channel.EventLoop,java.net.SocketAddress,com.netflix.zuul.passport.CurrentPassport)	<T>option(io.netty.channel.ChannelOption<T>,T)	io.netty.bootstrap.AbstractBootstrap	SOURCE
com.netflix.zuul.netty.connectionpool.NettyClientConnectionFactory	connect(io.netty.channel.EventLoop,java.net.SocketAddress,com.netflix.zuul.passport.CurrentPassport)	<T>option(io.netty.channel.ChannelOption<T>,T)	io.netty.bootstrap.AbstractBootstrap	SOURCE
com.netflix.zuul.netty.connectionpool.NettyClientConnectionFactory	connect(io.netty.channel.EventLoop,java.net.SocketAddress,com.netflix.zuul.passport.CurrentPassport)	<T>option(io.netty.channel.ChannelOption<T>,T)	io.netty.bootstrap.AbstractBootstrap	SOURCE
com.netflix.zuul.netty.connectionpool.NettyClientConnectionFactory	connect(io.netty.channel.EventLoop,java.net.SocketAddress,com.netflix.zuul.passport.CurrentPassport)	<T>option(io.netty.channel.ChannelOption<T>,T)	io.netty.bootstrap.AbstractBootstrap	SOURCE
com.netflix.zuul.netty.connectionpool.NettyClientConnectionFactory	connect(io.netty.channel.EventLoop,java.net.SocketAddress,com.netflix.zuul.passport.CurrentPassport)	<T>attr(io.netty.util.AttributeKey<T>,T)	io.netty.bootstrap.AbstractBootstrap	SOURCE
com.netflix.zuul.netty.connectionpool.NettyClientConnectionFactory	connect(io.netty.channel.EventLoop,java.net.SocketAddress,com.netflix.zuul.passport.CurrentPassport)	group(io.netty.channel.EventLoopGroup)	io.netty.bootstrap.AbstractBootstrap	SOURCE
com.netflix.zuul.netty.connectionpool.NettyClientConnectionFactory	connect(io.netty.channel.EventLoop,java.net.SocketAddress,com.netflix.zuul.passport.CurrentPassport)	handler(io.netty.channel.ChannelHandler)	io.netty.bootstrap.AbstractBootstrap	SOURCE
com.netflix.zuul.netty.connectionpool.NettyClientConnectionFactory	connect(io.netty.channel.EventLoop,java.net.SocketAddress,com.netflix.zuul.passport.CurrentPassport)	channel(java.lang.Class<? extends C>)	io.netty.bootstrap.AbstractBootstrap	SOURCE
com.netflix.zuul.netty.connectionpool.NettyClientConnectionFactory	connect(io.netty.channel.EventLoop,java.net.SocketAddress,com.netflix.zuul.passport.CurrentPassport)	Bootstrap()	io.netty.bootstrap.Bootstrap	SOURCE
com.netflix.zuul.netty.connectionpool.NettyClientConnectionFactory	connect(io.netty.channel.EventLoop,java.net.SocketAddress,com.netflix.zuul.passport.CurrentPassport)	get()	java.util.concurrent.atomic.AtomicReference	SOURCE
com.netflix.zuul.netty.connectionpool.NettyClientConnectionFactory	connect(io.netty.channel.EventLoop,java.net.SocketAddress,com.netflix.zuul.passport.CurrentPassport)	getConnectTimeout()	com.netflix.zuul.netty.connectionpool.ConnectionPoolConfig	SOURCE
com.netflix.zuul.netty.connectionpool.NettyClientConnectionFactory	connect(io.netty.channel.EventLoop,java.net.SocketAddress,com.netflix.zuul.passport.CurrentPassport)	getTcpKeepAlive()	com.netflix.zuul.netty.connectionpool.ConnectionPoolConfig	SOURCE
com.netflix.zuul.netty.connectionpool.NettyClientConnectionFactory	connect(io.netty.channel.EventLoop,java.net.SocketAddress,com.netflix.zuul.passport.CurrentPassport)	getTcpNoDelay()	com.netflix.zuul.netty.connectionpool.ConnectionPoolConfig	SOURCE
com.netflix.zuul.netty.connectionpool.NettyClientConnectionFactory	connect(io.netty.channel.EventLoop,java.net.SocketAddress,com.netflix.zuul.passport.CurrentPassport)	getTcpSendBufferSize()	com.netflix.zuul.netty.connectionpool.ConnectionPoolConfig	SOURCE
com.netflix.zuul.netty.connectionpool.NettyClientConnectionFactory	connect(io.netty.channel.EventLoop,java.net.SocketAddress,com.netflix.zuul.passport.CurrentPassport)	getTcpReceiveBufferSize()	com.netflix.zuul.netty.connectionpool.ConnectionPoolConfig	SOURCE
com.netflix.zuul.netty.connectionpool.NettyClientConnectionFactory	connect(io.netty.channel.EventLoop,java.net.SocketAddress,com.netflix.zuul.passport.CurrentPassport)	WriteBufferWaterMark(int,int)	io.netty.channel.WriteBufferWaterMark	SOURCE
com.netflix.zuul.netty.connectionpool.NettyClientConnectionFactory	connect(io.netty.channel.EventLoop,java.net.SocketAddress,com.netflix.zuul.passport.CurrentPassport)	getNettyWriteBufferLowWaterMark()	com.netflix.zuul.netty.connectionpool.ConnectionPoolConfig	SOURCE
com.netflix.zuul.netty.connectionpool.NettyClientConnectionFactory	connect(io.netty.channel.EventLoop,java.net.SocketAddress,com.netflix.zuul.passport.CurrentPassport)	getNettyWriteBufferHighWaterMark()	com.netflix.zuul.netty.connectionpool.ConnectionPoolConfig	SOURCE
com.netflix.zuul.netty.connectionpool.NettyClientConnectionFactory	connect(io.netty.channel.EventLoop,java.net.SocketAddress,com.netflix.zuul.passport.CurrentPassport)	getNettyAutoRead()	com.netflix.zuul.netty.connectionpool.ConnectionPoolConfig	SOURCE
com.netflix.zuul.netty.connectionpool.NettyClientConnectionFactory	connect(io.netty.channel.EventLoop,java.net.SocketAddress,com.netflix.zuul.passport.CurrentPassport)	connect()	io.netty.bootstrap.Bootstrap	SOURCE
com.netflix.zuul.netty.connectionpool.ClientTimeoutHandler	LOG	getLogger(java.lang.Class<?>)	org.slf4j.LoggerFactory	SOURCE
com.netflix.zuul.netty.connectionpool.ClientTimeoutHandler	ORIGIN_RESPONSE_READ_TIMEOUT	<T>newInstance(java.lang.String)	io.netty.util.AttributeKey	SOURCE
com.netflix.zuul.netty.connectionpool.ClientTimeoutHandler$InboundHandler	channelRead(io.netty.channel.ChannelHandlerContext,java.lang.Object)	debug(java.lang.String,java.lang.Object)	org.slf4j.Logger	SOURCE
com.netflix.zuul.netty.connectionpool.ClientTimeoutHandler$InboundHandler	channelRead(io.netty.channel.ChannelHandlerContext,java.lang.Object)	id()	io.netty.channel.Channel	SOURCE
com.netflix.zuul.netty.connectionpool.ClientTimeoutHandler$InboundHandler	channelRead(io.netty.channel.ChannelHandlerContext,java.lang.Object)	channel()	io.netty.channel.ChannelHandlerContext	SOURCE
com.netflix.zuul.netty.connectionpool.ClientTimeoutHandler$InboundHandler	channelRead(io.netty.channel.ChannelHandlerContext,java.lang.Object)	removeReadTimeoutHandler()	com.netflix.zuul.netty.connectionpool.PooledConnection	SOURCE
com.netflix.zuul.netty.connectionpool.ClientTimeoutHandler$InboundHandler	channelRead(io.netty.channel.ChannelHandlerContext,java.lang.Object)	getFromChannel(io.netty.channel.Channel)	com.netflix.zuul.netty.connectionpool.PooledConnection	SOURCE
com.netflix.zuul.netty.connectionpool.ClientTimeoutHandler$InboundHandler	channelRead(io.netty.channel.ChannelHandlerContext,java.lang.Object)	channel()	io.netty.channel.ChannelHandlerContext	SOURCE
com.netflix.zuul.netty.connectionpool.ClientTimeoutHandler$InboundHandler	channelRead(io.netty.channel.ChannelHandlerContext,java.lang.Object)	channelRead(io.netty.channel.ChannelHandlerContext,java.lang.Object)	io.netty.channel.ChannelInboundHandlerAdapter	SOURCE
com.netflix.zuul.netty.connectionpool.ClientTimeoutHandler$OutboundHandler	write(io.netty.channel.ChannelHandlerContext,java.lang.Object,io.netty.channel.ChannelPromise)	get()	io.netty.util.Attribute	SOURCE
com.netflix.zuul.netty.connectionpool.ClientTimeoutHandler$OutboundHandler	write(io.netty.channel.ChannelHandlerContext,java.lang.Object,io.netty.channel.ChannelPromise)	<T>attr(io.netty.util.AttributeKey<T>)	io.netty.util.AttributeMap	SOURCE
com.netflix.zuul.netty.connectionpool.ClientTimeoutHandler$OutboundHandler	write(io.netty.channel.ChannelHandlerContext,java.lang.Object,io.netty.channel.ChannelPromise)	channel()	io.netty.channel.ChannelHandlerContext	SOURCE
com.netflix.zuul.netty.connectionpool.ClientTimeoutHandler$OutboundHandler	write(io.netty.channel.ChannelHandlerContext,java.lang.Object,io.netty.channel.ChannelPromise)	addListener(io.netty.util.concurrent.GenericFutureListener<? extends io.netty.util.concurrent.Future<? super java.lang.Void>>)	io.netty.channel.ChannelPromise	SOURCE
com.netflix.zuul.netty.connectionpool.ClientTimeoutHandler$OutboundHandler	write(io.netty.channel.ChannelHandlerContext,java.lang.Object,io.netty.channel.ChannelPromise)	operationComplete(F)	io.netty.util.concurrent.GenericFutureListener	SOURCE
com.netflix.zuul.netty.connectionpool.ClientTimeoutHandler$OutboundHandler	write(io.netty.channel.ChannelHandlerContext,java.lang.Object,io.netty.channel.ChannelPromise)	debug(java.lang.String,java.lang.Object,java.lang.Object)	org.slf4j.Logger	SOURCE
com.netflix.zuul.netty.connectionpool.ClientTimeoutHandler$OutboundHandler	write(io.netty.channel.ChannelHandlerContext,java.lang.Object,io.netty.channel.ChannelPromise)	id()	io.netty.channel.Channel	SOURCE
com.netflix.zuul.netty.connectionpool.ClientTimeoutHandler$OutboundHandler	write(io.netty.channel.ChannelHandlerContext,java.lang.Object,io.netty.channel.ChannelPromise)	channel()	io.netty.channel.ChannelHandlerContext	SOURCE
com.netflix.zuul.netty.connectionpool.ClientTimeoutHandler$OutboundHandler	write(io.netty.channel.ChannelHandlerContext,java.lang.Object,io.netty.channel.ChannelPromise)	toMillis()	java.time.Duration	SOURCE
com.netflix.zuul.netty.connectionpool.ClientTimeoutHandler$OutboundHandler	write(io.netty.channel.ChannelHandlerContext,java.lang.Object,io.netty.channel.ChannelPromise)	startReadTimeoutHandler(java.time.Duration)	com.netflix.zuul.netty.connectionpool.PooledConnection	SOURCE
com.netflix.zuul.netty.connectionpool.ClientTimeoutHandler$OutboundHandler	write(io.netty.channel.ChannelHandlerContext,java.lang.Object,io.netty.channel.ChannelPromise)	getFromChannel(io.netty.channel.Channel)	com.netflix.zuul.netty.connectionpool.PooledConnection	SOURCE
com.netflix.zuul.netty.connectionpool.ClientTimeoutHandler$OutboundHandler	write(io.netty.channel.ChannelHandlerContext,java.lang.Object,io.netty.channel.ChannelPromise)	channel()	io.netty.channel.ChannelHandlerContext	SOURCE
com.netflix.zuul.netty.connectionpool.ClientTimeoutHandler$OutboundHandler	write(io.netty.channel.ChannelHandlerContext,java.lang.Object,io.netty.channel.ChannelPromise)	write(io.netty.channel.ChannelHandlerContext,java.lang.Object,io.netty.channel.ChannelPromise)	io.netty.channel.ChannelOutboundHandlerAdapter	SOURCE
com.netflix.zuul.netty.connectionpool.DefaultClientChannelManager	LOG	getLogger(java.lang.Class<?>)	org.slf4j.LoggerFactory	SOURCE
com.netflix.zuul.netty.connectionpool.DefaultClientChannelManager	SHUTTING_DOWN_ERR	IllegalStateException(java.lang.String)	java.lang.IllegalStateException	SOURCE
com.netflix.zuul.netty.connectionpool.DefaultClientChannelManager	DefaultClientChannelManager(com.netflix.zuul.origins.OriginName,com.netflix.client.config.IClientConfig,com.netflix.spectator.api.Registry)	Object()	java.lang.Object	SOURCE
com.netflix.zuul.netty.connectionpool.DefaultClientChannelManager	DefaultClientChannelManager(com.netflix.zuul.origins.OriginName,com.netflix.client.config.IClientConfig,com.netflix.spectator.api.Registry)	<T>requireNonNull(T,java.lang.String)	java.util.Objects	SOURCE
com.netflix.zuul.netty.connectionpool.DefaultClientChannelManager	DefaultClientChannelManager(com.netflix.zuul.origins.OriginName,com.netflix.client.config.IClientConfig,com.netflix.spectator.api.Registry)	DynamicServerResolver(com.netflix.client.config.IClientConfig,com.netflix.zuul.resolver.ResolverListener<com.netflix.zuul.discovery.DiscoveryResult>)	com.netflix.zuul.discovery.DynamicServerResolver	SOURCE
com.netflix.zuul.netty.connectionpool.DefaultClientChannelManager	DefaultClientChannelManager(com.netflix.zuul.origins.OriginName,com.netflix.client.config.IClientConfig,com.netflix.spectator.api.Registry)	ServerPoolListener()	com.netflix.zuul.netty.connectionpool.DefaultClientChannelManager$ServerPoolListener	SOURCE
com.netflix.zuul.netty.connectionpool.DefaultClientChannelManager	DefaultClientChannelManager(com.netflix.zuul.origins.OriginName,com.netflix.client.config.IClientConfig,com.netflix.spectator.api.Registry)	getMetricId()	com.netflix.zuul.origins.OriginName	SOURCE
com.netflix.zuul.netty.connectionpool.DefaultClientChannelManager	DefaultClientChannelManager(com.netflix.zuul.origins.OriginName,com.netflix.client.config.IClientConfig,com.netflix.spectator.api.Registry)	ConcurrentHashMap(int)	java.util.concurrent.ConcurrentHashMap	SOURCE
com.netflix.zuul.netty.connectionpool.DefaultClientChannelManager	DefaultClientChannelManager(com.netflix.zuul.origins.OriginName,com.netflix.client.config.IClientConfig,com.netflix.spectator.api.Registry)	ConnectionPoolConfigImpl(com.netflix.zuul.origins.OriginName,com.netflix.client.config.IClientConfig)	com.netflix.zuul.netty.connectionpool.ConnectionPoolConfigImpl	SOURCE
com.netflix.zuul.netty.connectionpool.DefaultClientChannelManager	DefaultClientChannelManager(com.netflix.zuul.origins.OriginName,com.netflix.client.config.IClientConfig,com.netflix.spectator.api.Registry)	newCounter(java.lang.String,java.lang.String)	com.netflix.zuul.netty.SpectatorUtils	SOURCE
com.netflix.zuul.netty.connectionpool.DefaultClientChannelManager	DefaultClientChannelManager(com.netflix.zuul.origins.OriginName,com.netflix.client.config.IClientConfig,com.netflix.spectator.api.Registry)	newCounter(java.lang.String,java.lang.String)	com.netflix.zuul.netty.SpectatorUtils	SOURCE
com.netflix.zuul.netty.connectionpool.DefaultClientChannelManager	DefaultClientChannelManager(com.netflix.zuul.origins.OriginName,com.netflix.client.config.IClientConfig,com.netflix.spectator.api.Registry)	newCounter(java.lang.String,java.lang.String)	com.netflix.zuul.netty.SpectatorUtils	SOURCE
com.netflix.zuul.netty.connectionpool.DefaultClientChannelManager	DefaultClientChannelManager(com.netflix.zuul.origins.OriginName,com.netflix.client.config.IClientConfig,com.netflix.spectator.api.Registry)	newCounter(java.lang.String,java.lang.String)	com.netflix.zuul.netty.SpectatorUtils	SOURCE
com.netflix.zuul.netty.connectionpool.DefaultClientChannelManager	DefaultClientChannelManager(com.netflix.zuul.origins.OriginName,com.netflix.client.config.IClientConfig,com.netflix.spectator.api.Registry)	newCounter(java.lang.String,java.lang.String)	com.netflix.zuul.netty.SpectatorUtils	SOURCE
com.netflix.zuul.netty.connectionpool.DefaultClientChannelManager	DefaultClientChannelManager(com.netflix.zuul.origins.OriginName,com.netflix.client.config.IClientConfig,com.netflix.spectator.api.Registry)	newCounter(java.lang.String,java.lang.String)	com.netflix.zuul.netty.SpectatorUtils	SOURCE
com.netflix.zuul.netty.connectionpool.DefaultClientChannelManager	DefaultClientChannelManager(com.netflix.zuul.origins.OriginName,com.netflix.client.config.IClientConfig,com.netflix.spectator.api.Registry)	newCounter(java.lang.String,java.lang.String)	com.netflix.zuul.netty.SpectatorUtils	SOURCE
com.netflix.zuul.netty.connectionpool.DefaultClientChannelManager	DefaultClientChannelManager(com.netflix.zuul.origins.OriginName,com.netflix.client.config.IClientConfig,com.netflix.spectator.api.Registry)	newCounter(java.lang.String,java.lang.String)	com.netflix.zuul.netty.SpectatorUtils	SOURCE
com.netflix.zuul.netty.connectionpool.DefaultClientChannelManager	DefaultClientChannelManager(com.netflix.zuul.origins.OriginName,com.netflix.client.config.IClientConfig,com.netflix.spectator.api.Registry)	newCounter(java.lang.String,java.lang.String)	com.netflix.zuul.netty.SpectatorUtils	SOURCE
com.netflix.zuul.netty.connectionpool.DefaultClientChannelManager	DefaultClientChannelManager(com.netflix.zuul.origins.OriginName,com.netflix.client.config.IClientConfig,com.netflix.spectator.api.Registry)	newCounter(java.lang.String,java.lang.String)	com.netflix.zuul.netty.SpectatorUtils	SOURCE
com.netflix.zuul.netty.connectionpool.DefaultClientChannelManager	DefaultClientChannelManager(com.netflix.zuul.origins.OriginName,com.netflix.client.config.IClientConfig,com.netflix.spectator.api.Registry)	newCounter(java.lang.String,java.lang.String)	com.netflix.zuul.netty.SpectatorUtils	SOURCE
com.netflix.zuul.netty.connectionpool.DefaultClientChannelManager	DefaultClientChannelManager(com.netflix.zuul.origins.OriginName,com.netflix.client.config.IClientConfig,com.netflix.spectator.api.Registry)	newCounter(java.lang.String,java.lang.String)	com.netflix.zuul.netty.SpectatorUtils	SOURCE
com.netflix.zuul.netty.connectionpool.DefaultClientChannelManager	DefaultClientChannelManager(com.netflix.zuul.origins.OriginName,com.netflix.client.config.IClientConfig,com.netflix.spectator.api.Registry)	newCounter(java.lang.String,java.lang.String)	com.netflix.zuul.netty.SpectatorUtils	SOURCE
com.netflix.zuul.netty.connectionpool.DefaultClientChannelManager	DefaultClientChannelManager(com.netflix.zuul.origins.OriginName,com.netflix.client.config.IClientConfig,com.netflix.spectator.api.Registry)	get(com.netflix.spectator.api.Registry,com.netflix.spectator.api.Id)	com.netflix.spectator.api.histogram.PercentileTimer	SOURCE
com.netflix.zuul.netty.connectionpool.DefaultClientChannelManager	DefaultClientChannelManager(com.netflix.zuul.origins.OriginName,com.netflix.client.config.IClientConfig,com.netflix.spectator.api.Registry)	createId(java.lang.String,java.lang.String...)	com.netflix.spectator.api.Registry	SOURCE
com.netflix.zuul.netty.connectionpool.DefaultClientChannelManager	DefaultClientChannelManager(com.netflix.zuul.origins.OriginName,com.netflix.client.config.IClientConfig,com.netflix.spectator.api.Registry)	<T>newGauge(java.lang.String,java.lang.String,T)	com.netflix.zuul.netty.SpectatorUtils	SOURCE
com.netflix.zuul.netty.connectionpool.DefaultClientChannelManager	DefaultClientChannelManager(com.netflix.zuul.origins.OriginName,com.netflix.client.config.IClientConfig,com.netflix.spectator.api.Registry)	AtomicInteger()	java.util.concurrent.atomic.AtomicInteger	SOURCE
com.netflix.zuul.netty.connectionpool.DefaultClientChannelManager	DefaultClientChannelManager(com.netflix.zuul.origins.OriginName,com.netflix.client.config.IClientConfig,com.netflix.spectator.api.Registry)	<T>newGauge(java.lang.String,java.lang.String,T)	com.netflix.zuul.netty.SpectatorUtils	SOURCE
com.netflix.zuul.netty.connectionpool.DefaultClientChannelManager	DefaultClientChannelManager(com.netflix.zuul.origins.OriginName,com.netflix.client.config.IClientConfig,com.netflix.spectator.api.Registry)	AtomicInteger()	java.util.concurrent.atomic.AtomicInteger	SOURCE
com.netflix.zuul.netty.connectionpool.DefaultClientChannelManager	DefaultClientChannelManager(com.netflix.zuul.origins.OriginName,com.netflix.client.config.IClientConfig,com.netflix.zuul.resolver.Resolver<? extends com.netflix.zuul.discovery.DiscoveryResult>,com.netflix.spectator.api.Registry)	Object()	java.lang.Object	SOURCE
com.netflix.zuul.netty.connectionpool.DefaultClientChannelManager	DefaultClientChannelManager(com.netflix.zuul.origins.OriginName,com.netflix.client.config.IClientConfig,com.netflix.zuul.resolver.Resolver<? extends com.netflix.zuul.discovery.DiscoveryResult>,com.netflix.spectator.api.Registry)	<T>requireNonNull(T,java.lang.String)	java.util.Objects	SOURCE
com.netflix.zuul.netty.connectionpool.DefaultClientChannelManager	DefaultClientChannelManager(com.netflix.zuul.origins.OriginName,com.netflix.client.config.IClientConfig,com.netflix.zuul.resolver.Resolver<? extends com.netflix.zuul.discovery.DiscoveryResult>,com.netflix.spectator.api.Registry)	getMetricId()	com.netflix.zuul.origins.OriginName	SOURCE
com.netflix.zuul.netty.connectionpool.DefaultClientChannelManager	DefaultClientChannelManager(com.netflix.zuul.origins.OriginName,com.netflix.client.config.IClientConfig,com.netflix.zuul.resolver.Resolver<? extends com.netflix.zuul.discovery.DiscoveryResult>,com.netflix.spectator.api.Registry)	ConcurrentHashMap(int)	java.util.concurrent.ConcurrentHashMap	SOURCE
com.netflix.zuul.netty.connectionpool.DefaultClientChannelManager	DefaultClientChannelManager(com.netflix.zuul.origins.OriginName,com.netflix.client.config.IClientConfig,com.netflix.zuul.resolver.Resolver<? extends com.netflix.zuul.discovery.DiscoveryResult>,com.netflix.spectator.api.Registry)	ConnectionPoolConfigImpl(com.netflix.zuul.origins.OriginName,com.netflix.client.config.IClientConfig)	com.netflix.zuul.netty.connectionpool.ConnectionPoolConfigImpl	SOURCE
com.netflix.zuul.netty.connectionpool.DefaultClientChannelManager	DefaultClientChannelManager(com.netflix.zuul.origins.OriginName,com.netflix.client.config.IClientConfig,com.netflix.zuul.resolver.Resolver<? extends com.netflix.zuul.discovery.DiscoveryResult>,com.netflix.spectator.api.Registry)	newCounter(java.lang.String,java.lang.String)	com.netflix.zuul.netty.SpectatorUtils	SOURCE
com.netflix.zuul.netty.connectionpool.DefaultClientChannelManager	DefaultClientChannelManager(com.netflix.zuul.origins.OriginName,com.netflix.client.config.IClientConfig,com.netflix.zuul.resolver.Resolver<? extends com.netflix.zuul.discovery.DiscoveryResult>,com.netflix.spectator.api.Registry)	newCounter(java.lang.String,java.lang.String)	com.netflix.zuul.netty.SpectatorUtils	SOURCE
com.netflix.zuul.netty.connectionpool.DefaultClientChannelManager	DefaultClientChannelManager(com.netflix.zuul.origins.OriginName,com.netflix.client.config.IClientConfig,com.netflix.zuul.resolver.Resolver<? extends com.netflix.zuul.discovery.DiscoveryResult>,com.netflix.spectator.api.Registry)	newCounter(java.lang.String,java.lang.String)	com.netflix.zuul.netty.SpectatorUtils	SOURCE
com.netflix.zuul.netty.connectionpool.DefaultClientChannelManager	DefaultClientChannelManager(com.netflix.zuul.origins.OriginName,com.netflix.client.config.IClientConfig,com.netflix.zuul.resolver.Resolver<? extends com.netflix.zuul.discovery.DiscoveryResult>,com.netflix.spectator.api.Registry)	newCounter(java.lang.String,java.lang.String)	com.netflix.zuul.netty.SpectatorUtils	SOURCE
com.netflix.zuul.netty.connectionpool.DefaultClientChannelManager	DefaultClientChannelManager(com.netflix.zuul.origins.OriginName,com.netflix.client.config.IClientConfig,com.netflix.zuul.resolver.Resolver<? extends com.netflix.zuul.discovery.DiscoveryResult>,com.netflix.spectator.api.Registry)	newCounter(java.lang.String,java.lang.String)	com.netflix.zuul.netty.SpectatorUtils	SOURCE
com.netflix.zuul.netty.connectionpool.DefaultClientChannelManager	DefaultClientChannelManager(com.netflix.zuul.origins.OriginName,com.netflix.client.config.IClientConfig,com.netflix.zuul.resolver.Resolver<? extends com.netflix.zuul.discovery.DiscoveryResult>,com.netflix.spectator.api.Registry)	newCounter(java.lang.String,java.lang.String)	com.netflix.zuul.netty.SpectatorUtils	SOURCE
com.netflix.zuul.netty.connectionpool.DefaultClientChannelManager	DefaultClientChannelManager(com.netflix.zuul.origins.OriginName,com.netflix.client.config.IClientConfig,com.netflix.zuul.resolver.Resolver<? extends com.netflix.zuul.discovery.DiscoveryResult>,com.netflix.spectator.api.Registry)	newCounter(java.lang.String,java.lang.String)	com.netflix.zuul.netty.SpectatorUtils	SOURCE
com.netflix.zuul.netty.connectionpool.DefaultClientChannelManager	DefaultClientChannelManager(com.netflix.zuul.origins.OriginName,com.netflix.client.config.IClientConfig,com.netflix.zuul.resolver.Resolver<? extends com.netflix.zuul.discovery.DiscoveryResult>,com.netflix.spectator.api.Registry)	newCounter(java.lang.String,java.lang.String)	com.netflix.zuul.netty.SpectatorUtils	SOURCE
com.netflix.zuul.netty.connectionpool.DefaultClientChannelManager	DefaultClientChannelManager(com.netflix.zuul.origins.OriginName,com.netflix.client.config.IClientConfig,com.netflix.zuul.resolver.Resolver<? extends com.netflix.zuul.discovery.DiscoveryResult>,com.netflix.spectator.api.Registry)	newCounter(java.lang.String,java.lang.String)	com.netflix.zuul.netty.SpectatorUtils	SOURCE
com.netflix.zuul.netty.connectionpool.DefaultClientChannelManager	DefaultClientChannelManager(com.netflix.zuul.origins.OriginName,com.netflix.client.config.IClientConfig,com.netflix.zuul.resolver.Resolver<? extends com.netflix.zuul.discovery.DiscoveryResult>,com.netflix.spectator.api.Registry)	newCounter(java.lang.String,java.lang.String)	com.netflix.zuul.netty.SpectatorUtils	SOURCE
com.netflix.zuul.netty.connectionpool.DefaultClientChannelManager	DefaultClientChannelManager(com.netflix.zuul.origins.OriginName,com.netflix.client.config.IClientConfig,com.netflix.zuul.resolver.Resolver<? extends com.netflix.zuul.discovery.DiscoveryResult>,com.netflix.spectator.api.Registry)	newCounter(java.lang.String,java.lang.String)	com.netflix.zuul.netty.SpectatorUtils	SOURCE
com.netflix.zuul.netty.connectionpool.DefaultClientChannelManager	DefaultClientChannelManager(com.netflix.zuul.origins.OriginName,com.netflix.client.config.IClientConfig,com.netflix.zuul.resolver.Resolver<? extends com.netflix.zuul.discovery.DiscoveryResult>,com.netflix.spectator.api.Registry)	newCounter(java.lang.String,java.lang.String)	com.netflix.zuul.netty.SpectatorUtils	SOURCE
com.netflix.zuul.netty.connectionpool.DefaultClientChannelManager	DefaultClientChannelManager(com.netflix.zuul.origins.OriginName,com.netflix.client.config.IClientConfig,com.netflix.zuul.resolver.Resolver<? extends com.netflix.zuul.discovery.DiscoveryResult>,com.netflix.spectator.api.Registry)	newCounter(java.lang.String,java.lang.String)	com.netflix.zuul.netty.SpectatorUtils	SOURCE
com.netflix.zuul.netty.connectionpool.DefaultClientChannelManager	DefaultClientChannelManager(com.netflix.zuul.origins.OriginName,com.netflix.client.config.IClientConfig,com.netflix.zuul.resolver.Resolver<? extends com.netflix.zuul.discovery.DiscoveryResult>,com.netflix.spectator.api.Registry)	get(com.netflix.spectator.api.Registry,com.netflix.spectator.api.Id)	com.netflix.spectator.api.histogram.PercentileTimer	SOURCE
com.netflix.zuul.netty.connectionpool.DefaultClientChannelManager	DefaultClientChannelManager(com.netflix.zuul.origins.OriginName,com.netflix.client.config.IClientConfig,com.netflix.zuul.resolver.Resolver<? extends com.netflix.zuul.discovery.DiscoveryResult>,com.netflix.spectator.api.Registry)	createId(java.lang.String,java.lang.String...)	com.netflix.spectator.api.Registry	SOURCE
com.netflix.zuul.netty.connectionpool.DefaultClientChannelManager	DefaultClientChannelManager(com.netflix.zuul.origins.OriginName,com.netflix.client.config.IClientConfig,com.netflix.zuul.resolver.Resolver<? extends com.netflix.zuul.discovery.DiscoveryResult>,com.netflix.spectator.api.Registry)	<T>newGauge(java.lang.String,java.lang.String,T)	com.netflix.zuul.netty.SpectatorUtils	SOURCE
com.netflix.zuul.netty.connectionpool.DefaultClientChannelManager	DefaultClientChannelManager(com.netflix.zuul.origins.OriginName,com.netflix.client.config.IClientConfig,com.netflix.zuul.resolver.Resolver<? extends com.netflix.zuul.discovery.DiscoveryResult>,com.netflix.spectator.api.Registry)	AtomicInteger()	java.util.concurrent.atomic.AtomicInteger	SOURCE
com.netflix.zuul.netty.connectionpool.DefaultClientChannelManager	DefaultClientChannelManager(com.netflix.zuul.origins.OriginName,com.netflix.client.config.IClientConfig,com.netflix.zuul.resolver.Resolver<? extends com.netflix.zuul.discovery.DiscoveryResult>,com.netflix.spectator.api.Registry)	<T>newGauge(java.lang.String,java.lang.String,T)	com.netflix.zuul.netty.SpectatorUtils	SOURCE
com.netflix.zuul.netty.connectionpool.DefaultClientChannelManager	DefaultClientChannelManager(com.netflix.zuul.origins.OriginName,com.netflix.client.config.IClientConfig,com.netflix.zuul.resolver.Resolver<? extends com.netflix.zuul.discovery.DiscoveryResult>,com.netflix.spectator.api.Registry)	AtomicInteger()	java.util.concurrent.atomic.AtomicInteger	SOURCE
com.netflix.zuul.netty.connectionpool.DefaultClientChannelManager	init()	createChannelInitializer(com.netflix.client.config.IClientConfig,com.netflix.zuul.netty.connectionpool.ConnectionPoolConfig,com.netflix.spectator.api.Registry)	com.netflix.zuul.netty.connectionpool.DefaultClientChannelManager	SOURCE
com.netflix.zuul.netty.connectionpool.DefaultClientChannelManager	init()	createNettyClientConnectionFactory(com.netflix.zuul.netty.connectionpool.ConnectionPoolConfig,io.netty.channel.ChannelInitializer<? extends io.netty.channel.Channel>)	com.netflix.zuul.netty.connectionpool.DefaultClientChannelManager	SOURCE
com.netflix.zuul.netty.connectionpool.DefaultClientChannelManager	createChannelInitializer(com.netflix.client.config.IClientConfig,com.netflix.zuul.netty.connectionpool.ConnectionPoolConfig,com.netflix.spectator.api.Registry)	DefaultOriginChannelInitializer(com.netflix.zuul.netty.connectionpool.ConnectionPoolConfig,com.netflix.spectator.api.Registry)	com.netflix.zuul.netty.connectionpool.DefaultOriginChannelInitializer	SOURCE
com.netflix.zuul.netty.connectionpool.DefaultClientChannelManager	createNettyClientConnectionFactory(com.netflix.zuul.netty.connectionpool.ConnectionPoolConfig,io.netty.channel.ChannelInitializer<? extends io.netty.channel.Channel>)	NettyClientConnectionFactory(com.netflix.zuul.netty.connectionpool.ConnectionPoolConfig,io.netty.channel.ChannelInitializer<? extends io.netty.channel.Channel>)	com.netflix.zuul.netty.connectionpool.NettyClientConnectionFactory	SOURCE
com.netflix.zuul.netty.connectionpool.DefaultClientChannelManager	isAvailable()	hasServers()	com.netflix.zuul.resolver.Resolver	SOURCE
com.netflix.zuul.netty.connectionpool.DefaultClientChannelManager	getInflightRequestsCount()	getInflightRequestsCount()	com.netflix.netty.common.metrics.HttpMetricsChannelHandler	SOURCE
com.netflix.zuul.netty.connectionpool.DefaultClientChannelManager	getInflightRequestsCount()	getHttpMetricsHandler()	com.netflix.zuul.netty.connectionpool.OriginChannelInitializer	SOURCE
com.netflix.zuul.netty.connectionpool.DefaultClientChannelManager	shutdown()	shutdown()	com.netflix.zuul.resolver.Resolver	SOURCE
com.netflix.zuul.netty.connectionpool.DefaultClientChannelManager	shutdown()	values()	java.util.concurrent.ConcurrentHashMap	SOURCE
com.netflix.zuul.netty.connectionpool.DefaultClientChannelManager	shutdown()	shutdown()	com.netflix.zuul.netty.connectionpool.IConnectionPool	SOURCE
com.netflix.zuul.netty.connectionpool.DefaultClientChannelManager	release(com.netflix.zuul.netty.connectionpool.PooledConnection)	stopRequestTimer()	com.netflix.zuul.netty.connectionpool.PooledConnection	SOURCE
com.netflix.zuul.netty.connectionpool.DefaultClientChannelManager	release(com.netflix.zuul.netty.connectionpool.PooledConnection)	increment()	com.netflix.spectator.api.Counter	SOURCE
com.netflix.zuul.netty.connectionpool.DefaultClientChannelManager	release(com.netflix.zuul.netty.connectionpool.PooledConnection)	decrementAndGet()	java.util.concurrent.atomic.AtomicInteger	SOURCE
com.netflix.zuul.netty.connectionpool.DefaultClientChannelManager	release(com.netflix.zuul.netty.connectionpool.PooledConnection)	getServer()	com.netflix.zuul.netty.connectionpool.PooledConnection	SOURCE
com.netflix.zuul.netty.connectionpool.DefaultClientChannelManager	release(com.netflix.zuul.netty.connectionpool.PooledConnection)	decrementActiveRequestsCount()	com.netflix.zuul.discovery.DiscoveryResult	SOURCE
com.netflix.zuul.netty.connectionpool.DefaultClientChannelManager	release(com.netflix.zuul.netty.connectionpool.PooledConnection)	incrementNumRequests()	com.netflix.zuul.discovery.DiscoveryResult	SOURCE
com.netflix.zuul.netty.connectionpool.DefaultClientChannelManager	release(com.netflix.zuul.netty.connectionpool.PooledConnection)	getUsageCount()	com.netflix.zuul.netty.connectionpool.PooledConnection	SOURCE
com.netflix.zuul.netty.connectionpool.DefaultClientChannelManager	release(com.netflix.zuul.netty.connectionpool.PooledConnection)	getMaxRequestsPerConnection()	com.netflix.zuul.netty.connectionpool.ConnectionPoolConfig	SOURCE
com.netflix.zuul.netty.connectionpool.DefaultClientChannelManager	release(com.netflix.zuul.netty.connectionpool.PooledConnection)	isShouldClose()	com.netflix.zuul.netty.connectionpool.PooledConnection	SOURCE
com.netflix.zuul.netty.connectionpool.DefaultClientChannelManager	release(com.netflix.zuul.netty.connectionpool.PooledConnection)	setInPool(boolean)	com.netflix.zuul.netty.connectionpool.PooledConnection	SOURCE
com.netflix.zuul.netty.connectionpool.DefaultClientChannelManager	release(com.netflix.zuul.netty.connectionpool.PooledConnection)	close()	com.netflix.zuul.netty.connectionpool.PooledConnection	SOURCE
com.netflix.zuul.netty.connectionpool.DefaultClientChannelManager	release(com.netflix.zuul.netty.connectionpool.PooledConnection)	increment()	com.netflix.spectator.api.Counter	SOURCE
com.netflix.zuul.netty.connectionpool.DefaultClientChannelManager	release(com.netflix.zuul.netty.connectionpool.PooledConnection)	debug(java.lang.String,java.lang.Object,java.lang.Object)	org.slf4j.Logger	SOURCE
com.netflix.zuul.netty.connectionpool.DefaultClientChannelManager	release(com.netflix.zuul.netty.connectionpool.PooledConnection)	id()	io.netty.channel.Channel	SOURCE
com.netflix.zuul.netty.connectionpool.DefaultClientChannelManager	release(com.netflix.zuul.netty.connectionpool.PooledConnection)	getChannel()	com.netflix.zuul.netty.connectionpool.PooledConnection	SOURCE
com.netflix.zuul.netty.connectionpool.DefaultClientChannelManager	release(com.netflix.zuul.netty.connectionpool.PooledConnection)	getUsageCount()	com.netflix.zuul.netty.connectionpool.PooledConnection	SOURCE
com.netflix.zuul.netty.connectionpool.DefaultClientChannelManager	release(com.netflix.zuul.netty.connectionpool.PooledConnection)	debug(java.lang.String,java.lang.Object)	org.slf4j.Logger	SOURCE
com.netflix.zuul.netty.connectionpool.DefaultClientChannelManager	release(com.netflix.zuul.netty.connectionpool.PooledConnection)	id()	io.netty.channel.Channel	SOURCE
com.netflix.zuul.netty.connectionpool.DefaultClientChannelManager	release(com.netflix.zuul.netty.connectionpool.PooledConnection)	getChannel()	com.netflix.zuul.netty.connectionpool.PooledConnection	SOURCE
com.netflix.zuul.netty.connectionpool.DefaultClientChannelManager	release(com.netflix.zuul.netty.connectionpool.PooledConnection)	isCircuitBreakerTripped()	com.netflix.zuul.discovery.DiscoveryResult	SOURCE
com.netflix.zuul.netty.connectionpool.DefaultClientChannelManager	release(com.netflix.zuul.netty.connectionpool.PooledConnection)	debug(java.lang.String,java.lang.Object)	org.slf4j.Logger	SOURCE
com.netflix.zuul.netty.connectionpool.DefaultClientChannelManager	release(com.netflix.zuul.netty.connectionpool.PooledConnection)	id()	io.netty.channel.Channel	SOURCE
com.netflix.zuul.netty.connectionpool.DefaultClientChannelManager	release(com.netflix.zuul.netty.connectionpool.PooledConnection)	getChannel()	com.netflix.zuul.netty.connectionpool.PooledConnection	SOURCE
com.netflix.zuul.netty.connectionpool.DefaultClientChannelManager	release(com.netflix.zuul.netty.connectionpool.PooledConnection)	setInPool(boolean)	com.netflix.zuul.netty.connectionpool.PooledConnection	SOURCE
com.netflix.zuul.netty.connectionpool.DefaultClientChannelManager	release(com.netflix.zuul.netty.connectionpool.PooledConnection)	close()	com.netflix.zuul.netty.connectionpool.PooledConnection	SOURCE
com.netflix.zuul.netty.connectionpool.DefaultClientChannelManager	release(com.netflix.zuul.netty.connectionpool.PooledConnection)	isActive()	com.netflix.zuul.netty.connectionpool.PooledConnection	SOURCE
com.netflix.zuul.netty.connectionpool.DefaultClientChannelManager	release(com.netflix.zuul.netty.connectionpool.PooledConnection)	debug(java.lang.String,java.lang.Object)	org.slf4j.Logger	SOURCE
com.netflix.zuul.netty.connectionpool.DefaultClientChannelManager	release(com.netflix.zuul.netty.connectionpool.PooledConnection)	id()	io.netty.channel.Channel	SOURCE
com.netflix.zuul.netty.connectionpool.DefaultClientChannelManager	release(com.netflix.zuul.netty.connectionpool.PooledConnection)	getChannel()	com.netflix.zuul.netty.connectionpool.PooledConnection	SOURCE
com.netflix.zuul.netty.connectionpool.DefaultClientChannelManager	release(com.netflix.zuul.netty.connectionpool.PooledConnection)	increment()	com.netflix.spectator.api.Counter	SOURCE
com.netflix.zuul.netty.connectionpool.DefaultClientChannelManager	release(com.netflix.zuul.netty.connectionpool.PooledConnection)	updateServerStats()	com.netflix.zuul.netty.connectionpool.PooledConnection	SOURCE
com.netflix.zuul.netty.connectionpool.DefaultClientChannelManager	release(com.netflix.zuul.netty.connectionpool.PooledConnection)	setInPool(boolean)	com.netflix.zuul.netty.connectionpool.PooledConnection	SOURCE
com.netflix.zuul.netty.connectionpool.DefaultClientChannelManager	release(com.netflix.zuul.netty.connectionpool.PooledConnection)	releaseHandlers(com.netflix.zuul.netty.connectionpool.PooledConnection)	com.netflix.zuul.netty.connectionpool.DefaultClientChannelManager	SOURCE
com.netflix.zuul.netty.connectionpool.DefaultClientChannelManager	release(com.netflix.zuul.netty.connectionpool.PooledConnection)	get(java.lang.Object)	java.util.concurrent.ConcurrentHashMap	SOURCE
com.netflix.zuul.netty.connectionpool.DefaultClientChannelManager	release(com.netflix.zuul.netty.connectionpool.PooledConnection)	release(com.netflix.zuul.netty.connectionpool.PooledConnection)	com.netflix.zuul.netty.connectionpool.IConnectionPool	SOURCE
com.netflix.zuul.netty.connectionpool.DefaultClientChannelManager	release(com.netflix.zuul.netty.connectionpool.PooledConnection)	setInPool(boolean)	com.netflix.zuul.netty.connectionpool.PooledConnection	SOURCE
com.netflix.zuul.netty.connectionpool.DefaultClientChannelManager	release(com.netflix.zuul.netty.connectionpool.PooledConnection)	close()	com.netflix.zuul.netty.connectionpool.PooledConnection	SOURCE
com.netflix.zuul.netty.connectionpool.DefaultClientChannelManager	release(com.netflix.zuul.netty.connectionpool.PooledConnection)	isDebugEnabled()	org.slf4j.Logger	SOURCE
com.netflix.zuul.netty.connectionpool.DefaultClientChannelManager	release(com.netflix.zuul.netty.connectionpool.PooledConnection)	debug(java.lang.String,java.lang.Object)	org.slf4j.Logger	SOURCE
com.netflix.zuul.netty.connectionpool.DefaultClientChannelManager	release(com.netflix.zuul.netty.connectionpool.PooledConnection)	toString()	com.netflix.zuul.netty.connectionpool.PooledConnection	SOURCE
com.netflix.zuul.netty.connectionpool.DefaultClientChannelManager	releaseHandlers(com.netflix.zuul.netty.connectionpool.PooledConnection)	pipeline()	io.netty.channel.Channel	SOURCE
com.netflix.zuul.netty.connectionpool.DefaultClientChannelManager	releaseHandlers(com.netflix.zuul.netty.connectionpool.PooledConnection)	getChannel()	com.netflix.zuul.netty.connectionpool.PooledConnection	SOURCE
com.netflix.zuul.netty.connectionpool.DefaultClientChannelManager	releaseHandlers(com.netflix.zuul.netty.connectionpool.PooledConnection)	removeHandlerFromPipeline(java.lang.String,io.netty.channel.ChannelPipeline)	com.netflix.zuul.netty.connectionpool.DefaultClientChannelManager	SOURCE
com.netflix.zuul.netty.connectionpool.DefaultClientChannelManager	releaseHandlers(com.netflix.zuul.netty.connectionpool.PooledConnection)	context(java.lang.Class<? extends io.netty.channel.ChannelHandler>)	io.netty.channel.ChannelPipeline	SOURCE
com.netflix.zuul.netty.connectionpool.DefaultClientChannelManager	releaseHandlers(com.netflix.zuul.netty.connectionpool.PooledConnection)	addAfter(java.lang.String,java.lang.String,io.netty.channel.ChannelHandler)	io.netty.channel.ChannelPipeline	SOURCE
com.netflix.zuul.netty.connectionpool.DefaultClientChannelManager	releaseHandlers(com.netflix.zuul.netty.connectionpool.PooledConnection)	name()	io.netty.channel.ChannelHandlerContext	SOURCE
com.netflix.zuul.netty.connectionpool.DefaultClientChannelManager	releaseHandlers(com.netflix.zuul.netty.connectionpool.PooledConnection)	IdleStateHandler(long,long,long,java.util.concurrent.TimeUnit)	io.netty.handler.timeout.IdleStateHandler	SOURCE
com.netflix.zuul.netty.connectionpool.DefaultClientChannelManager	releaseHandlers(com.netflix.zuul.netty.connectionpool.PooledConnection)	getIdleTimeout()	com.netflix.zuul.netty.connectionpool.ConnectionPoolConfig	SOURCE
com.netflix.zuul.netty.connectionpool.DefaultClientChannelManager	removeHandlerFromPipeline(java.lang.String,io.netty.channel.ChannelPipeline)	get(java.lang.String)	io.netty.channel.ChannelPipeline	SOURCE
com.netflix.zuul.netty.connectionpool.DefaultClientChannelManager	removeHandlerFromPipeline(java.lang.String,io.netty.channel.ChannelPipeline)	remove(java.lang.String)	io.netty.channel.ChannelPipeline	SOURCE
com.netflix.zuul.netty.connectionpool.DefaultClientChannelManager	remove(com.netflix.zuul.netty.connectionpool.PooledConnection)	isInPool()	com.netflix.zuul.netty.connectionpool.PooledConnection	SOURCE
com.netflix.zuul.netty.connectionpool.DefaultClientChannelManager	remove(com.netflix.zuul.netty.connectionpool.PooledConnection)	get(java.lang.Object)	java.util.concurrent.ConcurrentHashMap	SOURCE
com.netflix.zuul.netty.connectionpool.DefaultClientChannelManager	remove(com.netflix.zuul.netty.connectionpool.PooledConnection)	getServer()	com.netflix.zuul.netty.connectionpool.PooledConnection	SOURCE
com.netflix.zuul.netty.connectionpool.DefaultClientChannelManager	remove(com.netflix.zuul.netty.connectionpool.PooledConnection)	remove(com.netflix.zuul.netty.connectionpool.PooledConnection)	com.netflix.zuul.netty.connectionpool.IConnectionPool	SOURCE
com.netflix.zuul.netty.connectionpool.DefaultClientChannelManager	remove(com.netflix.zuul.netty.connectionpool.PooledConnection)	setInPool(boolean)	com.netflix.zuul.netty.connectionpool.PooledConnection	SOURCE
com.netflix.zuul.netty.connectionpool.DefaultClientChannelManager	remove(com.netflix.zuul.netty.connectionpool.PooledConnection)	decrementAndGet()	java.util.concurrent.atomic.AtomicInteger	SOURCE
com.netflix.zuul.netty.connectionpool.DefaultClientChannelManager	acquire(io.netty.channel.EventLoop)	acquire(io.netty.channel.EventLoop,java.lang.Object,com.netflix.zuul.passport.CurrentPassport,java.util.concurrent.atomic.AtomicReference<com.netflix.zuul.discovery.DiscoveryResult>,java.util.concurrent.atomic.AtomicReference<? super java.net.InetAddress>)	com.netflix.zuul.netty.connectionpool.DefaultClientChannelManager	SOURCE
com.netflix.zuul.netty.connectionpool.DefaultClientChannelManager	acquire(io.netty.channel.EventLoop)	create()	com.netflix.zuul.passport.CurrentPassport	SOURCE
com.netflix.zuul.netty.connectionpool.DefaultClientChannelManager	acquire(io.netty.channel.EventLoop)	AtomicReference()	java.util.concurrent.atomic.AtomicReference	SOURCE
com.netflix.zuul.netty.connectionpool.DefaultClientChannelManager	acquire(io.netty.channel.EventLoop)	AtomicReference()	java.util.concurrent.atomic.AtomicReference	SOURCE
com.netflix.zuul.netty.connectionpool.DefaultClientChannelManager	acquire(io.netty.channel.EventLoop,java.lang.Object,com.netflix.zuul.passport.CurrentPassport,java.util.concurrent.atomic.AtomicReference<com.netflix.zuul.discovery.DiscoveryResult>,java.util.concurrent.atomic.AtomicReference<? super java.net.InetAddress>)	<V>newPromise()	io.netty.util.concurrent.EventExecutor	SOURCE
com.netflix.zuul.netty.connectionpool.DefaultClientChannelManager	acquire(io.netty.channel.EventLoop,java.lang.Object,com.netflix.zuul.passport.CurrentPassport,java.util.concurrent.atomic.AtomicReference<com.netflix.zuul.discovery.DiscoveryResult>,java.util.concurrent.atomic.AtomicReference<? super java.net.InetAddress>)	setFailure(java.lang.Throwable)	io.netty.util.concurrent.Promise	SOURCE
com.netflix.zuul.netty.connectionpool.DefaultClientChannelManager	acquire(io.netty.channel.EventLoop,java.lang.Object,com.netflix.zuul.passport.CurrentPassport,java.util.concurrent.atomic.AtomicReference<com.netflix.zuul.discovery.DiscoveryResult>,java.util.concurrent.atomic.AtomicReference<? super java.net.InetAddress>)	resolve(java.lang.Object)	com.netflix.zuul.resolver.Resolver	SOURCE
com.netflix.zuul.netty.connectionpool.DefaultClientChannelManager	acquire(io.netty.channel.EventLoop,java.lang.Object,com.netflix.zuul.passport.CurrentPassport,java.util.concurrent.atomic.AtomicReference<com.netflix.zuul.discovery.DiscoveryResult>,java.util.concurrent.atomic.AtomicReference<? super java.net.InetAddress>)	set(V)	java.util.concurrent.atomic.AtomicReference	SOURCE
com.netflix.zuul.netty.connectionpool.DefaultClientChannelManager	acquire(io.netty.channel.EventLoop,java.lang.Object,com.netflix.zuul.passport.CurrentPassport,java.util.concurrent.atomic.AtomicReference<com.netflix.zuul.discovery.DiscoveryResult>,java.util.concurrent.atomic.AtomicReference<? super java.net.InetAddress>)	<V>newPromise()	io.netty.util.concurrent.EventExecutor	SOURCE
com.netflix.zuul.netty.connectionpool.DefaultClientChannelManager	acquire(io.netty.channel.EventLoop,java.lang.Object,com.netflix.zuul.passport.CurrentPassport,java.util.concurrent.atomic.AtomicReference<com.netflix.zuul.discovery.DiscoveryResult>,java.util.concurrent.atomic.AtomicReference<? super java.net.InetAddress>)	setFailure(java.lang.Throwable)	io.netty.util.concurrent.Promise	SOURCE
com.netflix.zuul.netty.connectionpool.DefaultClientChannelManager	acquire(io.netty.channel.EventLoop,java.lang.Object,com.netflix.zuul.passport.CurrentPassport,java.util.concurrent.atomic.AtomicReference<com.netflix.zuul.discovery.DiscoveryResult>,java.util.concurrent.atomic.AtomicReference<? super java.net.InetAddress>)	OriginConnectException(java.lang.String,com.netflix.zuul.exception.ErrorType)	com.netflix.zuul.netty.connectionpool.OriginConnectException	SOURCE
com.netflix.zuul.netty.connectionpool.DefaultClientChannelManager	acquire(io.netty.channel.EventLoop,java.lang.Object,com.netflix.zuul.passport.CurrentPassport,java.util.concurrent.atomic.AtomicReference<com.netflix.zuul.discovery.DiscoveryResult>,java.util.concurrent.atomic.AtomicReference<? super java.net.InetAddress>)	computeIfAbsent(K,java.util.function.Function<? super K,? extends V>)	java.util.concurrent.ConcurrentHashMap	SOURCE
com.netflix.zuul.netty.connectionpool.DefaultClientChannelManager	acquire(io.netty.channel.EventLoop,java.lang.Object,com.netflix.zuul.passport.CurrentPassport,java.util.concurrent.atomic.AtomicReference<com.netflix.zuul.discovery.DiscoveryResult>,java.util.concurrent.atomic.AtomicReference<? super java.net.InetAddress>)	apply(T)	java.util.function.Function	SOURCE
com.netflix.zuul.netty.connectionpool.DefaultClientChannelManager	acquire(io.netty.channel.EventLoop,java.lang.Object,com.netflix.zuul.passport.CurrentPassport,java.util.concurrent.atomic.AtomicReference<com.netflix.zuul.discovery.DiscoveryResult>,java.util.concurrent.atomic.AtomicReference<? super java.net.InetAddress>)	pickAddress(com.netflix.zuul.discovery.DiscoveryResult)	com.netflix.zuul.netty.connectionpool.DefaultClientChannelManager	SOURCE
com.netflix.zuul.netty.connectionpool.DefaultClientChannelManager	acquire(io.netty.channel.EventLoop,java.lang.Object,com.netflix.zuul.passport.CurrentPassport,java.util.concurrent.atomic.AtomicReference<com.netflix.zuul.discovery.DiscoveryResult>,java.util.concurrent.atomic.AtomicReference<? super java.net.InetAddress>)	createPooledConnectionFactory(com.netflix.zuul.discovery.DiscoveryResult,com.netflix.zuul.netty.connectionpool.ClientChannelManager,com.netflix.spectator.api.Counter,com.netflix.spectator.api.Counter)	com.netflix.zuul.netty.connectionpool.DefaultClientChannelManager	SOURCE
com.netflix.zuul.netty.connectionpool.DefaultClientChannelManager	acquire(io.netty.channel.EventLoop,java.lang.Object,com.netflix.zuul.passport.CurrentPassport,java.util.concurrent.atomic.AtomicReference<com.netflix.zuul.discovery.DiscoveryResult>,java.util.concurrent.atomic.AtomicReference<? super java.net.InetAddress>)	createConnectionPool(com.netflix.zuul.discovery.DiscoveryResult,java.net.SocketAddress,com.netflix.zuul.netty.connectionpool.NettyClientConnectionFactory,com.netflix.zuul.netty.connectionpool.PooledConnectionFactory,com.netflix.zuul.netty.connectionpool.ConnectionPoolConfig,com.netflix.client.config.IClientConfig,com.netflix.spectator.api.Counter,com.netflix.spectator.api.Counter,com.netflix.spectator.api.Counter,com.netflix.spectator.api.Counter,com.netflix.spectator.api.Counter,com.netflix.spectator.api.Counter,com.netflix.spectator.api.Counter,com.netflix.spectator.api.Counter,com.netflix.spectator.api.histogram.PercentileTimer,java.util.concurrent.atomic.AtomicInteger,java.util.concurrent.atomic.AtomicInteger)	com.netflix.zuul.netty.connectionpool.DefaultClientChannelManager	SOURCE
com.netflix.zuul.netty.connectionpool.DefaultClientChannelManager	acquire(io.netty.channel.EventLoop,java.lang.Object,com.netflix.zuul.passport.CurrentPassport,java.util.concurrent.atomic.AtomicReference<com.netflix.zuul.discovery.DiscoveryResult>,java.util.concurrent.atomic.AtomicReference<? super java.net.InetAddress>)	acquire(io.netty.channel.EventLoop,com.netflix.zuul.passport.CurrentPassport,java.util.concurrent.atomic.AtomicReference<? super java.net.InetAddress>)	com.netflix.zuul.netty.connectionpool.IConnectionPool	SOURCE
com.netflix.zuul.netty.connectionpool.DefaultClientChannelManager	createPooledConnectionFactory(com.netflix.zuul.discovery.DiscoveryResult,com.netflix.zuul.netty.connectionpool.ClientChannelManager,com.netflix.spectator.api.Counter,com.netflix.spectator.api.Counter)	create(io.netty.channel.Channel)	com.netflix.zuul.netty.connectionpool.PooledConnectionFactory	SOURCE
com.netflix.zuul.netty.connectionpool.DefaultClientChannelManager	createPooledConnectionFactory(com.netflix.zuul.discovery.DiscoveryResult,com.netflix.zuul.netty.connectionpool.ClientChannelManager,com.netflix.spectator.api.Counter,com.netflix.spectator.api.Counter)	PooledConnection(io.netty.channel.Channel,com.netflix.zuul.discovery.DiscoveryResult,com.netflix.zuul.netty.connectionpool.ClientChannelManager,com.netflix.spectator.api.Counter,com.netflix.spectator.api.Counter)	com.netflix.zuul.netty.connectionpool.PooledConnection	SOURCE
com.netflix.zuul.netty.connectionpool.DefaultClientChannelManager	createConnectionPool(com.netflix.zuul.discovery.DiscoveryResult,java.net.SocketAddress,com.netflix.zuul.netty.connectionpool.NettyClientConnectionFactory,com.netflix.zuul.netty.connectionpool.PooledConnectionFactory,com.netflix.zuul.netty.connectionpool.ConnectionPoolConfig,com.netflix.client.config.IClientConfig,com.netflix.spectator.api.Counter,com.netflix.spectator.api.Counter,com.netflix.spectator.api.Counter,com.netflix.spectator.api.Counter,com.netflix.spectator.api.Counter,com.netflix.spectator.api.Counter,com.netflix.spectator.api.Counter,com.netflix.spectator.api.Counter,com.netflix.spectator.api.histogram.PercentileTimer,java.util.concurrent.atomic.AtomicInteger,java.util.concurrent.atomic.AtomicInteger)	PerServerConnectionPool(com.netflix.zuul.discovery.DiscoveryResult,java.net.SocketAddress,com.netflix.zuul.netty.connectionpool.NettyClientConnectionFactory,com.netflix.zuul.netty.connectionpool.PooledConnectionFactory,com.netflix.zuul.netty.connectionpool.ConnectionPoolConfig,com.netflix.client.config.IClientConfig,com.netflix.spectator.api.Counter,com.netflix.spectator.api.Counter,com.netflix.spectator.api.Counter,com.netflix.spectator.api.Counter,com.netflix.spectator.api.Counter,com.netflix.spectator.api.Counter,com.netflix.spectator.api.Counter,com.netflix.spectator.api.Counter,com.netflix.spectator.api.Timer,java.util.concurrent.atomic.AtomicInteger,java.util.concurrent.atomic.AtomicInteger)	com.netflix.zuul.netty.connectionpool.PerServerConnectionPool	SOURCE
com.netflix.zuul.netty.connectionpool.DefaultClientChannelManager$ServerPoolListener	onChange(java.util.List<com.netflix.zuul.discovery.DiscoveryResult>)	isEmpty()	java.util.List	SOURCE
com.netflix.zuul.netty.connectionpool.DefaultClientChannelManager$ServerPoolListener	onChange(java.util.List<com.netflix.zuul.discovery.DiscoveryResult>)	debug(java.lang.String,java.lang.Object,java.lang.Object)	org.slf4j.Logger	SOURCE
com.netflix.zuul.netty.connectionpool.DefaultClientChannelManager$ServerPoolListener	onChange(java.util.List<com.netflix.zuul.discovery.DiscoveryResult>)	size()	java.util.List	SOURCE
com.netflix.zuul.netty.connectionpool.DefaultClientChannelManager$ServerPoolListener	onChange(java.util.List<com.netflix.zuul.discovery.DiscoveryResult>)	remove(java.lang.Object)	java.util.concurrent.ConcurrentHashMap	SOURCE
com.netflix.zuul.netty.connectionpool.DefaultClientChannelManager$ServerPoolListener	onChange(java.util.List<com.netflix.zuul.discovery.DiscoveryResult>)	shutdown()	com.netflix.zuul.netty.connectionpool.IConnectionPool	SOURCE
com.netflix.zuul.netty.connectionpool.DefaultClientChannelManager	getConnsInPool()	get()	java.util.concurrent.atomic.AtomicInteger	SOURCE
com.netflix.zuul.netty.connectionpool.DefaultClientChannelManager	getConnsInUse()	get()	java.util.concurrent.atomic.AtomicInteger	SOURCE
com.netflix.zuul.netty.connectionpool.DefaultClientChannelManager	pickAddressInternal(com.netflix.zuul.discovery.ResolverResult,com.netflix.zuul.origins.OriginName)	getHost()	com.netflix.zuul.discovery.ResolverResult	SOURCE
com.netflix.zuul.netty.connectionpool.DefaultClientChannelManager	pickAddressInternal(com.netflix.zuul.discovery.ResolverResult,com.netflix.zuul.origins.OriginName)	getPort()	com.netflix.zuul.discovery.ResolverResult	SOURCE
com.netflix.zuul.netty.connectionpool.DefaultClientChannelManager	pickAddressInternal(com.netflix.zuul.discovery.ResolverResult,com.netflix.zuul.origins.OriginName)	forString(java.lang.String)	com.google.common.net.InetAddresses	SOURCE
com.netflix.zuul.netty.connectionpool.DefaultClientChannelManager	pickAddressInternal(com.netflix.zuul.discovery.ResolverResult,com.netflix.zuul.origins.OriginName)	InetSocketAddress(java.net.InetAddress,int)	java.net.InetSocketAddress	SOURCE
com.netflix.zuul.netty.connectionpool.DefaultClientChannelManager	pickAddressInternal(com.netflix.zuul.discovery.ResolverResult,com.netflix.zuul.origins.OriginName)	warn(java.lang.String,java.lang.Object)	org.slf4j.Logger	SOURCE
com.netflix.zuul.netty.connectionpool.DefaultClientChannelManager	pickAddressInternal(com.netflix.zuul.discovery.ResolverResult,com.netflix.zuul.origins.OriginName)	newCounter(java.lang.String,java.lang.String)	com.netflix.zuul.netty.SpectatorUtils	SOURCE
com.netflix.zuul.netty.connectionpool.DefaultClientChannelManager	pickAddressInternal(com.netflix.zuul.discovery.ResolverResult,com.netflix.zuul.origins.OriginName)	getTarget()	com.netflix.zuul.origins.OriginName	SOURCE
com.netflix.zuul.netty.connectionpool.DefaultClientChannelManager	pickAddressInternal(com.netflix.zuul.discovery.ResolverResult,com.netflix.zuul.origins.OriginName)	increment()	com.netflix.spectator.api.Counter	SOURCE
com.netflix.zuul.netty.connectionpool.DefaultClientChannelManager	pickAddressInternal(com.netflix.zuul.discovery.ResolverResult,com.netflix.zuul.origins.OriginName)	InetSocketAddress(java.lang.String,int)	java.net.InetSocketAddress	SOURCE
com.netflix.zuul.netty.connectionpool.DefaultClientChannelManager	pickAddressInternal(com.netflix.zuul.discovery.ResolverResult,com.netflix.zuul.origins.OriginName)	addSuppressed(java.lang.Throwable)	java.lang.Throwable	SOURCE
com.netflix.zuul.netty.connectionpool.DefaultClientChannelManager	pickAddress(com.netflix.zuul.discovery.DiscoveryResult)	pickAddressInternal(com.netflix.zuul.discovery.ResolverResult,com.netflix.zuul.origins.OriginName)	com.netflix.zuul.netty.connectionpool.DefaultClientChannelManager	SOURCE
com.netflix.zuul.netty.connectionpool.DefaultClientChannelManager	pickAddress(com.netflix.zuul.discovery.DiscoveryResult)	getOriginName()	com.netflix.zuul.netty.connectionpool.ConnectionPoolConfig	SOURCE
com.netflix.zuul.netty.filter.ZuulFilterChainHandler	LOG	getLogger(java.lang.Class<?>)	org.slf4j.LoggerFactory	SOURCE
com.netflix.zuul.netty.filter.ZuulFilterChainHandler	ZuulFilterChainHandler(com.netflix.zuul.netty.filter.ZuulFilterChainRunner<com.netflix.zuul.message.http.HttpRequestMessage>,com.netflix.zuul.netty.filter.ZuulFilterChainRunner<com.netflix.zuul.message.http.HttpResponseMessage>)	ChannelInboundHandlerAdapter()	io.netty.channel.ChannelInboundHandlerAdapter	SOURCE
com.netflix.zuul.netty.filter.ZuulFilterChainHandler	ZuulFilterChainHandler(com.netflix.zuul.netty.filter.ZuulFilterChainRunner<com.netflix.zuul.message.http.HttpRequestMessage>,com.netflix.zuul.netty.filter.ZuulFilterChainRunner<com.netflix.zuul.message.http.HttpResponseMessage>)	<T>checkNotNull(T,java.lang.Object)	com.google.common.base.Preconditions	SOURCE
com.netflix.zuul.netty.filter.ZuulFilterChainHandler	ZuulFilterChainHandler(com.netflix.zuul.netty.filter.ZuulFilterChainRunner<com.netflix.zuul.message.http.HttpRequestMessage>,com.netflix.zuul.netty.filter.ZuulFilterChainRunner<com.netflix.zuul.message.http.HttpResponseMessage>)	<T>checkNotNull(T,java.lang.Object)	com.google.common.base.Preconditions	SOURCE
com.netflix.zuul.netty.filter.ZuulFilterChainHandler	channelRead(io.netty.channel.ChannelHandlerContext,java.lang.Object)	getContext()	com.netflix.zuul.message.ZuulMessage	SOURCE
com.netflix.zuul.netty.filter.ZuulFilterChainHandler	channelRead(io.netty.channel.ChannelHandlerContext,java.lang.Object)	put(java.lang.String,java.lang.Object)	com.netflix.zuul.context.SessionContext	SOURCE
com.netflix.zuul.netty.filter.ZuulFilterChainHandler	channelRead(io.netty.channel.ChannelHandlerContext,java.lang.Object)	filter(T)	com.netflix.zuul.netty.filter.ZuulFilterChainRunner	SOURCE
com.netflix.zuul.netty.filter.ZuulFilterChainHandler	channelRead(io.netty.channel.ChannelHandlerContext,java.lang.Object)	filter(T,io.netty.handler.codec.http.HttpContent)	com.netflix.zuul.netty.filter.ZuulFilterChainRunner	SOURCE
com.netflix.zuul.netty.filter.ZuulFilterChainHandler	channelRead(io.netty.channel.ChannelHandlerContext,java.lang.Object)	debug(java.lang.String,java.lang.Object)	org.slf4j.Logger	SOURCE
com.netflix.zuul.netty.filter.ZuulFilterChainHandler	channelRead(io.netty.channel.ChannelHandlerContext,java.lang.Object)	getName()	java.lang.Class	SOURCE
com.netflix.zuul.netty.filter.ZuulFilterChainHandler	channelRead(io.netty.channel.ChannelHandlerContext,java.lang.Object)	getClass()	java.lang.Object	SOURCE
com.netflix.zuul.netty.filter.ZuulFilterChainHandler	channelRead(io.netty.channel.ChannelHandlerContext,java.lang.Object)	release(java.lang.Object)	io.netty.util.ReferenceCountUtil	SOURCE
com.netflix.zuul.netty.filter.ZuulFilterChainHandler	userEventTriggered(io.netty.channel.ChannelHandlerContext,java.lang.Object)	fireEndpointFinish(boolean,io.netty.channel.ChannelHandlerContext)	com.netflix.zuul.netty.filter.ZuulFilterChainHandler	SOURCE
com.netflix.zuul.netty.filter.ZuulFilterChainHandler	userEventTriggered(io.netty.channel.ChannelHandlerContext,java.lang.Object)	getReason()	com.netflix.netty.common.HttpLifecycleChannelHandler$CompleteEvent	SOURCE
com.netflix.zuul.netty.filter.ZuulFilterChainHandler	userEventTriggered(io.netty.channel.ChannelHandlerContext,java.lang.Object)	sendResponse(com.netflix.zuul.stats.status.StatusCategory,int,io.netty.channel.ChannelHandlerContext)	com.netflix.zuul.netty.filter.ZuulFilterChainHandler	SOURCE
com.netflix.zuul.netty.filter.ZuulFilterChainHandler	userEventTriggered(io.netty.channel.ChannelHandlerContext,java.lang.Object)	sendResponse(com.netflix.zuul.stats.status.StatusCategory,int,io.netty.channel.ChannelHandlerContext)	com.netflix.zuul.netty.filter.ZuulFilterChainHandler	SOURCE
com.netflix.zuul.netty.filter.ZuulFilterChainHandler	userEventTriggered(io.netty.channel.ChannelHandlerContext,java.lang.Object)	cancel()	com.netflix.zuul.context.SessionContext	SOURCE
com.netflix.zuul.netty.filter.ZuulFilterChainHandler	userEventTriggered(io.netty.channel.ChannelHandlerContext,java.lang.Object)	getContext()	com.netflix.zuul.message.ZuulMessage	SOURCE
com.netflix.zuul.netty.filter.ZuulFilterChainHandler	userEventTriggered(io.netty.channel.ChannelHandlerContext,java.lang.Object)	storeStatusCategoryIfNotAlreadyFailure(com.netflix.zuul.context.SessionContext,com.netflix.zuul.stats.status.StatusCategory)	com.netflix.zuul.stats.status.StatusCategoryUtils	SOURCE
com.netflix.zuul.netty.filter.ZuulFilterChainHandler	userEventTriggered(io.netty.channel.ChannelHandlerContext,java.lang.Object)	getContext()	com.netflix.zuul.message.ZuulMessage	SOURCE
com.netflix.zuul.netty.filter.ZuulFilterChainHandler	userEventTriggered(io.netty.channel.ChannelHandlerContext,java.lang.Object)	fireEndpointFinish(boolean,io.netty.channel.ChannelHandlerContext)	com.netflix.zuul.netty.filter.ZuulFilterChainHandler	SOURCE
com.netflix.zuul.netty.filter.ZuulFilterChainHandler	userEventTriggered(io.netty.channel.ChannelHandlerContext,java.lang.Object)	close()	io.netty.channel.ChannelOutboundInvoker	SOURCE
com.netflix.zuul.netty.filter.ZuulFilterChainHandler	userEventTriggered(io.netty.channel.ChannelHandlerContext,java.lang.Object)	userEventTriggered(io.netty.channel.ChannelHandlerContext,java.lang.Object)	io.netty.channel.ChannelInboundHandlerAdapter	SOURCE
com.netflix.zuul.netty.filter.ZuulFilterChainHandler	sendResponse(com.netflix.zuul.stats.status.StatusCategory,int,io.netty.channel.ChannelHandlerContext)	close()	io.netty.channel.ChannelOutboundInvoker	SOURCE
com.netflix.zuul.netty.filter.ZuulFilterChainHandler	sendResponse(com.netflix.zuul.stats.status.StatusCategory,int,io.netty.channel.ChannelHandlerContext)	getContext()	com.netflix.zuul.message.ZuulMessage	SOURCE
com.netflix.zuul.netty.filter.ZuulFilterChainHandler	sendResponse(com.netflix.zuul.stats.status.StatusCategory,int,io.netty.channel.ChannelHandlerContext)	cancel()	com.netflix.zuul.context.SessionContext	SOURCE
com.netflix.zuul.netty.filter.ZuulFilterChainHandler	sendResponse(com.netflix.zuul.stats.status.StatusCategory,int,io.netty.channel.ChannelHandlerContext)	getContext()	com.netflix.zuul.message.ZuulMessage	SOURCE
com.netflix.zuul.netty.filter.ZuulFilterChainHandler	sendResponse(com.netflix.zuul.stats.status.StatusCategory,int,io.netty.channel.ChannelHandlerContext)	storeStatusCategoryIfNotAlreadyFailure(com.netflix.zuul.context.SessionContext,com.netflix.zuul.stats.status.StatusCategory)	com.netflix.zuul.stats.status.StatusCategoryUtils	SOURCE
com.netflix.zuul.netty.filter.ZuulFilterChainHandler	sendResponse(com.netflix.zuul.stats.status.StatusCategory,int,io.netty.channel.ChannelHandlerContext)	HttpResponseMessageImpl(com.netflix.zuul.context.SessionContext,com.netflix.zuul.message.http.HttpRequestMessage,int)	com.netflix.zuul.message.http.HttpResponseMessageImpl	SOURCE
com.netflix.zuul.netty.filter.ZuulFilterChainHandler	sendResponse(com.netflix.zuul.stats.status.StatusCategory,int,io.netty.channel.ChannelHandlerContext)	getHeaders()	com.netflix.zuul.message.ZuulMessage	SOURCE
com.netflix.zuul.netty.filter.ZuulFilterChainHandler	sendResponse(com.netflix.zuul.stats.status.StatusCategory,int,io.netty.channel.ChannelHandlerContext)	add(java.lang.String,java.lang.String)	com.netflix.zuul.message.Headers	SOURCE
com.netflix.zuul.netty.filter.ZuulFilterChainHandler	sendResponse(com.netflix.zuul.stats.status.StatusCategory,int,io.netty.channel.ChannelHandlerContext)	add(java.lang.String,java.lang.String)	com.netflix.zuul.message.Headers	SOURCE
com.netflix.zuul.netty.filter.ZuulFilterChainHandler	sendResponse(com.netflix.zuul.stats.status.StatusCategory,int,io.netty.channel.ChannelHandlerContext)	finishBufferedBodyIfIncomplete()	com.netflix.zuul.message.ZuulMessage	SOURCE
com.netflix.zuul.netty.filter.ZuulFilterChainHandler	sendResponse(com.netflix.zuul.stats.status.StatusCategory,int,io.netty.channel.ChannelHandlerContext)	filter(T)	com.netflix.zuul.netty.filter.ZuulFilterChainRunner	SOURCE
com.netflix.zuul.netty.filter.ZuulFilterChainHandler	sendResponse(com.netflix.zuul.stats.status.StatusCategory,int,io.netty.channel.ChannelHandlerContext)	fireEndpointFinish(boolean,io.netty.channel.ChannelHandlerContext)	com.netflix.zuul.netty.filter.ZuulFilterChainHandler	SOURCE
com.netflix.zuul.netty.filter.ZuulFilterChainHandler	fireEndpointFinish(boolean,io.netty.channel.ChannelHandlerContext)	finishResponseFilters(io.netty.channel.ChannelHandlerContext)	com.netflix.zuul.netty.filter.ZuulFilterChainHandler	SOURCE
com.netflix.zuul.netty.filter.ZuulFilterChainHandler	fireEndpointFinish(boolean,io.netty.channel.ChannelHandlerContext)	getEndpoint(com.netflix.zuul.message.http.HttpRequestMessage)	com.netflix.zuul.netty.filter.ZuulEndPointRunner	SOURCE
com.netflix.zuul.netty.filter.ZuulFilterChainHandler	fireEndpointFinish(boolean,io.netty.channel.ChannelHandlerContext)	finish(boolean)	com.netflix.zuul.filters.endpoint.ProxyEndpoint	SOURCE
com.netflix.zuul.netty.filter.ZuulFilterChainHandler	finishResponseFilters(io.netty.channel.ChannelHandlerContext)	isFilterAwaitingBody(com.netflix.zuul.context.SessionContext)	com.netflix.zuul.netty.filter.BaseZuulFilterRunner	SOURCE
com.netflix.zuul.netty.filter.ZuulFilterChainHandler	finishResponseFilters(io.netty.channel.ChannelHandlerContext)	getContext()	com.netflix.zuul.message.ZuulMessage	SOURCE
com.netflix.zuul.netty.filter.ZuulFilterChainHandler	finishResponseFilters(io.netty.channel.ChannelHandlerContext)	get()	io.netty.util.Attribute	SOURCE
com.netflix.zuul.netty.filter.ZuulFilterChainHandler	finishResponseFilters(io.netty.channel.ChannelHandlerContext)	<T>attr(io.netty.util.AttributeKey<T>)	io.netty.util.AttributeMap	SOURCE
com.netflix.zuul.netty.filter.ZuulFilterChainHandler	finishResponseFilters(io.netty.channel.ChannelHandlerContext)	channel()	io.netty.channel.ChannelHandlerContext	SOURCE
com.netflix.zuul.netty.filter.ZuulFilterChainHandler	finishResponseFilters(io.netty.channel.ChannelHandlerContext)	filter(T,io.netty.handler.codec.http.HttpContent)	com.netflix.zuul.netty.filter.ZuulFilterChainRunner	SOURCE
com.netflix.zuul.netty.filter.ZuulFilterChainHandler	finishResponseFilters(io.netty.channel.ChannelHandlerContext)	DefaultLastHttpContent()	io.netty.handler.codec.http.DefaultLastHttpContent	SOURCE
com.netflix.zuul.netty.filter.ZuulFilterChainHandler	finishResponseFilters(io.netty.channel.ChannelHandlerContext)	increment()	com.netflix.spectator.api.Counter	SOURCE
com.netflix.zuul.netty.filter.ZuulFilterChainHandler	finishResponseFilters(io.netty.channel.ChannelHandlerContext)	newCounter(java.lang.String,java.lang.String)	com.netflix.zuul.netty.SpectatorUtils	SOURCE
com.netflix.zuul.netty.filter.ZuulFilterChainHandler	finishResponseFilters(io.netty.channel.ChannelHandlerContext)	getRouteVIP()	com.netflix.zuul.context.SessionContext	SOURCE
com.netflix.zuul.netty.filter.ZuulFilterChainHandler	finishResponseFilters(io.netty.channel.ChannelHandlerContext)	getContext()	com.netflix.zuul.message.ZuulMessage	SOURCE
com.netflix.zuul.netty.filter.ZuulFilterChainHandler	exceptionCaught(io.netty.channel.ChannelHandlerContext,java.lang.Throwable)	error(java.lang.String,java.lang.Object,java.lang.Object)	org.slf4j.Logger	SOURCE
com.netflix.zuul.netty.filter.ZuulFilterChainHandler	exceptionCaught(io.netty.channel.ChannelHandlerContext,java.lang.Throwable)	valueOf(java.lang.Object)	java.lang.String	SOURCE
com.netflix.zuul.netty.filter.ZuulFilterChainHandler	exceptionCaught(io.netty.channel.ChannelHandlerContext,java.lang.Throwable)	isClientChannelClosed(java.lang.Throwable)	com.netflix.zuul.netty.filter.ZuulFilterChainHandler	SOURCE
com.netflix.zuul.netty.filter.ZuulFilterChainHandler	exceptionCaught(io.netty.channel.ChannelHandlerContext,java.lang.Throwable)	getContext()	com.netflix.zuul.message.ZuulMessage	SOURCE
com.netflix.zuul.netty.filter.ZuulFilterChainHandler	exceptionCaught(io.netty.channel.ChannelHandlerContext,java.lang.Throwable)	setError(java.lang.Throwable)	com.netflix.zuul.context.SessionContext	SOURCE
com.netflix.zuul.netty.filter.ZuulFilterChainHandler	exceptionCaught(io.netty.channel.ChannelHandlerContext,java.lang.Throwable)	setShouldSendErrorResponse(boolean)	com.netflix.zuul.context.SessionContext	SOURCE
com.netflix.zuul.netty.filter.ZuulFilterChainHandler	exceptionCaught(io.netty.channel.ChannelHandlerContext,java.lang.Throwable)	sendResponse(com.netflix.zuul.stats.status.StatusCategory,int,io.netty.channel.ChannelHandlerContext)	com.netflix.zuul.netty.filter.ZuulFilterChainHandler	SOURCE
com.netflix.zuul.netty.filter.ZuulFilterChainHandler	exceptionCaught(io.netty.channel.ChannelHandlerContext,java.lang.Throwable)	fireEndpointFinish(boolean,io.netty.channel.ChannelHandlerContext)	com.netflix.zuul.netty.filter.ZuulFilterChainHandler	SOURCE
com.netflix.zuul.netty.filter.ZuulFilterChainHandler	exceptionCaught(io.netty.channel.ChannelHandlerContext,java.lang.Throwable)	close()	io.netty.channel.ChannelOutboundInvoker	SOURCE
com.netflix.zuul.netty.filter.ZuulFilterChainHandler	isClientChannelClosed(java.lang.Throwable)	error(java.lang.String)	org.slf4j.Logger	SOURCE
com.netflix.zuul.netty.SpectatorUtils	SpectatorUtils()	Object()	java.lang.Object	SOURCE
com.netflix.zuul.netty.SpectatorUtils	newCounter(java.lang.String,java.lang.String)	counter(java.lang.String,java.lang.String...)	com.netflix.spectator.api.Registry	SOURCE
com.netflix.zuul.netty.SpectatorUtils	newCounter(java.lang.String,java.lang.String)	globalRegistry()	com.netflix.spectator.api.Spectator	SOURCE
com.netflix.zuul.netty.SpectatorUtils	newCounter(java.lang.String,java.lang.String,java.lang.String...)	getTagsWithId(java.lang.String,java.lang.String[])	com.netflix.zuul.netty.SpectatorUtils	SOURCE
com.netflix.zuul.netty.SpectatorUtils	newCounter(java.lang.String,java.lang.String,java.lang.String...)	counter(java.lang.String,java.lang.String...)	com.netflix.spectator.api.Registry	SOURCE
com.netflix.zuul.netty.SpectatorUtils	newCounter(java.lang.String,java.lang.String,java.lang.String...)	globalRegistry()	com.netflix.spectator.api.Spectator	SOURCE
com.netflix.zuul.netty.SpectatorUtils	newTimer(java.lang.String,java.lang.String)	timer(java.lang.String,java.lang.String...)	com.netflix.spectator.api.Registry	SOURCE
com.netflix.zuul.netty.SpectatorUtils	newTimer(java.lang.String,java.lang.String)	registry()	com.netflix.spectator.api.Spectator	SOURCE
com.netflix.zuul.netty.SpectatorUtils	newTimer(java.lang.String,java.lang.String,java.lang.String...)	timer(java.lang.String,java.lang.String...)	com.netflix.spectator.api.Registry	SOURCE
com.netflix.zuul.netty.SpectatorUtils	newTimer(java.lang.String,java.lang.String,java.lang.String...)	globalRegistry()	com.netflix.spectator.api.Spectator	SOURCE
com.netflix.zuul.netty.SpectatorUtils	newTimer(java.lang.String,java.lang.String,java.lang.String...)	getTagsWithId(java.lang.String,java.lang.String[])	com.netflix.zuul.netty.SpectatorUtils	SOURCE
com.netflix.zuul.netty.SpectatorUtils	<T>newGauge(java.lang.String,java.lang.String,T)	globalRegistry()	com.netflix.spectator.api.Spectator	SOURCE
com.netflix.zuul.netty.SpectatorUtils	<T>newGauge(java.lang.String,java.lang.String,T)	createId(java.lang.String,java.lang.String...)	com.netflix.spectator.api.Registry	SOURCE
com.netflix.zuul.netty.SpectatorUtils	<T>newGauge(java.lang.String,java.lang.String,T)	<T>gauge(com.netflix.spectator.api.Id,T)	com.netflix.spectator.api.Registry	SOURCE
com.netflix.zuul.netty.SpectatorUtils	<T>newGauge(java.lang.String,java.lang.String,T,java.lang.String...)	globalRegistry()	com.netflix.spectator.api.Spectator	SOURCE
com.netflix.zuul.netty.SpectatorUtils	<T>newGauge(java.lang.String,java.lang.String,T,java.lang.String...)	createId(java.lang.String,java.lang.String...)	com.netflix.spectator.api.Registry	SOURCE
com.netflix.zuul.netty.SpectatorUtils	<T>newGauge(java.lang.String,java.lang.String,T,java.lang.String...)	getTagsWithId(java.lang.String,java.lang.String[])	com.netflix.zuul.netty.SpectatorUtils	SOURCE
com.netflix.zuul.netty.SpectatorUtils	<T>newGauge(java.lang.String,java.lang.String,T,java.lang.String...)	<T>gauge(com.netflix.spectator.api.Id,T)	com.netflix.spectator.api.Registry	SOURCE
com.netflix.zuul.netty.SpectatorUtils	getTagsWithId(java.lang.String,java.lang.String[])	arraycopy(java.lang.Object,int,java.lang.Object,int,int)	java.lang.System	SOURCE
com.netflix.zuul.netty.ChannelUtils	channelInfoForLogging(io.netty.channel.Channel)	toString()	java.lang.Object	SOURCE
com.netflix.zuul.netty.ChannelUtils	channelInfoForLogging(io.netty.channel.Channel)	isActive()	io.netty.channel.Channel	SOURCE
com.netflix.zuul.netty.ChannelUtils	channelInfoForLogging(io.netty.channel.Channel)	isOpen()	io.netty.channel.Channel	SOURCE
com.netflix.zuul.netty.ChannelUtils	channelInfoForLogging(io.netty.channel.Channel)	isRegistered()	io.netty.channel.Channel	SOURCE
com.netflix.zuul.netty.ChannelUtils	channelInfoForLogging(io.netty.channel.Channel)	isWritable()	io.netty.channel.Channel	SOURCE
com.netflix.zuul.netty.ChannelUtils	channelInfoForLogging(io.netty.channel.Channel)	id()	io.netty.channel.Channel	SOURCE
com.netflix.zuul.netty.ChannelUtils	channelInfoForLogging(io.netty.channel.Channel)	fromChannel(io.netty.channel.Channel)	com.netflix.zuul.passport.CurrentPassport	SOURCE
com.netflix.zuul.netty.ChannelUtils	channelInfoForLogging(io.netty.channel.Channel)	valueOf(java.lang.Object)	java.lang.String	SOURCE
com.netflix.zuul.passport.CurrentPassport	logger	getLogger(java.lang.Class<?>)	org.slf4j.LoggerFactory	SOURCE
com.netflix.zuul.passport.CurrentPassport	COUNT_STATES	CachedDynamicBooleanProperty(java.lang.String,boolean)	com.netflix.config.CachedDynamicBooleanProperty	SOURCE
com.netflix.zuul.passport.CurrentPassport	CHANNEL_ATTR	<T>newInstance(java.lang.String)	io.netty.util.AttributeKey	SOURCE
com.netflix.zuul.passport.CurrentPassport	SYSTEM_TICKER	systemTicker()	com.google.common.base.Ticker	SOURCE
com.netflix.zuul.passport.CurrentPassport	CONTENT_STATES	<E>newHashSet(E...)	com.google.common.collect.Sets	SOURCE
com.netflix.zuul.passport.CurrentPassport	CONTENT_STATE_ENABLED	CachedDynamicBooleanProperty(java.lang.String,boolean)	com.netflix.config.CachedDynamicBooleanProperty	SOURCE
com.netflix.zuul.passport.CurrentPassport	historyLock	IntrospectiveReentrantLock()	com.netflix.zuul.passport.CurrentPassport$IntrospectiveReentrantLock	SOURCE
com.netflix.zuul.passport.CurrentPassport	unlocker	Unlocker()	com.netflix.zuul.passport.CurrentPassport$Unlocker	SOURCE
com.netflix.zuul.passport.CurrentPassport$Unlocker	close()	unlock()	java.util.concurrent.locks.ReentrantLock	SOURCE
com.netflix.zuul.passport.CurrentPassport$IntrospectiveReentrantLock	getOwner()	getOwner()	java.util.concurrent.locks.ReentrantLock	SOURCE
com.netflix.zuul.passport.CurrentPassport	lock()	isLocked()	java.util.concurrent.locks.ReentrantLock	SOURCE
com.netflix.zuul.passport.CurrentPassport	lock()	isHeldByCurrentThread()	java.util.concurrent.locks.ReentrantLock	SOURCE
com.netflix.zuul.passport.CurrentPassport	lock()	tryLock()	java.util.concurrent.locks.ReentrantLock	SOURCE
com.netflix.zuul.passport.CurrentPassport	lock()	getOwner()	com.netflix.zuul.passport.CurrentPassport$IntrospectiveReentrantLock	SOURCE
com.netflix.zuul.passport.CurrentPassport	lock()	valueOf(java.lang.Object)	java.lang.String	SOURCE
com.netflix.zuul.passport.CurrentPassport	lock()	<T>asList(T...)	java.util.Arrays	SOURCE
com.netflix.zuul.passport.CurrentPassport	lock()	getStackTrace()	java.lang.Thread	SOURCE
com.netflix.zuul.passport.CurrentPassport	lock()	warn(java.lang.String,java.lang.Object...)	org.slf4j.Logger	SOURCE
com.netflix.zuul.passport.CurrentPassport	lock()	currentThread()	java.lang.Thread	SOURCE
com.netflix.zuul.passport.CurrentPassport	lock()	ConcurrentModificationException()	java.util.ConcurrentModificationException	SOURCE
com.netflix.zuul.passport.CurrentPassport	lock()	lock()	java.util.concurrent.locks.ReentrantLock	SOURCE
com.netflix.zuul.passport.CurrentPassport	CurrentPassport()	CurrentPassport(com.google.common.base.Ticker)	com.netflix.zuul.passport.CurrentPassport	SOURCE
com.netflix.zuul.passport.CurrentPassport	CurrentPassport(com.google.common.base.Ticker)	Object()	java.lang.Object	SOURCE
com.netflix.zuul.passport.CurrentPassport	CurrentPassport(com.google.common.base.Ticker)	LinkedList()	java.util.LinkedList	SOURCE
com.netflix.zuul.passport.CurrentPassport	CurrentPassport(com.google.common.base.Ticker)	HashSet()	java.util.HashSet	SOURCE
com.netflix.zuul.passport.CurrentPassport	CurrentPassport(com.google.common.base.Ticker)	currentTimeMillis()	java.lang.System	SOURCE
com.netflix.zuul.passport.CurrentPassport	create()	get()	com.netflix.config.CachedDynamicBooleanProperty	SOURCE
com.netflix.zuul.passport.CurrentPassport	create()	CountingCurrentPassport()	com.netflix.zuul.passport.CountingCurrentPassport	SOURCE
com.netflix.zuul.passport.CurrentPassport	create()	CurrentPassport()	com.netflix.zuul.passport.CurrentPassport	SOURCE
com.netflix.zuul.passport.CurrentPassport	fromSessionContext(com.netflix.zuul.context.SessionContext)	<T>get(com.netflix.zuul.context.SessionContext.Key<T>)	com.netflix.zuul.context.SessionContext	SOURCE
com.netflix.zuul.passport.CurrentPassport	createForChannel(io.netty.channel.Channel)	create()	com.netflix.zuul.passport.CurrentPassport	SOURCE
com.netflix.zuul.passport.CurrentPassport	createForChannel(io.netty.channel.Channel)	setOnChannel(io.netty.channel.Channel)	com.netflix.zuul.passport.CurrentPassport	SOURCE
com.netflix.zuul.passport.CurrentPassport	fromChannel(io.netty.channel.Channel)	fromChannelOrNull(io.netty.channel.Channel)	com.netflix.zuul.passport.CurrentPassport	SOURCE
com.netflix.zuul.passport.CurrentPassport	fromChannel(io.netty.channel.Channel)	create()	com.netflix.zuul.passport.CurrentPassport	SOURCE
com.netflix.zuul.passport.CurrentPassport	fromChannel(io.netty.channel.Channel)	set(T)	io.netty.util.Attribute	SOURCE
com.netflix.zuul.passport.CurrentPassport	fromChannel(io.netty.channel.Channel)	<T>attr(io.netty.util.AttributeKey<T>)	io.netty.util.AttributeMap	SOURCE
com.netflix.zuul.passport.CurrentPassport	fromChannelOrNull(io.netty.channel.Channel)	get()	io.netty.util.Attribute	SOURCE
com.netflix.zuul.passport.CurrentPassport	fromChannelOrNull(io.netty.channel.Channel)	<T>attr(io.netty.util.AttributeKey<T>)	io.netty.util.AttributeMap	SOURCE
com.netflix.zuul.passport.CurrentPassport	setOnChannel(io.netty.channel.Channel)	set(T)	io.netty.util.Attribute	SOURCE
com.netflix.zuul.passport.CurrentPassport	setOnChannel(io.netty.channel.Channel)	<T>attr(io.netty.util.AttributeKey<T>)	io.netty.util.AttributeMap	SOURCE
com.netflix.zuul.passport.CurrentPassport	clearFromChannel(io.netty.channel.Channel)	set(T)	io.netty.util.Attribute	SOURCE
com.netflix.zuul.passport.CurrentPassport	clearFromChannel(io.netty.channel.Channel)	<T>attr(io.netty.util.AttributeKey<T>)	io.netty.util.AttributeMap	SOURCE
com.netflix.zuul.passport.CurrentPassport	getState()	lock()	com.netflix.zuul.passport.CurrentPassport	SOURCE
com.netflix.zuul.passport.CurrentPassport	getState()	peekLast()	java.util.LinkedList	SOURCE
com.netflix.zuul.passport.CurrentPassport	getState()	getState()	com.netflix.zuul.passport.PassportItem	SOURCE
com.netflix.zuul.passport.CurrentPassport	getHistory()	lock()	com.netflix.zuul.passport.CurrentPassport	SOURCE
com.netflix.zuul.passport.CurrentPassport	add(com.netflix.zuul.passport.PassportState)	get()	com.netflix.config.CachedDynamicBooleanProperty	SOURCE
com.netflix.zuul.passport.CurrentPassport	add(com.netflix.zuul.passport.PassportState)	contains(java.lang.Object)	java.util.Set	SOURCE
com.netflix.zuul.passport.CurrentPassport	add(com.netflix.zuul.passport.PassportState)	lock()	com.netflix.zuul.passport.CurrentPassport	SOURCE
com.netflix.zuul.passport.CurrentPassport	add(com.netflix.zuul.passport.PassportState)	addLast(E)	java.util.LinkedList	SOURCE
com.netflix.zuul.passport.CurrentPassport	add(com.netflix.zuul.passport.PassportState)	PassportItem(com.netflix.zuul.passport.PassportState,long)	com.netflix.zuul.passport.PassportItem	SOURCE
com.netflix.zuul.passport.CurrentPassport	add(com.netflix.zuul.passport.PassportState)	now()	com.netflix.zuul.passport.CurrentPassport	SOURCE
com.netflix.zuul.passport.CurrentPassport	add(com.netflix.zuul.passport.PassportState)	add(E)	java.util.HashSet	SOURCE
com.netflix.zuul.passport.CurrentPassport	addIfNotAlready(com.netflix.zuul.passport.PassportState)	contains(java.lang.Object)	java.util.HashSet	SOURCE
com.netflix.zuul.passport.CurrentPassport	addIfNotAlready(com.netflix.zuul.passport.PassportState)	add(com.netflix.zuul.passport.PassportState)	com.netflix.zuul.passport.CurrentPassport	SOURCE
com.netflix.zuul.passport.CurrentPassport	calculateTimeBetweenFirstAnd(com.netflix.zuul.passport.PassportState)	firstTime()	com.netflix.zuul.passport.CurrentPassport	SOURCE
com.netflix.zuul.passport.CurrentPassport	calculateTimeBetweenFirstAnd(com.netflix.zuul.passport.PassportState)	lock()	com.netflix.zuul.passport.CurrentPassport	SOURCE
com.netflix.zuul.passport.CurrentPassport	calculateTimeBetweenFirstAnd(com.netflix.zuul.passport.PassportState)	getState()	com.netflix.zuul.passport.PassportItem	SOURCE
com.netflix.zuul.passport.CurrentPassport	calculateTimeBetweenFirstAnd(com.netflix.zuul.passport.PassportState)	getTime()	com.netflix.zuul.passport.PassportItem	SOURCE
com.netflix.zuul.passport.CurrentPassport	calculateTimeBetweenFirstAnd(com.netflix.zuul.passport.PassportState)	now()	com.netflix.zuul.passport.CurrentPassport	SOURCE
com.netflix.zuul.passport.CurrentPassport	firstTime()	lock()	com.netflix.zuul.passport.CurrentPassport	SOURCE
com.netflix.zuul.passport.CurrentPassport	firstTime()	getTime()	com.netflix.zuul.passport.PassportItem	SOURCE
com.netflix.zuul.passport.CurrentPassport	firstTime()	getFirst()	java.util.LinkedList	SOURCE
com.netflix.zuul.passport.CurrentPassport	calculateTimeBetween(com.netflix.zuul.passport.StartAndEnd)	startNotFound()	com.netflix.zuul.passport.StartAndEnd	SOURCE
com.netflix.zuul.passport.CurrentPassport	calculateTimeBetween(com.netflix.zuul.passport.StartAndEnd)	endNotFound()	com.netflix.zuul.passport.StartAndEnd	SOURCE
com.netflix.zuul.passport.CurrentPassport	calculateTimeBetweenButIfNoEndThenUseNow(com.netflix.zuul.passport.StartAndEnd)	startNotFound()	com.netflix.zuul.passport.StartAndEnd	SOURCE
com.netflix.zuul.passport.CurrentPassport	calculateTimeBetweenButIfNoEndThenUseNow(com.netflix.zuul.passport.StartAndEnd)	endNotFound()	com.netflix.zuul.passport.StartAndEnd	SOURCE
com.netflix.zuul.passport.CurrentPassport	calculateTimeBetweenButIfNoEndThenUseNow(com.netflix.zuul.passport.StartAndEnd)	now()	com.netflix.zuul.passport.CurrentPassport	SOURCE
com.netflix.zuul.passport.CurrentPassport	findStartAndEndStates(com.netflix.zuul.passport.PassportState,com.netflix.zuul.passport.PassportState)	StartAndEnd()	com.netflix.zuul.passport.StartAndEnd	SOURCE
com.netflix.zuul.passport.CurrentPassport	findStartAndEndStates(com.netflix.zuul.passport.PassportState,com.netflix.zuul.passport.PassportState)	lock()	com.netflix.zuul.passport.CurrentPassport	SOURCE
com.netflix.zuul.passport.CurrentPassport	findStartAndEndStates(com.netflix.zuul.passport.PassportState,com.netflix.zuul.passport.PassportState)	getState()	com.netflix.zuul.passport.PassportItem	SOURCE
com.netflix.zuul.passport.CurrentPassport	findStartAndEndStates(com.netflix.zuul.passport.PassportState,com.netflix.zuul.passport.PassportState)	getTime()	com.netflix.zuul.passport.PassportItem	SOURCE
com.netflix.zuul.passport.CurrentPassport	findStartAndEndStates(com.netflix.zuul.passport.PassportState,com.netflix.zuul.passport.PassportState)	getState()	com.netflix.zuul.passport.PassportItem	SOURCE
com.netflix.zuul.passport.CurrentPassport	findStartAndEndStates(com.netflix.zuul.passport.PassportState,com.netflix.zuul.passport.PassportState)	getTime()	com.netflix.zuul.passport.PassportItem	SOURCE
com.netflix.zuul.passport.CurrentPassport	findFirstStartAndLastEndStates(com.netflix.zuul.passport.PassportState,com.netflix.zuul.passport.PassportState)	StartAndEnd()	com.netflix.zuul.passport.StartAndEnd	SOURCE
com.netflix.zuul.passport.CurrentPassport	findFirstStartAndLastEndStates(com.netflix.zuul.passport.PassportState,com.netflix.zuul.passport.PassportState)	lock()	com.netflix.zuul.passport.CurrentPassport	SOURCE
com.netflix.zuul.passport.CurrentPassport	findFirstStartAndLastEndStates(com.netflix.zuul.passport.PassportState,com.netflix.zuul.passport.PassportState)	startNotFound()	com.netflix.zuul.passport.StartAndEnd	SOURCE
com.netflix.zuul.passport.CurrentPassport	findFirstStartAndLastEndStates(com.netflix.zuul.passport.PassportState,com.netflix.zuul.passport.PassportState)	getState()	com.netflix.zuul.passport.PassportItem	SOURCE
com.netflix.zuul.passport.CurrentPassport	findFirstStartAndLastEndStates(com.netflix.zuul.passport.PassportState,com.netflix.zuul.passport.PassportState)	getTime()	com.netflix.zuul.passport.PassportItem	SOURCE
com.netflix.zuul.passport.CurrentPassport	findFirstStartAndLastEndStates(com.netflix.zuul.passport.PassportState,com.netflix.zuul.passport.PassportState)	getState()	com.netflix.zuul.passport.PassportItem	SOURCE
com.netflix.zuul.passport.CurrentPassport	findFirstStartAndLastEndStates(com.netflix.zuul.passport.PassportState,com.netflix.zuul.passport.PassportState)	getTime()	com.netflix.zuul.passport.PassportItem	SOURCE
com.netflix.zuul.passport.CurrentPassport	findLastStartAndFirstEndStates(com.netflix.zuul.passport.PassportState,com.netflix.zuul.passport.PassportState)	StartAndEnd()	com.netflix.zuul.passport.StartAndEnd	SOURCE
com.netflix.zuul.passport.CurrentPassport	findLastStartAndFirstEndStates(com.netflix.zuul.passport.PassportState,com.netflix.zuul.passport.PassportState)	lock()	com.netflix.zuul.passport.CurrentPassport	SOURCE
com.netflix.zuul.passport.CurrentPassport	findLastStartAndFirstEndStates(com.netflix.zuul.passport.PassportState,com.netflix.zuul.passport.PassportState)	getState()	com.netflix.zuul.passport.PassportItem	SOURCE
com.netflix.zuul.passport.CurrentPassport	findLastStartAndFirstEndStates(com.netflix.zuul.passport.PassportState,com.netflix.zuul.passport.PassportState)	getTime()	com.netflix.zuul.passport.PassportItem	SOURCE
com.netflix.zuul.passport.CurrentPassport	findLastStartAndFirstEndStates(com.netflix.zuul.passport.PassportState,com.netflix.zuul.passport.PassportState)	endNotFound()	com.netflix.zuul.passport.StartAndEnd	SOURCE
com.netflix.zuul.passport.CurrentPassport	findLastStartAndFirstEndStates(com.netflix.zuul.passport.PassportState,com.netflix.zuul.passport.PassportState)	getState()	com.netflix.zuul.passport.PassportItem	SOURCE
com.netflix.zuul.passport.CurrentPassport	findLastStartAndFirstEndStates(com.netflix.zuul.passport.PassportState,com.netflix.zuul.passport.PassportState)	getTime()	com.netflix.zuul.passport.PassportItem	SOURCE
com.netflix.zuul.passport.CurrentPassport	findEachPairOf(com.netflix.zuul.passport.PassportState,com.netflix.zuul.passport.PassportState)	ArrayList()	java.util.ArrayList	SOURCE
com.netflix.zuul.passport.CurrentPassport	findEachPairOf(com.netflix.zuul.passport.PassportState,com.netflix.zuul.passport.PassportState)	lock()	com.netflix.zuul.passport.CurrentPassport	SOURCE
com.netflix.zuul.passport.CurrentPassport	findEachPairOf(com.netflix.zuul.passport.PassportState,com.netflix.zuul.passport.PassportState)	getState()	com.netflix.zuul.passport.PassportItem	SOURCE
com.netflix.zuul.passport.CurrentPassport	findEachPairOf(com.netflix.zuul.passport.PassportState,com.netflix.zuul.passport.PassportState)	StartAndEnd()	com.netflix.zuul.passport.StartAndEnd	SOURCE
com.netflix.zuul.passport.CurrentPassport	findEachPairOf(com.netflix.zuul.passport.PassportState,com.netflix.zuul.passport.PassportState)	getTime()	com.netflix.zuul.passport.PassportItem	SOURCE
com.netflix.zuul.passport.CurrentPassport	findEachPairOf(com.netflix.zuul.passport.PassportState,com.netflix.zuul.passport.PassportState)	getState()	com.netflix.zuul.passport.PassportItem	SOURCE
com.netflix.zuul.passport.CurrentPassport	findEachPairOf(com.netflix.zuul.passport.PassportState,com.netflix.zuul.passport.PassportState)	getTime()	com.netflix.zuul.passport.PassportItem	SOURCE
com.netflix.zuul.passport.CurrentPassport	findEachPairOf(com.netflix.zuul.passport.PassportState,com.netflix.zuul.passport.PassportState)	add(E)	java.util.ArrayList	SOURCE
com.netflix.zuul.passport.CurrentPassport	findState(com.netflix.zuul.passport.PassportState)	lock()	com.netflix.zuul.passport.CurrentPassport	SOURCE
com.netflix.zuul.passport.CurrentPassport	findState(com.netflix.zuul.passport.PassportState)	getState()	com.netflix.zuul.passport.PassportItem	SOURCE
com.netflix.zuul.passport.CurrentPassport	findStateBackwards(com.netflix.zuul.passport.PassportState)	lock()	com.netflix.zuul.passport.CurrentPassport	SOURCE
com.netflix.zuul.passport.CurrentPassport	findStateBackwards(com.netflix.zuul.passport.PassportState)	descendingIterator()	java.util.LinkedList	SOURCE
com.netflix.zuul.passport.CurrentPassport	findStateBackwards(com.netflix.zuul.passport.PassportState)	hasNext()	java.util.Iterator	SOURCE
com.netflix.zuul.passport.CurrentPassport	findStateBackwards(com.netflix.zuul.passport.PassportState)	next()	java.util.Iterator	SOURCE
com.netflix.zuul.passport.CurrentPassport	findStateBackwards(com.netflix.zuul.passport.PassportState)	getState()	com.netflix.zuul.passport.PassportItem	SOURCE
com.netflix.zuul.passport.CurrentPassport	findStates(com.netflix.zuul.passport.PassportState)	ArrayList()	java.util.ArrayList	SOURCE
com.netflix.zuul.passport.CurrentPassport	findStates(com.netflix.zuul.passport.PassportState)	lock()	com.netflix.zuul.passport.CurrentPassport	SOURCE
com.netflix.zuul.passport.CurrentPassport	findStates(com.netflix.zuul.passport.PassportState)	getState()	com.netflix.zuul.passport.PassportItem	SOURCE
com.netflix.zuul.passport.CurrentPassport	findStates(com.netflix.zuul.passport.PassportState)	add(E)	java.util.ArrayList	SOURCE
com.netflix.zuul.passport.CurrentPassport	findTimes(com.netflix.zuul.passport.PassportState)	firstTime()	com.netflix.zuul.passport.CurrentPassport	SOURCE
com.netflix.zuul.passport.CurrentPassport	findTimes(com.netflix.zuul.passport.PassportState)	ArrayList()	java.util.ArrayList	SOURCE
com.netflix.zuul.passport.CurrentPassport	findTimes(com.netflix.zuul.passport.PassportState)	lock()	com.netflix.zuul.passport.CurrentPassport	SOURCE
com.netflix.zuul.passport.CurrentPassport	findTimes(com.netflix.zuul.passport.PassportState)	getState()	com.netflix.zuul.passport.PassportItem	SOURCE
com.netflix.zuul.passport.CurrentPassport	findTimes(com.netflix.zuul.passport.PassportState)	add(E)	java.util.ArrayList	SOURCE
com.netflix.zuul.passport.CurrentPassport	findTimes(com.netflix.zuul.passport.PassportState)	getTime()	com.netflix.zuul.passport.PassportItem	SOURCE
com.netflix.zuul.passport.CurrentPassport	wasProxyAttempt()	findState(com.netflix.zuul.passport.PassportState)	com.netflix.zuul.passport.CurrentPassport	SOURCE
com.netflix.zuul.passport.CurrentPassport	now()	read()	com.google.common.base.Ticker	SOURCE
com.netflix.zuul.passport.CurrentPassport	toString()	lock()	com.netflix.zuul.passport.CurrentPassport	SOURCE
com.netflix.zuul.passport.CurrentPassport	toString()	size()	java.util.LinkedList	SOURCE
com.netflix.zuul.passport.CurrentPassport	toString()	firstTime()	com.netflix.zuul.passport.CurrentPassport	SOURCE
com.netflix.zuul.passport.CurrentPassport	toString()	now()	com.netflix.zuul.passport.CurrentPassport	SOURCE
com.netflix.zuul.passport.CurrentPassport	toString()	StringBuilder()	java.lang.StringBuilder	SOURCE
com.netflix.zuul.passport.CurrentPassport	toString()	append(java.lang.String)	java.lang.StringBuilder	SOURCE
com.netflix.zuul.passport.CurrentPassport	toString()	append(java.lang.String)	java.lang.StringBuilder	SOURCE
com.netflix.zuul.passport.CurrentPassport	toString()	append(long)	java.lang.StringBuilder	SOURCE
com.netflix.zuul.passport.CurrentPassport	toString()	append(java.lang.String)	java.lang.StringBuilder	SOURCE
com.netflix.zuul.passport.CurrentPassport	toString()	creationTimeSinceEpochMs()	com.netflix.zuul.passport.CurrentPassport	SOURCE
com.netflix.zuul.passport.CurrentPassport	toString()	append(char)	java.lang.StringBuilder	SOURCE
com.netflix.zuul.passport.CurrentPassport	toString()	append(java.lang.String)	java.lang.StringBuilder	SOURCE
com.netflix.zuul.passport.CurrentPassport	toString()	append(java.lang.String)	java.lang.StringBuilder	SOURCE
com.netflix.zuul.passport.CurrentPassport	toString()	append(char)	java.lang.StringBuilder	SOURCE
com.netflix.zuul.passport.CurrentPassport	toString()	append(long)	java.lang.StringBuilder	SOURCE
com.netflix.zuul.passport.CurrentPassport	toString()	append(char)	java.lang.StringBuilder	SOURCE
com.netflix.zuul.passport.CurrentPassport	toString()	getTime()	com.netflix.zuul.passport.PassportItem	SOURCE
com.netflix.zuul.passport.CurrentPassport	toString()	name()	java.lang.Enum	SOURCE
com.netflix.zuul.passport.CurrentPassport	toString()	getState()	com.netflix.zuul.passport.PassportItem	SOURCE
com.netflix.zuul.passport.CurrentPassport	toString()	append(java.lang.String)	java.lang.StringBuilder	SOURCE
com.netflix.zuul.passport.CurrentPassport	toString()	append(char)	java.lang.StringBuilder	SOURCE
com.netflix.zuul.passport.CurrentPassport	toString()	append(long)	java.lang.StringBuilder	SOURCE
com.netflix.zuul.passport.CurrentPassport	toString()	append(char)	java.lang.StringBuilder	SOURCE
com.netflix.zuul.passport.CurrentPassport	toString()	append(char)	java.lang.StringBuilder	SOURCE
com.netflix.zuul.passport.CurrentPassport	toString()	append(char)	java.lang.StringBuilder	SOURCE
com.netflix.zuul.passport.CurrentPassport	toString()	toString()	java.lang.StringBuilder	SOURCE
com.netflix.zuul.passport.CurrentPassport	parseFromToString(java.lang.String)	compile(java.lang.String)	java.util.regex.Pattern	SOURCE
com.netflix.zuul.passport.CurrentPassport	parseFromToString(java.lang.String)	compile(java.lang.String)	java.util.regex.Pattern	SOURCE
com.netflix.zuul.passport.CurrentPassport	parseFromToString(java.lang.String)	matcher(java.lang.CharSequence)	java.util.regex.Pattern	SOURCE
com.netflix.zuul.passport.CurrentPassport	parseFromToString(java.lang.String)	matches()	java.util.regex.Matcher	SOURCE
com.netflix.zuul.passport.CurrentPassport	parseFromToString(java.lang.String)	split(java.lang.String)	java.lang.String	SOURCE
com.netflix.zuul.passport.CurrentPassport	parseFromToString(java.lang.String)	group(int)	java.util.regex.Matcher	SOURCE
com.netflix.zuul.passport.CurrentPassport	parseFromToString(java.lang.String)	MockTicker()	com.netflix.zuul.passport.CurrentPassport$MockTicker	SOURCE
com.netflix.zuul.passport.CurrentPassport	parseFromToString(java.lang.String)	CurrentPassport(com.google.common.base.Ticker)	com.netflix.zuul.passport.CurrentPassport	SOURCE
com.netflix.zuul.passport.CurrentPassport	parseFromToString(java.lang.String)	lock()	com.netflix.zuul.passport.CurrentPassport	SOURCE
com.netflix.zuul.passport.CurrentPassport	parseFromToString(java.lang.String)	matcher(java.lang.CharSequence)	java.util.regex.Pattern	SOURCE
com.netflix.zuul.passport.CurrentPassport	parseFromToString(java.lang.String)	matches()	java.util.regex.Matcher	SOURCE
com.netflix.zuul.passport.CurrentPassport	parseFromToString(java.lang.String)	group(int)	java.util.regex.Matcher	SOURCE
com.netflix.zuul.passport.CurrentPassport	parseFromToString(java.lang.String)	equals(java.lang.Object)	java.lang.String	SOURCE
com.netflix.zuul.passport.CurrentPassport	parseFromToString(java.lang.String)	size()	java.util.LinkedList	SOURCE
com.netflix.zuul.passport.CurrentPassport	parseFromToString(java.lang.String)	firstTime()	com.netflix.zuul.passport.CurrentPassport	SOURCE
com.netflix.zuul.passport.CurrentPassport	parseFromToString(java.lang.String)	valueOf(java.lang.String)	java.lang.Long	SOURCE
com.netflix.zuul.passport.CurrentPassport	parseFromToString(java.lang.String)	group(int)	java.util.regex.Matcher	SOURCE
com.netflix.zuul.passport.CurrentPassport	parseFromToString(java.lang.String)	setNow(long)	com.netflix.zuul.passport.CurrentPassport$MockTicker	SOURCE
com.netflix.zuul.passport.CurrentPassport	parseFromToString(java.lang.String)	valueOf(java.lang.String)	com.netflix.zuul.passport.PassportState	SOURCE
com.netflix.zuul.passport.CurrentPassport	parseFromToString(java.lang.String)	PassportItem(com.netflix.zuul.passport.PassportState,long)	com.netflix.zuul.passport.PassportItem	SOURCE
com.netflix.zuul.passport.CurrentPassport	parseFromToString(java.lang.String)	valueOf(java.lang.String)	java.lang.Long	SOURCE
com.netflix.zuul.passport.CurrentPassport	parseFromToString(java.lang.String)	group(int)	java.util.regex.Matcher	SOURCE
com.netflix.zuul.passport.CurrentPassport	parseFromToString(java.lang.String)	add(E)	java.util.LinkedList	SOURCE
com.netflix.zuul.passport.CurrentPassport$MockTicker	read()	IllegalStateException()	java.lang.IllegalStateException	SOURCE
com.netflix.zuul.passport.CountingCurrentPassport	IN_REQ_HEADERS_RECEIVED_CNT	createCounter(java.lang.String)	com.netflix.zuul.passport.CountingCurrentPassport	SOURCE
com.netflix.zuul.passport.CountingCurrentPassport	IN_REQ_LAST_CONTENT_RECEIVED_CNT	createCounter(java.lang.String)	com.netflix.zuul.passport.CountingCurrentPassport	SOURCE
com.netflix.zuul.passport.CountingCurrentPassport	IN_RESP_HEADERS_RECEIVED_CNT	createCounter(java.lang.String)	com.netflix.zuul.passport.CountingCurrentPassport	SOURCE
com.netflix.zuul.passport.CountingCurrentPassport	IN_RESP_LAST_CONTENT_RECEIVED_CNT	createCounter(java.lang.String)	com.netflix.zuul.passport.CountingCurrentPassport	SOURCE
com.netflix.zuul.passport.CountingCurrentPassport	OUT_REQ_HEADERS_SENT_CNT	createCounter(java.lang.String)	com.netflix.zuul.passport.CountingCurrentPassport	SOURCE
com.netflix.zuul.passport.CountingCurrentPassport	OUT_REQ_LAST_CONTENT_SENT_CNT	createCounter(java.lang.String)	com.netflix.zuul.passport.CountingCurrentPassport	SOURCE
com.netflix.zuul.passport.CountingCurrentPassport	OUT_RESP_HEADERS_SENT_CNT	createCounter(java.lang.String)	com.netflix.zuul.passport.CountingCurrentPassport	SOURCE
com.netflix.zuul.passport.CountingCurrentPassport	OUT_RESP_LAST_CONTENT_SENT_CNT	createCounter(java.lang.String)	com.netflix.zuul.passport.CountingCurrentPassport	SOURCE
com.netflix.zuul.passport.CountingCurrentPassport	createCounter(java.lang.String)	counter(java.lang.String)	com.netflix.spectator.api.Registry	SOURCE
com.netflix.zuul.passport.CountingCurrentPassport	createCounter(java.lang.String)	globalRegistry()	com.netflix.spectator.api.Spectator	SOURCE
com.netflix.zuul.passport.CountingCurrentPassport	CountingCurrentPassport()	CurrentPassport()	com.netflix.zuul.passport.CurrentPassport	SOURCE
com.netflix.zuul.passport.CountingCurrentPassport	CountingCurrentPassport()	incrementStateCounter(com.netflix.zuul.passport.PassportState)	com.netflix.zuul.passport.CountingCurrentPassport	SOURCE
com.netflix.zuul.passport.CountingCurrentPassport	CountingCurrentPassport()	getState()	com.netflix.zuul.passport.CurrentPassport	SOURCE
com.netflix.zuul.passport.CountingCurrentPassport	add(com.netflix.zuul.passport.PassportState)	add(com.netflix.zuul.passport.PassportState)	com.netflix.zuul.passport.CurrentPassport	SOURCE
com.netflix.zuul.passport.CountingCurrentPassport	add(com.netflix.zuul.passport.PassportState)	incrementStateCounter(com.netflix.zuul.passport.PassportState)	com.netflix.zuul.passport.CountingCurrentPassport	SOURCE
com.netflix.zuul.passport.CountingCurrentPassport	incrementStateCounter(com.netflix.zuul.passport.PassportState)	increment()	com.netflix.spectator.api.Counter	SOURCE
com.netflix.zuul.passport.CountingCurrentPassport	incrementStateCounter(com.netflix.zuul.passport.PassportState)	increment()	com.netflix.spectator.api.Counter	SOURCE
com.netflix.zuul.passport.CountingCurrentPassport	incrementStateCounter(com.netflix.zuul.passport.PassportState)	increment()	com.netflix.spectator.api.Counter	SOURCE
com.netflix.zuul.passport.CountingCurrentPassport	incrementStateCounter(com.netflix.zuul.passport.PassportState)	increment()	com.netflix.spectator.api.Counter	SOURCE
com.netflix.zuul.passport.CountingCurrentPassport	incrementStateCounter(com.netflix.zuul.passport.PassportState)	increment()	com.netflix.spectator.api.Counter	SOURCE
com.netflix.zuul.passport.CountingCurrentPassport	incrementStateCounter(com.netflix.zuul.passport.PassportState)	increment()	com.netflix.spectator.api.Counter	SOURCE
com.netflix.zuul.passport.CountingCurrentPassport	incrementStateCounter(com.netflix.zuul.passport.PassportState)	increment()	com.netflix.spectator.api.Counter	SOURCE
com.netflix.zuul.passport.CountingCurrentPassport	incrementStateCounter(com.netflix.zuul.passport.PassportState)	increment()	com.netflix.spectator.api.Counter	SOURCE
com.netflix.zuul.BasicRequestCompleteHandler	handle(com.netflix.zuul.message.http.HttpRequestInfo,com.netflix.zuul.message.http.HttpResponseMessage)	getContext()	com.netflix.zuul.message.ZuulMessage	SOURCE
com.netflix.zuul.BasicRequestCompleteHandler	handle(com.netflix.zuul.message.http.HttpRequestInfo,com.netflix.zuul.message.http.HttpResponseMessage)	collectAndPublish(com.netflix.zuul.context.SessionContext)	com.netflix.zuul.stats.RequestMetricsPublisher	SOURCE
com.netflix.zuul.DynamicFilterLoader	LOG	getLogger(java.lang.Class<?>)	org.slf4j.LoggerFactory	SOURCE
com.netflix.zuul.DynamicFilterLoader	filterClassLastModified	ConcurrentHashMap()	java.util.concurrent.ConcurrentHashMap	SOURCE
com.netflix.zuul.DynamicFilterLoader	filterClassCode	ConcurrentHashMap()	java.util.concurrent.ConcurrentHashMap	SOURCE
com.netflix.zuul.DynamicFilterLoader	filterCheck	ConcurrentHashMap()	java.util.concurrent.ConcurrentHashMap	SOURCE
com.netflix.zuul.DynamicFilterLoader	hashFiltersByType	ConcurrentHashMap()	java.util.concurrent.ConcurrentHashMap	SOURCE
com.netflix.zuul.DynamicFilterLoader	filtersByNameAndType	ConcurrentHashMap()	java.util.concurrent.ConcurrentHashMap	SOURCE
com.netflix.zuul.DynamicFilterLoader	DynamicFilterLoader(com.netflix.zuul.filters.FilterRegistry,com.netflix.zuul.DynamicCodeCompiler,com.netflix.zuul.FilterFactory)	Object()	java.lang.Object	SOURCE
com.netflix.zuul.DynamicFilterLoader	getFilter(java.lang.String,java.lang.String)	get(java.lang.Object)	java.util.Map	SOURCE
com.netflix.zuul.DynamicFilterLoader	getFilter(java.lang.String,java.lang.String)	putIfAbsent(K,V)	java.util.concurrent.ConcurrentMap	SOURCE
com.netflix.zuul.DynamicFilterLoader	getFilter(java.lang.String,java.lang.String)	equals(java.lang.Object)	java.lang.String	SOURCE
com.netflix.zuul.DynamicFilterLoader	getFilter(java.lang.String,java.lang.String)	get(java.lang.Object)	java.util.Map	SOURCE
com.netflix.zuul.DynamicFilterLoader	getFilter(java.lang.String,java.lang.String)	isMutable()	com.netflix.zuul.filters.FilterRegistry	SOURCE
com.netflix.zuul.DynamicFilterLoader	getFilter(java.lang.String,java.lang.String)	info(java.lang.String,java.lang.Object)	org.slf4j.Logger	SOURCE
com.netflix.zuul.DynamicFilterLoader	getFilter(java.lang.String,java.lang.String)	remove(java.lang.String)	com.netflix.zuul.filters.FilterRegistry	SOURCE
com.netflix.zuul.DynamicFilterLoader	getFilter(java.lang.String,java.lang.String)	warn(java.lang.String,java.lang.Object)	org.slf4j.Logger	SOURCE
com.netflix.zuul.DynamicFilterLoader	getFilter(java.lang.String,java.lang.String)	get(java.lang.String)	com.netflix.zuul.filters.FilterRegistry	SOURCE
com.netflix.zuul.DynamicFilterLoader	getFilter(java.lang.String,java.lang.String)	compile(java.lang.String,java.lang.String)	com.netflix.zuul.DynamicCodeCompiler	SOURCE
com.netflix.zuul.DynamicFilterLoader	getFilter(java.lang.String,java.lang.String)	isAbstract(int)	java.lang.reflect.Modifier	SOURCE
com.netflix.zuul.DynamicFilterLoader	getFilter(java.lang.String,java.lang.String)	getModifiers()	java.lang.Class	SOURCE
com.netflix.zuul.DynamicFilterLoader	getFilter(java.lang.String,java.lang.String)	newInstance(java.lang.Class<?>)	com.netflix.zuul.FilterFactory	SOURCE
com.netflix.zuul.DynamicFilterLoader	filterInstanceMapSize()	size()	com.netflix.zuul.filters.FilterRegistry	SOURCE
com.netflix.zuul.DynamicFilterLoader	putFilter(java.io.File)	isMutable()	com.netflix.zuul.filters.FilterRegistry	SOURCE
com.netflix.zuul.DynamicFilterLoader	putFilter(java.io.File)	getAbsolutePath()	java.io.File	SOURCE
com.netflix.zuul.DynamicFilterLoader	putFilter(java.io.File)	get(java.lang.Object)	java.util.Map	SOURCE
com.netflix.zuul.DynamicFilterLoader	putFilter(java.io.File)	lastModified()	java.io.File	SOURCE
com.netflix.zuul.DynamicFilterLoader	putFilter(java.io.File)	get(java.lang.Object)	java.util.Map	SOURCE
com.netflix.zuul.DynamicFilterLoader	putFilter(java.io.File)	debug(java.lang.String,java.lang.Object)	org.slf4j.Logger	SOURCE
com.netflix.zuul.DynamicFilterLoader	putFilter(java.io.File)	remove(java.lang.String)	com.netflix.zuul.filters.FilterRegistry	SOURCE
com.netflix.zuul.DynamicFilterLoader	putFilter(java.io.File)	get(java.lang.String)	com.netflix.zuul.filters.FilterRegistry	SOURCE
com.netflix.zuul.DynamicFilterLoader	putFilter(java.io.File)	compile(java.io.File)	com.netflix.zuul.DynamicCodeCompiler	SOURCE
com.netflix.zuul.DynamicFilterLoader	putFilter(java.io.File)	isAbstract(int)	java.lang.reflect.Modifier	SOURCE
com.netflix.zuul.DynamicFilterLoader	putFilter(java.io.File)	getModifiers()	java.lang.Class	SOURCE
com.netflix.zuul.DynamicFilterLoader	putFilter(java.io.File)	newInstance(java.lang.Class<?>)	com.netflix.zuul.FilterFactory	SOURCE
com.netflix.zuul.DynamicFilterLoader	putFilter(java.io.File)	putFilter(java.lang.String,com.netflix.zuul.filters.ZuulFilter<?,?>,long)	com.netflix.zuul.DynamicFilterLoader	SOURCE
com.netflix.zuul.DynamicFilterLoader	putFilter(java.io.File)	lastModified()	java.io.File	SOURCE
com.netflix.zuul.DynamicFilterLoader	putFilter(java.io.File)	error(java.lang.String,java.lang.Object,java.lang.Object)	org.slf4j.Logger	SOURCE
com.netflix.zuul.DynamicFilterLoader	putFilter(java.lang.String,com.netflix.zuul.filters.ZuulFilter<?,?>,long)	isMutable()	com.netflix.zuul.filters.FilterRegistry	SOURCE
com.netflix.zuul.DynamicFilterLoader	putFilter(java.lang.String,com.netflix.zuul.filters.ZuulFilter<?,?>,long)	warn(java.lang.String,java.lang.Object)	org.slf4j.Logger	SOURCE
com.netflix.zuul.DynamicFilterLoader	putFilter(java.lang.String,com.netflix.zuul.filters.ZuulFilter<?,?>,long)	get(java.lang.Object)	java.util.Map	SOURCE
com.netflix.zuul.DynamicFilterLoader	putFilter(java.lang.String,com.netflix.zuul.filters.ZuulFilter<?,?>,long)	filterType()	com.netflix.zuul.filters.ZuulFilter	SOURCE
com.netflix.zuul.DynamicFilterLoader	putFilter(java.lang.String,com.netflix.zuul.filters.ZuulFilter<?,?>,long)	remove(java.lang.Object)	java.util.Map	SOURCE
com.netflix.zuul.DynamicFilterLoader	putFilter(java.lang.String,com.netflix.zuul.filters.ZuulFilter<?,?>,long)	filterType()	com.netflix.zuul.filters.ZuulFilter	SOURCE
com.netflix.zuul.DynamicFilterLoader	putFilter(java.lang.String,com.netflix.zuul.filters.ZuulFilter<?,?>,long)	filterType()	com.netflix.zuul.filters.ZuulFilter	SOURCE
com.netflix.zuul.DynamicFilterLoader	putFilter(java.lang.String,com.netflix.zuul.filters.ZuulFilter<?,?>,long)	filterName()	com.netflix.zuul.filters.ZuulFilter	SOURCE
com.netflix.zuul.DynamicFilterLoader	putFilter(java.lang.String,com.netflix.zuul.filters.ZuulFilter<?,?>,long)	put(K,V)	java.util.Map	SOURCE
com.netflix.zuul.DynamicFilterLoader	putFilter(java.lang.String,com.netflix.zuul.filters.ZuulFilter<?,?>,long)	put(java.lang.String,com.netflix.zuul.filters.ZuulFilter<?,?>)	com.netflix.zuul.filters.FilterRegistry	SOURCE
com.netflix.zuul.DynamicFilterLoader	putFilter(java.lang.String,com.netflix.zuul.filters.ZuulFilter<?,?>,long)	put(K,V)	java.util.Map	SOURCE
com.netflix.zuul.DynamicFilterLoader	putFiltersForClasses(java.lang.String[])	ArrayList()	java.util.ArrayList	SOURCE
com.netflix.zuul.DynamicFilterLoader	putFiltersForClasses(java.lang.String[])	add(E)	java.util.List	SOURCE
com.netflix.zuul.DynamicFilterLoader	putFiltersForClasses(java.lang.String[])	putFilterForClassName(java.lang.String)	com.netflix.zuul.DynamicFilterLoader	SOURCE
com.netflix.zuul.DynamicFilterLoader	putFiltersForClasses(java.lang.String[])	<T>unmodifiableList(java.util.List<? extends T>)	java.util.Collections	SOURCE
com.netflix.zuul.DynamicFilterLoader	putFilterForClassName(java.lang.String)	forName(java.lang.String)	java.lang.Class	SOURCE
com.netflix.zuul.DynamicFilterLoader	putFilterForClassName(java.lang.String)	isAssignableFrom(java.lang.Class<?>)	java.lang.Class	SOURCE
com.netflix.zuul.DynamicFilterLoader	putFilterForClassName(java.lang.String)	IllegalArgumentException(java.lang.String)	java.lang.IllegalArgumentException	SOURCE
com.netflix.zuul.DynamicFilterLoader	putFilterForClassName(java.lang.String)	newInstance(java.lang.Class<?>)	com.netflix.zuul.FilterFactory	SOURCE
com.netflix.zuul.DynamicFilterLoader	putFilterForClassName(java.lang.String)	putFilter(java.lang.String,com.netflix.zuul.filters.ZuulFilter<?,?>,long)	com.netflix.zuul.DynamicFilterLoader	SOURCE
com.netflix.zuul.DynamicFilterLoader	putFilterForClassName(java.lang.String)	currentTimeMillis()	java.lang.System	SOURCE
com.netflix.zuul.DynamicFilterLoader	getFiltersByType(com.netflix.zuul.filters.FilterType)	get(java.lang.Object)	java.util.Map	SOURCE
com.netflix.zuul.DynamicFilterLoader	getFiltersByType(com.netflix.zuul.filters.FilterType)	TreeSet(java.util.Comparator<? super E>)	java.util.TreeSet	SOURCE
com.netflix.zuul.DynamicFilterLoader	getFiltersByType(com.netflix.zuul.filters.FilterType)	getAllFilters()	com.netflix.zuul.filters.FilterRegistry	SOURCE
com.netflix.zuul.DynamicFilterLoader	getFiltersByType(com.netflix.zuul.filters.FilterType)	equals(java.lang.Object)	java.lang.Enum	SOURCE
com.netflix.zuul.DynamicFilterLoader	getFiltersByType(com.netflix.zuul.filters.FilterType)	filterType()	com.netflix.zuul.filters.ZuulFilter	SOURCE
com.netflix.zuul.DynamicFilterLoader	getFiltersByType(com.netflix.zuul.filters.FilterType)	add(E)	java.util.Set	SOURCE
com.netflix.zuul.DynamicFilterLoader	getFiltersByType(com.netflix.zuul.filters.FilterType)	putIfAbsent(K,V)	java.util.concurrent.ConcurrentMap	SOURCE
com.netflix.zuul.DynamicFilterLoader	getFiltersByType(com.netflix.zuul.filters.FilterType)	<T>unmodifiableSortedSet(java.util.SortedSet<T>)	java.util.Collections	SOURCE
com.netflix.zuul.DynamicFilterLoader	getFilterByNameAndType(java.lang.String,com.netflix.zuul.filters.FilterType)	get(java.lang.Object)	java.util.Map	SOURCE
com.netflix.zuul.monitoring.ConnTimer	PRECISE_TIMING	DynamicBooleanProperty(java.lang.String,boolean)	com.netflix.config.DynamicBooleanProperty	SOURCE
com.netflix.zuul.monitoring.ConnTimer	CONN_TIMER	<T>newInstance(java.lang.String)	io.netty.util.AttributeKey	SOURCE
com.netflix.zuul.monitoring.ConnTimer	MIN_CONN_TIMING	ofNanos(long)	java.time.Duration	SOURCE
com.netflix.zuul.monitoring.ConnTimer	MAX_CONN_TIMING	ofDays(long)	java.time.Duration	SOURCE
com.netflix.zuul.monitoring.ConnTimer	EMPTY	newInstance()	com.netflix.zuul.Attrs	SOURCE
com.netflix.zuul.monitoring.ConnTimer	timings	LinkedHashMap()	java.util.LinkedHashMap	SOURCE
com.netflix.zuul.monitoring.ConnTimer	ConnTimer(com.netflix.spectator.api.Registry,io.netty.channel.Channel,com.netflix.spectator.api.Id)	Object()	java.lang.Object	SOURCE
com.netflix.zuul.monitoring.ConnTimer	ConnTimer(com.netflix.spectator.api.Registry,io.netty.channel.Channel,com.netflix.spectator.api.Id)	<T>requireNonNull(T)	java.util.Objects	SOURCE
com.netflix.zuul.monitoring.ConnTimer	ConnTimer(com.netflix.spectator.api.Registry,io.netty.channel.Channel,com.netflix.spectator.api.Id)	<T>requireNonNull(T)	java.util.Objects	SOURCE
com.netflix.zuul.monitoring.ConnTimer	ConnTimer(com.netflix.spectator.api.Registry,io.netty.channel.Channel,com.netflix.spectator.api.Id)	<T>requireNonNull(T)	java.util.Objects	SOURCE
com.netflix.zuul.monitoring.ConnTimer	ConnTimer(com.netflix.spectator.api.Registry,io.netty.channel.Channel,com.netflix.spectator.api.Id)	get()	com.netflix.config.DynamicBooleanProperty	SOURCE
com.netflix.zuul.monitoring.ConnTimer	ConnTimer(com.netflix.spectator.api.Registry,io.netty.channel.Channel,com.netflix.spectator.api.Id)	withTags(java.lang.Iterable<com.netflix.spectator.api.Tag>)	com.netflix.spectator.api.Id	SOURCE
com.netflix.zuul.monitoring.ConnTimer	ConnTimer(com.netflix.spectator.api.Registry,io.netty.channel.Channel,com.netflix.spectator.api.Id)	createId(java.lang.String)	com.netflix.spectator.api.Registry	SOURCE
com.netflix.zuul.monitoring.ConnTimer	ConnTimer(com.netflix.spectator.api.Registry,io.netty.channel.Channel,com.netflix.spectator.api.Id)	name()	com.netflix.spectator.api.Id	SOURCE
com.netflix.zuul.monitoring.ConnTimer	ConnTimer(com.netflix.spectator.api.Registry,io.netty.channel.Channel,com.netflix.spectator.api.Id)	tags()	com.netflix.spectator.api.Id	SOURCE
com.netflix.zuul.monitoring.ConnTimer	install(io.netty.channel.Channel,com.netflix.spectator.api.Registry,com.netflix.spectator.api.Id)	ConnTimer(com.netflix.spectator.api.Registry,io.netty.channel.Channel,com.netflix.spectator.api.Id)	com.netflix.zuul.monitoring.ConnTimer	SOURCE
com.netflix.zuul.monitoring.ConnTimer	install(io.netty.channel.Channel,com.netflix.spectator.api.Registry,com.netflix.spectator.api.Id)	compareAndSet(T,T)	io.netty.util.Attribute	SOURCE
com.netflix.zuul.monitoring.ConnTimer	install(io.netty.channel.Channel,com.netflix.spectator.api.Registry,com.netflix.spectator.api.Id)	<T>attr(io.netty.util.AttributeKey<T>)	io.netty.util.AttributeMap	SOURCE
com.netflix.zuul.monitoring.ConnTimer	install(io.netty.channel.Channel,com.netflix.spectator.api.Registry,com.netflix.spectator.api.Id)	IllegalStateException(java.lang.String)	java.lang.IllegalStateException	SOURCE
com.netflix.zuul.monitoring.ConnTimer	from(io.netty.channel.Channel)	<T>requireNonNull(T)	java.util.Objects	SOURCE
com.netflix.zuul.monitoring.ConnTimer	from(io.netty.channel.Channel)	get()	io.netty.util.Attribute	SOURCE
com.netflix.zuul.monitoring.ConnTimer	from(io.netty.channel.Channel)	<T>attr(io.netty.util.AttributeKey<T>)	io.netty.util.AttributeMap	SOURCE
com.netflix.zuul.monitoring.ConnTimer	from(io.netty.channel.Channel)	parent()	io.netty.channel.Channel	SOURCE
com.netflix.zuul.monitoring.ConnTimer	from(io.netty.channel.Channel)	get()	io.netty.util.Attribute	SOURCE
com.netflix.zuul.monitoring.ConnTimer	from(io.netty.channel.Channel)	<T>attr(io.netty.util.AttributeKey<T>)	io.netty.util.AttributeMap	SOURCE
com.netflix.zuul.monitoring.ConnTimer	from(io.netty.channel.Channel)	parent()	io.netty.channel.Channel	SOURCE
com.netflix.zuul.monitoring.ConnTimer	from(io.netty.channel.Channel)	IllegalStateException(java.lang.String)	java.lang.IllegalStateException	SOURCE
com.netflix.zuul.monitoring.ConnTimer	record(java.lang.Long,java.lang.String)	record(java.lang.Long,java.lang.String,com.netflix.zuul.Attrs)	com.netflix.zuul.monitoring.ConnTimer	SOURCE
com.netflix.zuul.monitoring.ConnTimer	record(java.lang.Long,java.lang.String,com.netflix.zuul.Attrs)	containsKey(java.lang.Object)	java.util.Map	SOURCE
com.netflix.zuul.monitoring.ConnTimer	record(java.lang.Long,java.lang.String,com.netflix.zuul.Attrs)	<T>requireNonNull(T)	java.util.Objects	SOURCE
com.netflix.zuul.monitoring.ConnTimer	record(java.lang.Long,java.lang.String,com.netflix.zuul.Attrs)	<T>requireNonNull(T)	java.util.Objects	SOURCE
com.netflix.zuul.monitoring.ConnTimer	record(java.lang.Long,java.lang.String,com.netflix.zuul.Attrs)	<T>requireNonNull(T)	java.util.Objects	SOURCE
com.netflix.zuul.monitoring.ConnTimer	record(java.lang.Long,java.lang.String,com.netflix.zuul.Attrs)	get()	io.netty.util.Attribute	SOURCE
com.netflix.zuul.monitoring.ConnTimer	record(java.lang.Long,java.lang.String,com.netflix.zuul.Attrs)	<T>attr(io.netty.util.AttributeKey<T>)	io.netty.util.AttributeMap	SOURCE
com.netflix.zuul.monitoring.ConnTimer	record(java.lang.Long,java.lang.String,com.netflix.zuul.Attrs)	HashMap(int)	java.util.HashMap	SOURCE
com.netflix.zuul.monitoring.ConnTimer	record(java.lang.Long,java.lang.String,com.netflix.zuul.Attrs)	size()	com.netflix.zuul.Attrs	SOURCE
com.netflix.zuul.monitoring.ConnTimer	record(java.lang.Long,java.lang.String,com.netflix.zuul.Attrs)	size()	com.netflix.zuul.Attrs	SOURCE
com.netflix.zuul.monitoring.ConnTimer	record(java.lang.Long,java.lang.String,com.netflix.zuul.Attrs)	forEach(java.util.function.BiConsumer<? super com.netflix.zuul.Attrs.Key<?>,java.lang.Object>)	com.netflix.zuul.Attrs	SOURCE
com.netflix.zuul.monitoring.ConnTimer	record(java.lang.Long,java.lang.String,com.netflix.zuul.Attrs)	accept(T,U)	java.util.function.BiConsumer	SOURCE
com.netflix.zuul.monitoring.ConnTimer	record(java.lang.Long,java.lang.String,com.netflix.zuul.Attrs)	put(K,V)	java.util.Map	SOURCE
com.netflix.zuul.monitoring.ConnTimer	record(java.lang.Long,java.lang.String,com.netflix.zuul.Attrs)	name()	com.netflix.zuul.Attrs$Key	SOURCE
com.netflix.zuul.monitoring.ConnTimer	record(java.lang.Long,java.lang.String,com.netflix.zuul.Attrs)	valueOf(java.lang.Object)	java.lang.String	SOURCE
com.netflix.zuul.monitoring.ConnTimer	record(java.lang.Long,java.lang.String,com.netflix.zuul.Attrs)	forEach(java.util.function.BiConsumer<? super com.netflix.zuul.Attrs.Key<?>,java.lang.Object>)	com.netflix.zuul.Attrs	SOURCE
com.netflix.zuul.monitoring.ConnTimer	record(java.lang.Long,java.lang.String,com.netflix.zuul.Attrs)	accept(T,U)	java.util.function.BiConsumer	SOURCE
com.netflix.zuul.monitoring.ConnTimer	record(java.lang.Long,java.lang.String,com.netflix.zuul.Attrs)	put(K,V)	java.util.Map	SOURCE
com.netflix.zuul.monitoring.ConnTimer	record(java.lang.Long,java.lang.String,com.netflix.zuul.Attrs)	name()	com.netflix.zuul.Attrs$Key	SOURCE
com.netflix.zuul.monitoring.ConnTimer	record(java.lang.Long,java.lang.String,com.netflix.zuul.Attrs)	valueOf(java.lang.Object)	java.lang.String	SOURCE
com.netflix.zuul.monitoring.ConnTimer	record(java.lang.Long,java.lang.String,com.netflix.zuul.Attrs)	forEach(java.util.function.BiConsumer<? super K,? super V>)	java.util.Map	SOURCE
com.netflix.zuul.monitoring.ConnTimer	record(java.lang.Long,java.lang.String,com.netflix.zuul.Attrs)	accept(T,U)	java.util.function.BiConsumer	SOURCE
com.netflix.zuul.monitoring.ConnTimer	record(java.lang.Long,java.lang.String,com.netflix.zuul.Attrs)	record(long,java.util.concurrent.TimeUnit)	com.netflix.spectator.api.Timer	SOURCE
com.netflix.zuul.monitoring.ConnTimer	record(java.lang.Long,java.lang.String,com.netflix.zuul.Attrs)	timer(com.netflix.spectator.api.Id)	com.netflix.spectator.api.Registry	SOURCE
com.netflix.zuul.monitoring.ConnTimer	record(java.lang.Long,java.lang.String,com.netflix.zuul.Attrs)	buildId(com.netflix.spectator.api.Id,java.lang.String,java.lang.String,java.util.Map<java.lang.String,java.lang.String>)	com.netflix.zuul.monitoring.ConnTimer	SOURCE
com.netflix.zuul.monitoring.ConnTimer	record(java.lang.Long,java.lang.String,com.netflix.zuul.Attrs)	record(long,java.util.concurrent.TimeUnit)	com.netflix.spectator.api.histogram.PercentileTimer	SOURCE
com.netflix.zuul.monitoring.ConnTimer	record(java.lang.Long,java.lang.String,com.netflix.zuul.Attrs)	build()	com.netflix.spectator.api.histogram.PercentileTimer$Builder	SOURCE
com.netflix.zuul.monitoring.ConnTimer	record(java.lang.Long,java.lang.String,com.netflix.zuul.Attrs)	withRange(java.time.Duration,java.time.Duration)	com.netflix.spectator.api.histogram.PercentileTimer$Builder	SOURCE
com.netflix.zuul.monitoring.ConnTimer	record(java.lang.Long,java.lang.String,com.netflix.zuul.Attrs)	withId(com.netflix.spectator.api.Id)	com.netflix.spectator.api.patterns.IdBuilder	SOURCE
com.netflix.zuul.monitoring.ConnTimer	record(java.lang.Long,java.lang.String,com.netflix.zuul.Attrs)	builder(com.netflix.spectator.api.Registry)	com.netflix.spectator.api.histogram.PercentileTimer	SOURCE
com.netflix.zuul.monitoring.ConnTimer	record(java.lang.Long,java.lang.String,com.netflix.zuul.Attrs)	buildId(com.netflix.spectator.api.Id,java.lang.String,java.lang.String,java.util.Map<java.lang.String,java.lang.String>)	com.netflix.zuul.monitoring.ConnTimer	SOURCE
com.netflix.zuul.monitoring.ConnTimer	record(java.lang.Long,java.lang.String,com.netflix.zuul.Attrs)	put(K,V)	java.util.Map	SOURCE
com.netflix.zuul.monitoring.ConnTimer	buildId(com.netflix.spectator.api.Id,java.lang.String,java.lang.String,java.util.Map<java.lang.String,java.lang.String>)	withTags(java.util.Map<java.lang.String,java.lang.String>)	com.netflix.spectator.api.Id	SOURCE
com.netflix.zuul.monitoring.ConnTimer	buildId(com.netflix.spectator.api.Id,java.lang.String,java.lang.String,java.util.Map<java.lang.String,java.lang.String>)	withTags(java.lang.Iterable<com.netflix.spectator.api.Tag>)	com.netflix.spectator.api.Id	SOURCE
com.netflix.zuul.monitoring.ConnTimer	buildId(com.netflix.spectator.api.Id,java.lang.String,java.lang.String,java.util.Map<java.lang.String,java.lang.String>)	createId(java.lang.String)	com.netflix.spectator.api.Registry	SOURCE
com.netflix.zuul.monitoring.ConnTimer	buildId(com.netflix.spectator.api.Id,java.lang.String,java.lang.String,java.util.Map<java.lang.String,java.lang.String>)	name()	com.netflix.spectator.api.Id	SOURCE
com.netflix.zuul.monitoring.ConnTimer	buildId(com.netflix.spectator.api.Id,java.lang.String,java.lang.String,java.util.Map<java.lang.String,java.lang.String>)	tags()	com.netflix.spectator.api.Id	SOURCE
com.netflix.zuul.monitoring.ConnCounter	logger	getLogger(java.lang.Class<?>)	org.slf4j.LoggerFactory	SOURCE
com.netflix.zuul.monitoring.ConnCounter	CONN_COUNTER	<T>newInstance(java.lang.String)	io.netty.util.AttributeKey	SOURCE
com.netflix.zuul.monitoring.ConnCounter	EMPTY	newInstance()	com.netflix.zuul.Attrs	SOURCE
com.netflix.zuul.monitoring.ConnCounter	null	Object()	java.lang.Object	SOURCE
com.netflix.zuul.monitoring.ConnCounter	counts	HashMap()	java.util.HashMap	SOURCE
com.netflix.zuul.monitoring.ConnCounter	ConnCounter(com.netflix.spectator.api.Registry,io.netty.channel.Channel,com.netflix.spectator.api.Id)	Object()	java.lang.Object	SOURCE
com.netflix.zuul.monitoring.ConnCounter	ConnCounter(com.netflix.spectator.api.Registry,io.netty.channel.Channel,com.netflix.spectator.api.Id)	<T>requireNonNull(T)	java.util.Objects	SOURCE
com.netflix.zuul.monitoring.ConnCounter	ConnCounter(com.netflix.spectator.api.Registry,io.netty.channel.Channel,com.netflix.spectator.api.Id)	<T>requireNonNull(T)	java.util.Objects	SOURCE
com.netflix.zuul.monitoring.ConnCounter	ConnCounter(com.netflix.spectator.api.Registry,io.netty.channel.Channel,com.netflix.spectator.api.Id)	<T>requireNonNull(T)	java.util.Objects	SOURCE
com.netflix.zuul.monitoring.ConnCounter	install(io.netty.channel.Channel,com.netflix.spectator.api.Registry,com.netflix.spectator.api.Id)	ConnCounter(com.netflix.spectator.api.Registry,io.netty.channel.Channel,com.netflix.spectator.api.Id)	com.netflix.zuul.monitoring.ConnCounter	SOURCE
com.netflix.zuul.monitoring.ConnCounter	install(io.netty.channel.Channel,com.netflix.spectator.api.Registry,com.netflix.spectator.api.Id)	compareAndSet(T,T)	io.netty.util.Attribute	SOURCE
com.netflix.zuul.monitoring.ConnCounter	install(io.netty.channel.Channel,com.netflix.spectator.api.Registry,com.netflix.spectator.api.Id)	<T>attr(io.netty.util.AttributeKey<T>)	io.netty.util.AttributeMap	SOURCE
com.netflix.zuul.monitoring.ConnCounter	install(io.netty.channel.Channel,com.netflix.spectator.api.Registry,com.netflix.spectator.api.Id)	IllegalStateException(java.lang.String)	java.lang.IllegalStateException	SOURCE
com.netflix.zuul.monitoring.ConnCounter	from(io.netty.channel.Channel)	<T>requireNonNull(T)	java.util.Objects	SOURCE
com.netflix.zuul.monitoring.ConnCounter	from(io.netty.channel.Channel)	get()	io.netty.util.Attribute	SOURCE
com.netflix.zuul.monitoring.ConnCounter	from(io.netty.channel.Channel)	<T>attr(io.netty.util.AttributeKey<T>)	io.netty.util.AttributeMap	SOURCE
com.netflix.zuul.monitoring.ConnCounter	from(io.netty.channel.Channel)	parent()	io.netty.channel.Channel	SOURCE
com.netflix.zuul.monitoring.ConnCounter	from(io.netty.channel.Channel)	get()	io.netty.util.Attribute	SOURCE
com.netflix.zuul.monitoring.ConnCounter	from(io.netty.channel.Channel)	<T>attr(io.netty.util.AttributeKey<T>)	io.netty.util.AttributeMap	SOURCE
com.netflix.zuul.monitoring.ConnCounter	from(io.netty.channel.Channel)	parent()	io.netty.channel.Channel	SOURCE
com.netflix.zuul.monitoring.ConnCounter	from(io.netty.channel.Channel)	IllegalStateException(java.lang.String)	java.lang.IllegalStateException	SOURCE
com.netflix.zuul.monitoring.ConnCounter	increment(java.lang.String)	increment(java.lang.String,com.netflix.zuul.Attrs)	com.netflix.zuul.monitoring.ConnCounter	SOURCE
com.netflix.zuul.monitoring.ConnCounter	increment(java.lang.String,com.netflix.zuul.Attrs)	<T>requireNonNull(T)	java.util.Objects	SOURCE
com.netflix.zuul.monitoring.ConnCounter	increment(java.lang.String,com.netflix.zuul.Attrs)	<T>requireNonNull(T)	java.util.Objects	SOURCE
com.netflix.zuul.monitoring.ConnCounter	increment(java.lang.String,com.netflix.zuul.Attrs)	containsKey(java.lang.Object)	java.util.Map	SOURCE
com.netflix.zuul.monitoring.ConnCounter	increment(java.lang.String,com.netflix.zuul.Attrs)	warn(java.lang.String,java.lang.Object)	org.slf4j.Logger	SOURCE
com.netflix.zuul.monitoring.ConnCounter	increment(java.lang.String,com.netflix.zuul.Attrs)	get()	io.netty.util.Attribute	SOURCE
com.netflix.zuul.monitoring.ConnCounter	increment(java.lang.String,com.netflix.zuul.Attrs)	<T>attr(io.netty.util.AttributeKey<T>)	io.netty.util.AttributeMap	SOURCE
com.netflix.zuul.monitoring.ConnCounter	increment(java.lang.String,com.netflix.zuul.Attrs)	HashMap(int)	java.util.HashMap	SOURCE
com.netflix.zuul.monitoring.ConnCounter	increment(java.lang.String,com.netflix.zuul.Attrs)	size()	com.netflix.zuul.Attrs	SOURCE
com.netflix.zuul.monitoring.ConnCounter	increment(java.lang.String,com.netflix.zuul.Attrs)	size()	com.netflix.zuul.Attrs	SOURCE
com.netflix.zuul.monitoring.ConnCounter	increment(java.lang.String,com.netflix.zuul.Attrs)	forEach(java.util.function.BiConsumer<? super com.netflix.zuul.Attrs.Key<?>,java.lang.Object>)	com.netflix.zuul.Attrs	SOURCE
com.netflix.zuul.monitoring.ConnCounter	increment(java.lang.String,com.netflix.zuul.Attrs)	accept(T,U)	java.util.function.BiConsumer	SOURCE
com.netflix.zuul.monitoring.ConnCounter	increment(java.lang.String,com.netflix.zuul.Attrs)	put(K,V)	java.util.Map	SOURCE
com.netflix.zuul.monitoring.ConnCounter	increment(java.lang.String,com.netflix.zuul.Attrs)	name()	com.netflix.zuul.Attrs$Key	SOURCE
com.netflix.zuul.monitoring.ConnCounter	increment(java.lang.String,com.netflix.zuul.Attrs)	valueOf(java.lang.Object)	java.lang.String	SOURCE
com.netflix.zuul.monitoring.ConnCounter	increment(java.lang.String,com.netflix.zuul.Attrs)	forEach(java.util.function.BiConsumer<? super com.netflix.zuul.Attrs.Key<?>,java.lang.Object>)	com.netflix.zuul.Attrs	SOURCE
com.netflix.zuul.monitoring.ConnCounter	increment(java.lang.String,com.netflix.zuul.Attrs)	accept(T,U)	java.util.function.BiConsumer	SOURCE
com.netflix.zuul.monitoring.ConnCounter	increment(java.lang.String,com.netflix.zuul.Attrs)	put(K,V)	java.util.Map	SOURCE
com.netflix.zuul.monitoring.ConnCounter	increment(java.lang.String,com.netflix.zuul.Attrs)	name()	com.netflix.zuul.Attrs$Key	SOURCE
com.netflix.zuul.monitoring.ConnCounter	increment(java.lang.String,com.netflix.zuul.Attrs)	valueOf(java.lang.Object)	java.lang.String	SOURCE
com.netflix.zuul.monitoring.ConnCounter	increment(java.lang.String,com.netflix.zuul.Attrs)	put(K,V)	java.util.Map	SOURCE
com.netflix.zuul.monitoring.ConnCounter	increment(java.lang.String,com.netflix.zuul.Attrs)	withTags(java.util.Map<java.lang.String,java.lang.String>)	com.netflix.spectator.api.Id	SOURCE
com.netflix.zuul.monitoring.ConnCounter	increment(java.lang.String,com.netflix.zuul.Attrs)	withTags(java.lang.Iterable<com.netflix.spectator.api.Tag>)	com.netflix.spectator.api.Id	SOURCE
com.netflix.zuul.monitoring.ConnCounter	increment(java.lang.String,com.netflix.zuul.Attrs)	createId(java.lang.String)	com.netflix.spectator.api.Registry	SOURCE
com.netflix.zuul.monitoring.ConnCounter	increment(java.lang.String,com.netflix.zuul.Attrs)	name()	com.netflix.spectator.api.Id	SOURCE
com.netflix.zuul.monitoring.ConnCounter	increment(java.lang.String,com.netflix.zuul.Attrs)	tags()	com.netflix.spectator.api.Id	SOURCE
com.netflix.zuul.monitoring.ConnCounter	increment(java.lang.String,com.netflix.zuul.Attrs)	gauge(com.netflix.spectator.api.Id)	com.netflix.spectator.api.Registry	SOURCE
com.netflix.zuul.monitoring.ConnCounter	increment(java.lang.String,com.netflix.zuul.Attrs)	getLock(com.netflix.spectator.api.Id)	com.netflix.zuul.monitoring.ConnCounter	SOURCE
com.netflix.zuul.monitoring.ConnCounter	increment(java.lang.String,com.netflix.zuul.Attrs)	value()	com.netflix.spectator.api.Gauge	SOURCE
com.netflix.zuul.monitoring.ConnCounter	increment(java.lang.String,com.netflix.zuul.Attrs)	set(double)	com.netflix.spectator.api.Gauge	SOURCE
com.netflix.zuul.monitoring.ConnCounter	increment(java.lang.String,com.netflix.zuul.Attrs)	isNaN(double)	java.lang.Double	SOURCE
com.netflix.zuul.monitoring.ConnCounter	increment(java.lang.String,com.netflix.zuul.Attrs)	put(K,V)	java.util.Map	SOURCE
com.netflix.zuul.monitoring.ConnCounter	getCurrentActiveConns()	containsKey(java.lang.Object)	java.util.Map	SOURCE
com.netflix.zuul.monitoring.ConnCounter	getCurrentActiveConns()	value()	com.netflix.spectator.api.Gauge	SOURCE
com.netflix.zuul.monitoring.ConnCounter	getCurrentActiveConns()	get(java.lang.Object)	java.util.Map	SOURCE
com.netflix.zuul.monitoring.ConnCounter	decrement(java.lang.String)	<T>requireNonNull(T)	java.util.Objects	SOURCE
com.netflix.zuul.monitoring.ConnCounter	decrement(java.lang.String)	remove(java.lang.Object)	java.util.Map	SOURCE
com.netflix.zuul.monitoring.ConnCounter	decrement(java.lang.String)	warn(java.lang.String,java.lang.Object)	org.slf4j.Logger	SOURCE
com.netflix.zuul.monitoring.ConnCounter	decrement(java.lang.String)	getLock(com.netflix.spectator.api.Id)	com.netflix.zuul.monitoring.ConnCounter	SOURCE
com.netflix.zuul.monitoring.ConnCounter	decrement(java.lang.String)	id()	com.netflix.spectator.api.Meter	SOURCE
com.netflix.zuul.monitoring.ConnCounter	decrement(java.lang.String)	isNaN(double)	java.lang.Double	SOURCE
com.netflix.zuul.monitoring.ConnCounter	decrement(java.lang.String)	value()	com.netflix.spectator.api.Gauge	SOURCE
com.netflix.zuul.monitoring.ConnCounter	decrement(java.lang.String)	equals(java.lang.Object)	java.lang.String	SOURCE
com.netflix.zuul.monitoring.ConnCounter	decrement(java.lang.String)	getName()	java.lang.Class	SOURCE
com.netflix.zuul.monitoring.ConnCounter	decrement(java.lang.String)	getClass()	java.lang.Object	SOURCE
com.netflix.zuul.monitoring.ConnCounter	decrement(java.lang.String)	set(double)	com.netflix.spectator.api.Gauge	SOURCE
com.netflix.zuul.monitoring.ConnCounter	decrement(java.lang.String)	value()	com.netflix.spectator.api.Gauge	SOURCE
com.netflix.zuul.monitoring.ConnCounter	getLock(com.netflix.spectator.api.Id)	hashCode()	java.lang.Object	SOURCE
com.netflix.zuul.origins.BasicNettyOriginManager	BasicNettyOriginManager(com.netflix.spectator.api.Registry)	Object()	java.lang.Object	SOURCE
com.netflix.zuul.origins.BasicNettyOriginManager	BasicNettyOriginManager(com.netflix.spectator.api.Registry)	ConcurrentHashMap()	java.util.concurrent.ConcurrentHashMap	SOURCE
com.netflix.zuul.origins.BasicNettyOriginManager	getOrigin(com.netflix.zuul.origins.OriginName,java.lang.String,com.netflix.zuul.context.SessionContext)	computeIfAbsent(K,java.util.function.Function<? super K,? extends V>)	java.util.concurrent.ConcurrentHashMap	SOURCE
com.netflix.zuul.origins.BasicNettyOriginManager	getOrigin(com.netflix.zuul.origins.OriginName,java.lang.String,com.netflix.zuul.context.SessionContext)	apply(T)	java.util.function.Function	SOURCE
com.netflix.zuul.origins.BasicNettyOriginManager	getOrigin(com.netflix.zuul.origins.OriginName,java.lang.String,com.netflix.zuul.context.SessionContext)	createOrigin(com.netflix.zuul.origins.OriginName,java.lang.String,com.netflix.zuul.context.SessionContext)	com.netflix.zuul.origins.BasicNettyOriginManager	SOURCE
com.netflix.zuul.origins.BasicNettyOriginManager	createOrigin(com.netflix.zuul.origins.OriginName,java.lang.String,com.netflix.zuul.context.SessionContext)	BasicNettyOrigin(com.netflix.zuul.origins.OriginName,com.netflix.spectator.api.Registry)	com.netflix.zuul.origins.BasicNettyOrigin	SOURCE
com.netflix.zuul.origins.BasicNettyOrigin	BasicNettyOrigin(com.netflix.zuul.origins.OriginName,com.netflix.spectator.api.Registry)	Object()	java.lang.Object	SOURCE
com.netflix.zuul.origins.BasicNettyOrigin	BasicNettyOrigin(com.netflix.zuul.origins.OriginName,com.netflix.spectator.api.Registry)	<T>requireNonNull(T,java.lang.String)	java.util.Objects	SOURCE
com.netflix.zuul.origins.BasicNettyOrigin	BasicNettyOrigin(com.netflix.zuul.origins.OriginName,com.netflix.spectator.api.Registry)	setupClientConfig(com.netflix.zuul.origins.OriginName)	com.netflix.zuul.origins.BasicNettyOrigin	SOURCE
com.netflix.zuul.origins.BasicNettyOrigin	BasicNettyOrigin(com.netflix.zuul.origins.OriginName,com.netflix.spectator.api.Registry)	DefaultClientChannelManager(com.netflix.zuul.origins.OriginName,com.netflix.client.config.IClientConfig,com.netflix.spectator.api.Registry)	com.netflix.zuul.netty.connectionpool.DefaultClientChannelManager	SOURCE
com.netflix.zuul.origins.BasicNettyOrigin	BasicNettyOrigin(com.netflix.zuul.origins.OriginName,com.netflix.spectator.api.Registry)	init()	com.netflix.zuul.netty.connectionpool.ClientChannelManager	SOURCE
com.netflix.zuul.origins.BasicNettyOrigin	BasicNettyOrigin(com.netflix.zuul.origins.OriginName,com.netflix.spectator.api.Registry)	NettyRequestAttemptFactory()	com.netflix.zuul.netty.NettyRequestAttemptFactory	SOURCE
com.netflix.zuul.origins.BasicNettyOrigin	BasicNettyOrigin(com.netflix.zuul.origins.OriginName,com.netflix.spectator.api.Registry)	getNiwsClientName()	com.netflix.zuul.origins.OriginName	SOURCE
com.netflix.zuul.origins.BasicNettyOrigin	BasicNettyOrigin(com.netflix.zuul.origins.OriginName,com.netflix.spectator.api.Registry)	getName()	com.netflix.zuul.origins.BasicNettyOrigin	SOURCE
com.netflix.zuul.origins.BasicNettyOrigin	BasicNettyOrigin(com.netflix.zuul.origins.OriginName,com.netflix.spectator.api.Registry)	<T>newGauge(java.lang.String,java.lang.String,T)	com.netflix.zuul.netty.SpectatorUtils	SOURCE
com.netflix.zuul.origins.BasicNettyOrigin	BasicNettyOrigin(com.netflix.zuul.origins.OriginName,com.netflix.spectator.api.Registry)	AtomicInteger(int)	java.util.concurrent.atomic.AtomicInteger	SOURCE
com.netflix.zuul.origins.BasicNettyOrigin	BasicNettyOrigin(com.netflix.zuul.origins.OriginName,com.netflix.spectator.api.Registry)	newCounter(java.lang.String,java.lang.String)	com.netflix.zuul.netty.SpectatorUtils	SOURCE
com.netflix.zuul.origins.BasicNettyOrigin	BasicNettyOrigin(com.netflix.zuul.origins.OriginName,com.netflix.spectator.api.Registry)	CachedDynamicIntProperty(java.lang.String,int)	com.netflix.config.CachedDynamicIntProperty	SOURCE
com.netflix.zuul.origins.BasicNettyOrigin	BasicNettyOrigin(com.netflix.zuul.origins.OriginName,com.netflix.spectator.api.Registry)	CachedDynamicBooleanProperty(java.lang.String,boolean)	com.netflix.config.CachedDynamicBooleanProperty	SOURCE
com.netflix.zuul.origins.BasicNettyOrigin	setupClientConfig(com.netflix.zuul.origins.OriginName)	getClientConfigWithDefaultValues(java.lang.String)	com.netflix.client.config.DefaultClientConfigImpl	SOURCE
com.netflix.zuul.origins.BasicNettyOrigin	setupClientConfig(com.netflix.zuul.origins.OriginName)	getNiwsClientName()	com.netflix.zuul.origins.OriginName	SOURCE
com.netflix.zuul.origins.BasicNettyOrigin	setupClientConfig(com.netflix.zuul.origins.OriginName)	<T>set(com.netflix.client.config.IClientConfigKey<T>,T)	com.netflix.client.config.IClientConfig	SOURCE
com.netflix.zuul.origins.BasicNettyOrigin	setupClientConfig(com.netflix.zuul.origins.OriginName)	getNiwsClientName()	com.netflix.zuul.origins.OriginName	SOURCE
com.netflix.zuul.origins.BasicNettyOrigin	setupClientConfig(com.netflix.zuul.origins.OriginName)	loadProperties(java.lang.String)	com.netflix.client.config.IClientConfig	SOURCE
com.netflix.zuul.origins.BasicNettyOrigin	setupClientConfig(com.netflix.zuul.origins.OriginName)	getNiwsClientName()	com.netflix.zuul.origins.OriginName	SOURCE
com.netflix.zuul.origins.BasicNettyOrigin	isAvailable()	isAvailable()	com.netflix.zuul.netty.connectionpool.ClientChannelManager	SOURCE
com.netflix.zuul.origins.BasicNettyOrigin	isCold()	isCold()	com.netflix.zuul.netty.connectionpool.ClientChannelManager	SOURCE
com.netflix.zuul.origins.BasicNettyOrigin	connectToOrigin(com.netflix.zuul.message.http.HttpRequestMessage,io.netty.channel.EventLoop,int,com.netflix.zuul.passport.CurrentPassport,java.util.concurrent.atomic.AtomicReference<com.netflix.zuul.discovery.DiscoveryResult>,java.util.concurrent.atomic.AtomicReference<? super java.net.InetAddress>)	acquire(io.netty.channel.EventLoop,java.lang.Object,com.netflix.zuul.passport.CurrentPassport,java.util.concurrent.atomic.AtomicReference<com.netflix.zuul.discovery.DiscoveryResult>,java.util.concurrent.atomic.AtomicReference<? super java.net.InetAddress>)	com.netflix.zuul.netty.connectionpool.ClientChannelManager	SOURCE
com.netflix.zuul.origins.BasicNettyOrigin	getMaxRetriesForRequest(com.netflix.zuul.context.SessionContext)	<T>get(com.netflix.client.config.IClientConfigKey<T>,T)	com.netflix.client.config.IClientConfig	SOURCE
com.netflix.zuul.origins.BasicNettyOrigin	newRequestAttempt(com.netflix.zuul.discovery.DiscoveryResult,com.netflix.zuul.context.SessionContext,int)	RequestAttempt(com.netflix.zuul.discovery.DiscoveryResult,com.netflix.client.config.IClientConfig,int,int)	com.netflix.zuul.niws.RequestAttempt	SOURCE
com.netflix.zuul.origins.BasicNettyOrigin	newRequestAttempt(com.netflix.zuul.discovery.DiscoveryResult,com.netflix.zuul.context.SessionContext,int)	<T>get(com.netflix.client.config.IClientConfigKey<T>)	com.netflix.client.config.IClientConfig	SOURCE
com.netflix.zuul.origins.BasicNettyOrigin	getIpAddrFromServer(com.netflix.zuul.discovery.DiscoveryResult)	getIPAddr()	com.netflix.zuul.discovery.DiscoveryResult	SOURCE
com.netflix.zuul.origins.BasicNettyOrigin	getIpAddrFromServer(com.netflix.zuul.discovery.DiscoveryResult)	isPresent()	java.util.Optional	SOURCE
com.netflix.zuul.origins.BasicNettyOrigin	getIpAddrFromServer(com.netflix.zuul.discovery.DiscoveryResult)	get()	java.util.Optional	SOURCE
com.netflix.zuul.origins.BasicNettyOrigin	recordFinalError(com.netflix.zuul.message.http.HttpRequestMessage,java.lang.Throwable)	getContext()	com.netflix.zuul.message.ZuulMessage	SOURCE
com.netflix.zuul.origins.BasicNettyOrigin	recordFinalError(com.netflix.zuul.message.http.HttpRequestMessage,java.lang.Throwable)	mapNettyToOutboundErrorType(java.lang.Throwable)	com.netflix.zuul.netty.NettyRequestAttemptFactory	SOURCE
com.netflix.zuul.origins.BasicNettyOrigin	recordFinalError(com.netflix.zuul.message.http.HttpRequestMessage,java.lang.Throwable)	getStatusCategory()	com.netflix.zuul.exception.ErrorType	SOURCE
com.netflix.zuul.origins.BasicNettyOrigin	recordFinalError(com.netflix.zuul.message.http.HttpRequestMessage,java.lang.Throwable)	<T>put(com.netflix.zuul.context.SessionContext.Key<T>,T)	com.netflix.zuul.context.SessionContext	SOURCE
com.netflix.zuul.origins.BasicNettyOrigin	recordFinalError(com.netflix.zuul.message.http.HttpRequestMessage,java.lang.Throwable)	<T>put(com.netflix.zuul.context.SessionContext.Key<T>,T)	com.netflix.zuul.context.SessionContext	SOURCE
com.netflix.zuul.origins.BasicNettyOrigin	recordFinalError(com.netflix.zuul.message.http.HttpRequestMessage,java.lang.Throwable)	setError(java.lang.Throwable)	com.netflix.zuul.context.SessionContext	SOURCE
com.netflix.zuul.origins.BasicNettyOrigin	recordFinalResponse(com.netflix.zuul.message.http.HttpResponseMessage)	getContext()	com.netflix.zuul.message.ZuulMessage	SOURCE
com.netflix.zuul.origins.BasicNettyOrigin	recordFinalResponse(com.netflix.zuul.message.http.HttpResponseMessage)	getStatus()	com.netflix.zuul.message.http.HttpResponseInfo	SOURCE
com.netflix.zuul.origins.BasicNettyOrigin	recordFinalResponse(com.netflix.zuul.message.http.HttpResponseMessage)	<T>put(com.netflix.zuul.context.SessionContext.Key<T>,T)	com.netflix.zuul.context.SessionContext	SOURCE
com.netflix.zuul.origins.BasicNettyOrigin	recordFinalResponse(com.netflix.zuul.message.http.HttpResponseMessage)	isResponseHttpErrorStatus(int)	com.netflix.zuul.stats.status.StatusCategoryUtils	SOURCE
com.netflix.zuul.origins.BasicNettyOrigin	recordFinalResponse(com.netflix.zuul.message.http.HttpResponseMessage)	<T>put(com.netflix.zuul.context.SessionContext.Key<T>,T)	com.netflix.zuul.context.SessionContext	SOURCE
com.netflix.zuul.origins.BasicNettyOrigin	recordFinalResponse(com.netflix.zuul.message.http.HttpResponseMessage)	storeStatusCategoryIfNotAlreadyFailure(com.netflix.zuul.context.SessionContext,com.netflix.zuul.stats.status.StatusCategory)	com.netflix.zuul.stats.status.StatusCategoryUtils	SOURCE
com.netflix.zuul.origins.BasicNettyOrigin	preRequestChecks(com.netflix.zuul.message.http.HttpRequestMessage)	get()	com.netflix.config.CachedDynamicBooleanProperty	SOURCE
com.netflix.zuul.origins.BasicNettyOrigin	preRequestChecks(com.netflix.zuul.message.http.HttpRequestMessage)	get()	java.util.concurrent.atomic.AtomicInteger	SOURCE
com.netflix.zuul.origins.BasicNettyOrigin	preRequestChecks(com.netflix.zuul.message.http.HttpRequestMessage)	get()	com.netflix.config.CachedDynamicIntProperty	SOURCE
com.netflix.zuul.origins.BasicNettyOrigin	preRequestChecks(com.netflix.zuul.message.http.HttpRequestMessage)	increment()	com.netflix.spectator.api.Counter	SOURCE
com.netflix.zuul.origins.BasicNettyOrigin	preRequestChecks(com.netflix.zuul.message.http.HttpRequestMessage)	OriginConcurrencyExceededException(com.netflix.zuul.origins.OriginName)	com.netflix.zuul.origins.OriginConcurrencyExceededException	SOURCE
com.netflix.zuul.origins.BasicNettyOrigin	preRequestChecks(com.netflix.zuul.message.http.HttpRequestMessage)	getName()	com.netflix.zuul.origins.BasicNettyOrigin	SOURCE
com.netflix.zuul.origins.BasicNettyOrigin	preRequestChecks(com.netflix.zuul.message.http.HttpRequestMessage)	incrementAndGet()	java.util.concurrent.atomic.AtomicInteger	SOURCE
com.netflix.zuul.origins.BasicNettyOrigin	recordProxyRequestEnd()	decrementAndGet()	java.util.concurrent.atomic.AtomicInteger	SOURCE
com.netflix.zuul.DefaultFilterFactory	newInstance(java.lang.Class)	newInstance()	java.lang.Class	SOURCE
com.netflix.zuul.stats.status.StatusCategoryUtils	LOG	getLogger(java.lang.Class<?>)	org.slf4j.LoggerFactory	SOURCE
com.netflix.zuul.stats.status.StatusCategoryUtils	getStatusCategory(com.netflix.zuul.message.ZuulMessage)	getStatusCategory(com.netflix.zuul.context.SessionContext)	com.netflix.zuul.stats.status.StatusCategoryUtils	SOURCE
com.netflix.zuul.stats.status.StatusCategoryUtils	getStatusCategory(com.netflix.zuul.message.ZuulMessage)	getContext()	com.netflix.zuul.message.ZuulMessage	SOURCE
com.netflix.zuul.stats.status.StatusCategoryUtils	getStatusCategory(com.netflix.zuul.context.SessionContext)	<T>get(com.netflix.zuul.context.SessionContext.Key<T>)	com.netflix.zuul.context.SessionContext	SOURCE
com.netflix.zuul.stats.status.StatusCategoryUtils	setStatusCategory(com.netflix.zuul.context.SessionContext,com.netflix.zuul.stats.status.StatusCategory)	<T>put(com.netflix.zuul.context.SessionContext.Key<T>,T)	com.netflix.zuul.context.SessionContext	SOURCE
com.netflix.zuul.stats.status.StatusCategoryUtils	getOriginStatusCategory(com.netflix.zuul.context.SessionContext)	<T>get(com.netflix.zuul.context.SessionContext.Key<T>)	com.netflix.zuul.context.SessionContext	SOURCE
com.netflix.zuul.stats.status.StatusCategoryUtils	isResponseHttpErrorStatus(com.netflix.zuul.message.http.HttpResponseMessage)	getStatus()	com.netflix.zuul.message.http.HttpResponseInfo	SOURCE
com.netflix.zuul.stats.status.StatusCategoryUtils	isResponseHttpErrorStatus(com.netflix.zuul.message.http.HttpResponseMessage)	isResponseHttpErrorStatus(int)	com.netflix.zuul.stats.status.StatusCategoryUtils	SOURCE
com.netflix.zuul.stats.status.StatusCategoryUtils	storeStatusCategoryIfNotAlreadyFailure(com.netflix.zuul.context.SessionContext,com.netflix.zuul.stats.status.StatusCategory)	<T>get(com.netflix.zuul.context.SessionContext.Key<T>)	com.netflix.zuul.context.SessionContext	SOURCE
com.netflix.zuul.stats.status.StatusCategoryUtils	storeStatusCategoryIfNotAlreadyFailure(com.netflix.zuul.context.SessionContext,com.netflix.zuul.stats.status.StatusCategory)	getId()	com.netflix.zuul.stats.status.StatusCategoryGroup	SOURCE
com.netflix.zuul.stats.status.StatusCategoryUtils	storeStatusCategoryIfNotAlreadyFailure(com.netflix.zuul.context.SessionContext,com.netflix.zuul.stats.status.StatusCategory)	getGroup()	com.netflix.zuul.stats.status.StatusCategory	SOURCE
com.netflix.zuul.stats.status.StatusCategoryUtils	storeStatusCategoryIfNotAlreadyFailure(com.netflix.zuul.context.SessionContext,com.netflix.zuul.stats.status.StatusCategory)	getId()	com.netflix.zuul.stats.status.ZuulStatusCategoryGroup	SOURCE
com.netflix.zuul.stats.status.StatusCategoryUtils	storeStatusCategoryIfNotAlreadyFailure(com.netflix.zuul.context.SessionContext,com.netflix.zuul.stats.status.StatusCategory)	<T>put(com.netflix.zuul.context.SessionContext.Key<T>,T)	com.netflix.zuul.context.SessionContext	SOURCE
com.netflix.zuul.stats.StatsManager	LOG	getLogger(java.lang.Class<?>)	org.slf4j.LoggerFactory	SOURCE
com.netflix.zuul.stats.StatsManager	HEX_PATTERN	compile(java.lang.String)	java.util.regex.Pattern	SOURCE
com.netflix.zuul.stats.StatsManager	HOST_PATTERN	compile(java.lang.String)	java.util.regex.Pattern	SOURCE
com.netflix.zuul.stats.StatsManager	routeStatusMap	ConcurrentHashMap()	java.util.concurrent.ConcurrentHashMap	SOURCE
com.netflix.zuul.stats.StatsManager	namedStatusMap	ConcurrentHashMap()	java.util.concurrent.ConcurrentHashMap	SOURCE
com.netflix.zuul.stats.StatsManager	hostCounterMap	ConcurrentHashMap()	java.util.concurrent.ConcurrentHashMap	SOURCE
com.netflix.zuul.stats.StatsManager	protocolCounterMap	ConcurrentHashMap()	java.util.concurrent.ConcurrentHashMap	SOURCE
com.netflix.zuul.stats.StatsManager	ipVersionCounterMap	ConcurrentHashMap()	java.util.concurrent.ConcurrentHashMap	SOURCE
com.netflix.zuul.stats.StatsManager	INSTANCE	StatsManager()	com.netflix.zuul.stats.StatsManager	SOURCE
com.netflix.zuul.stats.StatsManager	getRouteStatusCodeMonitor(java.lang.String,int)	get(java.lang.Object)	java.util.Map	SOURCE
com.netflix.zuul.stats.StatsManager	getRouteStatusCodeMonitor(java.lang.String,int)	get(java.lang.Object)	java.util.Map	SOURCE
com.netflix.zuul.stats.StatsManager	getHostMonitor(java.lang.String)	get(java.lang.Object)	java.util.Map	SOURCE
com.netflix.zuul.stats.StatsManager	getHostMonitor(java.lang.String)	hostKey(java.lang.String)	com.netflix.zuul.stats.StatsManager	SOURCE
com.netflix.zuul.stats.StatsManager	getProtocolMonitor(java.lang.String)	get(java.lang.Object)	java.util.Map	SOURCE
com.netflix.zuul.stats.StatsManager	getProtocolMonitor(java.lang.String)	protocolKey(java.lang.String)	com.netflix.zuul.stats.StatsManager	SOURCE
com.netflix.zuul.stats.StatsManager	hostKey(java.lang.String)	matcher(java.lang.CharSequence)	java.util.regex.Pattern	SOURCE
com.netflix.zuul.stats.StatsManager	hostKey(java.lang.String)	matches()	java.util.regex.Matcher	SOURCE
com.netflix.zuul.stats.StatsManager	hostKey(java.lang.String)	group(int)	java.util.regex.Matcher	SOURCE
com.netflix.zuul.stats.StatsManager	hostKey(java.lang.String)	replace(java.lang.CharSequence,java.lang.CharSequence)	java.lang.String	SOURCE
com.netflix.zuul.stats.StatsManager	hostKey(java.lang.String)	group(int)	java.util.regex.Matcher	SOURCE
com.netflix.zuul.stats.StatsManager	hostKey(java.lang.String)	group(int)	java.util.regex.Matcher	SOURCE
com.netflix.zuul.stats.StatsManager	hostKey(java.lang.String)	replace(java.lang.CharSequence,java.lang.CharSequence)	java.lang.String	SOURCE
com.netflix.zuul.stats.StatsManager	hostKey(java.lang.String)	group(int)	java.util.regex.Matcher	SOURCE
com.netflix.zuul.stats.StatsManager	hostKey(java.lang.String)	group(int)	java.util.regex.Matcher	SOURCE
com.netflix.zuul.stats.StatsManager	hostKey(java.lang.String)	replace(java.lang.CharSequence,java.lang.CharSequence)	java.lang.String	SOURCE
com.netflix.zuul.stats.StatsManager	hostKey(java.lang.String)	group(int)	java.util.regex.Matcher	SOURCE
com.netflix.zuul.stats.StatsManager	hostKey(java.lang.String)	group(int)	java.util.regex.Matcher	SOURCE
com.netflix.zuul.stats.StatsManager	hostKey(java.lang.String)	replace(java.lang.CharSequence,java.lang.CharSequence)	java.lang.String	SOURCE
com.netflix.zuul.stats.StatsManager	hostKey(java.lang.String)	group(int)	java.util.regex.Matcher	SOURCE
com.netflix.zuul.stats.StatsManager	hostKey(java.lang.String)	group(int)	java.util.regex.Matcher	SOURCE
com.netflix.zuul.stats.StatsManager	hostKey(java.lang.String)	replace(java.lang.CharSequence,java.lang.CharSequence)	java.lang.String	SOURCE
com.netflix.zuul.stats.StatsManager	hostKey(java.lang.String)	group(int)	java.util.regex.Matcher	SOURCE
com.netflix.zuul.stats.StatsManager	hostKey(java.lang.String)	group(int)	java.util.regex.Matcher	SOURCE
com.netflix.zuul.stats.StatsManager	hostKey(java.lang.String)	replace(java.lang.CharSequence,java.lang.CharSequence)	java.lang.String	SOURCE
com.netflix.zuul.stats.StatsManager	hostKey(java.lang.String)	group(int)	java.util.regex.Matcher	SOURCE
com.netflix.zuul.stats.StatsManager	hostKey(java.lang.String)	error(java.lang.String,java.lang.Throwable)	org.slf4j.Logger	SOURCE
com.netflix.zuul.stats.StatsManager	hostKey(java.lang.String)	getMessage()	java.lang.Throwable	SOURCE
com.netflix.zuul.stats.StatsManager	hostKey(java.lang.String)	format(java.lang.String,java.lang.Object...)	java.lang.String	SOURCE
com.netflix.zuul.stats.StatsManager	protocolKey(java.lang.String)	format(java.lang.String,java.lang.Object...)	java.lang.String	SOURCE
com.netflix.zuul.stats.StatsManager	collectRequestStats(com.netflix.zuul.message.http.HttpRequestInfo)	getFirst(java.lang.String)	com.netflix.zuul.message.Headers	SOURCE
com.netflix.zuul.stats.StatsManager	collectRequestStats(com.netflix.zuul.message.http.HttpRequestInfo)	getHeaders()	com.netflix.zuul.message.http.HttpRequestInfo	SOURCE
com.netflix.zuul.stats.StatsManager	collectRequestStats(com.netflix.zuul.message.http.HttpRequestInfo)	getClientIp()	com.netflix.zuul.message.http.HttpRequestInfo	SOURCE
com.netflix.zuul.stats.StatsManager	collectRequestStats(com.netflix.zuul.message.http.HttpRequestInfo)	extractClientIpFromXForwardedFor(java.lang.String)	com.netflix.zuul.stats.StatsManager	SOURCE
com.netflix.zuul.stats.StatsManager	collectRequestStats(com.netflix.zuul.message.http.HttpRequestInfo)	isIPv6(java.lang.String)	com.netflix.zuul.stats.StatsManager	SOURCE
com.netflix.zuul.stats.StatsManager	collectRequestStats(com.netflix.zuul.message.http.HttpRequestInfo)	incrementNamedCountingMonitor(java.lang.String,java.util.concurrent.ConcurrentMap<java.lang.String,com.netflix.zuul.stats.NamedCountingMonitor>)	com.netflix.zuul.stats.StatsManager	SOURCE
com.netflix.zuul.stats.StatsManager	collectRequestStats(com.netflix.zuul.message.http.HttpRequestInfo)	getFirst(java.lang.String)	com.netflix.zuul.message.Headers	SOURCE
com.netflix.zuul.stats.StatsManager	collectRequestStats(com.netflix.zuul.message.http.HttpRequestInfo)	getHeaders()	com.netflix.zuul.message.http.HttpRequestInfo	SOURCE
com.netflix.zuul.stats.StatsManager	collectRequestStats(com.netflix.zuul.message.http.HttpRequestInfo)	lastIndexOf(java.lang.String)	java.lang.String	SOURCE
com.netflix.zuul.stats.StatsManager	collectRequestStats(com.netflix.zuul.message.http.HttpRequestInfo)	indexOf(java.lang.String)	java.lang.String	SOURCE
com.netflix.zuul.stats.StatsManager	collectRequestStats(com.netflix.zuul.message.http.HttpRequestInfo)	substring(int,int)	java.lang.String	SOURCE
com.netflix.zuul.stats.StatsManager	collectRequestStats(com.netflix.zuul.message.http.HttpRequestInfo)	incrementNamedCountingMonitor(java.lang.String,java.util.concurrent.ConcurrentMap<java.lang.String,com.netflix.zuul.stats.NamedCountingMonitor>)	com.netflix.zuul.stats.StatsManager	SOURCE
com.netflix.zuul.stats.StatsManager	collectRequestStats(com.netflix.zuul.message.http.HttpRequestInfo)	hostKey(java.lang.String)	com.netflix.zuul.stats.StatsManager	SOURCE
com.netflix.zuul.stats.StatsManager	collectRequestStats(com.netflix.zuul.message.http.HttpRequestInfo)	getFirst(java.lang.String)	com.netflix.zuul.message.Headers	SOURCE
com.netflix.zuul.stats.StatsManager	collectRequestStats(com.netflix.zuul.message.http.HttpRequestInfo)	getHeaders()	com.netflix.zuul.message.http.HttpRequestInfo	SOURCE
com.netflix.zuul.stats.StatsManager	collectRequestStats(com.netflix.zuul.message.http.HttpRequestInfo)	getScheme()	com.netflix.zuul.message.http.HttpRequestInfo	SOURCE
com.netflix.zuul.stats.StatsManager	collectRequestStats(com.netflix.zuul.message.http.HttpRequestInfo)	incrementNamedCountingMonitor(java.lang.String,java.util.concurrent.ConcurrentMap<java.lang.String,com.netflix.zuul.stats.NamedCountingMonitor>)	com.netflix.zuul.stats.StatsManager	SOURCE
com.netflix.zuul.stats.StatsManager	collectRequestStats(com.netflix.zuul.message.http.HttpRequestInfo)	protocolKey(java.lang.String)	com.netflix.zuul.stats.StatsManager	SOURCE
com.netflix.zuul.stats.StatsManager	isIPv6(java.lang.String)	split(java.lang.String)	java.lang.String	SOURCE
com.netflix.zuul.stats.StatsManager	extractClientIpFromXForwardedFor(java.lang.String)	split(java.lang.String)	java.lang.String	SOURCE
com.netflix.zuul.stats.StatsManager	incrementNamedCountingMonitor(java.lang.String,java.util.concurrent.ConcurrentMap<java.lang.String,com.netflix.zuul.stats.NamedCountingMonitor>)	get(java.lang.Object)	java.util.Map	SOURCE
com.netflix.zuul.stats.StatsManager	incrementNamedCountingMonitor(java.lang.String,java.util.concurrent.ConcurrentMap<java.lang.String,com.netflix.zuul.stats.NamedCountingMonitor>)	NamedCountingMonitor(java.lang.String)	com.netflix.zuul.stats.NamedCountingMonitor	SOURCE
com.netflix.zuul.stats.StatsManager	incrementNamedCountingMonitor(java.lang.String,java.util.concurrent.ConcurrentMap<java.lang.String,com.netflix.zuul.stats.NamedCountingMonitor>)	putIfAbsent(K,V)	java.util.concurrent.ConcurrentMap	SOURCE
com.netflix.zuul.stats.StatsManager	incrementNamedCountingMonitor(java.lang.String,java.util.concurrent.ConcurrentMap<java.lang.String,com.netflix.zuul.stats.NamedCountingMonitor>)	registerObject(com.netflix.zuul.stats.monitoring.NamedCount)	com.netflix.zuul.stats.monitoring.MonitorRegistry	SOURCE
com.netflix.zuul.stats.StatsManager	incrementNamedCountingMonitor(java.lang.String,java.util.concurrent.ConcurrentMap<java.lang.String,com.netflix.zuul.stats.NamedCountingMonitor>)	getInstance()	com.netflix.zuul.stats.monitoring.MonitorRegistry	SOURCE
com.netflix.zuul.stats.StatsManager	incrementNamedCountingMonitor(java.lang.String,java.util.concurrent.ConcurrentMap<java.lang.String,com.netflix.zuul.stats.NamedCountingMonitor>)	increment()	com.netflix.zuul.stats.NamedCountingMonitor	SOURCE
com.netflix.zuul.stats.StatsManager	collectRouteStats(java.lang.String,int)	format(java.lang.String,java.lang.Object...)	java.lang.String	SOURCE
com.netflix.zuul.stats.StatsManager	collectRouteStats(java.lang.String,int)	get(java.lang.Object)	java.util.Map	SOURCE
com.netflix.zuul.stats.StatsManager	collectRouteStats(java.lang.String,int)	NamedCountingMonitor(java.lang.String)	com.netflix.zuul.stats.NamedCountingMonitor	SOURCE
com.netflix.zuul.stats.StatsManager	collectRouteStats(java.lang.String,int)	putIfAbsent(K,V)	java.util.concurrent.ConcurrentMap	SOURCE
com.netflix.zuul.stats.StatsManager	collectRouteStats(java.lang.String,int)	registerObject(com.netflix.zuul.stats.monitoring.NamedCount)	com.netflix.zuul.stats.monitoring.MonitorRegistry	SOURCE
com.netflix.zuul.stats.StatsManager	collectRouteStats(java.lang.String,int)	getInstance()	com.netflix.zuul.stats.monitoring.MonitorRegistry	SOURCE
com.netflix.zuul.stats.StatsManager	collectRouteStats(java.lang.String,int)	increment()	com.netflix.zuul.stats.NamedCountingMonitor	SOURCE
com.netflix.zuul.stats.StatsManager	collectRouteStats(java.lang.String,int)	format(java.lang.String,java.lang.Object...)	java.lang.String	SOURCE
com.netflix.zuul.stats.StatsManager	collectRouteStats(java.lang.String,int)	get(java.lang.Object)	java.util.Map	SOURCE
com.netflix.zuul.stats.StatsManager	collectRouteStats(java.lang.String,int)	NamedCountingMonitor(java.lang.String)	com.netflix.zuul.stats.NamedCountingMonitor	SOURCE
com.netflix.zuul.stats.StatsManager	collectRouteStats(java.lang.String,int)	putIfAbsent(K,V)	java.util.concurrent.ConcurrentMap	SOURCE
com.netflix.zuul.stats.StatsManager	collectRouteStats(java.lang.String,int)	registerObject(com.netflix.zuul.stats.monitoring.NamedCount)	com.netflix.zuul.stats.monitoring.MonitorRegistry	SOURCE
com.netflix.zuul.stats.StatsManager	collectRouteStats(java.lang.String,int)	getInstance()	com.netflix.zuul.stats.monitoring.MonitorRegistry	SOURCE
com.netflix.zuul.stats.StatsManager	collectRouteStats(java.lang.String,int)	increment()	com.netflix.zuul.stats.NamedCountingMonitor	SOURCE
com.netflix.zuul.stats.StatsManager	collectRouteStats(java.lang.String,int)	replace(java.lang.CharSequence,java.lang.CharSequence)	java.lang.String	SOURCE
com.netflix.zuul.stats.StatsManager	collectRouteStats(java.lang.String,int)	get(java.lang.Object)	java.util.Map	SOURCE
com.netflix.zuul.stats.StatsManager	collectRouteStats(java.lang.String,int)	ConcurrentHashMap()	java.util.concurrent.ConcurrentHashMap	SOURCE
com.netflix.zuul.stats.StatsManager	collectRouteStats(java.lang.String,int)	putIfAbsent(K,V)	java.util.concurrent.ConcurrentMap	SOURCE
com.netflix.zuul.stats.StatsManager	collectRouteStats(java.lang.String,int)	get(java.lang.Object)	java.util.concurrent.ConcurrentHashMap	SOURCE
com.netflix.zuul.stats.StatsManager	collectRouteStats(java.lang.String,int)	size()	java.util.concurrent.ConcurrentHashMap	SOURCE
com.netflix.zuul.stats.StatsManager	collectRouteStats(java.lang.String,int)	RouteStatusCodeMonitor(java.lang.String,int)	com.netflix.zuul.stats.RouteStatusCodeMonitor	SOURCE
com.netflix.zuul.stats.StatsManager	collectRouteStats(java.lang.String,int)	putIfAbsent(K,V)	java.util.concurrent.ConcurrentHashMap	SOURCE
com.netflix.zuul.stats.StatsManager	collectRouteStats(java.lang.String,int)	registerObject(com.netflix.zuul.stats.monitoring.NamedCount)	com.netflix.zuul.stats.monitoring.MonitorRegistry	SOURCE
com.netflix.zuul.stats.StatsManager	collectRouteStats(java.lang.String,int)	getInstance()	com.netflix.zuul.stats.monitoring.MonitorRegistry	SOURCE
com.netflix.zuul.stats.StatsManager	collectRouteStats(java.lang.String,int)	update()	com.netflix.zuul.stats.RouteStatusCodeMonitor	SOURCE
